ticker,event_date,timing,source,acceptance_datetime
A,2026-11-23,,nasdaq_calendar,
AA,2026-10-15,AMC,nasdaq_calendar,
AACG,2026-11-11,,nasdaq_calendar,
AADX,2026-11-11,,nasdaq_calendar,
AAL,2026-10-22,BMO,nasdaq_calendar,
AAME,2026-11-13,,nasdaq_calendar,
AAMI,2026-10-29,,nasdaq_calendar,
AAOI,2026-11-05,,nasdaq_calendar,
AAON,2026-11-05,,nasdaq_calendar,
AAP,2026-10-29,,nasdaq_calendar,
AAPL,2026-11-02,AMC,nasdaq_calendar,
AARD,2026-11-12,,nasdaq_calendar,
AAT,2026-10-27,AMC,nasdaq_calendar,
AAUC,2026-11-04,,nasdaq_calendar,
AB,2026-10-27,BMO,nasdaq_calendar,
ABAT,2026-11-05,,nasdaq_calendar,
ABBV,2026-10-30,BMO,nasdaq_calendar,
ABCB,2026-10-22,AMC,nasdaq_calendar,
ABCL,2026-11-09,AMC,nasdaq_calendar,
ABEO,2026-11-11,,nasdaq_calendar,
ABEV,2026-10-29,,nasdaq_calendar,
ABG,2026-10-27,BMO,nasdaq_calendar,
ABNB,2026-11-05,AMC,nasdaq_calendar,
ABOS,2026-11-11,,nasdaq_calendar,
ABR,2026-10-30,,nasdaq_calendar,
ABSI,2026-11-11,,nasdaq_calendar,
ABT,2026-10-21,BMO,nasdaq_calendar,
ABTC,2026-11-04,AMC,nasdaq_calendar,
ABUS,2026-11-12,,nasdaq_calendar,
ABVC,2026-10-30,,nasdaq_calendar,
ABX,2026-11-05,,nasdaq_calendar,
ACA,2026-10-29,,nasdaq_calendar,
ACAD,2026-11-04,,nasdaq_calendar,
ACB,2026-11-04,,nasdaq_calendar,
ACCO,2026-10-29,,nasdaq_calendar,
ACCS,2026-11-10,,nasdaq_calendar,
ACDC,2026-11-09,,nasdaq_calendar,
ACEL,2026-11-03,AMC,nasdaq_calendar,
ACET,2026-11-04,,nasdaq_calendar,
ACFN,2026-11-05,,nasdaq_calendar,
ACGL,2026-10-27,AMC,nasdaq_calendar,
ACH,2026-10-29,,nasdaq_calendar,
ACHC,2026-11-04,,nasdaq_calendar,
ACHR,2026-11-05,,nasdaq_calendar,
ACHV,2026-11-05,,nasdaq_calendar,
ACI,2026-10-13,BMO,nasdaq_calendar,
ACIC,2026-11-04,,nasdaq_calendar,
ACIU,2026-11-03,,nasdaq_calendar,
ACIW,2026-11-05,,nasdaq_calendar,
ACLS,2026-11-03,,nasdaq_calendar,
ACM,2026-11-17,,nasdaq_calendar,
ACMR,2026-11-04,,nasdaq_calendar,
ACNB,2026-10-22,,nasdaq_calendar,
ACNT,2026-11-03,,nasdaq_calendar,
ACOG,2026-11-12,,nasdaq_calendar,
ACON,2026-11-11,,nasdaq_calendar,
ACR,2026-11-04,,nasdaq_calendar,
ACRE,2026-11-06,,nasdaq_calendar,
ACRS,2026-11-05,,nasdaq_calendar,
ACRV,2026-11-12,,nasdaq_calendar,
ACT,2026-11-04,,nasdaq_calendar,
ACTG,2026-11-04,,nasdaq_calendar,
ACTU,2026-11-12,,nasdaq_calendar,
ACU,2026-10-20,,nasdaq_calendar,
ACVA,2026-11-04,,nasdaq_calendar,
ACXP,2026-11-11,,nasdaq_calendar,
AD,2026-11-06,,nasdaq_calendar,
ADAM,2026-11-04,,nasdaq_calendar,
ADC,2026-10-20,AMC,nasdaq_calendar,
ADCT,2026-11-09,,nasdaq_calendar,
ADEA,2026-11-02,,nasdaq_calendar,
ADGM,2026-11-11,,nasdaq_calendar,
ADI,2026-11-24,,nasdaq_calendar,
ADIL,2026-11-12,,nasdaq_calendar,
ADM,2026-11-03,BMO,nasdaq_calendar,
ADMA,2026-11-04,,nasdaq_calendar,
ADNT,2026-11-04,,nasdaq_calendar,
ADP,2026-10-28,BMO,nasdaq_calendar,
ADPT,2026-11-04,,nasdaq_calendar,
ADSK,2026-11-24,,nasdaq_calendar,
ADT,2026-11-03,,nasdaq_calendar,
ADTN,2026-11-02,,nasdaq_calendar,
ADUR,2026-10-21,,nasdaq_calendar,
ADUS,2026-11-02,,nasdaq_calendar,
ADV,2026-11-05,,nasdaq_calendar,
ADVB,2026-11-18,,nasdaq_calendar,
AEBI,2026-11-12,,nasdaq_calendar,
AEE,2026-11-04,,nasdaq_calendar,
AEHR,2026-11-02,AMC,nasdaq_calendar,
AEI,2026-11-13,,nasdaq_calendar,
AEIS,2026-11-03,,nasdaq_calendar,
AEM,2026-10-28,AMC,nasdaq_calendar,
AEMD,2026-11-11,,nasdaq_calendar,
AENT,2026-11-11,,nasdaq_calendar,
AEON,2026-11-13,,nasdaq_calendar,
AEP,2026-10-28,BMO,nasdaq_calendar,
AER,2026-10-28,BMO,nasdaq_calendar,
AERO,2026-10-19,AMC,nasdaq_calendar,
AERT,2026-11-09,,nasdaq_calendar,
AES,2026-11-03,,nasdaq_calendar,
AESI,2026-11-02,,nasdaq_calendar,
AEVA,2026-11-04,,nasdaq_calendar,
AEXA,2026-11-11,,nasdaq_calendar,
AEYE,2026-11-03,,nasdaq_calendar,
AFCG,2026-11-11,,nasdaq_calendar,
AFG,2026-11-03,,nasdaq_calendar,
AFJK,2026-11-17,,nasdaq_calendar,
AFL,2026-11-04,AMC,nasdaq_calendar,
AFRM,2026-11-05,AMC,nasdaq_calendar,
AFYA,2026-11-11,,nasdaq_calendar,
AG,2026-11-05,BMO,nasdaq_calendar,
AGBK,2026-11-04,,nasdaq_calendar,
AGCO,2026-10-29,BMO,nasdaq_calendar,
AGEN,2026-11-09,,nasdaq_calendar,
AGI,2026-10-28,AMC,nasdaq_calendar,
AGIG,2026-11-18,,nasdaq_calendar,
AGIO,2026-11-05,BMO,nasdaq_calendar,
AGL,2026-11-04,AMC,nasdaq_calendar,
AGM,2026-11-02,,nasdaq_calendar,
AGNC,2026-10-19,AMC,nasdaq_calendar,
AGNT,2026-11-05,,nasdaq_calendar,
AGO,2026-11-05,,nasdaq_calendar,
AGPU,2026-11-13,,nasdaq_calendar,
AGRO,2026-11-10,,nasdaq_calendar,
AGYS,2026-10-26,,nasdaq_calendar,
AHCO,2026-11-03,,nasdaq_calendar,
AHR,2026-11-05,AMC,nasdaq_calendar,
AHRT,2026-11-02,AMC,nasdaq_calendar,
AHT,2026-11-03,,nasdaq_calendar,
AIB,2026-11-11,,nasdaq_calendar,
AIBZ,2026-11-13,,nasdaq_calendar,
AIDX,2026-11-13,,nasdaq_calendar,
AIFA,2026-11-18,,nasdaq_calendar,
AIFC,2026-11-16,,nasdaq_calendar,
AIFF,2026-11-11,,nasdaq_calendar,
AIG,2026-11-03,AMC,nasdaq_calendar,
AII,2026-11-10,,nasdaq_calendar,
AIM,2026-11-16,,nasdaq_calendar,
AIMD,2026-11-12,,nasdaq_calendar,
AIN,2026-11-04,,nasdaq_calendar,
AIOT,2026-11-09,,nasdaq_calendar,
AIP,2026-11-03,,nasdaq_calendar,
AIRE,2026-11-11,,nasdaq_calendar,
AIRG,2026-11-11,,nasdaq_calendar,
AIRI,2026-11-13,,nasdaq_calendar,
AIRJ,2026-11-12,,nasdaq_calendar,
AIRO,2026-11-13,,nasdaq_calendar,
AIRS,2026-11-06,,nasdaq_calendar,
AIRT,2026-11-11,,nasdaq_calendar,
AISP,2026-11-13,,nasdaq_calendar,
AIT,2026-10-27,BMO,nasdaq_calendar,
AIV,2026-11-09,,nasdaq_calendar,
AIZ,2026-11-03,AMC,nasdaq_calendar,
AJG,2026-10-29,,nasdaq_calendar,
AKA,2026-11-04,,nasdaq_calendar,
AKAM,2026-11-05,AMC,nasdaq_calendar,
AKBA,2026-11-09,,nasdaq_calendar,
AKR,2026-10-27,,nasdaq_calendar,
AKTS,2026-11-12,,nasdaq_calendar,
AKTX,2026-11-12,,nasdaq_calendar,
ALAB,2026-11-03,AMC,nasdaq_calendar,
ALAR,2026-11-25,,nasdaq_calendar,
ALB,2026-11-04,AMC,nasdaq_calendar,
ALC,2026-11-10,AMC,nasdaq_calendar,
ALCO,2026-11-23,,nasdaq_calendar,
ALDX,2026-11-04,,nasdaq_calendar,
ALEC,2026-11-05,,nasdaq_calendar,
ALG,2026-11-05,,nasdaq_calendar,
ALGM,2026-10-29,BMO,nasdaq_calendar,
ALGN,2026-10-28,AMC,nasdaq_calendar,
ALGS,2026-11-05,,nasdaq_calendar,
ALGT,2026-11-03,,nasdaq_calendar,
ALH,2026-11-12,,nasdaq_calendar,
ALHC,2026-10-29,,nasdaq_calendar,
ALIT,2026-11-04,,nasdaq_calendar,
ALK,2026-10-20,AMC,nasdaq_calendar,
ALKS,2026-10-27,,nasdaq_calendar,
ALKT,2026-10-29,,nasdaq_calendar,
ALL,2026-11-04,AMC,nasdaq_calendar,
ALLE,2026-10-22,,nasdaq_calendar,
ALLO,2026-11-05,,nasdaq_calendar,
ALLR,2026-11-13,,nasdaq_calendar,
ALLT,2026-11-19,,nasdaq_calendar,
ALLY,2026-10-20,BMO,nasdaq_calendar,
ALM,2026-11-02,,nasdaq_calendar,
ALMR,2026-11-09,,nasdaq_calendar,
ALMS,2026-11-12,,nasdaq_calendar,
ALNT,2026-11-04,,nasdaq_calendar,
ALNY,2026-10-29,,nasdaq_calendar,
ALOY,2026-10-15,,nasdaq_calendar,
ALRM,2026-11-05,,nasdaq_calendar,
ALRS,2026-10-28,AMC,nasdaq_calendar,
ALSN,2026-11-04,,nasdaq_calendar,
ALT,2026-11-05,,nasdaq_calendar,
ALTG,2026-11-05,,nasdaq_calendar,
ALTI,2026-11-11,,nasdaq_calendar,
ALTO,2026-11-04,,nasdaq_calendar,
ALV,2026-10-23,BMO,nasdaq_calendar,
ALVO,2026-11-11,,nasdaq_calendar,
ALX,2026-11-02,,nasdaq_calendar,
ALXO,2026-11-06,,nasdaq_calendar,
AM,2026-11-04,,nasdaq_calendar,
AMAL,2026-10-22,,nasdaq_calendar,
AMAT,2026-11-12,AMC,nasdaq_calendar,
AMBA,2026-11-24,,nasdaq_calendar,
AMBP,2026-10-22,BMO,nasdaq_calendar,
AMBQ,2026-11-05,,nasdaq_calendar,
AMBR,2026-11-25,,nasdaq_calendar,
AMC,2026-11-04,,nasdaq_calendar,
AMCI,2026-11-16,,nasdaq_calendar,
AMCR,2026-11-04,,nasdaq_calendar,
AMCX,2026-11-06,,nasdaq_calendar,
AMD,2026-11-03,AMC,nasdaq_calendar,
AME,2026-10-29,,nasdaq_calendar,
AMG,2026-11-02,,nasdaq_calendar,
AMGN,2026-11-03,,nasdaq_calendar,
AMH,2026-11-04,,nasdaq_calendar,
AMIX,2026-11-11,,nasdaq_calendar,
AMKR,2026-10-26,AMC,nasdaq_calendar,
AMLX,2026-11-05,,nasdaq_calendar,
AMN,2026-11-05,AMC,nasdaq_calendar,
AMOD,2026-11-13,,nasdaq_calendar,
AMP,2026-10-29,BMO,nasdaq_calendar,
AMPG,2026-11-13,,nasdaq_calendar,
AMPH,2026-11-05,,nasdaq_calendar,
AMPL,2026-11-04,,nasdaq_calendar,
AMPX,2026-11-05,,nasdaq_calendar,
AMPY,2026-11-04,,nasdaq_calendar,
AMR,2026-11-05,,nasdaq_calendar,
AMRC,2026-11-02,,nasdaq_calendar,
AMRN,2026-11-04,,nasdaq_calendar,
AMRX,2026-11-03,BMO,nasdaq_calendar,
AMRZ,2026-10-27,,nasdaq_calendar,
AMS,2026-11-12,,nasdaq_calendar,
AMSC,2026-11-04,,nasdaq_calendar,
AMSF,2026-10-28,AMC,nasdaq_calendar,
AMSS,2026-11-13,,nasdaq_calendar,
AMST,2026-10-23,,nasdaq_calendar,
AMT,2026-10-27,BMO,nasdaq_calendar,
AMTB,2026-10-22,AMC,nasdaq_calendar,
AMTM,2026-11-23,,nasdaq_calendar,
AMTX,2026-11-05,,nasdaq_calendar,
AMWL,2026-11-03,,nasdaq_calendar,
AMX,2026-10-20,AMC,nasdaq_calendar,
AMZN,2026-10-29,,nasdaq_calendar,
AN,2026-10-22,,nasdaq_calendar,
ANAB,2026-11-03,,nasdaq_calendar,
ANDE,2026-11-03,,nasdaq_calendar,
ANDG,2026-11-11,,nasdaq_calendar,
ANET,2026-11-03,AMC,nasdaq_calendar,
ANF,2026-11-24,,nasdaq_calendar,
ANGI,2026-11-03,,nasdaq_calendar,
ANGO,2026-10-08,,nasdaq_calendar,
ANGX,2026-11-12,,nasdaq_calendar,
ANIK,2026-11-04,,nasdaq_calendar,
ANIP,2026-11-06,,nasdaq_calendar,
ANNA,2026-11-11,,nasdaq_calendar,
ANNX,2026-11-09,,nasdaq_calendar,
ANRO,2026-11-11,,nasdaq_calendar,
ANTA,2026-11-09,,nasdaq_calendar,
ANTX,2026-11-11,,nasdaq_calendar,
ANVS,2026-11-11,,nasdaq_calendar,
AOMR,2026-11-05,,nasdaq_calendar,
AON,2026-10-30,,nasdaq_calendar,
AORT,2026-11-05,,nasdaq_calendar,
AOS,2026-10-29,BMO,nasdaq_calendar,
AOSL,2026-11-04,,nasdaq_calendar,
AP,2026-11-11,,nasdaq_calendar,
APA,2026-11-04,AMC,nasdaq_calendar,
APAM,2026-10-27,,nasdaq_calendar,
APC,2026-11-05,,nasdaq_calendar,
APD,2026-11-05,BMO,nasdaq_calendar,
APEI,2026-11-09,,nasdaq_calendar,
APG,2026-10-29,,nasdaq_calendar,
APH,2026-10-28,BMO,nasdaq_calendar,
API,2026-11-18,,nasdaq_calendar,
APLE,2026-11-05,AMC,nasdaq_calendar,
APO,2026-11-03,BMO,nasdaq_calendar,
APP,2026-11-04,AMC,nasdaq_calendar,
APPF,2026-10-29,,nasdaq_calendar,
APPN,2026-11-05,,nasdaq_calendar,
APPS,2026-11-03,,nasdaq_calendar,
APRE,2026-11-11,,nasdaq_calendar,
APT,2026-11-04,,nasdaq_calendar,
APTV,2026-11-03,BMO,nasdaq_calendar,
APUS,2026-11-11,,nasdaq_calendar,
APVO,2026-11-05,,nasdaq_calendar,
APWC,2026-11-13,,nasdaq_calendar,
APYX,2026-11-05,,nasdaq_calendar,
AQB,2026-10-27,,nasdaq_calendar,
AQMS,2026-11-11,,nasdaq_calendar,
AQN,2026-11-06,,nasdaq_calendar,
AQST,2026-11-04,,nasdaq_calendar,
AR,2026-11-04,,nasdaq_calendar,
ARAI,2026-11-13,,nasdaq_calendar,
ARAY,2026-11-04,,nasdaq_calendar,
ARBE,2026-11-16,,nasdaq_calendar,
ARCB,2026-11-04,BMO,nasdaq_calendar,
ARCC,2026-10-27,BMO,nasdaq_calendar,
ARCO,2026-11-11,,nasdaq_calendar,
ARCT,2026-11-09,,nasdaq_calendar,
ARDT,2026-11-11,,nasdaq_calendar,
ARDX,2026-10-29,,nasdaq_calendar,
ARE,2026-10-26,AMC,nasdaq_calendar,
AREC,2026-11-13,,nasdaq_calendar,
ARES,2026-10-29,BMO,nasdaq_calendar,
ARGX,2026-10-22,BMO,nasdaq_calendar,
ARHS,2026-11-05,,nasdaq_calendar,
ARI,2026-10-29,,nasdaq_calendar,
ARIS,2026-11-04,,nasdaq_calendar,
ARKO,2026-11-04,,nasdaq_calendar,
ARL,2026-11-05,,nasdaq_calendar,
ARLO,2026-11-05,,nasdaq_calendar,
ARLP,2026-10-26,,nasdaq_calendar,
ARM,2026-11-04,AMC,nasdaq_calendar,
ARMK,2026-11-16,,nasdaq_calendar,
ARMP,2026-11-11,,nasdaq_calendar,
AROC,2026-10-27,,nasdaq_calendar,
AROW,2026-10-29,,nasdaq_calendar,
ARQ,2026-11-04,,nasdaq_calendar,
ARQT,2026-10-27,,nasdaq_calendar,
ARR,2026-10-28,,nasdaq_calendar,
ARRY,2026-11-04,,nasdaq_calendar,
ARTL,2026-11-11,,nasdaq_calendar,
ARTNA,2026-10-29,,nasdaq_calendar,
ARTV,2026-11-11,,nasdaq_calendar,
ARTW,2026-10-13,,nasdaq_calendar,
ARVN,2026-11-04,,nasdaq_calendar,
ARW,2026-10-29,,nasdaq_calendar,
ARWR,2026-11-24,,nasdaq_calendar,
ARX,2026-11-11,,nasdaq_calendar,
ARXS,2026-11-04,,nasdaq_calendar,
AS,2026-11-17,,nasdaq_calendar,
ASB,2026-10-22,AMC,nasdaq_calendar,
ASBH,2026-10-29,AMC,nasdaq_calendar,
ASBP,2026-11-13,,nasdaq_calendar,
ASC,2026-11-04,,nasdaq_calendar,
ASH,2026-11-03,,nasdaq_calendar,
ASIC,2026-10-28,,nasdaq_calendar,
ASIX,2026-11-04,BMO,nasdaq_calendar,
ASLE,2026-11-05,,nasdaq_calendar,
ASM,2026-11-05,,nasdaq_calendar,
ASMB,2026-11-09,,nasdaq_calendar,
ASML,2026-10-14,BMO,nasdaq_calendar,
ASND,2026-11-11,,nasdaq_calendar,
ASPI,2026-11-18,,nasdaq_calendar,
ASPN,2026-11-05,,nasdaq_calendar,
ASPS,2026-10-22,,nasdaq_calendar,
ASR,2026-10-28,,nasdaq_calendar,
ASRV,2026-10-20,,nasdaq_calendar,
ASST,2026-11-09,,nasdaq_calendar,
ASTC,2026-11-12,,nasdaq_calendar,
ASTE,2026-11-04,,nasdaq_calendar,
ASTH,2026-11-05,,nasdaq_calendar,
ASTI,2026-11-09,,nasdaq_calendar,
ASTL,2026-11-04,,nasdaq_calendar,
ASTS,2026-11-09,,nasdaq_calendar,
ASUR,2026-10-29,,nasdaq_calendar,
ASX,2026-10-29,,nasdaq_calendar,
ATAT,2026-11-24,,nasdaq_calendar,
ATCH,2026-11-12,,nasdaq_calendar,
ATEC,2026-10-29,,nasdaq_calendar,
ATEN,2026-11-05,AMC,nasdaq_calendar,
ATER,2026-11-12,,nasdaq_calendar,
ATEX,2026-11-11,,nasdaq_calendar,
ATHM,2026-11-05,,nasdaq_calendar,
ATI,2026-10-27,,nasdaq_calendar,
ATKR,2026-11-19,,nasdaq_calendar,
ATLC,2026-11-09,,nasdaq_calendar,
ATLO,2026-10-16,,nasdaq_calendar,
ATLX,2026-11-12,,nasdaq_calendar,
ATMU,2026-11-06,,nasdaq_calendar,
ATNI,2026-11-04,,nasdaq_calendar,
ATNM,2026-11-13,,nasdaq_calendar,
ATO,2026-11-04,AMC,nasdaq_calendar,
ATOM,2026-10-27,,nasdaq_calendar,
ATOS,2026-11-11,,nasdaq_calendar,
ATPC,2026-11-12,,nasdaq_calendar,
ATR,2026-10-29,AMC,nasdaq_calendar,
ATRA,2026-11-11,,nasdaq_calendar,
ATRC,2026-11-04,,nasdaq_calendar,
ATRO,2026-11-03,,nasdaq_calendar,
ATS,2026-11-04,,nasdaq_calendar,
ATXG,2026-11-13,,nasdaq_calendar,
ATYR,2026-11-05,,nasdaq_calendar,
AU,2026-11-10,,nasdaq_calendar,
AUB,2026-10-20,BMO,nasdaq_calendar,
AUBN,2026-10-22,,nasdaq_calendar,
AUDC,2026-11-03,,nasdaq_calendar,
AUGO,2026-11-03,,nasdaq_calendar,
AUID,2026-11-11,,nasdaq_calendar,
AUNA,2026-11-19,,nasdaq_calendar,
AUPH,2026-11-03,,nasdaq_calendar,
AUR,2026-10-28,AMC,nasdaq_calendar,
AURA,2026-11-12,,nasdaq_calendar,
AUST,2026-11-04,,nasdaq_calendar,
AUTL,2026-11-11,,nasdaq_calendar,
AUUD,2026-11-05,,nasdaq_calendar,
AVA,2026-11-04,BMO,nasdaq_calendar,
AVAH,2026-11-05,,nasdaq_calendar,
AVAL,2026-11-12,,nasdaq_calendar,
AVAT,2026-11-18,,nasdaq_calendar,
AVBC,2026-10-22,,nasdaq_calendar,
AVBH,2026-10-26,AMC,nasdaq_calendar,
AVBP,2026-11-09,,nasdaq_calendar,
AVD,2026-11-09,,nasdaq_calendar,
AVEX,2026-11-11,,nasdaq_calendar,
AVIR,2026-11-11,,nasdaq_calendar,
AVLN,2026-11-11,,nasdaq_calendar,
AVNT,2026-11-04,BMO,nasdaq_calendar,
AVNW,2026-11-03,,nasdaq_calendar,
AVPT,2026-11-05,,nasdaq_calendar,
AVR,2026-11-11,,nasdaq_calendar,
AVT,2026-11-04,,nasdaq_calendar,
AVTR,2026-10-28,BMO,nasdaq_calendar,
AVTX,2026-11-05,,nasdaq_calendar,
AVX,2026-11-13,,nasdaq_calendar,
AVXL,2026-11-24,,nasdaq_calendar,
AVY,2026-10-29,BMO,nasdaq_calendar,
AWI,2026-10-27,BMO,nasdaq_calendar,
AWK,2026-10-28,AMC,nasdaq_calendar,
AWR,2026-11-04,,nasdaq_calendar,
AWRE,2026-11-04,,nasdaq_calendar,
AWX,2026-11-06,,nasdaq_calendar,
AX,2026-10-29,AMC,nasdaq_calendar,
AXGN,2026-11-04,,nasdaq_calendar,
AXON,2026-11-03,,nasdaq_calendar,
AXP,2026-10-23,BMO,nasdaq_calendar,
AXS,2026-10-28,AMC,nasdaq_calendar,
AXSM,2026-11-02,BMO,nasdaq_calendar,
AXTA,2026-10-29,BMO,nasdaq_calendar,
AXTI,2026-10-29,AMC,nasdaq_calendar,
AYA,2026-11-12,,nasdaq_calendar,
AYTU,2026-11-12,,nasdaq_calendar,
AZ,2026-11-12,,nasdaq_calendar,
AZIO,2026-11-18,,nasdaq_calendar,
AZN,2026-10-30,BMO,nasdaq_calendar,
AZTA,2026-11-20,,nasdaq_calendar,
AZTR,2026-11-11,,nasdaq_calendar,
AZZ,2026-10-13,AMC,nasdaq_calendar,
B,2026-11-09,,nasdaq_calendar,
BA,2026-10-27,BMO,nasdaq_calendar,
BABA,2026-11-24,,nasdaq_calendar,
BAC,2026-10-14,BMO,nasdaq_calendar,
BAER,2026-11-05,,nasdaq_calendar,
BAFN,2026-10-29,AMC,nasdaq_calendar,
BAH,2026-10-23,BMO,nasdaq_calendar,
BAK,2026-11-10,,nasdaq_calendar,
BALL,2026-11-03,BMO,nasdaq_calendar,
BALY,2026-11-11,,nasdaq_calendar,
BAM,2026-11-06,,nasdaq_calendar,
BANC,2026-10-27,AMC,nasdaq_calendar,
BAND,2026-10-29,,nasdaq_calendar,
BANF,2026-10-16,,nasdaq_calendar,
BANR,2026-10-21,AMC,nasdaq_calendar,
BAP,2026-11-09,AMC,nasdaq_calendar,
BARK,2026-11-09,,nasdaq_calendar,
BATL,2026-11-12,,nasdaq_calendar,
BATRA,2026-11-04,,nasdaq_calendar,
BATRK,2026-11-04,,nasdaq_calendar,
BAX,2026-10-29,BMO,nasdaq_calendar,
BBAI,2026-11-09,,nasdaq_calendar,
BBAR,2026-11-24,,nasdaq_calendar,
BBD,2026-10-22,AMC,nasdaq_calendar,
BBDC,2026-11-05,AMC,nasdaq_calendar,
BBDO,2026-10-22,AMC,nasdaq_calendar,
BBGI,2026-11-09,,nasdaq_calendar,
BBIO,2026-11-04,,nasdaq_calendar,
BBLG,2026-11-13,,nasdaq_calendar,
BBNX,2026-10-27,AMC,nasdaq_calendar,
BBOT,2026-11-11,,nasdaq_calendar,
BBSI,2026-11-04,,nasdaq_calendar,
BBT,2026-10-21,AMC,nasdaq_calendar,
BBUC,2026-11-05,BMO,nasdaq_calendar,
BBVA,2026-10-28,AMC,nasdaq_calendar,
BBWI,2026-11-19,,nasdaq_calendar,
BBY,2026-11-24,,nasdaq_calendar,
BC,2026-10-29,BMO,nasdaq_calendar,
BCAL,2026-10-27,,nasdaq_calendar,
BCAX,2026-11-09,,nasdaq_calendar,
BCBP,2026-10-26,,nasdaq_calendar,
BCC,2026-11-02,,nasdaq_calendar,
BCDA,2026-11-11,,nasdaq_calendar,
BCE,2026-11-05,,nasdaq_calendar,
BCG,2026-11-12,,nasdaq_calendar,
BCH,2026-10-30,BMO,nasdaq_calendar,
BCHT,2026-11-12,,nasdaq_calendar,
BCIC,2026-11-05,,nasdaq_calendar,
BCML,2026-10-22,,nasdaq_calendar,
BCO,2026-11-04,,nasdaq_calendar,
BCPC,2026-10-20,,nasdaq_calendar,
BCRX,2026-11-02,,nasdaq_calendar,
BCS,2026-10-22,BMO,nasdaq_calendar,
BCSF,2026-11-09,,nasdaq_calendar,
BCSS,2026-11-12,,nasdaq_calendar,
BCTX,2026-10-21,,nasdaq_calendar,
BCYC,2026-10-29,,nasdaq_calendar,
BDC,2026-10-29,,nasdaq_calendar,
BDCI,2026-11-09,,nasdaq_calendar,
BDN,2026-10-21,AMC,nasdaq_calendar,
BDSX,2026-11-02,,nasdaq_calendar,
BDTX,2026-11-05,,nasdaq_calendar,
BDX,2026-11-05,,nasdaq_calendar,
BE,2026-10-27,,nasdaq_calendar,
BEAM,2026-11-03,,nasdaq_calendar,
BEAT,2026-11-12,,nasdaq_calendar,
BEBE,2026-11-13,,nasdaq_calendar,
BEEM,2026-11-13,,nasdaq_calendar,
BEEP,2026-11-09,,nasdaq_calendar,
BEKE,2026-11-09,,nasdaq_calendar,
BELFA,2026-11-04,,nasdaq_calendar,
BELFB,2026-11-04,,nasdaq_calendar,
BEN,2026-11-06,BMO,nasdaq_calendar,
BENF,2026-11-13,,nasdaq_calendar,
BEP,2026-11-04,BMO,nasdaq_calendar,
BEPC,2026-11-04,,nasdaq_calendar,
BESS,2026-11-13,,nasdaq_calendar,
BETR,2026-11-12,,nasdaq_calendar,
BFAM,2026-10-29,,nasdaq_calendar,
BFC,2026-10-20,,nasdaq_calendar,
BFH,2026-10-22,BMO,nasdaq_calendar,
BFLY,2026-10-29,BMO,nasdaq_calendar,
BFRG,2026-11-13,,nasdaq_calendar,
BFRI,2026-11-11,,nasdaq_calendar,
BFS,2026-11-05,,nasdaq_calendar,
BFST,2026-10-26,BMO,nasdaq_calendar,
BG,2026-10-29,BMO,nasdaq_calendar,
BGC,2026-11-05,,nasdaq_calendar,
BGDE,2026-11-13,,nasdaq_calendar,
BGLC,2026-11-13,,nasdaq_calendar,
BGMS,2026-11-12,,nasdaq_calendar,
BGS,2026-11-04,,nasdaq_calendar,
BGSF,2026-11-06,,nasdaq_calendar,
BGSI,2026-11-11,,nasdaq_calendar,
BH,2026-11-06,,nasdaq_calendar,
BHB,2026-10-20,,nasdaq_calendar,
BHC,2026-10-28,AMC,nasdaq_calendar,
BHE,2026-11-03,,nasdaq_calendar,
BHF,2026-11-05,,nasdaq_calendar,
BHM,2026-11-05,,nasdaq_calendar,
BHP,2026-11-17,,nasdaq_calendar,
BHR,2026-11-04,AMC,nasdaq_calendar,
BHRB,2026-10-22,,nasdaq_calendar,
BHST,2026-11-12,,nasdaq_calendar,
BHVN,2026-11-09,,nasdaq_calendar,
BIAF,2026-11-13,,nasdaq_calendar,
BIDU,2026-11-17,,nasdaq_calendar,
BIIB,2026-10-28,BMO,nasdaq_calendar,
BILI,2026-11-12,,nasdaq_calendar,
BILL,2026-11-05,,nasdaq_calendar,
BIO,2026-11-04,,nasdaq_calendar,
BIOA,2026-11-05,,nasdaq_calendar,
BIOX,2026-11-11,,nasdaq_calendar,
BIP,2026-11-06,BMO,nasdaq_calendar,
BIRD,2026-11-05,,nasdaq_calendar,
BIVI,2026-11-09,,nasdaq_calendar,
BJ,2026-11-20,,nasdaq_calendar,
BJDX,2026-11-06,,nasdaq_calendar,
BJRI,2026-10-29,,nasdaq_calendar,
BKD,2026-11-05,,nasdaq_calendar,
BKE,2026-11-20,,nasdaq_calendar,
BKH,2026-11-04,,nasdaq_calendar,
BKKT,2026-11-09,,nasdaq_calendar,
BKNG,2026-11-03,AMC,nasdaq_calendar,
BKR,2026-10-27,AMC,nasdaq_calendar,
BKSY,2026-11-05,,nasdaq_calendar,
BKTI,2026-11-05,,nasdaq_calendar,
BKU,2026-10-21,BMO,nasdaq_calendar,
BKV,2026-11-09,,nasdaq_calendar,
BKYI,2026-11-13,,nasdaq_calendar,
BL,2026-11-05,,nasdaq_calendar,
BLBD,2026-11-23,,nasdaq_calendar,
BLCO,2026-10-28,BMO,nasdaq_calendar,
BLDP,2026-11-12,,nasdaq_calendar,
BLDR,2026-10-29,BMO,nasdaq_calendar,
BLK,2026-10-14,BMO,nasdaq_calendar,
BLKB,2026-11-04,,nasdaq_calendar,
BLMN,2026-11-05,,nasdaq_calendar,
BLND,2026-11-05,,nasdaq_calendar,
BLNE,2026-11-12,BMO,nasdaq_calendar,
BLNK,2026-11-05,,nasdaq_calendar,
BLRX,2026-11-23,,nasdaq_calendar,
BLSH,2026-11-18,,nasdaq_calendar,
BLTE,2026-11-09,,nasdaq_calendar,
BLX,2026-10-26,AMC,nasdaq_calendar,
BLZE,2026-11-05,,nasdaq_calendar,
BMA,2026-11-25,,nasdaq_calendar,
BMBL,2026-11-04,,nasdaq_calendar,
BMEA,2026-11-03,,nasdaq_calendar,
BMI,2026-10-22,BMO,nasdaq_calendar,
BMRA,2026-10-13,,nasdaq_calendar,
BMRC,2026-10-26,BMO,nasdaq_calendar,
BMRN,2026-10-26,,nasdaq_calendar,
BMY,2026-10-29,BMO,nasdaq_calendar,
BN,2026-11-12,,nasdaq_calendar,
BNAI,2026-11-24,,nasdaq_calendar,
BNGO,2026-11-12,,nasdaq_calendar,
BNKK,2026-11-18,,nasdaq_calendar,
BNL,2026-10-28,AMC,nasdaq_calendar,
BNR,2026-11-19,,nasdaq_calendar,
BNT,2026-11-12,,nasdaq_calendar,
BNTC,2026-11-13,,nasdaq_calendar,
BNTX,2026-11-03,BMO,nasdaq_calendar,
BNY,2026-10-15,BMO,nasdaq_calendar,
BOBS,2026-11-05,,nasdaq_calendar,
BOC,2026-11-12,,nasdaq_calendar,
BODI,2026-11-09,,nasdaq_calendar,
BOF,2026-11-11,,nasdaq_calendar,
BOH,2026-10-26,BMO,nasdaq_calendar,
BOKF,2026-10-19,AMC,nasdaq_calendar,
BOLD,2026-11-04,,nasdaq_calendar,
BOLT,2026-11-11,,nasdaq_calendar,
BOOM,2026-11-03,,nasdaq_calendar,
BOOT,2026-11-04,,nasdaq_calendar,
BORR,2026-11-04,,nasdaq_calendar,
BOTJ,2026-10-29,,nasdaq_calendar,
BOW,2026-11-03,,nasdaq_calendar,
BOXL,2026-11-13,,nasdaq_calendar,
BP,2026-10-30,BMO,nasdaq_calendar,
BPOP,2026-10-22,BMO,nasdaq_calendar,
BPRN,2026-11-04,,nasdaq_calendar,
BR,2026-11-03,,nasdaq_calendar,
BRAG,2026-11-12,,nasdaq_calendar,
BRBI,2026-11-05,,nasdaq_calendar,
BRBR,2026-11-17,,nasdaq_calendar,
BRBS,2026-10-28,,nasdaq_calendar,
BRC,2026-11-16,,nasdaq_calendar,
BRCB,2026-11-10,,nasdaq_calendar,
BRCC,2026-11-02,,nasdaq_calendar,
BRFH,2026-11-05,,nasdaq_calendar,
BRKR,2026-11-02,,nasdaq_calendar,
BRLS,2026-11-18,,nasdaq_calendar,
BRLT,2026-11-04,,nasdaq_calendar,
BRO,2026-10-26,AMC,nasdaq_calendar,
BROS,2026-11-04,,nasdaq_calendar,
BRSL,2026-11-03,,nasdaq_calendar,
BRSP,2026-10-27,AMC,nasdaq_calendar,
BRT,2026-11-05,,nasdaq_calendar,
BRTX,2026-11-11,,nasdaq_calendar,
BRX,2026-10-26,AMC,nasdaq_calendar,
BSAC,2026-10-30,BMO,nasdaq_calendar,
BSBK,2026-11-02,,nasdaq_calendar,
BSEM,2026-11-12,,nasdaq_calendar,
BSIN,2026-11-11,,nasdaq_calendar,
BSM,2026-11-02,,nasdaq_calendar,
BSP,2026-11-12,,nasdaq_calendar,
BSRR,2026-10-26,,nasdaq_calendar,
BSVN,2026-10-15,BMO,nasdaq_calendar,
BSX,2026-10-28,BMO,nasdaq_calendar,
BSY,2026-11-05,BMO,nasdaq_calendar,
BTBD,2026-11-16,,nasdaq_calendar,
BTBT,2026-11-13,,nasdaq_calendar,
BTCS,2026-11-12,,nasdaq_calendar,
BTDR,2026-11-09,,nasdaq_calendar,
BTE,2026-11-05,AMC,nasdaq_calendar,
BTG,2026-11-04,,nasdaq_calendar,
BTGO,2026-11-11,,nasdaq_calendar,
BTLN,2026-11-12,,nasdaq_calendar,
BTMD,2026-11-04,,nasdaq_calendar,
BTOC,2026-11-12,,nasdaq_calendar,
BTSG,2026-10-30,BMO,nasdaq_calendar,
BTU,2026-10-29,,nasdaq_calendar,
BUD,2026-10-29,BMO,nasdaq_calendar,
BUDA,2026-11-12,,nasdaq_calendar,
BULL,2026-11-19,,nasdaq_calendar,
BUR,2026-11-04,,nasdaq_calendar,
BURL,2026-11-24,,nasdaq_calendar,
BURU,2026-11-13,,nasdaq_calendar,
BUSE,2026-10-27,AMC,nasdaq_calendar,
BV,2026-11-18,,nasdaq_calendar,
BVFL,2026-10-16,,nasdaq_calendar,
BVN,2026-10-29,,nasdaq_calendar,
BVS,2026-11-03,,nasdaq_calendar,
BW,2026-11-03,,nasdaq_calendar,
BWA,2026-10-29,BMO,nasdaq_calendar,
BWAY,2026-11-10,,nasdaq_calendar,
BWB,2026-10-20,AMC,nasdaq_calendar,
BWEN,2026-11-12,,nasdaq_calendar,
BWFG,2026-10-22,,nasdaq_calendar,
BWIN,2026-11-03,,nasdaq_calendar,
BWLP,2026-11-23,BMO,nasdaq_calendar,
BWMN,2026-11-04,,nasdaq_calendar,
BWMX,2026-10-22,,nasdaq_calendar,
BWXT,2026-11-02,AMC,nasdaq_calendar,
BX,2026-10-22,BMO,nasdaq_calendar,
BXBL,2026-11-20,,nasdaq_calendar,
BXC,2026-11-03,,nasdaq_calendar,
BXDC,2026-11-03,,nasdaq_calendar,
BXMT,2026-10-29,BMO,nasdaq_calendar,
BXP,2026-10-27,AMC,nasdaq_calendar,
BXSL,2026-11-09,,nasdaq_calendar,
BY,2026-10-22,AMC,nasdaq_calendar,
BYD,2026-10-22,AMC,nasdaq_calendar,
BYND,2026-11-09,,nasdaq_calendar,
BYRN,2026-10-08,,nasdaq_calendar,
BYSI,2026-11-11,,nasdaq_calendar,
BZ,2026-11-17,,nasdaq_calendar,
BZAI,2026-11-12,,nasdaq_calendar,
BZFD,2026-11-05,,nasdaq_calendar,
BZH,2026-11-12,,nasdaq_calendar,
BZUN,2026-11-24,,nasdaq_calendar,
C,2026-10-13,BMO,nasdaq_calendar,
CAAP,2026-11-23,,nasdaq_calendar,
CAAS,2026-11-11,,nasdaq_calendar,
CABA,2026-11-09,,nasdaq_calendar,
CABO,2026-11-05,,nasdaq_calendar,
CABR,2026-11-13,,nasdaq_calendar,
CAC,2026-10-27,BMO,nasdaq_calendar,
CACC,2026-10-29,,nasdaq_calendar,
CACI,2026-10-28,,nasdaq_calendar,
CADL,2026-11-12,,nasdaq_calendar,
CAE,2026-11-10,,nasdaq_calendar,
CAH,2026-11-05,BMO,nasdaq_calendar,
CAI,2026-11-04,,nasdaq_calendar,
CAKE,2026-10-27,AMC,nasdaq_calendar,
CALC,2026-11-11,,nasdaq_calendar,
CALX,2026-11-02,AMC,nasdaq_calendar,
CALY,2026-11-05,,nasdaq_calendar,
CAMP,2026-11-05,,nasdaq_calendar,
CAMT,2026-11-09,,nasdaq_calendar,
CAN,2026-11-17,,nasdaq_calendar,
CAPL,2026-11-04,,nasdaq_calendar,
CAPR,2026-11-09,,nasdaq_calendar,
CAPS,2026-11-17,,nasdaq_calendar,
CAR,2026-10-26,,nasdaq_calendar,
CARE,2026-10-22,,nasdaq_calendar,
CARG,2026-11-05,,nasdaq_calendar,
CARL,2026-11-05,,nasdaq_calendar,
CARR,2026-10-27,,nasdaq_calendar,
CARS,2026-11-05,,nasdaq_calendar,
CART,2026-11-09,,nasdaq_calendar,
CASH,2026-10-21,AMC,nasdaq_calendar,
CASS,2026-10-22,,nasdaq_calendar,
CAT,2026-11-04,,nasdaq_calendar,
CATO,2026-11-19,,nasdaq_calendar,
CATX,2026-11-09,,nasdaq_calendar,
CATY,2026-10-20,,nasdaq_calendar,
CAVA,2026-11-03,,nasdaq_calendar,
CB,2026-10-20,AMC,nasdaq_calendar,
CBAN,2026-10-28,AMC,nasdaq_calendar,
CBAT,2026-11-09,,nasdaq_calendar,
CBC,2026-10-27,BMO,nasdaq_calendar,
CBFV,2026-10-22,,nasdaq_calendar,
CBIO,2026-11-05,,nasdaq_calendar,
CBK,2026-10-26,AMC,nasdaq_calendar,
CBL,2026-11-05,,nasdaq_calendar,
CBLL,2026-11-03,,nasdaq_calendar,
CBNA,2026-10-27,,nasdaq_calendar,
CBNK,2026-10-26,,nasdaq_calendar,
CBOE,2026-10-30,BMO,nasdaq_calendar,
CBRE,2026-10-22,BMO,nasdaq_calendar,
CBRS,2026-11-11,,nasdaq_calendar,
CBSH,2026-10-20,BMO,nasdaq_calendar,
CBT,2026-11-02,,nasdaq_calendar,
CBU,2026-10-27,BMO,nasdaq_calendar,
CBUS,2026-11-12,,nasdaq_calendar,
CBZ,2026-11-04,,nasdaq_calendar,
CC,2026-11-05,,nasdaq_calendar,
CCAP,2026-11-11,,nasdaq_calendar,
CCB,2026-11-04,,nasdaq_calendar,
CCBG,2026-10-20,BMO,nasdaq_calendar,
CCC,2026-10-29,,nasdaq_calendar,
CCCC,2026-11-05,,nasdaq_calendar,
CCEC,2026-10-29,,nasdaq_calendar,
CCEL,2026-10-21,,nasdaq_calendar,
CCI,2026-10-21,AMC,nasdaq_calendar,
CCJ,2026-10-30,BMO,nasdaq_calendar,
CCK,2026-10-19,AMC,nasdaq_calendar,
CCLD,2026-11-05,,nasdaq_calendar,
CCNE,2026-10-29,,nasdaq_calendar,
CCO,2026-11-05,,nasdaq_calendar,
CCOI,2026-11-05,,nasdaq_calendar,
CCS,2026-10-28,AMC,nasdaq_calendar,
CCSI,2026-11-05,AMC,nasdaq_calendar,
CCU,2026-11-05,,nasdaq_calendar,
CDE,2026-11-04,,nasdaq_calendar,
CDIO,2026-11-11,,nasdaq_calendar,
CDLR,2026-11-19,,nasdaq_calendar,
CDLX,2026-11-04,,nasdaq_calendar,
CDNA,2026-11-03,,nasdaq_calendar,
CDNL,2026-11-10,,nasdaq_calendar,
CDNS,2026-10-26,AMC,nasdaq_calendar,
CDP,2026-10-29,AMC,nasdaq_calendar,
CDRE,2026-11-03,,nasdaq_calendar,
CDT,2026-11-12,,nasdaq_calendar,
CDW,2026-11-03,,nasdaq_calendar,
CDXS,2026-11-05,,nasdaq_calendar,
CDZI,2026-11-12,,nasdaq_calendar,
CE,2026-11-02,AMC,nasdaq_calendar,
CECO,2026-10-27,,nasdaq_calendar,
CEG,2026-11-06,,nasdaq_calendar,
CELC,2026-11-11,,nasdaq_calendar,
CELH,2026-11-05,,nasdaq_calendar,
CELU,2026-11-13,,nasdaq_calendar,
CELZ,2026-11-06,,nasdaq_calendar,
CENN,2026-11-11,,nasdaq_calendar,
CENT,2026-11-23,,nasdaq_calendar,
CENTA,2026-11-23,,nasdaq_calendar,
CENX,2026-11-05,,nasdaq_calendar,
CEPF,2026-11-13,,nasdaq_calendar,
CEPL,2026-11-12,,nasdaq_calendar,
CEPO,2026-11-13,,nasdaq_calendar,
CEPS,2026-11-13,,nasdaq_calendar,
CEPU,2026-11-11,,nasdaq_calendar,
CEPV,2026-11-13,,nasdaq_calendar,
CERS,2026-11-05,,nasdaq_calendar,
CERT,2026-11-05,,nasdaq_calendar,
CETY,2026-11-18,,nasdaq_calendar,
CEVA,2026-11-09,,nasdaq_calendar,
CF,2026-11-04,AMC,nasdaq_calendar,
CFBK,2026-11-02,,nasdaq_calendar,
CFFI,2026-10-22,,nasdaq_calendar,
CFFN,2026-11-04,,nasdaq_calendar,
CFG,2026-10-16,BMO,nasdaq_calendar,
CFR,2026-10-29,,nasdaq_calendar,
CG,2026-11-05,BMO,nasdaq_calendar,
CGAU,2026-10-29,AMC,nasdaq_calendar,
CGBD,2026-11-03,,nasdaq_calendar,
CGC,2026-11-06,,nasdaq_calendar,
CGEM,2026-11-05,,nasdaq_calendar,
CGEN,2026-11-09,,nasdaq_calendar,
CGNX,2026-11-04,,nasdaq_calendar,
CGON,2026-11-13,,nasdaq_calendar,
CGTX,2026-11-05,,nasdaq_calendar,
CHA,2026-11-27,,nasdaq_calendar,
CHAI,2026-11-13,,nasdaq_calendar,
CHCI,2026-11-12,,nasdaq_calendar,
CHCO,2026-10-28,,nasdaq_calendar,
CHCT,2026-10-27,,nasdaq_calendar,
CHD,2026-10-30,,nasdaq_calendar,
CHDN,2026-10-28,AMC,nasdaq_calendar,
CHE,2026-10-27,AMC,nasdaq_calendar,
CHEF,2026-11-04,,nasdaq_calendar,
CHGA,2026-11-13,,nasdaq_calendar,
CHGG,2026-11-09,,nasdaq_calendar,
CHH,2026-11-02,BMO,nasdaq_calendar,
CHKP,2026-11-02,BMO,nasdaq_calendar,
CHMG,2026-10-20,,nasdaq_calendar,
CHMI,2026-11-05,,nasdaq_calendar,
CHRD,2026-11-03,,nasdaq_calendar,
CHRS,2026-11-05,,nasdaq_calendar,
CHRW,2026-11-04,,nasdaq_calendar,
CHT,2026-11-05,,nasdaq_calendar,
CHTR,2026-11-06,BMO,nasdaq_calendar,
CHYM,2026-11-04,,nasdaq_calendar,
CI,2026-10-29,,nasdaq_calendar,
CIA,2026-11-05,,nasdaq_calendar,
CIB,2026-11-05,,nasdaq_calendar,
CIFR,2026-11-02,,nasdaq_calendar,
CIG,2026-11-13,,nasdaq_calendar,
CIGI,2026-11-04,BMO,nasdaq_calendar,
CIM,2026-11-05,,nasdaq_calendar,
CINF,2026-10-26,AMC,nasdaq_calendar,
CING,2026-11-12,,nasdaq_calendar,
CINT,2026-11-11,,nasdaq_calendar,
CION,2026-11-05,BMO,nasdaq_calendar,
CIRC,2026-11-13,,nasdaq_calendar,
CISO,2026-11-12,,nasdaq_calendar,
CISS,2026-11-17,,nasdaq_calendar,
CITR,2026-11-11,,nasdaq_calendar,
CIVB,2026-10-22,BMO,nasdaq_calendar,
CIX,2026-11-04,,nasdaq_calendar,
CJMB,2026-11-13,,nasdaq_calendar,
CKX,2026-11-09,,nasdaq_calendar,
CL,2026-10-30,,nasdaq_calendar,
CLAR,2026-11-05,,nasdaq_calendar,
CLB,2026-10-28,AMC,nasdaq_calendar,
CLBK,2026-10-19,,nasdaq_calendar,
CLBT,2026-11-11,,nasdaq_calendar,
CLDI,2026-11-12,,nasdaq_calendar,
CLDT,2026-11-04,,nasdaq_calendar,
CLDX,2026-11-09,,nasdaq_calendar,
CLF,2026-10-19,BMO,nasdaq_calendar,
CLFD,2026-11-24,,nasdaq_calendar,
CLGN,2026-11-25,,nasdaq_calendar,
CLH,2026-10-28,BMO,nasdaq_calendar,
CLIR,2026-11-13,,nasdaq_calendar,
CLLS,2026-11-06,,nasdaq_calendar,
CLMB,2026-11-04,,nasdaq_calendar,
CLMT,2026-11-06,BMO,nasdaq_calendar,
CLNE,2026-11-03,,nasdaq_calendar,
CLNN,2026-11-12,,nasdaq_calendar,
CLOV,2026-11-04,AMC,nasdaq_calendar,
CLPR,2026-11-12,,nasdaq_calendar,
CLPT,2026-11-05,,nasdaq_calendar,
CLRB,2026-11-12,,nasdaq_calendar,
CLRO,2026-11-13,,nasdaq_calendar,
CLS,2026-10-26,AMC,nasdaq_calendar,
CLSK,2026-11-24,,nasdaq_calendar,
CLST,2026-10-22,,nasdaq_calendar,
CLVT,2026-11-03,BMO,nasdaq_calendar,
CLW,2026-10-27,,nasdaq_calendar,
CLX,2026-11-02,,nasdaq_calendar,
CLYM,2026-11-05,,nasdaq_calendar,
CMBT,2026-11-25,,nasdaq_calendar,
CMC,2026-10-15,BMO,nasdaq_calendar,
CMCL,2026-11-09,,nasdaq_calendar,
CMCM,2026-11-25,,nasdaq_calendar,
CMCO,2026-10-29,,nasdaq_calendar,
CMCSA,2026-10-22,BMO,nasdaq_calendar,
CMCT,2026-11-13,,nasdaq_calendar,
CMDB,2026-11-13,,nasdaq_calendar,
CME,2026-10-21,BMO,nasdaq_calendar,
CMG,2026-10-28,AMC,nasdaq_calendar,
CMI,2026-11-05,BMO,nasdaq_calendar,
CMMB,2026-10-15,,nasdaq_calendar,
CMPR,2026-11-04,,nasdaq_calendar,
CMPS,2026-11-03,,nasdaq_calendar,
CMPX,2026-11-04,,nasdaq_calendar,
CMRC,2026-11-05,,nasdaq_calendar,
CMRE,2026-11-03,,nasdaq_calendar,
CMS,2026-10-27,BMO,nasdaq_calendar,
CMT,2026-11-03,,nasdaq_calendar,
CMTG,2026-11-04,,nasdaq_calendar,
CMTL,2026-11-09,,nasdaq_calendar,
CMTV,2026-11-13,,nasdaq_calendar,
CNA,2026-11-02,,nasdaq_calendar,
CNC,2026-10-27,BMO,nasdaq_calendar,
CNCK,2026-11-13,,nasdaq_calendar,
CNDT,2026-11-06,,nasdaq_calendar,
CNET,2026-11-13,,nasdaq_calendar,
CNH,2026-11-06,,nasdaq_calendar,
CNI,2026-10-30,BMO,nasdaq_calendar,
CNK,2026-11-04,,nasdaq_calendar,
CNL,2026-11-11,,nasdaq_calendar,
CNMD,2026-10-28,AMC,nasdaq_calendar,
CNNE,2026-11-09,,nasdaq_calendar,
CNO,2026-11-02,,nasdaq_calendar,
CNOB,2026-10-22,BMO,nasdaq_calendar,
CNP,2026-10-27,BMO,nasdaq_calendar,
CNQ,2026-11-05,,nasdaq_calendar,
CNR,2026-11-05,,nasdaq_calendar,
CNS,2026-10-15,AMC,nasdaq_calendar,
CNSP,2026-11-13,,nasdaq_calendar,
CNSY,2026-10-29,,nasdaq_calendar,
CNTB,2026-11-11,,nasdaq_calendar,
CNTN,2026-11-11,,nasdaq_calendar,
CNTX,2026-11-04,,nasdaq_calendar,
CNTY,2026-11-09,,nasdaq_calendar,
CNVS,2026-11-13,,nasdaq_calendar,
CNX,2026-10-29,BMO,nasdaq_calendar,
CNXN,2026-11-04,,nasdaq_calendar,
COAG,2026-11-10,,nasdaq_calendar,
COCH,2026-11-09,,nasdaq_calendar,
COCO,2026-11-04,,nasdaq_calendar,
COCP,2026-11-13,,nasdaq_calendar,
CODX,2026-11-12,,nasdaq_calendar,
COF,2026-10-20,AMC,nasdaq_calendar,
COFS,2026-10-23,,nasdaq_calendar,
COGT,2026-11-06,,nasdaq_calendar,
COHN,2026-11-03,,nasdaq_calendar,
COHR,2026-11-04,,nasdaq_calendar,
COHU,2026-11-04,,nasdaq_calendar,
COIN,2026-10-29,,nasdaq_calendar,
COKE,2026-11-04,,nasdaq_calendar,
COLB,2026-10-22,AMC,nasdaq_calendar,
COLD,2026-11-05,BMO,nasdaq_calendar,
COLL,2026-11-05,,nasdaq_calendar,
COLM,2026-10-29,,nasdaq_calendar,
COMP,2026-11-03,,nasdaq_calendar,
CON,2026-11-05,,nasdaq_calendar,
COOK,2026-11-04,,nasdaq_calendar,
COP,2026-11-05,BMO,nasdaq_calendar,
COR,2026-11-04,BMO,nasdaq_calendar,
CORT,2026-11-03,,nasdaq_calendar,
CORZ,2026-10-23,,nasdaq_calendar,
COSM,2026-11-13,,nasdaq_calendar,
COSO,2026-10-19,,nasdaq_calendar,
COTY,2026-11-04,,nasdaq_calendar,
COUR,2026-10-22,,nasdaq_calendar,
COYA,2026-11-11,,nasdaq_calendar,
CP,2026-10-28,AMC,nasdaq_calendar,
CPA,2026-11-18,,nasdaq_calendar,
CPAC,2026-10-27,,nasdaq_calendar,
CPAY,2026-11-04,,nasdaq_calendar,
CPBI,2026-11-12,,nasdaq_calendar,
CPF,2026-10-28,BMO,nasdaq_calendar,
CPHC,2026-11-06,,nasdaq_calendar,
CPHI,2026-11-11,,nasdaq_calendar,
CPIX,2026-11-03,,nasdaq_calendar,
CPK,2026-11-05,,nasdaq_calendar,
CPNG,2026-11-03,,nasdaq_calendar,
CPRI,2026-11-03,,nasdaq_calendar,
CPRT,2026-11-19,,nasdaq_calendar,
CPS,2026-10-29,,nasdaq_calendar,
CPSH,2026-11-04,,nasdaq_calendar,
CPSS,2026-11-09,,nasdaq_calendar,
CPT,2026-11-05,AMC,nasdaq_calendar,
CQP,2026-10-29,BMO,nasdaq_calendar,
CR,2026-10-27,AMC,nasdaq_calendar,
CRAI,2026-10-29,,nasdaq_calendar,
CRBG,2026-11-02,AMC,nasdaq_calendar,
CRBP,2026-11-11,,nasdaq_calendar,
CRBU,2026-11-11,,nasdaq_calendar,
CRC,2026-11-02,AMC,nasdaq_calendar,
CRCL,2026-11-04,BMO,nasdaq_calendar,
CRCT,2026-11-03,,nasdaq_calendar,
CRDF,2026-11-05,,nasdaq_calendar,
CRDL,2026-11-12,,nasdaq_calendar,
CRESY,2026-11-09,,nasdaq_calendar,
CREX,2026-11-11,,nasdaq_calendar,
CRGO,2026-11-16,,nasdaq_calendar,
CRGY,2026-11-02,,nasdaq_calendar,
CRH,2026-11-04,,nasdaq_calendar,
CRI,2026-10-26,,nasdaq_calendar,
CRIS,2026-11-05,,nasdaq_calendar,
CRK,2026-11-04,AMC,nasdaq_calendar,
CRL,2026-11-04,,nasdaq_calendar,
CRMD,2026-11-11,,nasdaq_calendar,
CRNC,2026-11-18,,nasdaq_calendar,
CRNT,2026-11-10,,nasdaq_calendar,
CRON,2026-11-05,BMO,nasdaq_calendar,
CROX,2026-10-29,BMO,nasdaq_calendar,
CRS,2026-10-22,BMO,nasdaq_calendar,
CRSP,2026-11-09,,nasdaq_calendar,
CRSR,2026-11-03,,nasdaq_calendar,
CRT,2026-11-12,,nasdaq_calendar,
CRTO,2026-11-04,,nasdaq_calendar,
CRUS,2026-11-03,,nasdaq_calendar,
CRVL,2026-11-03,,nasdaq_calendar,
CRVO,2026-11-06,,nasdaq_calendar,
CRVS,2026-11-03,,nasdaq_calendar,
CRWS,2026-11-11,,nasdaq_calendar,
CRWV,2026-11-09,,nasdaq_calendar,
CSAI,2026-11-12,,nasdaq_calendar,
CSCO,2026-11-11,,nasdaq_calendar,
CSGP,2026-10-27,AMC,nasdaq_calendar,
CSHR,2026-11-11,,nasdaq_calendar,
CSIQ,2026-11-12,,nasdaq_calendar,
CSL,2026-11-04,,nasdaq_calendar,
CSR,2026-11-02,AMC,nasdaq_calendar,
CSTE,2026-11-11,,nasdaq_calendar,
CSTL,2026-11-02,,nasdaq_calendar,
CSTM,2026-11-04,,nasdaq_calendar,
CSV,2026-11-04,,nasdaq_calendar,
CSW,2026-10-29,,nasdaq_calendar,
CSWC,2026-11-02,,nasdaq_calendar,
CSX,2026-10-21,AMC,nasdaq_calendar,
CTBI,2026-10-21,,nasdaq_calendar,
CTEV,2026-11-06,,nasdaq_calendar,
CTGO,2026-11-12,,nasdaq_calendar,
CTKB,2026-11-04,,nasdaq_calendar,
CTM,2026-11-06,,nasdaq_calendar,
CTMX,2026-11-05,,nasdaq_calendar,
CTNM,2026-10-29,,nasdaq_calendar,
CTNT,2026-11-06,,nasdaq_calendar,
CTO,2026-10-27,AMC,nasdaq_calendar,
CTOS,2026-10-26,,nasdaq_calendar,
CTRE,2026-11-04,,nasdaq_calendar,
CTRI,2026-11-04,,nasdaq_calendar,
CTS,2026-10-27,,nasdaq_calendar,
CTSH,2026-10-29,BMO,nasdaq_calendar,
CTSO,2026-11-12,,nasdaq_calendar,
CTVA,2026-11-11,AMC,nasdaq_calendar,
CTW,2026-10-15,AMC,nasdaq_calendar,
CUB,2026-11-11,,nasdaq_calendar,
CUBE,2026-10-29,AMC,nasdaq_calendar,
CUBI,2026-10-22,,nasdaq_calendar,
CUE,2026-11-11,,nasdaq_calendar,
CURB,2026-10-27,,nasdaq_calendar,
CURI,2026-11-11,,nasdaq_calendar,
CURR,2026-11-09,,nasdaq_calendar,
CURX,2026-11-13,,nasdaq_calendar,
CUZ,2026-10-29,AMC,nasdaq_calendar,
CV,2026-11-12,,nasdaq_calendar,
CVBF,2026-10-28,,nasdaq_calendar,
CVCO,2026-10-29,,nasdaq_calendar,
CVE,2026-10-30,,nasdaq_calendar,
CVEO,2026-10-30,,nasdaq_calendar,
CVGI,2026-11-09,,nasdaq_calendar,
CVI,2026-11-04,,nasdaq_calendar,
CVKD,2026-11-09,,nasdaq_calendar,
CVLG,2026-10-29,AMC,nasdaq_calendar,
CVLT,2026-10-27,BMO,nasdaq_calendar,
CVNA,2026-10-28,AMC,nasdaq_calendar,
CVR,2026-11-06,,nasdaq_calendar,
CVRX,2026-11-04,,nasdaq_calendar,
CVS,2026-11-04,BMO,nasdaq_calendar,
CVSA,2026-10-29,AMC,nasdaq_calendar,
CVU,2026-11-12,,nasdaq_calendar,
CVV,2026-11-09,,nasdaq_calendar,
CVX,2026-10-30,BMO,nasdaq_calendar,
CW,2026-11-04,AMC,nasdaq_calendar,
CWBC,2026-10-15,,nasdaq_calendar,
CWCO,2026-11-09,,nasdaq_calendar,
CWD,2026-11-12,,nasdaq_calendar,
CWEN,2026-11-03,,nasdaq_calendar,
CWH,2026-10-27,,nasdaq_calendar,
CWK,2026-10-29,,nasdaq_calendar,
CWST,2026-10-29,,nasdaq_calendar,
CWT,2026-10-29,,nasdaq_calendar,
CX,2026-10-26,BMO,nasdaq_calendar,
CXAI,2026-11-11,,nasdaq_calendar,
CXDO,2026-11-03,,nasdaq_calendar,
CXII,2026-11-11,,nasdaq_calendar,
CXT,2026-11-04,,nasdaq_calendar,
CXW,2026-11-04,AMC,nasdaq_calendar,
CYAB,2026-11-12,,nasdaq_calendar,
CYCU,2026-11-13,,nasdaq_calendar,
CYH,2026-10-22,,nasdaq_calendar,
CYN,2026-11-17,,nasdaq_calendar,
CYPH,2026-11-11,,nasdaq_calendar,
CYRX,2026-11-03,,nasdaq_calendar,
CYTK,2026-11-04,,nasdaq_calendar,
CZFS,2026-10-29,,nasdaq_calendar,
CZNC,2026-10-22,,nasdaq_calendar,
CZR,2026-10-27,AMC,nasdaq_calendar,
CZWI,2026-10-26,,nasdaq_calendar,
D,2026-10-30,BMO,nasdaq_calendar,
DAC,2026-11-16,,nasdaq_calendar,
DAIO,2026-10-29,,nasdaq_calendar,
DAL,2026-10-09,BMO,nasdaq_calendar,
DAN,2026-10-28,BMO,nasdaq_calendar,
DAO,2026-11-19,,nasdaq_calendar,
DAR,2026-10-29,BMO,nasdaq_calendar,
DARE,2026-11-12,,nasdaq_calendar,
DASH,2026-11-04,,nasdaq_calendar,
DAVA,2026-11-10,,nasdaq_calendar,
DAVE,2026-11-03,,nasdaq_calendar,
DB,2026-11-04,,nasdaq_calendar,
DBD,2026-10-28,BMO,nasdaq_calendar,
DBGI,2026-11-13,,nasdaq_calendar,
DBVT,2026-10-27,,nasdaq_calendar,
DBX,2026-11-05,,nasdaq_calendar,
DC,2026-11-12,,nasdaq_calendar,
DCBO,2026-11-06,,nasdaq_calendar,
DCGO,2026-11-09,,nasdaq_calendar,
DCH,2026-11-06,,nasdaq_calendar,
DCO,2026-11-05,,nasdaq_calendar,
DCOM,2026-10-22,,nasdaq_calendar,
DCOY,2026-11-13,,nasdaq_calendar,
DCTH,2026-11-03,,nasdaq_calendar,
DD,2026-11-03,BMO,nasdaq_calendar,
DDD,2026-11-03,,nasdaq_calendar,
DDI,2026-11-09,,nasdaq_calendar,
DDL,2026-11-11,,nasdaq_calendar,
DDOG,2026-11-05,,nasdaq_calendar,
DE,2026-11-25,BMO,nasdaq_calendar,
DEA,2026-10-26,BMO,nasdaq_calendar,
DEC,2026-11-04,,nasdaq_calendar,
DECK,2026-10-22,,nasdaq_calendar,
DEFT,2026-11-13,,nasdaq_calendar,
DEI,2026-11-03,AMC,nasdaq_calendar,
DELL,2026-11-24,,nasdaq_calendar,
DERM,2026-11-11,,nasdaq_calendar,
DETX,2026-11-13,,nasdaq_calendar,
DFDV,2026-11-17,,nasdaq_calendar,
DFH,2026-10-29,,nasdaq_calendar,
DFIN,2026-11-04,,nasdaq_calendar,
DFLI,2026-11-13,,nasdaq_calendar,
DFTX,2026-11-05,,nasdaq_calendar,
DGICA,2026-10-29,BMO,nasdaq_calendar,
DGICB,2026-10-29,BMO,nasdaq_calendar,
DGII,2026-11-11,,nasdaq_calendar,
DGX,2026-10-22,BMO,nasdaq_calendar,
DGXX,2026-11-12,,nasdaq_calendar,
DH,2026-11-05,,nasdaq_calendar,
DHC,2026-11-02,AMC,nasdaq_calendar,
DHI,2026-10-29,BMO,nasdaq_calendar,
DHR,2026-10-21,BMO,nasdaq_calendar,
DHT,2026-11-04,,nasdaq_calendar,
DHX,2026-11-09,,nasdaq_calendar,
DIBS,2026-11-06,,nasdaq_calendar,
DIN,2026-11-04,,nasdaq_calendar,
DINO,2026-10-28,BMO,nasdaq_calendar,
DIOD,2026-11-05,,nasdaq_calendar,
DIS,2026-11-12,,nasdaq_calendar,
DIT,2026-11-06,,nasdaq_calendar,
DK,2026-11-06,,nasdaq_calendar,
DKL,2026-11-06,,nasdaq_calendar,
DKNG,2026-11-05,,nasdaq_calendar,
DKS,2026-11-24,,nasdaq_calendar,
DLB,2026-11-17,,nasdaq_calendar,
DLNG,2026-11-19,,nasdaq_calendar,
DLO,2026-11-11,,nasdaq_calendar,
DLPN,2026-11-11,,nasdaq_calendar,
DLR,2026-10-29,AMC,nasdaq_calendar,
DLX,2026-11-04,,nasdaq_calendar,
DMAC,2026-11-11,,nasdaq_calendar,
DMC,2026-11-04,,nasdaq_calendar,
DMLP,2026-11-05,,nasdaq_calendar,
DMRA,2026-11-05,,nasdaq_calendar,
DMRC,2026-10-29,,nasdaq_calendar,
DNA,2026-11-05,,nasdaq_calendar,
DNLI,2026-11-05,,nasdaq_calendar,
DNMX,2026-11-12,,nasdaq_calendar,
DNN,2026-11-05,,nasdaq_calendar,
DNOW,2026-11-04,,nasdaq_calendar,
DNTH,2026-11-04,,nasdaq_calendar,
DNUT,2026-11-05,BMO,nasdaq_calendar,
DOC,2026-11-02,AMC,nasdaq_calendar,
DOCN,2026-11-04,,nasdaq_calendar,
DOCS,2026-11-05,,nasdaq_calendar,
DOLE,2026-11-09,,nasdaq_calendar,
DOMH,2026-11-09,,nasdaq_calendar,
DORM,2026-10-26,AMC,nasdaq_calendar,
DOUG,2026-11-03,,nasdaq_calendar,
DOV,2026-10-22,BMO,nasdaq_calendar,
DOW,2026-10-22,BMO,nasdaq_calendar,
DOX,2026-11-10,,nasdaq_calendar,
DOYU,2026-11-19,,nasdaq_calendar,
DPC,2026-11-10,,nasdaq_calendar,
DPRO,2026-11-11,,nasdaq_calendar,
DPZ,2026-10-13,BMO,nasdaq_calendar,
DQ,2026-10-26,,nasdaq_calendar,
DRH,2026-11-03,AMC,nasdaq_calendar,
DRIO,2026-11-12,,nasdaq_calendar,
DRK,2026-11-03,,nasdaq_calendar,
DRMA,2026-11-13,,nasdaq_calendar,
DRS,2026-10-29,BMO,nasdaq_calendar,
DRTS,2026-11-19,,nasdaq_calendar,
DRVN,2026-11-03,,nasdaq_calendar,
DSC,2026-11-25,,nasdaq_calendar,
DSGN,2026-11-04,,nasdaq_calendar,
DSGR,2026-10-29,,nasdaq_calendar,
DSP,2026-11-09,,nasdaq_calendar,
DSS,2026-11-13,,nasdaq_calendar,
DSX,2026-11-19,,nasdaq_calendar,
DT,2026-11-04,,nasdaq_calendar,
DTCX,2026-11-13,,nasdaq_calendar,
DTE,2026-10-29,,nasdaq_calendar,
DTI,2026-11-05,,nasdaq_calendar,
DTIL,2026-11-02,,nasdaq_calendar,
DTM,2026-10-29,,nasdaq_calendar,
DTSS,2026-11-12,,nasdaq_calendar,
DTST,2026-11-18,,nasdaq_calendar,
DUK,2026-11-05,BMO,nasdaq_calendar,
DUKR,2026-11-13,,nasdaq_calendar,
DUOL,2026-11-03,AMC,nasdaq_calendar,
DUOT,2026-11-11,,nasdaq_calendar,
DV,2026-11-06,,nasdaq_calendar,
DVA,2026-11-04,,nasdaq_calendar,
DVLT,2026-11-13,,nasdaq_calendar,
DVN,2026-11-05,AMC,nasdaq_calendar,
DWSN,2026-11-11,,nasdaq_calendar,
DWTX,2026-11-05,,nasdaq_calendar,
DX,2026-10-19,BMO,nasdaq_calendar,
DXC,2026-10-29,,nasdaq_calendar,
DXCM,2026-10-29,AMC,nasdaq_calendar,
DXPE,2026-11-05,,nasdaq_calendar,
DY,2026-11-18,,nasdaq_calendar,
DYAI,2026-11-11,,nasdaq_calendar,
DYN,2026-11-04,,nasdaq_calendar,
E,2026-10-23,,nasdaq_calendar,
EAF,2026-10-23,BMO,nasdaq_calendar,
EARN,2026-11-18,,nasdaq_calendar,
EAT,2026-11-04,,nasdaq_calendar,
EBAY,2026-11-04,,nasdaq_calendar,
EBC,2026-10-22,AMC,nasdaq_calendar,
EBMT,2026-10-27,,nasdaq_calendar,
EBS,2026-11-04,,nasdaq_calendar,
EC,2026-11-10,,nasdaq_calendar,
ECBK,2026-10-28,,nasdaq_calendar,
ECG,2026-11-03,,nasdaq_calendar,
ECHO,2026-11-05,,nasdaq_calendar,
ECL,2026-10-27,BMO,nasdaq_calendar,
ECO,2026-11-11,AMC,nasdaq_calendar,
ECOR,2026-11-04,,nasdaq_calendar,
ECPG,2026-11-04,AMC,nasdaq_calendar,
ECVT,2026-11-03,,nasdaq_calendar,
ECX,2026-11-02,,nasdaq_calendar,
ED,2026-11-05,,nasdaq_calendar,
EDBL,2026-11-13,,nasdaq_calendar,
EDIT,2026-11-09,,nasdaq_calendar,
EDN,2026-11-05,,nasdaq_calendar,
EDRY,2026-11-12,,nasdaq_calendar,
EDU,2026-10-28,BMO,nasdaq_calendar,
EDUC,2026-10-14,AMC,nasdaq_calendar,
EDVA,2026-11-18,,nasdaq_calendar,
EE,2026-11-04,AMC,nasdaq_calendar,
EEFT,2026-10-28,,nasdaq_calendar,
EFC,2026-11-04,,nasdaq_calendar,
EFOI,2026-11-11,,nasdaq_calendar,
EFOR,2026-10-28,,nasdaq_calendar,
EFSC,2026-10-26,,nasdaq_calendar,
EFSI,2026-10-22,,nasdaq_calendar,
EFX,2026-10-20,BMO,nasdaq_calendar,
EFXT,2026-10-29,BMO,nasdaq_calendar,
EG,2026-10-28,AMC,nasdaq_calendar,
EGAN,2026-11-11,,nasdaq_calendar,
EGBN,2026-10-21,AMC,nasdaq_calendar,
EGHT,2026-11-03,,nasdaq_calendar,
EGO,2026-10-28,AMC,nasdaq_calendar,
EGP,2026-10-21,AMC,nasdaq_calendar,
EGY,2026-11-09,,nasdaq_calendar,
EH,2026-11-25,,nasdaq_calendar,
EHC,2026-10-28,AMC,nasdaq_calendar,
EHLD,2026-11-16,,nasdaq_calendar,
EHTH,2026-11-04,,nasdaq_calendar,
EIG,2026-10-28,AMC,nasdaq_calendar,
EIKN,2026-11-12,,nasdaq_calendar,
EIX,2026-10-29,AMC,nasdaq_calendar,
EL,2026-11-02,BMO,nasdaq_calendar,
ELA,2026-11-04,,nasdaq_calendar,
ELAB,2026-11-13,,nasdaq_calendar,
ELAN,2026-11-06,BMO,nasdaq_calendar,
ELBM,2026-11-12,,nasdaq_calendar,
ELDN,2026-11-13,,nasdaq_calendar,
ELE,2026-11-10,,nasdaq_calendar,
ELF,2026-11-04,,nasdaq_calendar,
ELMD,2026-11-11,,nasdaq_calendar,
ELME,2026-10-22,,nasdaq_calendar,
ELMT,2026-11-12,,nasdaq_calendar,
ELOX,2026-11-10,,nasdaq_calendar,
ELPC,2026-11-12,AMC,nasdaq_calendar,
ELS,2026-10-28,,nasdaq_calendar,
ELTK,2026-11-17,,nasdaq_calendar,
ELTX,2026-11-12,,nasdaq_calendar,
ELUT,2026-11-05,,nasdaq_calendar,
ELV,2026-10-21,BMO,nasdaq_calendar,
ELVN,2026-11-11,,nasdaq_calendar,
EMA,2026-11-06,,nasdaq_calendar,
EMAT,2026-11-16,,nasdaq_calendar,
EMBC,2026-11-24,,nasdaq_calendar,
EMBJ,2026-11-03,,nasdaq_calendar,
EME,2026-10-29,,nasdaq_calendar,
EML,2026-11-03,,nasdaq_calendar,
EMN,2026-10-29,AMC,nasdaq_calendar,
EMPD,2026-11-10,,nasdaq_calendar,
EMR,2026-11-04,,nasdaq_calendar,
ENB,2026-11-06,BMO,nasdaq_calendar,
ENHA,2026-11-12,,nasdaq_calendar,
ENIC,2026-11-04,,nasdaq_calendar,
ENLT,2026-11-11,,nasdaq_calendar,
ENLV,2026-11-13,,nasdaq_calendar,
ENOV,2026-11-05,BMO,nasdaq_calendar,
ENPH,2026-10-27,AMC,nasdaq_calendar,
ENR,2026-11-17,,nasdaq_calendar,
ENS,2026-11-04,,nasdaq_calendar,
ENSC,2026-11-13,,nasdaq_calendar,
ENSG,2026-11-02,,nasdaq_calendar,
ENTA,2026-11-16,,nasdaq_calendar,
ENTG,2026-10-29,BMO,nasdaq_calendar,
ENTX,2026-11-13,,nasdaq_calendar,
ENVA,2026-10-22,,nasdaq_calendar,
ENVB,2026-11-13,,nasdaq_calendar,
ENVX,2026-11-04,,nasdaq_calendar,
EOCN,2026-11-25,,nasdaq_calendar,
EOG,2026-11-05,AMC,nasdaq_calendar,
EOLS,2026-11-04,,nasdaq_calendar,
EONR,2026-11-16,,nasdaq_calendar,
EOSE,2026-11-04,,nasdaq_calendar,
EP,2026-11-16,,nasdaq_calendar,
EPAC,2026-10-21,,nasdaq_calendar,
EPAM,2026-11-05,BMO,nasdaq_calendar,
EPC,2026-11-12,,nasdaq_calendar,
EPD,2026-10-29,,nasdaq_calendar,
EPM,2026-11-10,,nasdaq_calendar,
EPR,2026-10-28,AMC,nasdaq_calendar,
EPRT,2026-10-21,AMC,nasdaq_calendar,
EPRX,2026-11-03,,nasdaq_calendar,
EPSN,2026-11-04,,nasdaq_calendar,
EQ,2026-11-12,,nasdaq_calendar,
EQBK,2026-10-14,AMC,nasdaq_calendar,
EQH,2026-11-02,AMC,nasdaq_calendar,
EQIX,2026-10-28,AMC,nasdaq_calendar,
EQNR,2026-11-04,,nasdaq_calendar,
EQPT,2026-11-11,,nasdaq_calendar,
EQT,2026-10-27,AMC,nasdaq_calendar,
EQX,2026-11-04,,nasdaq_calendar,
ERAS,2026-11-11,,nasdaq_calendar,
ERIC,2026-10-15,BMO,nasdaq_calendar,
ERIE,2026-10-29,,nasdaq_calendar,
ERII,2026-11-04,AMC,nasdaq_calendar,
ERNA,2026-11-06,,nasdaq_calendar,
ERO,2026-11-02,AMC,nasdaq_calendar,
EROC,2026-11-10,,nasdaq_calendar,
EROK,2026-11-09,,nasdaq_calendar,
ES,2026-11-03,,nasdaq_calendar,
ESAB,2026-11-04,BMO,nasdaq_calendar,
ESCA,2026-10-29,,nasdaq_calendar,
ESE,2026-11-19,,nasdaq_calendar,
ESEA,2026-11-17,,nasdaq_calendar,
ESI,2026-10-21,AMC,nasdaq_calendar,
ESLT,2026-11-17,,nasdaq_calendar,
ESNT,2026-11-06,,nasdaq_calendar,
ESP,2026-11-11,,nasdaq_calendar,
ESQ,2026-10-27,BMO,nasdaq_calendar,
ESRT,2026-11-02,AMC,nasdaq_calendar,
ESS,2026-10-27,AMC,nasdaq_calendar,
ESTA,2026-11-04,,nasdaq_calendar,
ESTC,2026-11-19,,nasdaq_calendar,
ESYN,2026-10-20,,nasdaq_calendar,
ETD,2026-11-04,,nasdaq_calendar,
ETN,2026-11-03,,nasdaq_calendar,
ETON,2026-11-05,,nasdaq_calendar,
ETOR,2026-11-09,,nasdaq_calendar,
ETR,2026-11-04,,nasdaq_calendar,
ETSY,2026-11-04,,nasdaq_calendar,
EU,2026-11-09,,nasdaq_calendar,
EVAC,2026-11-13,,nasdaq_calendar,
EVAX,2026-11-19,BMO,nasdaq_calendar,
EVC,2026-11-03,,nasdaq_calendar,
EVCM,2026-11-05,,nasdaq_calendar,
EVER,2026-11-02,,nasdaq_calendar,
EVEX,2026-11-03,,nasdaq_calendar,
EVGN,2026-11-19,,nasdaq_calendar,
EVGO,2026-11-09,,nasdaq_calendar,
EVH,2026-11-05,,nasdaq_calendar,
EVI,2026-11-09,,nasdaq_calendar,
EVLV,2026-11-10,AMC,nasdaq_calendar,
EVR,2026-11-04,,nasdaq_calendar,
EVRG,2026-11-05,,nasdaq_calendar,
EVTC,2026-11-05,,nasdaq_calendar,
EVTL,2026-11-03,,nasdaq_calendar,
EW,2026-11-04,AMC,nasdaq_calendar,
EWBC,2026-10-20,AMC,nasdaq_calendar,
EWTX,2026-11-05,,nasdaq_calendar,
EXC,2026-10-30,BMO,nasdaq_calendar,
EXE,2026-10-27,,nasdaq_calendar,
EXEL,2026-11-03,,nasdaq_calendar,
EXFY,2026-11-05,,nasdaq_calendar,
EXK,2026-11-06,,nasdaq_calendar,
EXLS,2026-10-27,AMC,nasdaq_calendar,
EXOD,2026-11-09,,nasdaq_calendar,
EXOZ,2026-11-12,,nasdaq_calendar,
EXP,2026-10-29,,nasdaq_calendar,
EXPD,2026-11-03,BMO,nasdaq_calendar,
EXPE,2026-11-04,AMC,nasdaq_calendar,
EXPO,2026-10-29,,nasdaq_calendar,
EXR,2026-10-27,AMC,nasdaq_calendar,
EXTR,2026-10-28,BMO,nasdaq_calendar,
EYE,2026-11-04,,nasdaq_calendar,
EYPT,2026-11-04,,nasdaq_calendar,
EZPW,2026-11-12,,nasdaq_calendar,
F,2026-10-28,AMC,nasdaq_calendar,
FA,2026-11-05,,nasdaq_calendar,
FABC,2026-11-13,,nasdaq_calendar,
FAC,2026-11-13,,nasdaq_calendar,
FAF,2026-10-21,AMC,nasdaq_calendar,
FANG,2026-11-02,AMC,nasdaq_calendar,
FAST,2026-10-14,BMO,nasdaq_calendar,
FATE,2026-11-12,,nasdaq_calendar,
FATN,2026-11-02,,nasdaq_calendar,
FBDT,2026-11-27,,nasdaq_calendar,
FBIN,2026-10-29,,nasdaq_calendar,
FBIO,2026-11-13,,nasdaq_calendar,
FBIZ,2026-10-29,AMC,nasdaq_calendar,
FBK,2026-10-13,BMO,nasdaq_calendar,
FBLA,2026-11-11,,nasdaq_calendar,
FBLG,2026-10-30,,nasdaq_calendar,
FBNC,2026-10-28,,nasdaq_calendar,
FBP,2026-10-22,BMO,nasdaq_calendar,
FBRT,2026-10-28,AMC,nasdaq_calendar,
FBYD,2026-11-13,,nasdaq_calendar,
FC,2026-11-04,,nasdaq_calendar,
FCAP,2026-10-23,,nasdaq_calendar,
FCBC,2026-10-27,,nasdaq_calendar,
FCBM,2026-10-29,,nasdaq_calendar,
FCCO,2026-10-21,BMO,nasdaq_calendar,
FCF,2026-10-27,,nasdaq_calendar,
FCFS,2026-10-29,,nasdaq_calendar,
FCN,2026-10-29,BMO,nasdaq_calendar,
FCNCA,2026-10-23,BMO,nasdaq_calendar,
FCPT,2026-10-28,AMC,nasdaq_calendar,
FCUV,2026-11-09,,nasdaq_calendar,
FCX,2026-10-27,BMO,nasdaq_calendar,
FDBC,2026-10-28,,nasdaq_calendar,
FDMT,2026-11-09,,nasdaq_calendar,
FDSB,2026-11-09,,nasdaq_calendar,
FDUS,2026-11-05,,nasdaq_calendar,
FDX,2026-10-28,AMC,nasdaq_calendar,
FDXF,2026-10-29,AMC,nasdaq_calendar,
FE,2026-10-27,AMC,nasdaq_calendar,
FEAM,2026-11-12,,nasdaq_calendar,
FELE,2026-10-27,,nasdaq_calendar,
FEMY,2026-11-13,,nasdaq_calendar,
FENC,2026-11-12,,nasdaq_calendar,
FENG,2026-11-12,,nasdaq_calendar,
FET,2026-10-29,,nasdaq_calendar,
FF,2026-11-09,,nasdaq_calendar,
FFAI,2026-11-20,,nasdaq_calendar,
FFBC,2026-10-27,AMC,nasdaq_calendar,
FFIN,2026-10-22,,nasdaq_calendar,
FFIV,2026-10-26,,nasdaq_calendar,
FFR,2026-11-13,,nasdaq_calendar,
FG,2026-11-05,AMC,nasdaq_calendar,
FGBI,2026-11-16,,nasdaq_calendar,
FGC,2026-11-13,,nasdaq_calendar,
FGI,2026-11-13,,nasdaq_calendar,
FHB,2026-10-23,BMO,nasdaq_calendar,
FHI,2026-10-29,,nasdaq_calendar,
FHN,2026-10-15,BMO,nasdaq_calendar,
FHTX,2026-11-04,,nasdaq_calendar,
FIBK,2026-10-22,AMC,nasdaq_calendar,
FICO,2026-11-04,,nasdaq_calendar,
FIG,2026-11-04,,nasdaq_calendar,
FIGR,2026-11-12,,nasdaq_calendar,
FIGS,2026-11-05,,nasdaq_calendar,
FINV,2026-11-18,,nasdaq_calendar,
FINW,2026-11-04,,nasdaq_calendar,
FIP,2026-10-29,,nasdaq_calendar,
FIRY,2026-11-05,,nasdaq_calendar,
FIS,2026-11-04,,nasdaq_calendar,
FISI,2026-10-29,AMC,nasdaq_calendar,
FISN,2026-11-02,,nasdaq_calendar,
FISV,2026-11-03,BMO,nasdaq_calendar,
FITB,2026-10-19,BMO,nasdaq_calendar,
FIVN,2026-11-05,,nasdaq_calendar,
FIX,2026-10-22,,nasdaq_calendar,
FKWL,2026-11-13,,nasdaq_calendar,
FLD,2026-11-09,,nasdaq_calendar,
FLEX,2026-10-28,BMO,nasdaq_calendar,
FLG,2026-10-23,,nasdaq_calendar,
FLGT,2026-11-06,,nasdaq_calendar,
FLL,2026-11-05,,nasdaq_calendar,
FLNA,2026-11-11,,nasdaq_calendar,
FLNC,2026-11-23,,nasdaq_calendar,
FLNG,2026-11-11,,nasdaq_calendar,
FLNT,2026-11-12,,nasdaq_calendar,
FLO,2026-11-05,,nasdaq_calendar,
FLOC,2026-11-04,,nasdaq_calendar,
FLR,2026-11-06,BMO,nasdaq_calendar,
FLS,2026-10-27,,nasdaq_calendar,
FLUT,2026-11-11,,nasdaq_calendar,
FLUX,2026-11-12,,nasdaq_calendar,
FLWS,2026-10-29,,nasdaq_calendar,
FLX,2026-11-18,,nasdaq_calendar,
FLXS,2026-10-19,,nasdaq_calendar,
FLY,2026-11-11,,nasdaq_calendar,
FLYW,2026-11-03,,nasdaq_calendar,
FLYX,2026-11-11,,nasdaq_calendar,
FMAO,2026-10-26,,nasdaq_calendar,
FMBH,2026-10-29,,nasdaq_calendar,
FMC,2026-10-29,AMC,nasdaq_calendar,
FMNB,2026-10-28,,nasdaq_calendar,
FMS,2026-11-03,,nasdaq_calendar,
FMST,2026-11-12,,nasdaq_calendar,
FMX,2026-10-28,BMO,nasdaq_calendar,
FN,2026-11-02,,nasdaq_calendar,
FNB,2026-10-19,AMC,nasdaq_calendar,
FND,2026-10-29,,nasdaq_calendar,
FNF,2026-11-05,AMC,nasdaq_calendar,
FNGR,2026-10-13,,nasdaq_calendar,
FNKO,2026-11-05,,nasdaq_calendar,
FNLC,2026-10-28,,nasdaq_calendar,
FNRN,2026-11-04,,nasdaq_calendar,
FNV,2026-11-02,,nasdaq_calendar,
FNWB,2026-10-26,,nasdaq_calendar,
FNWD,2026-10-27,,nasdaq_calendar,
FOA,2026-11-03,,nasdaq_calendar,
FOCL,2026-11-05,,nasdaq_calendar,
FOR,2026-10-29,BMO,nasdaq_calendar,
FORM,2026-10-28,AMC,nasdaq_calendar,
FORR,2026-10-29,,nasdaq_calendar,
FORTY,2026-11-19,,nasdaq_calendar,
FOSL,2026-11-12,,nasdaq_calendar,
FOUR,2026-11-05,,nasdaq_calendar,
FOX,2026-10-29,,nasdaq_calendar,
FOXA,2026-10-29,,nasdaq_calendar,
FOXF,2026-11-05,,nasdaq_calendar,
FOXX,2026-11-17,,nasdaq_calendar,
FPH,2026-11-04,,nasdaq_calendar,
FPI,2026-11-04,,nasdaq_calendar,
FR,2026-10-21,AMC,nasdaq_calendar,
FRAF,2026-10-27,,nasdaq_calendar,
FRBA,2026-10-22,AMC,nasdaq_calendar,
FRBT,2026-10-29,BMO,nasdaq_calendar,
FRD,2026-11-09,,nasdaq_calendar,
FRHC,2026-11-06,,nasdaq_calendar,
FRME,2026-10-21,AMC,nasdaq_calendar,
FRMI,2026-11-09,,nasdaq_calendar,
FRMM,2026-11-13,,nasdaq_calendar,
FRNM,2026-11-11,,nasdaq_calendar,
FRO,2026-11-20,,nasdaq_calendar,
FROG,2026-11-05,,nasdaq_calendar,
FRPH,2026-11-04,,nasdaq_calendar,
FRPT,2026-11-02,,nasdaq_calendar,
FRSH,2026-11-03,AMC,nasdaq_calendar,
FRST,2026-10-22,,nasdaq_calendar,
FRT,2026-10-30,BMO,nasdaq_calendar,
FRTT,2026-11-12,,nasdaq_calendar,
FRVO,2026-11-11,,nasdaq_calendar,
FSBC,2026-10-26,,nasdaq_calendar,
FSBW,2026-10-20,,nasdaq_calendar,
FSI,2026-11-13,,nasdaq_calendar,
FSK,2026-11-04,,nasdaq_calendar,
FSLR,2026-10-29,,nasdaq_calendar,
FSLY,2026-11-04,,nasdaq_calendar,
FSM,2026-11-04,,nasdaq_calendar,
FSP,2026-10-27,,nasdaq_calendar,
FSS,2026-10-29,,nasdaq_calendar,
FSTR,2026-11-02,,nasdaq_calendar,
FSUN,2026-10-26,,nasdaq_calendar,
FSV,2026-10-22,BMO,nasdaq_calendar,
FTAI,2026-10-29,BMO,nasdaq_calendar,
FTCI,2026-11-11,,nasdaq_calendar,
FTDR,2026-11-05,BMO,nasdaq_calendar,
FTEK,2026-11-03,,nasdaq_calendar,
FTFT,2026-11-13,,nasdaq_calendar,
FTH,2026-11-13,,nasdaq_calendar,
FTHM,2026-11-10,,nasdaq_calendar,
FTI,2026-10-29,BMO,nasdaq_calendar,
FTK,2026-11-03,,nasdaq_calendar,
FTLF,2026-11-12,,nasdaq_calendar,
FTNT,2026-10-28,AMC,nasdaq_calendar,
FTRE,2026-10-29,BMO,nasdaq_calendar,
FTS,2026-11-03,BMO,nasdaq_calendar,
FTV,2026-10-28,BMO,nasdaq_calendar,
FTW,2026-11-10,,nasdaq_calendar,
FUBO,2026-11-02,,nasdaq_calendar,
FUFU,2026-11-11,,nasdaq_calendar,
FULC,2026-11-04,,nasdaq_calendar,
FULT,2026-10-21,AMC,nasdaq_calendar,
FUN,2026-11-05,BMO,nasdaq_calendar,
FUNC,2026-10-19,,nasdaq_calendar,
FURY,2026-11-12,,nasdaq_calendar,
FUSB,2026-11-04,,nasdaq_calendar,
FUSE,2026-11-06,,nasdaq_calendar,
FUTU,2026-11-17,,nasdaq_calendar,
FVCB,2026-10-20,,nasdaq_calendar,
FVR,2026-11-11,,nasdaq_calendar,
FVRR,2026-11-04,,nasdaq_calendar,
FWONA,2026-11-04,,nasdaq_calendar,
FWONK,2026-11-04,,nasdaq_calendar,
FWRD,2026-11-04,,nasdaq_calendar,
FWRG,2026-11-03,,nasdaq_calendar,
FXNC,2026-10-29,,nasdaq_calendar,
G,2026-11-05,,nasdaq_calendar,
GABC,2026-10-26,,nasdaq_calendar,
GAIA,2026-11-02,,nasdaq_calendar,
GAIN,2026-11-03,,nasdaq_calendar,
GALT,2026-11-13,,nasdaq_calendar,
GAME,2026-11-12,,nasdaq_calendar,
GANX,2026-11-11,,nasdaq_calendar,
GAP,2026-11-19,,nasdaq_calendar,
GASS,2026-11-24,,nasdaq_calendar,
GATX,2026-10-29,BMO,nasdaq_calendar,
GAU,2026-11-05,,nasdaq_calendar,
GBCI,2026-10-22,AMC,nasdaq_calendar,
GBDC,2026-11-17,AMC,nasdaq_calendar,
GBFH,2026-10-27,,nasdaq_calendar,
GBLI,2026-10-29,,nasdaq_calendar,
GBR,2026-11-11,,nasdaq_calendar,
GBX,2026-10-27,,nasdaq_calendar,
GCBC,2026-10-20,,nasdaq_calendar,
GCMG,2026-11-04,,nasdaq_calendar,
GCT,2026-11-05,,nasdaq_calendar,
GCTK,2026-11-12,,nasdaq_calendar,
GCTS,2026-11-11,,nasdaq_calendar,
GD,2026-10-23,,nasdaq_calendar,
GDC,2026-11-02,,nasdaq_calendar,
GDDY,2026-10-29,,nasdaq_calendar,
GDEV,2026-11-23,,nasdaq_calendar,
GDOT,2026-11-09,,nasdaq_calendar,
GDRX,2026-11-03,,nasdaq_calendar,
GDS,2026-11-18,,nasdaq_calendar,
GDYN,2026-10-29,AMC,nasdaq_calendar,
GE,2026-10-20,BMO,nasdaq_calendar,
GECC,2026-11-03,,nasdaq_calendar,
GEF,2026-11-03,AMC,nasdaq_calendar,
GEG,2026-11-11,,nasdaq_calendar,
GEHC,2026-10-28,BMO,nasdaq_calendar,
GEL,2026-10-29,,nasdaq_calendar,
GEMI,2026-11-09,,nasdaq_calendar,
GEN,2026-11-05,,nasdaq_calendar,
GENB,2026-11-05,,nasdaq_calendar,
GENI,2026-11-03,,nasdaq_calendar,
GENK,2026-11-06,,nasdaq_calendar,
GEO,2026-11-05,,nasdaq_calendar,
GEOS,2026-11-19,,nasdaq_calendar,
GERN,2026-11-04,,nasdaq_calendar,
GEV,2026-10-28,BMO,nasdaq_calendar,
GEVO,2026-11-09,,nasdaq_calendar,
GFF,2026-11-18,,nasdaq_calendar,
GFL,2026-10-28,AMC,nasdaq_calendar,
GFR,2026-11-09,AMC,nasdaq_calendar,
GFS,2026-11-04,BMO,nasdaq_calendar,
GGAL,2026-11-24,,nasdaq_calendar,
GGB,2026-10-26,AMC,nasdaq_calendar,
GGG,2026-10-21,AMC,nasdaq_calendar,
GGR,2026-11-10,,nasdaq_calendar,
GH,2026-11-04,,nasdaq_calendar,
GHC,2026-11-04,,nasdaq_calendar,
GHI,2026-11-05,,nasdaq_calendar,
GHM,2026-11-06,,nasdaq_calendar,
GHRS,2026-11-05,,nasdaq_calendar,
GIB,2026-11-11,BMO,nasdaq_calendar,
GIC,2026-10-27,,nasdaq_calendar,
GIFT,2026-11-09,,nasdaq_calendar,
GIGM,2026-10-29,,nasdaq_calendar,
GIL,2026-11-04,,nasdaq_calendar,
GILD,2026-10-29,,nasdaq_calendar,
GILT,2026-11-11,,nasdaq_calendar,
GIPR,2026-11-13,,nasdaq_calendar,
GITS,2026-11-11,,nasdaq_calendar,
GKOS,2026-10-28,AMC,nasdaq_calendar,
GL,2026-10-21,AMC,nasdaq_calendar,
GLAD,2026-11-16,,nasdaq_calendar,
GLAS,2026-11-11,,nasdaq_calendar,
GLBE,2026-11-18,,nasdaq_calendar,
GLBS,2026-11-27,,nasdaq_calendar,
GLDG,2026-10-09,,nasdaq_calendar,
GLIBA,2026-11-04,,nasdaq_calendar,
GLIBK,2026-11-04,,nasdaq_calendar,
GLND,2026-11-12,,nasdaq_calendar,
GLNG,2026-11-04,,nasdaq_calendar,
GLOB,2026-11-12,,nasdaq_calendar,
GLP,2026-11-06,,nasdaq_calendar,
GLPI,2026-10-29,AMC,nasdaq_calendar,
GLRE,2026-11-02,,nasdaq_calendar,
GLSI,2026-11-13,,nasdaq_calendar,
GLUE,2026-11-05,,nasdaq_calendar,
GLW,2026-10-27,BMO,nasdaq_calendar,
GLXY,2026-10-20,,nasdaq_calendar,
GM,2026-10-20,BMO,nasdaq_calendar,
GMAB,2026-11-05,BMO,nasdaq_calendar,
GMED,2026-11-05,,nasdaq_calendar,
GMRS,2026-11-11,,nasdaq_calendar,
GNE,2026-11-02,,nasdaq_calendar,
GNK,2026-11-04,,nasdaq_calendar,
GNL,2026-11-04,,nasdaq_calendar,
GNLN,2026-11-13,,nasdaq_calendar,
GNLX,2026-11-04,,nasdaq_calendar,
GNPX,2026-11-13,,nasdaq_calendar,
GNRC,2026-11-04,,nasdaq_calendar,
GNTX,2026-10-23,BMO,nasdaq_calendar,
GNW,2026-11-04,,nasdaq_calendar,
GO,2026-11-03,,nasdaq_calendar,
GOGO,2026-11-05,,nasdaq_calendar,
GOLD,2026-11-05,,nasdaq_calendar,
GOLF,2026-11-04,,nasdaq_calendar,
GOOD,2026-11-02,,nasdaq_calendar,
GOOG,2026-10-28,AMC,nasdaq_calendar,
GOOGL,2026-10-28,AMC,nasdaq_calendar,
GOOS,2026-11-05,,nasdaq_calendar,
GOSS,2026-11-04,,nasdaq_calendar,
GOTU,2026-11-25,,nasdaq_calendar,
GOVX,2026-11-12,,nasdaq_calendar,
GP,2026-11-10,,nasdaq_calendar,
GPC,2026-10-20,BMO,nasdaq_calendar,
GPCR,2026-11-05,,nasdaq_calendar,
GPGI,2026-11-02,,nasdaq_calendar,
GPI,2026-10-28,BMO,nasdaq_calendar,
GPK,2026-11-03,BMO,nasdaq_calendar,
GPMT,2026-11-04,,nasdaq_calendar,
GPN,2026-11-03,,nasdaq_calendar,
GPOR,2026-11-03,,nasdaq_calendar,
GPRE,2026-11-04,,nasdaq_calendar,
GPRK,2026-11-04,,nasdaq_calendar,
GPRO,2026-11-05,,nasdaq_calendar,
GPUS,2026-11-16,,nasdaq_calendar,
GRAB,2026-11-03,,nasdaq_calendar,
GRAL,2026-11-11,,nasdaq_calendar,
GRBK,2026-10-28,AMC,nasdaq_calendar,
GRC,2026-10-23,BMO,nasdaq_calendar,
GRCE,2026-11-12,,nasdaq_calendar,
GRDN,2026-11-09,,nasdaq_calendar,
GRDX,2026-11-18,,nasdaq_calendar,
GRI,2026-11-13,,nasdaq_calendar,
GRML,2026-11-12,,nasdaq_calendar,
GRMN,2026-10-28,BMO,nasdaq_calendar,
GRND,2026-11-05,,nasdaq_calendar,
GRNQ,2026-11-12,,nasdaq_calendar,
GRNT,2026-11-05,AMC,nasdaq_calendar,
GRO,2026-11-11,,nasdaq_calendar,
GROV,2026-11-12,,nasdaq_calendar,
GROW,2026-11-11,,nasdaq_calendar,
GROY,2026-11-04,,nasdaq_calendar,
GRPN,2026-11-05,,nasdaq_calendar,
GRRR,2026-11-16,,nasdaq_calendar,
GRSD,2026-11-12,,nasdaq_calendar,
GRVY,2026-11-06,,nasdaq_calendar,
GRWG,2026-11-05,,nasdaq_calendar,
GS,2026-10-13,BMO,nasdaq_calendar,
GSAT,2026-11-05,,nasdaq_calendar,
GSBC,2026-10-21,AMC,nasdaq_calendar,
GSBD,2026-11-05,AMC,nasdaq_calendar,
GSHD,2026-10-28,,nasdaq_calendar,
GSIT,2026-10-29,,nasdaq_calendar,
GSK,2026-10-28,BMO,nasdaq_calendar,
GSL,2026-11-09,,nasdaq_calendar,
GSM,2026-11-04,,nasdaq_calendar,
GT,2026-11-02,,nasdaq_calendar,
GTBP,2026-11-13,,nasdaq_calendar,
GTE,2026-10-29,,nasdaq_calendar,
GTEC,2026-11-06,,nasdaq_calendar,
GTES,2026-10-30,BMO,nasdaq_calendar,
GTM,2026-11-02,,nasdaq_calendar,
GTN,2026-11-06,BMO,nasdaq_calendar,
GTX,2026-10-22,,nasdaq_calendar,
GTY,2026-10-21,AMC,nasdaq_calendar,
GURE,2026-11-18,,nasdaq_calendar,
GUTS,2026-11-11,,nasdaq_calendar,
GVA,2026-11-05,,nasdaq_calendar,
GWRS,2026-11-11,,nasdaq_calendar,
GWW,2026-11-04,BMO,nasdaq_calendar,
GXAI,2026-11-12,,nasdaq_calendar,
GXO,2026-11-03,AMC,nasdaq_calendar,
GYGY,2026-11-20,,nasdaq_calendar,
GYRE,2026-11-06,,nasdaq_calendar,
H,2026-10-29,BMO,nasdaq_calendar,
HAE,2026-11-05,BMO,nasdaq_calendar,
HAFC,2026-10-20,,nasdaq_calendar,
HAIN,2026-11-06,,nasdaq_calendar,
HAL,2026-10-20,BMO,nasdaq_calendar,
HALO,2026-11-02,,nasdaq_calendar,
HAPN,2026-10-28,AMC,nasdaq_calendar,
HAS,2026-10-20,BMO,nasdaq_calendar,
HASI,2026-11-05,,nasdaq_calendar,
HAWK,2026-11-12,,nasdaq_calendar,
HAYW,2026-11-04,,nasdaq_calendar,
HBAN,2026-10-22,BMO,nasdaq_calendar,
HBB,2026-11-04,,nasdaq_calendar,
HBCP,2026-10-19,AMC,nasdaq_calendar,
HBIO,2026-11-05,,nasdaq_calendar,
HBM,2026-11-11,,nasdaq_calendar,
HBNC,2026-10-21,AMC,nasdaq_calendar,
HBT,2026-10-19,,nasdaq_calendar,
HCA,2026-10-27,BMO,nasdaq_calendar,
HCAT,2026-11-09,,nasdaq_calendar,
HCC,2026-11-04,,nasdaq_calendar,
HCI,2026-11-05,,nasdaq_calendar,
HCKT,2026-11-03,,nasdaq_calendar,
HCSG,2026-10-21,BMO,nasdaq_calendar,
HCTI,2026-11-12,,nasdaq_calendar,
HCWB,2026-11-13,,nasdaq_calendar,
HD,2026-11-17,BMO,nasdaq_calendar,
HDB,2026-10-16,,nasdaq_calendar,
HDL,2026-11-25,,nasdaq_calendar,
HDRN,2026-11-13,,nasdaq_calendar,
HDSN,2026-11-04,,nasdaq_calendar,
HE,2026-11-06,,nasdaq_calendar,
HELE,2026-10-08,,nasdaq_calendar,
HELP,2026-11-12,,nasdaq_calendar,
HEPS,2026-11-04,,nasdaq_calendar,
HESM,2026-11-02,,nasdaq_calendar,
HFBL,2026-10-22,,nasdaq_calendar,
HFFG,2026-11-09,,nasdaq_calendar,
HFWA,2026-10-22,BMO,nasdaq_calendar,
HG,2026-10-29,AMC,nasdaq_calendar,
HGBL,2026-11-05,AMC,nasdaq_calendar,
HGTY,2026-11-03,,nasdaq_calendar,
HGV,2026-10-29,,nasdaq_calendar,
HHH,2026-11-09,,nasdaq_calendar,
HHS,2026-11-09,,nasdaq_calendar,
HIFS,2026-10-09,,nasdaq_calendar,
HIG,2026-10-26,AMC,nasdaq_calendar,
HII,2026-10-29,BMO,nasdaq_calendar,
HIMS,2026-11-02,,nasdaq_calendar,
HIMX,2026-11-05,BMO,nasdaq_calendar,
HIND,2026-11-13,,nasdaq_calendar,
HIPO,2026-11-04,,nasdaq_calendar,
HIT,2026-11-09,,nasdaq_calendar,
HIVE,2026-11-13,,nasdaq_calendar,
HIW,2026-10-27,AMC,nasdaq_calendar,
HL,2026-11-04,,nasdaq_calendar,
HLF,2026-11-02,AMC,nasdaq_calendar,
HLI,2026-10-28,AMC,nasdaq_calendar,
HLIO,2026-11-02,,nasdaq_calendar,
HLIT,2026-11-02,,nasdaq_calendar,
HLLY,2026-11-06,,nasdaq_calendar,
HLMN,2026-11-02,AMC,nasdaq_calendar,
HLN,2026-10-29,BMO,nasdaq_calendar,
HLNE,2026-11-03,BMO,nasdaq_calendar,
HLSQ,2026-11-11,,nasdaq_calendar,
HLT,2026-10-27,BMO,nasdaq_calendar,
HMC,2026-11-06,,nasdaq_calendar,
HMH,2026-11-04,,nasdaq_calendar,
HMN,2026-11-03,,nasdaq_calendar,
HMR,2026-11-05,,nasdaq_calendar,
HNGE,2026-11-02,AMC,nasdaq_calendar,
HNI,2026-10-27,,nasdaq_calendar,
HNRG,2026-11-09,,nasdaq_calendar,
HNST,2026-11-04,,nasdaq_calendar,
HNVR,2026-10-29,,nasdaq_calendar,
HODO,2026-11-16,,nasdaq_calendar,
HOG,2026-11-03,,nasdaq_calendar,
HOMB,2026-10-14,AMC,nasdaq_calendar,
HON,2026-10-22,BMO,nasdaq_calendar,
HONA,2026-10-28,AMC,nasdaq_calendar,
HOOD,2026-10-27,AMC,nasdaq_calendar,
HOPE,2026-10-27,,nasdaq_calendar,
HOS,2026-10-28,,nasdaq_calendar,
HOST,2026-10-16,,nasdaq_calendar,
HOUR,2026-11-11,,nasdaq_calendar,
HOVR,2026-10-09,BMO,nasdaq_calendar,
HOWL,2026-11-03,,nasdaq_calendar,
HP,2026-11-16,,nasdaq_calendar,
HPK,2026-11-04,,nasdaq_calendar,
HPP,2026-11-05,BMO,nasdaq_calendar,
HPQ,2026-11-24,,nasdaq_calendar,
HQ,2026-11-13,,nasdaq_calendar,
HQI,2026-11-05,,nasdaq_calendar,
HR,2026-10-29,AMC,nasdaq_calendar,
HRB,2026-11-05,,nasdaq_calendar,
HRI,2026-10-27,,nasdaq_calendar,
HRMY,2026-11-03,,nasdaq_calendar,
HROW,2026-11-09,,nasdaq_calendar,
HRTG,2026-11-04,,nasdaq_calendar,
HRTX,2026-11-03,,nasdaq_calendar,
HRZN,2026-10-27,,nasdaq_calendar,
HSAI,2026-11-10,,nasdaq_calendar,
HSBC,2026-10-27,,nasdaq_calendar,
HSDT,2026-11-17,,nasdaq_calendar,
HSHP,2026-11-05,,nasdaq_calendar,
HSIC,2026-11-03,,nasdaq_calendar,
HSLV,2026-11-11,,nasdaq_calendar,
HST,2026-11-04,AMC,nasdaq_calendar,
HSTM,2026-11-02,,nasdaq_calendar,
HSY,2026-10-29,,nasdaq_calendar,
HTB,2026-10-28,,nasdaq_calendar,
HTCR,2026-11-17,,nasdaq_calendar,
HTFL,2026-11-11,,nasdaq_calendar,
HTGC,2026-10-29,,nasdaq_calendar,
HTH,2026-10-22,,nasdaq_calendar,
HTHT,2026-11-16,,nasdaq_calendar,
HTLD,2026-10-30,,nasdaq_calendar,
HTLM,2026-11-16,,nasdaq_calendar,
HTO,2026-10-26,,nasdaq_calendar,
HTT,2026-11-23,,nasdaq_calendar,
HTZ,2026-11-05,BMO,nasdaq_calendar,
HUBB,2026-10-27,,nasdaq_calendar,
HUBG,2026-10-29,,nasdaq_calendar,
HUBS,2026-11-04,,nasdaq_calendar,
HUM,2026-11-06,BMO,nasdaq_calendar,
HUMA,2026-11-11,,nasdaq_calendar,
HUN,2026-11-02,AMC,nasdaq_calendar,
HURA,2026-11-13,,nasdaq_calendar,
HURN,2026-10-27,,nasdaq_calendar,
HUT,2026-11-04,BMO,nasdaq_calendar,
HUYA,2026-11-11,,nasdaq_calendar,
HVT,2026-11-04,,nasdaq_calendar,
HWBK,2026-11-04,,nasdaq_calendar,
HWC,2026-10-20,AMC,nasdaq_calendar,
HWKN,2026-10-26,AMC,nasdaq_calendar,
HWM,2026-10-29,BMO,nasdaq_calendar,
HXL,2026-10-21,AMC,nasdaq_calendar,
HY,2026-11-03,,nasdaq_calendar,
HYFM,2026-11-11,,nasdaq_calendar,
HYLN,2026-11-10,,nasdaq_calendar,
HYMC,2026-10-27,,nasdaq_calendar,
HYNE,2026-11-10,,nasdaq_calendar,
HYPD,2026-11-12,,nasdaq_calendar,
HYPR,2026-11-09,AMC,nasdaq_calendar,
HZO,2026-11-12,,nasdaq_calendar,
IAG,2026-11-05,AMC,nasdaq_calendar,
IART,2026-10-21,BMO,nasdaq_calendar,
IAUX,2026-11-11,,nasdaq_calendar,
IBCP,2026-10-27,BMO,nasdaq_calendar,
IBEX,2026-11-05,,nasdaq_calendar,
IBIO,2026-11-11,,nasdaq_calendar,
IBKR,2026-10-15,AMC,nasdaq_calendar,
IBM,2026-10-21,AMC,nasdaq_calendar,
IBN,2026-10-16,,nasdaq_calendar,
IBO,2026-11-06,,nasdaq_calendar,
IBOC,2026-11-05,,nasdaq_calendar,
IBP,2026-11-04,,nasdaq_calendar,
IBRX,2026-11-03,,nasdaq_calendar,
IBTA,2026-11-02,AMC,nasdaq_calendar,
ICCC,2026-11-12,,nasdaq_calendar,
ICCM,2026-11-18,,nasdaq_calendar,
ICE,2026-10-29,BMO,nasdaq_calendar,
ICFI,2026-11-05,AMC,nasdaq_calendar,
ICG,2026-11-12,,nasdaq_calendar,
ICHR,2026-11-02,AMC,nasdaq_calendar,
ICL,2026-11-11,,nasdaq_calendar,
ICLR,2026-10-27,AMC,nasdaq_calendar,
ICON,2026-11-13,,nasdaq_calendar,
ICU,2026-11-12,,nasdaq_calendar,
ICUI,2026-11-05,,nasdaq_calendar,
IDA,2026-10-29,,nasdaq_calendar,
IDAI,2026-11-13,,nasdaq_calendar,
IDCC,2026-10-29,,nasdaq_calendar,
IDN,2026-11-11,,nasdaq_calendar,
IDR,2026-11-11,,nasdaq_calendar,
IDXX,2026-11-02,BMO,nasdaq_calendar,
IDYA,2026-11-03,,nasdaq_calendar,
IE,2026-11-04,,nasdaq_calendar,
IEP,2026-11-04,,nasdaq_calendar,
IESC,2026-11-20,,nasdaq_calendar,
IEX,2026-10-28,BMO,nasdaq_calendar,
IFF,2026-11-03,,nasdaq_calendar,
IFRX,2026-11-09,,nasdaq_calendar,
IFS,2026-11-09,AMC,nasdaq_calendar,
IGC,2026-11-13,,nasdaq_calendar,
IGIC,2026-11-03,AMC,nasdaq_calendar,
IHRT,2026-11-09,,nasdaq_calendar,
IHS,2026-11-11,,nasdaq_calendar,
III,2026-11-02,,nasdaq_calendar,
IIIN,2026-10-22,BMO,nasdaq_calendar,
IIIV,2026-11-16,,nasdaq_calendar,
IIPR,2026-11-02,,nasdaq_calendar,
IKT,2026-11-13,,nasdaq_calendar,
ILMN,2026-10-29,,nasdaq_calendar,
ILPT,2026-10-28,AMC,nasdaq_calendar,
IMA,2026-11-11,,nasdaq_calendar,
IMAX,2026-10-22,,nasdaq_calendar,
IMCC,2026-11-12,,nasdaq_calendar,
IMCR,2026-11-05,,nasdaq_calendar,
IMDX,2026-11-09,,nasdaq_calendar,
IMKTA,2026-11-25,,nasdaq_calendar,
IMMX,2026-11-06,,nasdaq_calendar,
IMNM,2026-11-05,,nasdaq_calendar,
IMNN,2026-11-12,,nasdaq_calendar,
IMO,2026-10-30,BMO,nasdaq_calendar,
IMOS,2026-11-10,,nasdaq_calendar,
IMRX,2026-11-11,,nasdaq_calendar,
IMSR,2026-11-10,,nasdaq_calendar,
IMTX,2026-11-16,,nasdaq_calendar,
IMUX,2026-11-12,,nasdaq_calendar,
IMVT,2026-11-09,,nasdaq_calendar,
IMXI,2026-11-09,,nasdaq_calendar,
INAB,2026-11-05,,nasdaq_calendar,
INBK,2026-10-28,,nasdaq_calendar,
INBS,2026-11-11,,nasdaq_calendar,
INBX,2026-11-13,,nasdaq_calendar,
INCY,2026-10-29,BMO,nasdaq_calendar,
INDB,2026-10-15,AMC,nasdaq_calendar,
INDI,2026-11-05,,nasdaq_calendar,
INDP,2026-11-11,,nasdaq_calendar,
INDV,2026-10-29,,nasdaq_calendar,
INFQ,2026-11-11,,nasdaq_calendar,
INFU,2026-11-03,,nasdaq_calendar,
INFY,2026-10-15,,nasdaq_calendar,
ING,2026-10-29,BMO,nasdaq_calendar,
INGM,2026-10-29,,nasdaq_calendar,
INGN,2026-11-04,,nasdaq_calendar,
INGR,2026-11-03,,nasdaq_calendar,
INIO,2026-10-27,,nasdaq_calendar,
INKT,2026-11-13,,nasdaq_calendar,
INLX,2026-11-11,,nasdaq_calendar,
INM,2026-11-05,,nasdaq_calendar,
INMB,2026-10-29,,nasdaq_calendar,
INMD,2026-11-04,,nasdaq_calendar,
INN,2026-11-03,AMC,nasdaq_calendar,
INNV,2026-11-03,,nasdaq_calendar,
INO,2026-11-09,,nasdaq_calendar,
INOD,2026-11-05,,nasdaq_calendar,
INR,2026-11-09,,nasdaq_calendar,
INSE,2026-11-04,,nasdaq_calendar,
INSG,2026-11-05,,nasdaq_calendar,
INSM,2026-10-29,BMO,nasdaq_calendar,
INSP,2026-11-02,AMC,nasdaq_calendar,
INSW,2026-11-05,,nasdaq_calendar,
INTA,2026-11-03,,nasdaq_calendar,
INTC,2026-10-29,AMC,nasdaq_calendar,
INTG,2026-11-11,,nasdaq_calendar,
INTR,2026-11-12,,nasdaq_calendar,
INTS,2026-11-05,,nasdaq_calendar,
INTT,2026-11-06,BMO,nasdaq_calendar,
INTU,2026-11-19,,nasdaq_calendar,
INTZ,2026-11-10,,nasdaq_calendar,
INUV,2026-11-05,,nasdaq_calendar,
INV,2026-11-12,,nasdaq_calendar,
INVA,2026-11-04,,nasdaq_calendar,
INVE,2026-11-09,,nasdaq_calendar,
INVH,2026-10-28,AMC,nasdaq_calendar,
INVX,2026-11-02,,nasdaq_calendar,
INVZ,2026-11-11,,nasdaq_calendar,
IOND,2026-11-04,AMC,nasdaq_calendar,
IONQ,2026-11-04,,nasdaq_calendar,
IONS,2026-11-04,,nasdaq_calendar,
IOR,2026-11-05,,nasdaq_calendar,
IOSP,2026-11-03,AMC,nasdaq_calendar,
IOVA,2026-11-05,,nasdaq_calendar,
IP,2026-10-28,BMO,nasdaq_calendar,
IPAR,2026-11-04,,nasdaq_calendar,
IPDN,2026-11-13,,nasdaq_calendar,
IPGP,2026-11-03,,nasdaq_calendar,
IPI,2026-11-04,,nasdaq_calendar,
IPM,2026-11-11,,nasdaq_calendar,
IPSC,2026-11-12,,nasdaq_calendar,
IPST,2026-11-16,,nasdaq_calendar,
IPW,2026-11-13,,nasdaq_calendar,
IPWR,2026-11-12,,nasdaq_calendar,
IQ,2026-11-17,,nasdaq_calendar,
IQMX,2026-11-03,,nasdaq_calendar,
IQST,2026-11-13,,nasdaq_calendar,
IQV,2026-10-27,BMO,nasdaq_calendar,
IR,2026-10-29,AMC,nasdaq_calendar,
IRD,2026-11-11,,nasdaq_calendar,
IRDM,2026-10-22,,nasdaq_calendar,
IREN,2026-11-05,,nasdaq_calendar,
IRIX,2026-11-10,,nasdaq_calendar,
IRM,2026-11-04,,nasdaq_calendar,
IRMD,2026-11-02,,nasdaq_calendar,
IRON,2026-11-05,,nasdaq_calendar,
IRS,2026-11-04,,nasdaq_calendar,
IRT,2026-11-04,,nasdaq_calendar,
IRTC,2026-10-29,,nasdaq_calendar,
IRWD,2026-11-09,,nasdaq_calendar,
ISBA,2026-10-26,,nasdaq_calendar,
ISOU,2026-11-05,,nasdaq_calendar,
ISPC,2026-11-16,,nasdaq_calendar,
ISPR,2026-11-05,,nasdaq_calendar,
ISRG,2026-10-20,AMC,nasdaq_calendar,
ISTR,2026-10-19,,nasdaq_calendar,
IT,2026-11-03,,nasdaq_calendar,
ITG,2026-11-11,,nasdaq_calendar,
ITGR,2026-10-22,,nasdaq_calendar,
ITIC,2026-11-04,,nasdaq_calendar,
ITP,2026-11-12,,nasdaq_calendar,
ITRG,2026-11-11,,nasdaq_calendar,
ITRI,2026-10-27,BMO,nasdaq_calendar,
ITRN,2026-11-17,,nasdaq_calendar,
ITT,2026-11-04,,nasdaq_calendar,
ITUB,2026-11-03,,nasdaq_calendar,
ITW,2026-10-23,,nasdaq_calendar,
IVDA,2026-11-13,,nasdaq_calendar,
IVF,2026-11-16,,nasdaq_calendar,
IVR,2026-10-29,,nasdaq_calendar,
IVT,2026-10-27,AMC,nasdaq_calendar,
IVVD,2026-11-05,,nasdaq_calendar,
IVZ,2026-10-27,BMO,nasdaq_calendar,
IX,2026-11-11,,nasdaq_calendar,
IXHL,2026-11-13,,nasdaq_calendar,
IZEA,2026-11-11,,nasdaq_calendar,
J,2026-11-19,,nasdaq_calendar,
JACK,2026-11-18,,nasdaq_calendar,
JAGX,2026-11-13,,nasdaq_calendar,
JAKK,2026-10-22,AMC,nasdaq_calendar,
JAN,2026-11-02,AMC,nasdaq_calendar,
JANX,2026-11-05,,nasdaq_calendar,
JAZZ,2026-11-04,,nasdaq_calendar,
JBGS,2026-10-27,,nasdaq_calendar,
JBHT,2026-10-15,AMC,nasdaq_calendar,
JBI,2026-11-05,,nasdaq_calendar,
JBIO,2026-11-12,,nasdaq_calendar,
JBLU,2026-10-27,,nasdaq_calendar,
JBS,2026-11-12,,nasdaq_calendar,
JBSS,2026-11-04,,nasdaq_calendar,
JBTM,2026-11-02,,nasdaq_calendar,
JCAP,2026-11-12,,nasdaq_calendar,
JCI,2026-10-27,BMO,nasdaq_calendar,
JD,2026-11-12,,nasdaq_calendar,
JELD,2026-11-02,,nasdaq_calendar,
JFIN,2026-11-24,,nasdaq_calendar,
JG,2026-11-12,,nasdaq_calendar,
JHX,2026-11-16,,nasdaq_calendar,
JJSF,2026-11-16,,nasdaq_calendar,
JKHY,2026-11-03,,nasdaq_calendar,
JKS,2026-11-16,,nasdaq_calendar,
JLL,2026-10-28,BMO,nasdaq_calendar,
JMIA,2026-11-11,,nasdaq_calendar,
JMKE,2026-10-28,BMO,nasdaq_calendar,
JMSB,2026-10-28,BMO,nasdaq_calendar,
JNJ,2026-10-13,BMO,nasdaq_calendar,
JOBY,2026-11-04,,nasdaq_calendar,
JOE,2026-11-04,,nasdaq_calendar,
JOYY,2026-11-18,,nasdaq_calendar,
JPM,2026-10-13,BMO,nasdaq_calendar,
JRSH,2026-11-11,,nasdaq_calendar,
JRVR,2026-11-02,,nasdaq_calendar,
JSPR,2026-11-09,,nasdaq_calendar,
JTAI,2026-11-13,,nasdaq_calendar,
JUNS,2026-11-13,,nasdaq_calendar,
JXN,2026-11-03,AMC,nasdaq_calendar,
JYNT,2026-11-05,,nasdaq_calendar,
KAI,2026-10-27,,nasdaq_calendar,
KALA,2026-11-18,,nasdaq_calendar,
KALU,2026-10-21,AMC,nasdaq_calendar,
KAPA,2026-11-13,,nasdaq_calendar,
KARD,2026-11-10,,nasdaq_calendar,
KARO,2026-10-19,AMC,nasdaq_calendar,
KB,2026-11-13,,nasdaq_calendar,
KBDC,2026-11-09,,nasdaq_calendar,
KBR,2026-10-29,BMO,nasdaq_calendar,
KBSX,2026-11-17,,nasdaq_calendar,
KC,2026-11-18,,nasdaq_calendar,
KD,2026-11-03,,nasdaq_calendar,
KDK,2026-11-11,,nasdaq_calendar,
KDP,2026-11-03,BMO,nasdaq_calendar,
KE,2026-11-04,,nasdaq_calendar,
KEEL,2026-11-12,,nasdaq_calendar,
KELYA,2026-11-05,,nasdaq_calendar,
KELYB,2026-11-05,,nasdaq_calendar,
KEX,2026-10-28,BMO,nasdaq_calendar,
KEY,2026-10-20,BMO,nasdaq_calendar,
KEYS,2026-11-23,,nasdaq_calendar,
KFFB,2026-11-05,,nasdaq_calendar,
KFRC,2026-10-26,AMC,nasdaq_calendar,
KG,2026-11-04,,nasdaq_calendar,
KGC,2026-10-28,AMC,nasdaq_calendar,
KGEI,2026-11-11,,nasdaq_calendar,
KGS,2026-11-03,,nasdaq_calendar,
KHC,2026-11-04,,nasdaq_calendar,
KIDS,2026-10-27,,nasdaq_calendar,
KIDZ,2026-11-12,,nasdaq_calendar,
KIM,2026-10-29,BMO,nasdaq_calendar,
KINS,2026-11-05,,nasdaq_calendar,
KITT,2026-11-13,,nasdaq_calendar,
KKR,2026-11-09,BMO,nasdaq_calendar,
KLAC,2026-11-04,,nasdaq_calendar,
KLAR,2026-11-17,,nasdaq_calendar,
KLC,2026-11-11,,nasdaq_calendar,
KLIC,2026-11-18,,nasdaq_calendar,
KLRA,2026-11-11,,nasdaq_calendar,
KLRS,2026-11-11,,nasdaq_calendar,
KLTR,2026-11-09,,nasdaq_calendar,
KLXE,2026-11-04,,nasdaq_calendar,
KMB,2026-10-29,,nasdaq_calendar,
KMDA,2026-11-09,,nasdaq_calendar,
KMI,2026-10-28,,nasdaq_calendar,
KMPR,2026-11-04,,nasdaq_calendar,
KMT,2026-11-04,,nasdaq_calendar,
KN,2026-10-22,AMC,nasdaq_calendar,
KNF,2026-11-03,,nasdaq_calendar,
KNSA,2026-10-27,,nasdaq_calendar,
KNSL,2026-10-22,AMC,nasdaq_calendar,
KNTK,2026-11-04,,nasdaq_calendar,
KNX,2026-10-21,AMC,nasdaq_calendar,
KO,2026-10-27,BMO,nasdaq_calendar,
KOD,2026-11-12,,nasdaq_calendar,
KODK,2026-11-05,,nasdaq_calendar,
KOF,2026-10-27,BMO,nasdaq_calendar,
KOP,2026-11-06,,nasdaq_calendar,
KOPN,2026-11-11,,nasdaq_calendar,
KOS,2026-11-02,,nasdaq_calendar,
KOSS,2026-10-29,,nasdaq_calendar,
KPET,2026-11-12,,nasdaq_calendar,
KPLT,2026-11-11,,nasdaq_calendar,
KPRX,2026-11-06,,nasdaq_calendar,
KPTI,2026-11-02,,nasdaq_calendar,
KRAQ,2026-11-11,,nasdaq_calendar,
KRC,2026-10-22,AMC,nasdaq_calendar,
KREF,2026-10-20,,nasdaq_calendar,
KRG,2026-10-30,BMO,nasdaq_calendar,
KRMD,2026-11-11,,nasdaq_calendar,
KRMN,2026-11-05,,nasdaq_calendar,
KRNT,2026-11-04,,nasdaq_calendar,
KRNY,2026-10-22,BMO,nasdaq_calendar,
KRO,2026-11-05,,nasdaq_calendar,
KROS,2026-11-04,,nasdaq_calendar,
KRP,2026-11-05,BMO,nasdaq_calendar,
KRRO,2026-11-11,,nasdaq_calendar,
KRSA,2026-11-11,,nasdaq_calendar,
KRT,2026-11-05,,nasdaq_calendar,
KRUS,2026-11-05,,nasdaq_calendar,
KRYS,2026-11-02,,nasdaq_calendar,
KSCP,2026-11-11,,nasdaq_calendar,
KSPI,2026-11-09,,nasdaq_calendar,
KSS,2026-11-24,,nasdaq_calendar,
KT,2026-11-06,,nasdaq_calendar,
KTB,2026-11-02,,nasdaq_calendar,
KTCC,2026-11-03,,nasdaq_calendar,
KTOS,2026-11-03,,nasdaq_calendar,
KTTA,2026-11-12,,nasdaq_calendar,
KULR,2026-11-17,,nasdaq_calendar,
KURA,2026-11-03,,nasdaq_calendar,
KUST,2026-11-11,,nasdaq_calendar,
KVHI,2026-11-05,,nasdaq_calendar,
KVUE,2026-11-02,,nasdaq_calendar,
KVYO,2026-11-04,,nasdaq_calendar,
KWR,2026-10-29,,nasdaq_calendar,
KWY,2026-11-05,,nasdaq_calendar,
KYIV,2026-11-06,BMO,nasdaq_calendar,
KYMR,2026-11-03,,nasdaq_calendar,
KYNB,2026-11-09,,nasdaq_calendar,
KYTX,2026-11-11,,nasdaq_calendar,
L,2026-11-02,,nasdaq_calendar,
LAB,2026-11-03,,nasdaq_calendar,
LABT,2026-11-12,,nasdaq_calendar,
LAC,2026-11-12,,nasdaq_calendar,
LAD,2026-10-21,BMO,nasdaq_calendar,
LADR,2026-10-22,,nasdaq_calendar,
LAMR,2026-11-05,BMO,nasdaq_calendar,
LAND,2026-11-04,,nasdaq_calendar,
LAR,2026-11-09,,nasdaq_calendar,
LARK,2026-11-04,,nasdaq_calendar,
LASR,2026-11-05,,nasdaq_calendar,
LAUR,2026-10-29,BMO,nasdaq_calendar,
LAW,2026-11-04,,nasdaq_calendar,
LAZ,2026-10-22,BMO,nasdaq_calendar,
LB,2026-11-04,AMC,nasdaq_calendar,
LBRT,2026-10-21,AMC,nasdaq_calendar,
LBRX,2026-11-05,,nasdaq_calendar,
LBTYA,2026-11-03,BMO,nasdaq_calendar,
LBTYB,2026-11-03,BMO,nasdaq_calendar,
LBTYK,2026-11-03,BMO,nasdaq_calendar,
LCID,2026-11-09,AMC,nasdaq_calendar,
LCII,2026-10-29,,nasdaq_calendar,
LCLN,2026-11-05,,nasdaq_calendar,
LCNB,2026-10-28,,nasdaq_calendar,
LCTX,2026-11-05,,nasdaq_calendar,
LCUT,2026-11-05,,nasdaq_calendar,
LDI,2026-11-05,,nasdaq_calendar,
LDOS,2026-11-03,BMO,nasdaq_calendar,
LEA,2026-10-30,BMO,nasdaq_calendar,
LECO,2026-10-27,BMO,nasdaq_calendar,
LEDS,2026-11-27,,nasdaq_calendar,
LEE,2026-11-25,,nasdaq_calendar,
LEGH,2026-11-06,,nasdaq_calendar,
LEGN,2026-11-11,,nasdaq_calendar,
LENZ,2026-11-04,,nasdaq_calendar,
LEU,2026-11-04,,nasdaq_calendar,
LEXX,2026-11-25,,nasdaq_calendar,
LFMD,2026-11-16,,nasdaq_calendar,
LFST,2026-11-05,,nasdaq_calendar,
LFT,2026-11-11,,nasdaq_calendar,
LFTO,2026-11-11,,nasdaq_calendar,
LFUS,2026-11-04,,nasdaq_calendar,
LFVN,2026-11-03,,nasdaq_calendar,
LFWD,2026-11-13,,nasdaq_calendar,
LGCY,2026-11-12,,nasdaq_calendar,
LGIH,2026-11-03,BMO,nasdaq_calendar,
LGL,2026-11-12,,nasdaq_calendar,
LGN,2026-11-12,,nasdaq_calendar,
LGND,2026-11-05,,nasdaq_calendar,
LGO,2026-11-11,,nasdaq_calendar,
LGVN,2026-11-03,,nasdaq_calendar,
LH,2026-10-28,BMO,nasdaq_calendar,
LHAI,2026-11-12,,nasdaq_calendar,
LHX,2026-10-29,BMO,nasdaq_calendar,
LI,2026-11-25,,nasdaq_calendar,
LIDR,2026-11-05,,nasdaq_calendar,
LIEN,2026-11-12,,nasdaq_calendar,
LIF,2026-11-09,,nasdaq_calendar,
LIFE,2026-11-02,,nasdaq_calendar,
LII,2026-10-28,BMO,nasdaq_calendar,
LILA,2026-11-04,,nasdaq_calendar,
LILAK,2026-11-04,,nasdaq_calendar,
LIME,2026-11-03,,nasdaq_calendar,
LIMN,2026-11-12,,nasdaq_calendar,
LIN,2026-10-29,BMO,nasdaq_calendar,
LINC,2026-11-09,,nasdaq_calendar,
LIND,2026-11-03,,nasdaq_calendar,
LINE,2026-11-09,AMC,nasdaq_calendar,
LINK,2026-11-11,,nasdaq_calendar,
LION,2026-11-05,,nasdaq_calendar,
LIQT,2026-11-12,,nasdaq_calendar,
LITB,2026-11-11,,nasdaq_calendar,
LITE,2026-11-05,AMC,nasdaq_calendar,
LITS,2026-11-13,,nasdaq_calendar,
LIVN,2026-11-04,BMO,nasdaq_calendar,
LKFN,2026-10-26,BMO,nasdaq_calendar,
LKQ,2026-10-29,BMO,nasdaq_calendar,
LLY,2026-10-29,BMO,nasdaq_calendar,
LLYVA,2026-11-04,,nasdaq_calendar,
LLYVK,2026-11-04,,nasdaq_calendar,
LMAT,2026-11-05,,nasdaq_calendar,
LMB,2026-11-03,,nasdaq_calendar,
LMND,2026-11-04,,nasdaq_calendar,
LMRI,2026-11-11,,nasdaq_calendar,
LMT,2026-10-22,BMO,nasdaq_calendar,
LNAI,2026-11-13,,nasdaq_calendar,
LNC,2026-11-05,BMO,nasdaq_calendar,
LND,2026-11-05,,nasdaq_calendar,
LNG,2026-10-29,BMO,nasdaq_calendar,
LNN,2026-10-22,BMO,nasdaq_calendar,
LNSR,2026-11-05,,nasdaq_calendar,
LNT,2026-11-05,,nasdaq_calendar,
LNTH,2026-11-05,,nasdaq_calendar,
LNZA,2026-11-18,,nasdaq_calendar,
LOAN,2026-10-23,,nasdaq_calendar,
LOAR,2026-11-05,BMO,nasdaq_calendar,
LOB,2026-10-21,AMC,nasdaq_calendar,
LOCL,2026-11-11,,nasdaq_calendar,
LOCO,2026-10-29,,nasdaq_calendar,
LODE,2026-10-29,,nasdaq_calendar,
LOGI,2026-10-27,AMC,nasdaq_calendar,
LOMA,2026-11-05,,nasdaq_calendar,
LONA,2026-11-05,,nasdaq_calendar,
LOOP,2026-10-21,,nasdaq_calendar,
LOPE,2026-11-04,AMC,nasdaq_calendar,
LOT,2026-11-23,,nasdaq_calendar,
LOW,2026-11-18,BMO,nasdaq_calendar,
LPA,2026-11-11,,nasdaq_calendar,
LPCN,2026-11-05,,nasdaq_calendar,
LPG,2026-11-05,,nasdaq_calendar,
LPL,2026-11-13,,nasdaq_calendar,
LPLA,2026-10-27,AMC,nasdaq_calendar,
LPTH,2026-11-10,,nasdaq_calendar,
LPX,2026-11-03,BMO,nasdaq_calendar,
LQDA,2026-11-02,,nasdaq_calendar,
LQDT,2026-11-19,,nasdaq_calendar,
LRCX,2026-10-21,AMC,nasdaq_calendar,
LRHC,2026-11-18,,nasdaq_calendar,
LRMR,2026-11-04,,nasdaq_calendar,
LRN,2026-10-20,AMC,nasdaq_calendar,
LSAK,2026-11-04,,nasdaq_calendar,
LSBK,2026-10-28,,nasdaq_calendar,
LSCC,2026-11-02,,nasdaq_calendar,
LSF,2026-11-09,,nasdaq_calendar,
LSPD,2026-11-05,BMO,nasdaq_calendar,
LSTA,2026-11-05,,nasdaq_calendar,
LSTR,2026-10-27,AMC,nasdaq_calendar,
LTBR,2026-11-04,,nasdaq_calendar,
LTC,2026-11-03,,nasdaq_calendar,
LTH,2026-10-29,BMO,nasdaq_calendar,
LTM,2026-11-13,,nasdaq_calendar,
LTRN,2026-11-11,,nasdaq_calendar,
LTRX,2026-11-04,,nasdaq_calendar,
LU,2026-11-17,,nasdaq_calendar,
LUCD,2026-11-11,,nasdaq_calendar,
LUCK,2026-11-03,,nasdaq_calendar,
LUCY,2026-11-12,,nasdaq_calendar,
LUMN,2026-10-29,,nasdaq_calendar,
LUNG,2026-11-11,,nasdaq_calendar,
LUNR,2026-11-12,,nasdaq_calendar,
LUV,2026-10-21,AMC,nasdaq_calendar,
LUXE,2026-11-18,,nasdaq_calendar,
LVLU,2026-11-11,,nasdaq_calendar,
LVO,2026-11-11,,nasdaq_calendar,
LVS,2026-10-28,,nasdaq_calendar,
LVWR,2026-11-03,,nasdaq_calendar,
LWAY,2026-11-11,,nasdaq_calendar,
LWLG,2026-11-13,,nasdaq_calendar,
LX,2026-11-23,,nasdaq_calendar,
LXEO,2026-11-04,,nasdaq_calendar,
LXFR,2026-10-27,,nasdaq_calendar,
LXP,2026-10-29,,nasdaq_calendar,
LXRX,2026-11-05,,nasdaq_calendar,
LXU,2026-11-04,,nasdaq_calendar,
LYB,2026-10-30,BMO,nasdaq_calendar,
LYEL,2026-11-11,,nasdaq_calendar,
LYFT,2026-11-04,,nasdaq_calendar,
LYG,2026-10-29,BMO,nasdaq_calendar,
LYTS,2026-11-05,,nasdaq_calendar,
LYV,2026-11-03,,nasdaq_calendar,
LZ,2026-11-04,,nasdaq_calendar,
LZB,2026-11-17,,nasdaq_calendar,
MA,2026-10-29,,nasdaq_calendar,
MAA,2026-10-28,AMC,nasdaq_calendar,
MAC,2026-11-03,,nasdaq_calendar,
MAGN,2026-11-04,,nasdaq_calendar,
MAIA,2026-11-06,,nasdaq_calendar,
MAIN,2026-11-05,,nasdaq_calendar,
MAIR,2026-10-29,,nasdaq_calendar,
MAKO,2026-11-12,,nasdaq_calendar,
MAMO,2026-11-06,,nasdaq_calendar,
MAN,2026-10-15,BMO,nasdaq_calendar,
MANE,2026-11-10,,nasdaq_calendar,
MANH,2026-10-27,AMC,nasdaq_calendar,
MAR,2026-11-03,,nasdaq_calendar,
MARA,2026-11-03,,nasdaq_calendar,
MARPS,2026-11-12,,nasdaq_calendar,
MAS,2026-10-28,BMO,nasdaq_calendar,
MASS,2026-11-09,,nasdaq_calendar,
MAT,2026-10-20,,nasdaq_calendar,
MATV,2026-11-04,,nasdaq_calendar,
MATW,2026-11-19,,nasdaq_calendar,
MATX,2026-11-03,,nasdaq_calendar,
MAX,2026-11-04,,nasdaq_calendar,
MAYS,2026-10-22,,nasdaq_calendar,
MAZE,2026-11-05,,nasdaq_calendar,
MBC,2026-11-05,AMC,nasdaq_calendar,
MBGL,2026-11-06,,nasdaq_calendar,
MBI,2026-11-03,,nasdaq_calendar,
MBIN,2026-10-27,,nasdaq_calendar,
MBIO,2026-11-06,,nasdaq_calendar,
MBLY,2026-10-22,,nasdaq_calendar,
MBOT,2026-11-11,,nasdaq_calendar,
MBRX,2026-11-12,,nasdaq_calendar,
MBUU,2026-10-29,,nasdaq_calendar,
MBWM,2026-10-20,BMO,nasdaq_calendar,
MBX,2026-11-05,,nasdaq_calendar,
MC,2026-11-04,,nasdaq_calendar,
MCB,2026-10-20,AMC,nasdaq_calendar,
MCBS,2026-10-16,,nasdaq_calendar,
MCD,2026-11-04,,nasdaq_calendar,
MCFT,2026-11-05,,nasdaq_calendar,
MCHB,2026-10-29,,nasdaq_calendar,
MCHP,2026-11-05,,nasdaq_calendar,
MCHX,2026-11-12,,nasdaq_calendar,
MCK,2026-11-04,AMC,nasdaq_calendar,
MCO,2026-10-21,BMO,nasdaq_calendar,
MCRB,2026-11-04,,nasdaq_calendar,
MCRI,2026-10-27,AMC,nasdaq_calendar,
MCS,2026-10-30,,nasdaq_calendar,
MCY,2026-11-03,,nasdaq_calendar,
MD,2026-11-02,,nasdaq_calendar,
MDA,2026-11-06,,nasdaq_calendar,
MDAI,2026-11-10,,nasdaq_calendar,
MDBH,2026-11-12,,nasdaq_calendar,
MDCX,2026-11-13,,nasdaq_calendar,
MDGL,2026-11-03,,nasdaq_calendar,
MDIA,2026-11-18,,nasdaq_calendar,
MDLN,2026-11-04,BMO,nasdaq_calendar,
MDLZ,2026-10-27,,nasdaq_calendar,
MDRR,2026-11-05,,nasdaq_calendar,
MDT,2026-11-17,,nasdaq_calendar,
MDU,2026-11-05,,nasdaq_calendar,
MDWD,2026-11-19,,nasdaq_calendar,
MDXG,2026-11-04,,nasdaq_calendar,
MDXH,2026-11-11,,nasdaq_calendar,
MEC,2026-11-03,,nasdaq_calendar,
MED,2026-11-02,,nasdaq_calendar,
MEDP,2026-10-21,AMC,nasdaq_calendar,
MEDS,2026-11-18,,nasdaq_calendar,
MELI,2026-11-04,,nasdaq_calendar,
MEOH,2026-10-29,AMC,nasdaq_calendar,
MERC,2026-11-05,,nasdaq_calendar,
MET,2026-11-04,AMC,nasdaq_calendar,
META,2026-11-04,,nasdaq_calendar,
METC,2026-10-26,,nasdaq_calendar,
METCB,2026-10-26,,nasdaq_calendar,
MFA,2026-11-05,,nasdaq_calendar,
MFC,2026-11-04,AMC,nasdaq_calendar,
MFG,2026-11-13,,nasdaq_calendar,
MFIC,2026-11-05,BMO,nasdaq_calendar,
MFIN,2026-11-04,,nasdaq_calendar,
MG,2026-11-03,,nasdaq_calendar,
MGA,2026-10-30,,nasdaq_calendar,
MGEE,2026-11-04,,nasdaq_calendar,
MGM,2026-10-28,AMC,nasdaq_calendar,
MGNI,2026-11-04,AMC,nasdaq_calendar,
MGNX,2026-11-11,,nasdaq_calendar,
MGPI,2026-11-04,,nasdaq_calendar,
MGRC,2026-10-28,AMC,nasdaq_calendar,
MGRX,2026-11-13,,nasdaq_calendar,
MGTX,2026-11-12,,nasdaq_calendar,
MGX,2026-11-10,,nasdaq_calendar,
MGY,2026-11-04,,nasdaq_calendar,
MGYR,2026-10-29,,nasdaq_calendar,
MH,2026-11-05,BMO,nasdaq_calendar,
MHH,2026-11-11,,nasdaq_calendar,
MHK,2026-10-29,AMC,nasdaq_calendar,
MHO,2026-10-21,BMO,nasdaq_calendar,
MIAX,2026-10-29,AMC,nasdaq_calendar,
MIDD,2026-11-05,,nasdaq_calendar,
MINE,2026-11-11,,nasdaq_calendar,
MIR,2026-10-27,,nasdaq_calendar,
MIRA,2026-11-12,,nasdaq_calendar,
MIRM,2026-11-03,,nasdaq_calendar,
MIST,2026-11-11,,nasdaq_calendar,
MITQ,2026-11-13,,nasdaq_calendar,
MITT,2026-11-03,,nasdaq_calendar,
MKL,2026-11-04,,nasdaq_calendar,
MKSI,2026-11-04,,nasdaq_calendar,
MKTW,2026-11-05,,nasdaq_calendar,
MKTX,2026-11-06,,nasdaq_calendar,
MLAB,2026-11-05,,nasdaq_calendar,
MLCI,2026-11-12,,nasdaq_calendar,
MLCO,2026-11-05,,nasdaq_calendar,
MLI,2026-10-20,,nasdaq_calendar,
MLM,2026-11-03,,nasdaq_calendar,
MLP,2026-11-13,,nasdaq_calendar,
MLR,2026-11-04,,nasdaq_calendar,
MLSS,2026-11-12,,nasdaq_calendar,
MLTX,2026-11-04,,nasdaq_calendar,
MLYS,2026-11-09,,nasdaq_calendar,
MMI,2026-11-06,,nasdaq_calendar,
MMLP,2026-10-21,AMC,nasdaq_calendar,
MMM,2026-10-20,BMO,nasdaq_calendar,
MMS,2026-11-19,BMO,nasdaq_calendar,
MMSI,2026-10-29,AMC,nasdaq_calendar,
MMYT,2026-10-27,,nasdaq_calendar,
MNDO,2026-11-11,,nasdaq_calendar,
MNDY,2026-11-09,,nasdaq_calendar,
MNKD,2026-11-04,,nasdaq_calendar,
MNOV,2026-11-11,,nasdaq_calendar,
MNPR,2026-11-12,,nasdaq_calendar,
MNR,2026-11-05,,nasdaq_calendar,
MNRO,2026-11-04,,nasdaq_calendar,
MNSB,2026-10-26,,nasdaq_calendar,
MNSO,2026-11-19,,nasdaq_calendar,
MNST,2026-11-05,,nasdaq_calendar,
MNTK,2026-11-04,,nasdaq_calendar,
MNTN,2026-11-03,,nasdaq_calendar,
MNTS,2026-11-18,,nasdaq_calendar,
MO,2026-10-29,BMO,nasdaq_calendar,
MOBI,2026-11-10,,nasdaq_calendar,
MOD,2026-10-27,,nasdaq_calendar,
MODD,2026-11-13,,nasdaq_calendar,
MOH,2026-10-21,AMC,nasdaq_calendar,
MOLN,2026-10-29,BMO,nasdaq_calendar,
MORN,2026-10-28,AMC,nasdaq_calendar,
MOS,2026-11-03,,nasdaq_calendar,
MOV,2026-11-24,,nasdaq_calendar,
MOVE,2026-11-13,,nasdaq_calendar,
MP,2026-11-05,,nasdaq_calendar,
MPAA,2026-11-09,,nasdaq_calendar,
MPB,2026-10-28,,nasdaq_calendar,
MPC,2026-11-03,BMO,nasdaq_calendar,
MPLX,2026-11-03,BMO,nasdaq_calendar,
MPT,2026-10-29,,nasdaq_calendar,
MPTI,2026-11-11,,nasdaq_calendar,
MPWR,2026-10-29,,nasdaq_calendar,
MQ,2026-11-03,AMC,nasdaq_calendar,
MRAM,2026-11-04,,nasdaq_calendar,
MRBK,2026-10-22,,nasdaq_calendar,
MRCY,2026-11-03,,nasdaq_calendar,
MRDN,2026-10-29,,nasdaq_calendar,
MREO,2026-11-09,,nasdaq_calendar,
MRK,2026-10-29,BMO,nasdaq_calendar,
MRKR,2026-11-12,,nasdaq_calendar,
MRLN,2026-11-12,,nasdaq_calendar,
MRNA,2026-11-05,,nasdaq_calendar,
MRP,2026-10-27,BMO,nasdaq_calendar,
MRSH,2026-10-15,BMO,nasdaq_calendar,
MRT,2026-11-18,,nasdaq_calendar,
MRTN,2026-10-22,,nasdaq_calendar,
MRVI,2026-11-05,,nasdaq_calendar,
MRX,2026-11-05,,nasdaq_calendar,
MS,2026-10-14,BMO,nasdaq_calendar,
MSA,2026-10-27,,nasdaq_calendar,
MSAI,2026-11-12,,nasdaq_calendar,
MSBI,2026-10-29,,nasdaq_calendar,
MSC,2026-11-05,,nasdaq_calendar,
MSCI,2026-10-20,BMO,nasdaq_calendar,
MSDL,2026-11-05,AMC,nasdaq_calendar,
MSEX,2026-10-30,,nasdaq_calendar,
MSFT,2026-10-28,AMC,nasdaq_calendar,
MSGE,2026-11-05,,nasdaq_calendar,
MSGM,2026-11-05,,nasdaq_calendar,
MSGS,2026-10-30,,nasdaq_calendar,
MSI,2026-10-29,,nasdaq_calendar,
MSIF,2026-11-12,,nasdaq_calendar,
MSLE,2026-11-13,,nasdaq_calendar,
MSM,2026-10-22,BMO,nasdaq_calendar,
MSN,2026-11-13,,nasdaq_calendar,
MSS,2026-10-12,,nasdaq_calendar,
MSTR,2026-10-29,AMC,nasdaq_calendar,
MT,2026-11-05,BMO,nasdaq_calendar,
MTA,2026-11-12,,nasdaq_calendar,
MTB,2026-10-16,BMO,nasdaq_calendar,
MTCH,2026-11-03,,nasdaq_calendar,
MTD,2026-11-05,,nasdaq_calendar,
MTDR,2026-10-20,,nasdaq_calendar,
MTEX,2026-11-11,,nasdaq_calendar,
MTG,2026-11-04,,nasdaq_calendar,
MTH,2026-10-28,AMC,nasdaq_calendar,
MTLS,2026-10-28,BMO,nasdaq_calendar,
MTNB,2026-11-09,,nasdaq_calendar,
MTR,2026-11-12,,nasdaq_calendar,
MTRN,2026-11-04,,nasdaq_calendar,
MTRX,2026-11-04,,nasdaq_calendar,
MTSI,2026-11-05,,nasdaq_calendar,
MTUS,2026-11-05,,nasdaq_calendar,
MTVA,2026-11-05,,nasdaq_calendar,
MTW,2026-11-04,,nasdaq_calendar,
MTX,2026-10-29,AMC,nasdaq_calendar,
MTZ,2026-10-29,,nasdaq_calendar,
MUFG,2026-11-13,,nasdaq_calendar,
MUR,2026-11-04,AMC,nasdaq_calendar,
MUSA,2026-10-28,AMC,nasdaq_calendar,
MUX,2026-11-04,,nasdaq_calendar,
MVBF,2026-11-04,,nasdaq_calendar,
MVIS,2026-11-10,,nasdaq_calendar,
MVST,2026-11-09,,nasdaq_calendar,
MWA,2026-11-05,,nasdaq_calendar,
MWH,2026-11-12,,nasdaq_calendar,
MX,2026-11-02,,nasdaq_calendar,
MXC,2026-11-11,,nasdaq_calendar,
MXCT,2026-11-11,,nasdaq_calendar,
MXL,2026-10-22,AMC,nasdaq_calendar,
MYE,2026-10-29,,nasdaq_calendar,
MYFW,2026-10-22,,nasdaq_calendar,
MYGN,2026-11-02,,nasdaq_calendar,
MYO,2026-11-09,,nasdaq_calendar,
MYPS,2026-11-02,,nasdaq_calendar,
MYRG,2026-11-04,,nasdaq_calendar,
MYSE,2026-11-12,,nasdaq_calendar,
MYSZ,2026-11-13,,nasdaq_calendar,
MZTI,2026-11-03,,nasdaq_calendar,
NABL,2026-11-05,,nasdaq_calendar,
NAGE,2026-11-03,,nasdaq_calendar,
NAII,2026-11-11,,nasdaq_calendar,
NAK,2026-11-12,,nasdaq_calendar,
NAKA,2026-11-18,,nasdaq_calendar,
NAMS,2026-11-04,,nasdaq_calendar,
NAT,2026-11-27,,nasdaq_calendar,
NATH,2026-11-05,,nasdaq_calendar,
NATL,2026-11-04,,nasdaq_calendar,
NATR,2026-11-05,,nasdaq_calendar,
NAUT,2026-10-26,,nasdaq_calendar,
NAVI,2026-11-04,AMC,nasdaq_calendar,
NB,2026-11-12,,nasdaq_calendar,
NBBK,2026-10-28,,nasdaq_calendar,
NBHC,2026-10-27,AMC,nasdaq_calendar,
NBIS,2026-11-10,,nasdaq_calendar,
NBIX,2026-10-27,,nasdaq_calendar,
NBN,2026-10-27,,nasdaq_calendar,
NBR,2026-10-27,AMC,nasdaq_calendar,
NBTB,2026-10-27,AMC,nasdaq_calendar,
NC,2026-11-04,,nasdaq_calendar,
NCDL,2026-11-03,,nasdaq_calendar,
NCLH,2026-11-03,,nasdaq_calendar,
NCMI,2026-10-29,,nasdaq_calendar,
NCNA,2026-11-12,,nasdaq_calendar,
NCPL,2026-10-12,,nasdaq_calendar,
NCRA,2026-11-13,,nasdaq_calendar,
NDAQ,2026-10-22,BMO,nasdaq_calendar,
NDLS,2026-11-04,,nasdaq_calendar,
NDRA,2026-11-13,,nasdaq_calendar,
NE,2026-10-26,,nasdaq_calendar,
NECB,2026-10-22,,nasdaq_calendar,
NEE,2026-10-21,BMO,nasdaq_calendar,
NEM,2026-10-22,AMC,nasdaq_calendar,
NEN,2026-11-06,,nasdaq_calendar,
NEO,2026-10-27,,nasdaq_calendar,
NEON,2026-11-05,,nasdaq_calendar,
NEOV,2026-11-09,,nasdaq_calendar,
NEPH,2026-11-05,,nasdaq_calendar,
NERV,2026-11-04,,nasdaq_calendar,
NESR,2026-11-12,,nasdaq_calendar,
NET,2026-10-29,,nasdaq_calendar,
NEU,2026-10-28,AMC,nasdaq_calendar,
NEUP,2026-11-13,,nasdaq_calendar,
NEWP,2026-11-06,,nasdaq_calendar,
NEWT,2026-11-04,,nasdaq_calendar,
NEXA,2026-10-29,,nasdaq_calendar,
NEXM,2026-11-12,,nasdaq_calendar,
NEXN,2026-11-12,,nasdaq_calendar,
NEXT,2026-10-29,BMO,nasdaq_calendar,
NFE,2026-11-05,,nasdaq_calendar,
NFG,2026-11-04,,nasdaq_calendar,
NFGC,2026-11-06,,nasdaq_calendar,
NFLX,2026-10-20,AMC,nasdaq_calendar,
NG,2026-10-08,,nasdaq_calendar,
NGEN,2026-11-12,,nasdaq_calendar,
NGL,2026-11-03,,nasdaq_calendar,
NGNE,2026-11-12,,nasdaq_calendar,
NGS,2026-11-09,,nasdaq_calendar,
NGVC,2026-11-19,,nasdaq_calendar,
NGVT,2026-11-04,AMC,nasdaq_calendar,
NHC,2026-11-06,,nasdaq_calendar,
NHI,2026-11-09,AMC,nasdaq_calendar,
NHP,2026-11-04,AMC,nasdaq_calendar,
NHTC,2026-11-04,,nasdaq_calendar,
NI,2026-11-04,,nasdaq_calendar,
NIC,2026-10-22,,nasdaq_calendar,
NICE,2026-11-12,,nasdaq_calendar,
NICM,2026-11-12,,nasdaq_calendar,
NINE,2026-11-04,,nasdaq_calendar,
NIO,2026-11-24,,nasdaq_calendar,
NIQ,2026-11-12,,nasdaq_calendar,
NIU,2026-11-16,,nasdaq_calendar,
NIXX,2026-11-12,,nasdaq_calendar,
NJR,2026-11-18,,nasdaq_calendar,
NKLR,2026-11-13,,nasdaq_calendar,
NKSH,2026-10-22,,nasdaq_calendar,
NKTR,2026-11-05,,nasdaq_calendar,
NKTX,2026-11-09,,nasdaq_calendar,
NL,2026-11-05,,nasdaq_calendar,
NLOP,2026-11-06,,nasdaq_calendar,
NLY,2026-10-20,AMC,nasdaq_calendar,
NMAD,2026-11-11,,nasdaq_calendar,
NMAX,2026-11-12,,nasdaq_calendar,
NMFC,2026-11-02,AMC,nasdaq_calendar,
NMG,2026-11-11,,nasdaq_calendar,
NMIH,2026-11-03,,nasdaq_calendar,
NMM,2026-11-17,,nasdaq_calendar,
NMR,2026-10-28,BMO,nasdaq_calendar,
NMRA,2026-11-05,,nasdaq_calendar,
NMRK,2026-10-29,BMO,nasdaq_calendar,
NN,2026-11-05,,nasdaq_calendar,
NNBR,2026-11-04,,nasdaq_calendar,
NNDM,2026-11-18,,nasdaq_calendar,
NNI,2026-11-05,,nasdaq_calendar,
NNN,2026-11-04,BMO,nasdaq_calendar,
NNOX,2026-11-19,,nasdaq_calendar,
NNVC,2026-11-13,,nasdaq_calendar,
NOA,2026-11-11,,nasdaq_calendar,
NOAH,2026-11-24,,nasdaq_calendar,
NOC,2026-10-20,BMO,nasdaq_calendar,
NODK,2026-11-06,,nasdaq_calendar,
NOEM,2026-11-12,,nasdaq_calendar,
NOG,2026-11-05,AMC,nasdaq_calendar,
NOK,2026-10-22,BMO,nasdaq_calendar,
NOMA,2026-11-20,,nasdaq_calendar,
NOMD,2026-11-05,,nasdaq_calendar,
NOV,2026-10-27,AMC,nasdaq_calendar,
NOVT,2026-11-02,,nasdaq_calendar,
NOW,2026-10-28,AMC,nasdaq_calendar,
NP,2026-11-11,,nasdaq_calendar,
NPB,2026-10-20,AMC,nasdaq_calendar,
NPCE,2026-11-03,,nasdaq_calendar,
NPK,2026-10-26,,nasdaq_calendar,
NPKI,2026-10-29,,nasdaq_calendar,
NPO,2026-11-03,,nasdaq_calendar,
NPWR,2026-11-12,,nasdaq_calendar,
NRC,2026-10-26,,nasdaq_calendar,
NRDS,2026-11-05,,nasdaq_calendar,
NRDY,2026-11-05,,nasdaq_calendar,
NREF,2026-11-05,BMO,nasdaq_calendar,
NRG,2026-11-05,,nasdaq_calendar,
NRGV,2026-11-09,,nasdaq_calendar,
NRIM,2026-10-28,,nasdaq_calendar,
NRIX,2026-10-08,,nasdaq_calendar,
NRP,2026-11-03,,nasdaq_calendar,
NRXP,2026-11-13,,nasdaq_calendar,
NRXS,2026-11-09,,nasdaq_calendar,
NSC,2026-10-22,BMO,nasdaq_calendar,
NSIT,2026-10-29,,nasdaq_calendar,
NSLR,2026-11-03,,nasdaq_calendar,
NSP,2026-10-29,BMO,nasdaq_calendar,
NSPR,2026-11-03,,nasdaq_calendar,
NSSC,2026-11-02,,nasdaq_calendar,
NSYS,2026-11-12,,nasdaq_calendar,
NTAP,2026-11-24,,nasdaq_calendar,
NTB,2026-10-27,,nasdaq_calendar,
NTCT,2026-11-05,,nasdaq_calendar,
NTES,2026-11-19,,nasdaq_calendar,
NTGR,2026-11-04,,nasdaq_calendar,
NTHI,2026-11-13,,nasdaq_calendar,
NTIC,2026-11-17,,nasdaq_calendar,
NTIP,2026-11-05,,nasdaq_calendar,
NTLA,2026-11-05,,nasdaq_calendar,
NTNX,2026-11-24,,nasdaq_calendar,
NTR,2026-11-04,AMC,nasdaq_calendar,
NTRA,2026-11-05,,nasdaq_calendar,
NTRP,2026-10-21,,nasdaq_calendar,
NTRS,2026-10-21,BMO,nasdaq_calendar,
NTST,2026-10-21,AMC,nasdaq_calendar,
NTWK,2026-11-11,,nasdaq_calendar,
NU,2026-11-12,,nasdaq_calendar,
NUAI,2026-11-12,,nasdaq_calendar,
NUE,2026-10-26,AMC,nasdaq_calendar,
NUS,2026-11-05,,nasdaq_calendar,
NUTX,2026-11-18,,nasdaq_calendar,
NUVB,2026-11-02,,nasdaq_calendar,
NUWE,2026-11-11,,nasdaq_calendar,
NVAX,2026-11-05,,nasdaq_calendar,
NVCR,2026-10-29,BMO,nasdaq_calendar,
NVCT,2026-11-03,,nasdaq_calendar,
NVDA,2026-11-18,,nasdaq_calendar,
NVEC,2026-10-28,,nasdaq_calendar,
NVGS,2026-11-03,,nasdaq_calendar,
NVMI,2026-11-05,,nasdaq_calendar,
NVNO,2026-10-30,,nasdaq_calendar,
NVO,2026-11-04,,nasdaq_calendar,
NVR,2026-10-28,,nasdaq_calendar,
NVRI,2026-11-10,,nasdaq_calendar,
NVS,2026-10-27,BMO,nasdaq_calendar,
NVST,2026-11-04,AMC,nasdaq_calendar,
NVT,2026-10-30,,nasdaq_calendar,
NVTS,2026-11-02,,nasdaq_calendar,
NWBI,2026-10-26,AMC,nasdaq_calendar,
NWCL,2026-11-11,,nasdaq_calendar,
NWE,2026-11-04,,nasdaq_calendar,
NWFL,2026-10-27,BMO,nasdaq_calendar,
NWG,2026-10-30,BMO,nasdaq_calendar,
NWL,2026-10-30,BMO,nasdaq_calendar,
NWN,2026-11-04,,nasdaq_calendar,
NWPX,2026-11-04,,nasdaq_calendar,
NWS,2026-11-05,,nasdaq_calendar,
NWSA,2026-11-05,,nasdaq_calendar,
NWTG,2026-11-12,,nasdaq_calendar,
NXDR,2026-11-04,,nasdaq_calendar,
NXE,2026-11-04,,nasdaq_calendar,
NXGL,2026-11-10,,nasdaq_calendar,
NXH,2026-10-26,,nasdaq_calendar,
NXL,2026-11-13,,nasdaq_calendar,
NXPI,2026-10-27,AMC,nasdaq_calendar,
NXPL,2026-11-11,,nasdaq_calendar,
NXRT,2026-11-03,BMO,nasdaq_calendar,
NXST,2026-11-05,BMO,nasdaq_calendar,
NXT,2026-10-28,AMC,nasdaq_calendar,
NXTC,2026-11-04,,nasdaq_calendar,
NXTS,2026-11-12,,nasdaq_calendar,
NXTT,2026-10-14,,nasdaq_calendar,
NXXT,2026-11-13,,nasdaq_calendar,
NYAX,2026-11-18,,nasdaq_calendar,
NYC,2026-11-18,,nasdaq_calendar,
NYT,2026-11-04,,nasdaq_calendar,
NYXH,2026-11-12,,nasdaq_calendar,
O,2026-11-02,AMC,nasdaq_calendar,
OABI,2026-11-03,,nasdaq_calendar,
OBAI,2026-11-13,,nasdaq_calendar,
OBDC,2026-11-04,AMC,nasdaq_calendar,
OBE,2026-11-05,BMO,nasdaq_calendar,
OBIO,2026-11-09,,nasdaq_calendar,
OBK,2026-10-28,,nasdaq_calendar,
OBT,2026-11-04,,nasdaq_calendar,
OC,2026-11-04,,nasdaq_calendar,
OCFC,2026-10-27,AMC,nasdaq_calendar,
OCGN,2026-11-04,,nasdaq_calendar,
OCS,2026-11-09,,nasdaq_calendar,
OCSL,2026-11-17,,nasdaq_calendar,
OCTV,2026-11-12,BMO,nasdaq_calendar,
OCUL,2026-11-03,,nasdaq_calendar,
ODC,2026-10-08,,nasdaq_calendar,
ODD,2026-11-18,,nasdaq_calendar,
ODFL,2026-10-28,BMO,nasdaq_calendar,
ODTX,2026-11-04,,nasdaq_calendar,
ODYS,2026-11-12,,nasdaq_calendar,
OEC,2026-11-03,,nasdaq_calendar,
OESX,2026-11-04,,nasdaq_calendar,
OFG,2026-10-21,BMO,nasdaq_calendar,
OFIX,2026-11-03,,nasdaq_calendar,
OFLX,2026-11-04,,nasdaq_calendar,
OFRM,2026-11-05,,nasdaq_calendar,
OFS,2026-10-29,,nasdaq_calendar,
OGC,2026-11-04,AMC,nasdaq_calendar,
OGE,2026-10-28,BMO,nasdaq_calendar,
OGEN,2026-11-06,,nasdaq_calendar,
OGG,2026-11-06,,nasdaq_calendar,
OGN,2026-11-09,,nasdaq_calendar,
OGS,2026-11-02,AMC,nasdaq_calendar,
OHI,2026-11-03,AMC,nasdaq_calendar,
OI,2026-10-27,AMC,nasdaq_calendar,
OII,2026-10-21,AMC,nasdaq_calendar,
OIS,2026-10-30,,nasdaq_calendar,
OKE,2026-10-27,AMC,nasdaq_calendar,
OKLO,2026-11-10,,nasdaq_calendar,
OKUR,2026-11-05,,nasdaq_calendar,
OLB,2026-11-13,,nasdaq_calendar,
OLED,2026-11-05,,nasdaq_calendar,
OLMA,2026-11-09,,nasdaq_calendar,
OLN,2026-10-29,AMC,nasdaq_calendar,
OLOX,2026-11-12,,nasdaq_calendar,
OLP,2026-11-05,,nasdaq_calendar,
OM,2026-11-09,,nasdaq_calendar,
OMAB,2026-10-22,,nasdaq_calendar,
OMC,2026-10-20,,nasdaq_calendar,
OMCL,2026-10-29,,nasdaq_calendar,
OMDA,2026-11-05,,nasdaq_calendar,
OMER,2026-11-12,,nasdaq_calendar,
OMEX,2026-11-11,,nasdaq_calendar,
OMF,2026-10-30,,nasdaq_calendar,
ON,2026-11-02,,nasdaq_calendar,
ONB,2026-10-21,BMO,nasdaq_calendar,
ONC,2026-11-05,,nasdaq_calendar,
ONCO,2026-11-12,,nasdaq_calendar,
ONCY,2026-11-11,,nasdaq_calendar,
ONDS,2026-11-12,,nasdaq_calendar,
ONEW,2026-11-12,,nasdaq_calendar,
ONFO,2026-11-13,,nasdaq_calendar,
ONIT,2026-11-05,,nasdaq_calendar,
ONL,2026-11-05,,nasdaq_calendar,
ONMD,2026-11-13,,nasdaq_calendar,
ONON,2026-11-11,,nasdaq_calendar,
ONT,2026-11-03,,nasdaq_calendar,
ONTO,2026-11-05,,nasdaq_calendar,
OPAD,2026-11-02,,nasdaq_calendar,
OPAL,2026-11-05,,nasdaq_calendar,
OPBK,2026-10-22,,nasdaq_calendar,
OPCH,2026-10-29,,nasdaq_calendar,
OPEN,2026-11-05,,nasdaq_calendar,
OPFI,2026-11-04,,nasdaq_calendar,
OPHC,2026-11-09,,nasdaq_calendar,
OPK,2026-11-04,,nasdaq_calendar,
OPLN,2026-11-04,BMO,nasdaq_calendar,
OPNW,2026-11-13,,nasdaq_calendar,
OPRA,2026-11-04,,nasdaq_calendar,
OPRT,2026-11-03,,nasdaq_calendar,
OPRX,2026-11-05,,nasdaq_calendar,
OPTH,2026-11-13,,nasdaq_calendar,
OPTU,2026-11-05,,nasdaq_calendar,
OPTX,2026-11-12,,nasdaq_calendar,
OPY,2026-10-30,,nasdaq_calendar,
OR,2026-11-11,AMC,nasdaq_calendar,
ORA,2026-11-04,AMC,nasdaq_calendar,
ORBS,2026-11-13,,nasdaq_calendar,
ORC,2026-10-22,AMC,nasdaq_calendar,
ORGO,2026-11-05,,nasdaq_calendar,
ORI,2026-10-22,BMO,nasdaq_calendar,
ORIC,2026-11-12,,nasdaq_calendar,
ORIO,2026-11-06,,nasdaq_calendar,
ORKA,2026-11-11,,nasdaq_calendar,
ORLY,2026-10-28,AMC,nasdaq_calendar,
ORMP,2026-11-12,,nasdaq_calendar,
ORN,2026-10-27,AMC,nasdaq_calendar,
ORRF,2026-10-20,AMC,nasdaq_calendar,
OSBC,2026-10-21,AMC,nasdaq_calendar,
OSCR,2026-11-05,,nasdaq_calendar,
OSG,2026-11-09,,nasdaq_calendar,
OSIS,2026-10-29,,nasdaq_calendar,
OSK,2026-11-04,,nasdaq_calendar,
OSPN,2026-10-29,AMC,nasdaq_calendar,
OSS,2026-11-04,,nasdaq_calendar,
OSTX,2026-11-13,,nasdaq_calendar,
OSUR,2026-11-04,,nasdaq_calendar,
OSW,2026-11-04,,nasdaq_calendar,
OTEX,2026-11-05,BMO,nasdaq_calendar,
OTF,2026-11-04,AMC,nasdaq_calendar,
OTIS,2026-10-28,BMO,nasdaq_calendar,
OTLY,2026-10-28,BMO,nasdaq_calendar,
OTTR,2026-11-02,,nasdaq_calendar,
OUST,2026-11-03,,nasdaq_calendar,
OUT,2026-11-05,,nasdaq_calendar,
OVBC,2026-10-26,,nasdaq_calendar,
OVID,2026-11-11,,nasdaq_calendar,
OVLY,2026-10-28,,nasdaq_calendar,
OVV,2026-11-03,,nasdaq_calendar,
OWL,2026-10-29,BMO,nasdaq_calendar,
OWLT,2026-11-12,,nasdaq_calendar,
OXBR,2026-11-05,,nasdaq_calendar,
OXSQ,2026-11-03,,nasdaq_calendar,
OXY,2026-11-09,AMC,nasdaq_calendar,
OZ,2026-11-13,,nasdaq_calendar,
OZK,2026-10-20,AMC,nasdaq_calendar,
PAA,2026-11-06,BMO,nasdaq_calendar,
PAAI,2026-11-12,,nasdaq_calendar,
PAAS,2026-11-04,AMC,nasdaq_calendar,
PAC,2026-10-19,,nasdaq_calendar,
PACB,2026-11-04,,nasdaq_calendar,
PACK,2026-10-29,,nasdaq_calendar,
PACS,2026-11-18,,nasdaq_calendar,
PAG,2026-11-04,,nasdaq_calendar,
PAGP,2026-11-06,BMO,nasdaq_calendar,
PAGS,2026-11-11,,nasdaq_calendar,
PAHC,2026-11-04,,nasdaq_calendar,
PAL,2026-11-12,AMC,nasdaq_calendar,
PALI,2026-11-09,,nasdaq_calendar,
PAM,2026-11-03,,nasdaq_calendar,
PAMT,2026-10-27,,nasdaq_calendar,
PANL,2026-11-05,,nasdaq_calendar,
PANW,2026-11-18,,nasdaq_calendar,
PAR,2026-11-05,,nasdaq_calendar,
PARA,2026-11-16,AMC,nasdaq_calendar,
PARK,2026-11-11,,nasdaq_calendar,
PARR,2026-11-03,,nasdaq_calendar,
PASG,2026-11-09,,nasdaq_calendar,
PATK,2026-10-29,,nasdaq_calendar,
PAVM,2026-11-12,,nasdaq_calendar,
PAX,2026-11-03,,nasdaq_calendar,
PAY,2026-11-02,,nasdaq_calendar,
PAYC,2026-11-04,,nasdaq_calendar,
PAYO,2026-11-04,,nasdaq_calendar,
PAYS,2026-11-11,,nasdaq_calendar,
PB,2026-10-28,BMO,nasdaq_calendar,
PBA,2026-11-05,AMC,nasdaq_calendar,
PBAM,2026-10-16,,nasdaq_calendar,
PBF,2026-10-29,BMO,nasdaq_calendar,
PBFS,2026-11-06,,nasdaq_calendar,
PBH,2026-11-05,,nasdaq_calendar,
PBHC,2026-10-29,,nasdaq_calendar,
PBI,2026-11-04,,nasdaq_calendar,
PBK,2026-11-13,,nasdaq_calendar,
PBLS,2026-11-12,,nasdaq_calendar,
PBR,2026-11-10,AMC,nasdaq_calendar,
PBT,2026-11-12,,nasdaq_calendar,
PBYI,2026-11-05,,nasdaq_calendar,
PCAR,2026-10-27,BMO,nasdaq_calendar,
PCB,2026-10-22,,nasdaq_calendar,
PCG,2026-10-22,BMO,nasdaq_calendar,
PCOR,2026-11-04,,nasdaq_calendar,
PCRX,2026-11-05,,nasdaq_calendar,
PCSA,2026-11-05,,nasdaq_calendar,
PCT,2026-11-05,,nasdaq_calendar,
PCTY,2026-11-03,,nasdaq_calendar,
PCVX,2026-11-03,,nasdaq_calendar,
PCYO,2026-11-11,,nasdaq_calendar,
PD,2026-11-24,,nasdaq_calendar,
PDCC,2026-11-17,,nasdaq_calendar,
PDD,2026-11-17,,nasdaq_calendar,
PDEX,2026-10-29,,nasdaq_calendar,
PDFS,2026-11-05,,nasdaq_calendar,
PDLB,2026-10-23,,nasdaq_calendar,
PDM,2026-10-26,AMC,nasdaq_calendar,
PDS,2026-10-27,AMC,nasdaq_calendar,
PDSB,2026-11-12,,nasdaq_calendar,
PDYN,2026-11-11,,nasdaq_calendar,
PEB,2026-10-29,AMC,nasdaq_calendar,
PEBK,2026-10-19,,nasdaq_calendar,
PEBO,2026-10-20,BMO,nasdaq_calendar,
PECO,2026-10-26,AMC,nasdaq_calendar,
PED,2026-11-13,,nasdaq_calendar,
PEG,2026-11-02,,nasdaq_calendar,
PEGA,2026-10-20,AMC,nasdaq_calendar,
PEN,2026-11-04,,nasdaq_calendar,
PENN,2026-11-05,BMO,nasdaq_calendar,
PEP,2026-10-08,,nasdaq_calendar,
PEPG,2026-11-11,,nasdaq_calendar,
PERF,2026-10-27,,nasdaq_calendar,
PERI,2026-11-11,,nasdaq_calendar,
PESI,2026-11-09,,nasdaq_calendar,
PEW,2026-11-12,,nasdaq_calendar,
PFBC,2026-10-23,BMO,nasdaq_calendar,
PFE,2026-11-03,BMO,nasdaq_calendar,
PFG,2026-10-26,AMC,nasdaq_calendar,
PFGC,2026-11-04,,nasdaq_calendar,
PFIS,2026-10-29,,nasdaq_calendar,
PFLT,2026-11-23,AMC,nasdaq_calendar,
PFS,2026-10-28,AMC,nasdaq_calendar,
PFSA,2026-11-18,,nasdaq_calendar,
PFSI,2026-10-29,AMC,nasdaq_calendar,
PG,2026-10-22,BMO,nasdaq_calendar,
PGC,2026-11-06,,nasdaq_calendar,
PGEN,2026-11-12,,nasdaq_calendar,
PGNY,2026-11-05,,nasdaq_calendar,
PGR,2026-10-14,BMO,nasdaq_calendar,
PGY,2026-10-29,BMO,nasdaq_calendar,
PH,2026-11-05,,nasdaq_calendar,
PHAR,2026-11-05,,nasdaq_calendar,
PHAT,2026-10-29,,nasdaq_calendar,
PHG,2026-11-03,BMO,nasdaq_calendar,
PHI,2026-11-10,,nasdaq_calendar,
PHIN,2026-10-29,BMO,nasdaq_calendar,
PHIO,2026-11-12,,nasdaq_calendar,
PHM,2026-10-22,BMO,nasdaq_calendar,
PHUN,2026-11-05,,nasdaq_calendar,
PHVS,2026-11-11,,nasdaq_calendar,
PI,2026-10-28,AMC,nasdaq_calendar,
PICS,2026-11-23,,nasdaq_calendar,
PII,2026-10-27,BMO,nasdaq_calendar,
PIII,2026-11-12,,nasdaq_calendar,
PINE,2026-10-22,AMC,nasdaq_calendar,
PINS,2026-11-03,,nasdaq_calendar,
PIPR,2026-10-30,,nasdaq_calendar,
PJT,2026-11-03,,nasdaq_calendar,
PK,2026-11-04,AMC,nasdaq_calendar,
PKBK,2026-10-28,,nasdaq_calendar,
PKE,2026-10-08,,nasdaq_calendar,
PKG,2026-10-21,AMC,nasdaq_calendar,
PKOH,2026-11-04,,nasdaq_calendar,
PKX,2026-10-26,,nasdaq_calendar,
PLAG,2026-11-13,,nasdaq_calendar,
PLBC,2026-10-21,,nasdaq_calendar,
PLBY,2026-11-11,,nasdaq_calendar,
PLD,2026-10-15,BMO,nasdaq_calendar,
PLG,2026-11-25,,nasdaq_calendar,
PLGO,2026-11-11,AMC,nasdaq_calendar,
PLMR,2026-11-05,,nasdaq_calendar,
PLNT,2026-11-05,,nasdaq_calendar,
PLOW,2026-11-02,,nasdaq_calendar,
PLPC,2026-11-04,,nasdaq_calendar,
PLRX,2026-11-05,,nasdaq_calendar,
PLSE,2026-11-04,,nasdaq_calendar,
PLTK,2026-11-05,,nasdaq_calendar,
PLTR,2026-11-02,,nasdaq_calendar,
PLUG,2026-11-09,,nasdaq_calendar,
PLUR,2026-11-11,,nasdaq_calendar,
PLUS,2026-11-05,,nasdaq_calendar,
PLX,2026-11-12,,nasdaq_calendar,
PLXS,2026-10-28,,nasdaq_calendar,
PLYX,2026-11-12,,nasdaq_calendar,
PM,2026-10-20,BMO,nasdaq_calendar,
PMI,2026-11-13,,nasdaq_calendar,
PMN,2026-11-11,,nasdaq_calendar,
PMT,2026-10-29,AMC,nasdaq_calendar,
PMTS,2026-11-03,,nasdaq_calendar,
PMVP,2026-11-11,,nasdaq_calendar,
PNBK,2026-11-13,,nasdaq_calendar,
PNC,2026-10-15,BMO,nasdaq_calendar,
PNFP,2026-10-21,AMC,nasdaq_calendar,
PNNT,2026-11-23,AMC,nasdaq_calendar,
PNR,2026-10-20,,nasdaq_calendar,
PNRG,2026-11-18,,nasdaq_calendar,
PNTG,2026-11-04,,nasdaq_calendar,
PNW,2026-11-03,BMO,nasdaq_calendar,
POCI,2026-11-12,,nasdaq_calendar,
PODC,2026-11-10,,nasdaq_calendar,
PODD,2026-11-04,BMO,nasdaq_calendar,
POET,2026-11-12,,nasdaq_calendar,
POLA,2026-11-18,,nasdaq_calendar,
PONY,2026-11-24,,nasdaq_calendar,
POOL,2026-10-22,,nasdaq_calendar,
POR,2026-10-29,BMO,nasdaq_calendar,
POST,2026-11-19,,nasdaq_calendar,
POWI,2026-11-04,,nasdaq_calendar,
POWL,2026-11-17,,nasdaq_calendar,
POWW,2026-11-16,BMO,nasdaq_calendar,
PPBT,2026-11-13,,nasdaq_calendar,
PPC,2026-11-04,,nasdaq_calendar,
PPCB,2026-11-13,,nasdaq_calendar,
PPG,2026-10-27,AMC,nasdaq_calendar,
PPHC,2026-11-09,,nasdaq_calendar,
PPL,2026-11-04,,nasdaq_calendar,
PPLI,2026-11-02,AMC,nasdaq_calendar,
PPSI,2026-11-12,,nasdaq_calendar,
PPTA,2026-11-13,,nasdaq_calendar,
PR,2026-11-04,,nasdaq_calendar,
PRAA,2026-11-02,,nasdaq_calendar,
PRAX,2026-11-04,,nasdaq_calendar,
PRCH,2026-11-04,,nasdaq_calendar,
PRCT,2026-11-03,,nasdaq_calendar,
PRDO,2026-11-03,,nasdaq_calendar,
PRE,2026-11-09,,nasdaq_calendar,
PRG,2026-10-28,BMO,nasdaq_calendar,
PRGO,2026-11-04,,nasdaq_calendar,
PRHI,2026-11-11,,nasdaq_calendar,
PRI,2026-11-04,,nasdaq_calendar,
PRIM,2026-11-02,,nasdaq_calendar,
PRK,2026-10-26,,nasdaq_calendar,
PRKS,2026-11-05,BMO,nasdaq_calendar,
PRLB,2026-10-30,,nasdaq_calendar,
PRLD,2026-11-11,,nasdaq_calendar,
PRM,2026-10-29,,nasdaq_calendar,
PRMB,2026-11-05,BMO,nasdaq_calendar,
PRME,2026-11-06,,nasdaq_calendar,
PROF,2026-11-12,,nasdaq_calendar,
PROK,2026-11-09,,nasdaq_calendar,
PROP,2026-11-13,,nasdaq_calendar,
PROV,2026-10-27,,nasdaq_calendar,
PRPL,2026-11-03,,nasdaq_calendar,
PRPO,2026-11-13,,nasdaq_calendar,
PRQR,2026-11-05,,nasdaq_calendar,
PRSO,2026-11-09,,nasdaq_calendar,
PRSU,2026-11-04,,nasdaq_calendar,
PRT,2026-11-12,,nasdaq_calendar,
PRTA,2026-11-05,,nasdaq_calendar,
PRTH,2026-11-05,,nasdaq_calendar,
PRTS,2026-11-09,,nasdaq_calendar,
PRU,2026-11-03,AMC,nasdaq_calendar,
PRVA,2026-11-05,BMO,nasdaq_calendar,
PS,2026-11-11,,nasdaq_calendar,
PSA,2026-10-26,AMC,nasdaq_calendar,
PSBD,2026-11-04,,nasdaq_calendar,
PSEC,2026-11-05,,nasdaq_calendar,
PSFE,2026-11-12,,nasdaq_calendar,
PSHG,2026-11-24,,nasdaq_calendar,
PSIX,2026-11-05,,nasdaq_calendar,
PSMT,2026-10-26,AMC,nasdaq_calendar,
PSN,2026-10-28,BMO,nasdaq_calendar,
PSNL,2026-11-03,,nasdaq_calendar,
PSQH,2026-11-05,,nasdaq_calendar,
PSTL,2026-11-03,,nasdaq_calendar,
PSX,2026-10-28,BMO,nasdaq_calendar,
PTC,2026-11-04,,nasdaq_calendar,
PTCT,2026-11-03,,nasdaq_calendar,
PTEN,2026-10-28,AMC,nasdaq_calendar,
PTGX,2026-11-05,,nasdaq_calendar,
PTHS,2026-11-12,,nasdaq_calendar,
PTLO,2026-11-03,,nasdaq_calendar,
PTN,2026-11-13,,nasdaq_calendar,
PTON,2026-11-05,,nasdaq_calendar,
PTRN,2026-11-04,AMC,nasdaq_calendar,
PUBM,2026-11-09,,nasdaq_calendar,
PULM,2026-10-15,,nasdaq_calendar,
PUMP,2026-11-04,,nasdaq_calendar,
PUSA,2026-11-13,,nasdaq_calendar,
PVL,2026-11-13,,nasdaq_calendar,
PVLA,2026-11-10,,nasdaq_calendar,
PW,2026-10-23,,nasdaq_calendar,
PWCM,2026-11-13,,nasdaq_calendar,
PWP,2026-11-06,,nasdaq_calendar,
PWR,2026-10-29,,nasdaq_calendar,
PXLW,2026-11-10,,nasdaq_calendar,
PXS,2026-11-19,,nasdaq_calendar,
PYPD,2026-11-11,,nasdaq_calendar,
PYPL,2026-10-27,BMO,nasdaq_calendar,
PYXS,2026-11-02,,nasdaq_calendar,
PZG,2026-11-13,,nasdaq_calendar,
PZZA,2026-11-05,BMO,nasdaq_calendar,
Q,2026-11-04,BMO,nasdaq_calendar,
QBTS,2026-11-05,,nasdaq_calendar,
QCLS,2026-11-18,,nasdaq_calendar,
QCOM,2026-11-04,,nasdaq_calendar,
QCRH,2026-10-20,AMC,nasdaq_calendar,
QDEL,2026-11-04,,nasdaq_calendar,
QFIN,2026-11-17,,nasdaq_calendar,
QGEN,2026-11-03,,nasdaq_calendar,
QLYS,2026-11-03,,nasdaq_calendar,
QMCO,2026-11-12,,nasdaq_calendar,
QMLS,2026-11-24,,nasdaq_calendar,
QNBC,2026-10-27,,nasdaq_calendar,
QNC,2026-11-20,,nasdaq_calendar,
QNCX,2026-11-11,,nasdaq_calendar,
QNME,2026-11-18,,nasdaq_calendar,
QNRX,2026-11-05,,nasdaq_calendar,
QNST,2026-11-05,,nasdaq_calendar,
QNT,2026-11-10,,nasdaq_calendar,
QNTM,2026-11-06,,nasdaq_calendar,
QRHC,2026-11-09,,nasdaq_calendar,
QS,2026-10-28,,nasdaq_calendar,
QSI,2026-11-04,,nasdaq_calendar,
QSR,2026-10-29,BMO,nasdaq_calendar,
QTI,2026-11-09,,nasdaq_calendar,
QTRX,2026-11-09,,nasdaq_calendar,
QTTB,2026-11-12,,nasdaq_calendar,
QTWO,2026-11-04,,nasdaq_calendar,
QUAD,2026-10-28,AMC,nasdaq_calendar,
QUBT,2026-11-13,,nasdaq_calendar,
QUCY,2026-11-13,,nasdaq_calendar,
QUIK,2026-11-10,,nasdaq_calendar,
QURE,2026-11-09,,nasdaq_calendar,
QXL,2026-11-13,,nasdaq_calendar,
QXO,2026-11-05,,nasdaq_calendar,
R,2026-10-22,BMO,nasdaq_calendar,
RACE,2026-11-03,BMO,nasdaq_calendar,
RAIL,2026-11-09,,nasdaq_calendar,
RAIN,2026-11-12,,nasdaq_calendar,
RAL,2026-11-04,,nasdaq_calendar,
RAMP,2026-11-04,,nasdaq_calendar,
RAND,2026-11-06,,nasdaq_calendar,
RANI,2026-11-05,,nasdaq_calendar,
RAPP,2026-11-05,,nasdaq_calendar,
RARE,2026-11-03,,nasdaq_calendar,
RAVE,2026-11-05,,nasdaq_calendar,
RBA,2026-11-09,BMO,nasdaq_calendar,
RBB,2026-10-19,AMC,nasdaq_calendar,
RBBN,2026-10-28,,nasdaq_calendar,
RBC,2026-10-30,,nasdaq_calendar,
RBCAA,2026-10-16,,nasdaq_calendar,
RBKB,2026-10-27,,nasdaq_calendar,
RBLX,2026-10-29,AMC,nasdaq_calendar,
RBNE,2026-11-12,,nasdaq_calendar,
RC,2026-11-05,,nasdaq_calendar,
RCAT,2026-11-12,,nasdaq_calendar,
RCEL,2026-11-05,,nasdaq_calendar,
RCI,2026-10-23,BMO,nasdaq_calendar,
RCKT,2026-11-05,,nasdaq_calendar,
RCKY,2026-10-27,,nasdaq_calendar,
RCL,2026-10-27,,nasdaq_calendar,
RCMT,2026-11-04,,nasdaq_calendar,
RCUS,2026-10-27,,nasdaq_calendar,
RDCM,2026-11-11,,nasdaq_calendar,
RDDT,2026-10-29,,nasdaq_calendar,
RDI,2026-11-13,,nasdaq_calendar,
RDN,2026-11-03,,nasdaq_calendar,
RDNT,2026-11-09,,nasdaq_calendar,
RDNW,2026-11-03,,nasdaq_calendar,
RDVT,2026-11-04,,nasdaq_calendar,
RDW,2026-11-04,,nasdaq_calendar,
RDWR,2026-10-28,BMO,nasdaq_calendar,
RDY,2026-10-23,,nasdaq_calendar,
RDZN,2026-11-13,,nasdaq_calendar,
REA,2026-11-10,,nasdaq_calendar,
REAL,2026-11-09,,nasdaq_calendar,
REAX,2026-10-29,,nasdaq_calendar,
REBN,2026-11-18,,nasdaq_calendar,
REED,2026-11-10,,nasdaq_calendar,
REFI,2026-11-03,,nasdaq_calendar,
REFR,2026-11-05,,nasdaq_calendar,
REG,2026-11-05,AMC,nasdaq_calendar,
REGN,2026-10-30,BMO,nasdaq_calendar,
REI,2026-11-05,,nasdaq_calendar,
REKR,2026-11-12,,nasdaq_calendar,
RELY,2026-11-04,,nasdaq_calendar,
RENX,2026-11-13,,nasdaq_calendar,
REPL,2026-11-05,,nasdaq_calendar,
REPX,2026-11-04,,nasdaq_calendar,
RERE,2026-11-19,,nasdaq_calendar,
RES,2026-10-29,,nasdaq_calendar,
REVB,2026-11-05,,nasdaq_calendar,
REXR,2026-10-22,AMC,nasdaq_calendar,
REYN,2026-11-04,,nasdaq_calendar,
REZI,2026-11-04,,nasdaq_calendar,
RF,2026-10-16,BMO,nasdaq_calendar,
RFL,2026-11-04,,nasdaq_calendar,
RGA,2026-10-29,,nasdaq_calendar,
RGCO,2026-11-18,,nasdaq_calendar,
RGEN,2026-10-27,,nasdaq_calendar,
RGLD,2026-11-04,,nasdaq_calendar,
RGNX,2026-11-05,,nasdaq_calendar,
RGR,2026-11-04,,nasdaq_calendar,
RGS,2026-11-11,,nasdaq_calendar,
RGTI,2026-11-09,,nasdaq_calendar,
RHI,2026-10-28,,nasdaq_calendar,
RHLD,2026-11-02,,nasdaq_calendar,
RHP,2026-11-02,AMC,nasdaq_calendar,
RIG,2026-11-04,,nasdaq_calendar,
RIGL,2026-11-03,,nasdaq_calendar,
RIME,2026-11-18,,nasdaq_calendar,
RIOT,2026-10-29,,nasdaq_calendar,
RITM,2026-10-29,,nasdaq_calendar,
RIVN,2026-10-29,AMC,nasdaq_calendar,
RJET,2026-11-20,,nasdaq_calendar,
RJF,2026-10-28,AMC,nasdaq_calendar,
RKDA,2026-11-06,,nasdaq_calendar,
RKLB,2026-11-09,,nasdaq_calendar,
RKT,2026-10-29,,nasdaq_calendar,
RKTO,2026-11-11,,nasdaq_calendar,
RL,2026-11-05,,nasdaq_calendar,
RLAY,2026-11-05,,nasdaq_calendar,
RLGT,2026-11-09,,nasdaq_calendar,
RLI,2026-10-19,AMC,nasdaq_calendar,
RLJ,2026-11-04,AMC,nasdaq_calendar,
RLMD,2026-11-12,,nasdaq_calendar,
RLX,2026-11-13,,nasdaq_calendar,
RLYB,2026-11-05,,nasdaq_calendar,
RM,2026-10-28,AMC,nasdaq_calendar,
RMBI,2026-10-22,,nasdaq_calendar,
RMBS,2026-10-26,AMC,nasdaq_calendar,
RMCF,2026-10-12,,nasdaq_calendar,
RMCO,2026-11-12,,nasdaq_calendar,
RMD,2026-10-29,AMC,nasdaq_calendar,
RMIX,2026-11-13,,nasdaq_calendar,
RMNI,2026-10-29,,nasdaq_calendar,
RMR,2026-11-11,,nasdaq_calendar,
RMTI,2026-11-11,,nasdaq_calendar,
RNA,2026-11-12,,nasdaq_calendar,
RNAC,2026-11-05,,nasdaq_calendar,
RNAZ,2026-11-13,,nasdaq_calendar,
RNG,2026-11-02,,nasdaq_calendar,
RNGR,2026-11-09,,nasdaq_calendar,
RNR,2026-10-27,AMC,nasdaq_calendar,
RNST,2026-10-27,AMC,nasdaq_calendar,
RNTX,2026-11-13,,nasdaq_calendar,
RNW,2026-11-09,,nasdaq_calendar,
RNXT,2026-11-12,,nasdaq_calendar,
ROAD,2026-11-19,,nasdaq_calendar,
ROC,2026-11-12,,nasdaq_calendar,
ROCK,2026-10-29,,nasdaq_calendar,
ROG,2026-11-04,,nasdaq_calendar,
ROIV,2026-11-09,,nasdaq_calendar,
ROK,2026-11-05,,nasdaq_calendar,
ROKU,2026-10-29,,nasdaq_calendar,
ROL,2026-10-21,AMC,nasdaq_calendar,
ROLR,2026-11-10,,nasdaq_calendar,
ROOT,2026-11-04,AMC,nasdaq_calendar,
ROP,2026-10-22,BMO,nasdaq_calendar,
ROST,2026-11-19,,nasdaq_calendar,
RPAY,2026-11-09,,nasdaq_calendar,
RPC,2026-11-05,,nasdaq_calendar,
RPD,2026-11-03,,nasdaq_calendar,
RPID,2026-11-06,,nasdaq_calendar,
RPRX,2026-11-04,,nasdaq_calendar,
RPT,2026-10-30,,nasdaq_calendar,
RRBI,2026-10-29,,nasdaq_calendar,
RRC,2026-10-27,AMC,nasdaq_calendar,
RRGB,2026-11-09,,nasdaq_calendar,
RRR,2026-10-27,,nasdaq_calendar,
RRX,2026-11-03,BMO,nasdaq_calendar,
RS,2026-10-21,AMC,nasdaq_calendar,
RSG,2026-10-29,AMC,nasdaq_calendar,
RSI,2026-10-28,AMC,nasdaq_calendar,
RSKD,2026-11-11,,nasdaq_calendar,
RSSS,2026-11-12,,nasdaq_calendar,
RSVR,2026-11-03,,nasdaq_calendar,
RTB,2026-11-13,,nasdaq_calendar,
RTX,2026-10-20,BMO,nasdaq_calendar,
RUM,2026-11-09,,nasdaq_calendar,
RUN,2026-11-04,AMC,nasdaq_calendar,
RUSHA,2026-10-27,AMC,nasdaq_calendar,
RUSHB,2026-10-27,AMC,nasdaq_calendar,
RVLV,2026-11-03,,nasdaq_calendar,
RVMD,2026-11-04,,nasdaq_calendar,
RVP,2026-11-13,,nasdaq_calendar,
RVSB,2026-10-27,,nasdaq_calendar,
RVTY,2026-11-03,BMO,nasdaq_calendar,
RWAY,2026-11-05,AMC,nasdaq_calendar,
RWT,2026-11-04,,nasdaq_calendar,
RXO,2026-11-05,,nasdaq_calendar,
RXRX,2026-11-04,,nasdaq_calendar,
RXST,2026-11-04,,nasdaq_calendar,
RXT,2026-11-05,,nasdaq_calendar,
RYAAY,2026-11-02,BMO,nasdaq_calendar,
RYAM,2026-11-03,,nasdaq_calendar,
RYAN,2026-10-29,AMC,nasdaq_calendar,
RYDE,2026-10-08,,nasdaq_calendar,
RYM,2026-11-06,,nasdaq_calendar,
RYN,2026-11-04,,nasdaq_calendar,
RYTM,2026-11-03,,nasdaq_calendar,
RYZ,2026-10-28,AMC,nasdaq_calendar,
RZC,2026-10-29,,nasdaq_calendar,
RZLT,2026-11-05,,nasdaq_calendar,
SA,2026-11-11,,nasdaq_calendar,
SABR,2026-11-04,,nasdaq_calendar,
SABS,2026-11-13,,nasdaq_calendar,
SACH,2026-11-04,,nasdaq_calendar,
SAFE,2026-11-04,,nasdaq_calendar,
SAFT,2026-11-02,,nasdaq_calendar,
SAFX,2026-11-13,,nasdaq_calendar,
SAH,2026-10-29,BMO,nasdaq_calendar,
SAIA,2026-10-29,BMO,nasdaq_calendar,
SAM,2026-10-22,AMC,nasdaq_calendar,
SAMG,2026-10-29,,nasdaq_calendar,
SAN,2026-11-04,,nasdaq_calendar,
SANA,2026-11-05,,nasdaq_calendar,
SANG,2026-11-09,,nasdaq_calendar,
SANM,2026-11-02,,nasdaq_calendar,
SAP,2026-10-21,AMC,nasdaq_calendar,
SARO,2026-11-09,,nasdaq_calendar,
SATL,2026-11-09,,nasdaq_calendar,
SB,2026-11-24,,nasdaq_calendar,
SBAC,2026-11-02,,nasdaq_calendar,
SBC,2026-11-13,,nasdaq_calendar,
SBCF,2026-10-27,AMC,nasdaq_calendar,
SBET,2026-11-11,,nasdaq_calendar,
SBFG,2026-10-22,BMO,nasdaq_calendar,
SBFM,2026-11-12,,nasdaq_calendar,
SBGI,2026-11-04,AMC,nasdaq_calendar,
SBH,2026-11-12,,nasdaq_calendar,
SBLK,2026-11-17,,nasdaq_calendar,
SBMT,2026-11-12,,nasdaq_calendar,
SBR,2026-11-06,,nasdaq_calendar,
SBRA,2026-11-04,,nasdaq_calendar,
SBS,2026-11-09,,nasdaq_calendar,
SBSI,2026-10-23,,nasdaq_calendar,
SBUX,2026-11-04,,nasdaq_calendar,
SBXE,2026-11-11,,nasdaq_calendar,
SCCO,2026-10-27,,nasdaq_calendar,
SCHW,2026-10-15,BMO,nasdaq_calendar,
SCI,2026-11-04,,nasdaq_calendar,
SCKT,2026-10-28,,nasdaq_calendar,
SCL,2026-10-28,BMO,nasdaq_calendar,
SCLX,2026-11-13,,nasdaq_calendar,
SCM,2026-11-09,,nasdaq_calendar,
SCNI,2026-11-23,,nasdaq_calendar,
SCNX,2026-11-11,,nasdaq_calendar,
SCOR,2026-11-03,,nasdaq_calendar,
SCPQ,2026-11-04,,nasdaq_calendar,
SCSC,2026-11-05,,nasdaq_calendar,
SCWO,2026-11-11,,nasdaq_calendar,
SCYX,2026-11-04,,nasdaq_calendar,
SCZM,2026-11-13,,nasdaq_calendar,
SD,2026-11-04,,nasdaq_calendar,
SDEV,2026-11-06,,nasdaq_calendar,
SDGR,2026-11-04,,nasdaq_calendar,
SDHC,2026-11-04,,nasdaq_calendar,
SDOT,2026-11-18,,nasdaq_calendar,
SDRL,2026-11-03,AMC,nasdaq_calendar,
SDST,2026-11-12,,nasdaq_calendar,
SE,2026-11-10,,nasdaq_calendar,
SEAT,2026-11-05,,nasdaq_calendar,
SEB,2026-10-27,,nasdaq_calendar,
SECZ,2026-11-11,,nasdaq_calendar,
SEDG,2026-11-04,,nasdaq_calendar,
SEER,2026-11-05,,nasdaq_calendar,
SEG,2026-11-09,,nasdaq_calendar,
SEGG,2026-11-19,,nasdaq_calendar,
SEI,2026-11-02,,nasdaq_calendar,
SEIC,2026-10-21,AMC,nasdaq_calendar,
SELF,2026-11-06,,nasdaq_calendar,
SENEA,2026-11-04,,nasdaq_calendar,
SENEB,2026-11-04,,nasdaq_calendar,
SENS,2026-11-04,,nasdaq_calendar,
SEPN,2026-11-09,,nasdaq_calendar,
SER,2026-11-12,,nasdaq_calendar,
SERA,2026-11-12,,nasdaq_calendar,
SERV,2026-11-11,,nasdaq_calendar,
SES,2026-11-04,,nasdaq_calendar,
SEV,2026-11-13,,nasdaq_calendar,
SEVN,2026-10-27,AMC,nasdaq_calendar,
SEZL,2026-11-04,,nasdaq_calendar,
SF,2026-10-28,,nasdaq_calendar,
SFBC,2026-10-27,,nasdaq_calendar,
SFBS,2026-10-19,AMC,nasdaq_calendar,
SFD,2026-10-27,BMO,nasdaq_calendar,
SFL,2026-11-11,,nasdaq_calendar,
SFM,2026-10-28,AMC,nasdaq_calendar,
SFNC,2026-10-15,AMC,nasdaq_calendar,
SFST,2026-10-27,,nasdaq_calendar,
SG,2026-11-05,AMC,nasdaq_calendar,
SGA,2026-11-05,,nasdaq_calendar,
SGC,2026-11-02,,nasdaq_calendar,
SGHC,2026-11-02,,nasdaq_calendar,
SGHT,2026-11-05,,nasdaq_calendar,
SGI,2026-11-05,,nasdaq_calendar,
SGLY,2026-11-13,,nasdaq_calendar,
SGML,2026-11-13,,nasdaq_calendar,
SGMT,2026-11-12,,nasdaq_calendar,
SGP,2026-11-05,,nasdaq_calendar,
SGRY,2026-11-09,,nasdaq_calendar,
SHAK,2026-10-29,,nasdaq_calendar,
SHAZ,2026-11-05,,nasdaq_calendar,
SHBI,2026-10-22,,nasdaq_calendar,
SHC,2026-11-03,,nasdaq_calendar,
SHEL,2026-10-29,BMO,nasdaq_calendar,
SHEN,2026-11-04,,nasdaq_calendar,
SHFS,2026-11-11,,nasdaq_calendar,
SHG,2026-11-13,,nasdaq_calendar,
SHIM,2026-11-12,,nasdaq_calendar,
SHIP,2026-11-12,,nasdaq_calendar,
SHLS,2026-11-03,,nasdaq_calendar,
SHO,2026-11-06,BMO,nasdaq_calendar,
SHOE,2026-11-19,,nasdaq_calendar,
SHOO,2026-11-04,,nasdaq_calendar,
SHOP,2026-11-03,BMO,nasdaq_calendar,
SHPH,2026-11-12,,nasdaq_calendar,
SHW,2026-10-27,BMO,nasdaq_calendar,
SI,2026-11-10,,nasdaq_calendar,
SIBN,2026-11-09,,nasdaq_calendar,
SID,2026-11-11,,nasdaq_calendar,
SIDU,2026-11-13,,nasdaq_calendar,
SIEB,2026-11-11,,nasdaq_calendar,
SIFY,2026-10-23,,nasdaq_calendar,
SIGA,2026-11-05,,nasdaq_calendar,
SIGI,2026-10-28,,nasdaq_calendar,
SII,2026-11-04,,nasdaq_calendar,
SILC,2026-10-29,BMO,nasdaq_calendar,
SILO,2026-11-12,,nasdaq_calendar,
SIM,2026-10-27,,nasdaq_calendar,
SIMO,2026-10-28,AMC,nasdaq_calendar,
SIND,2026-11-13,,nasdaq_calendar,
SINT,2026-11-11,,nasdaq_calendar,
SION,2026-11-04,,nasdaq_calendar,
SIRI,2026-10-29,BMO,nasdaq_calendar,
SITC,2026-11-04,,nasdaq_calendar,
SITE,2026-10-28,BMO,nasdaq_calendar,
SITM,2026-11-04,AMC,nasdaq_calendar,
SJ,2026-11-25,,nasdaq_calendar,
SJM,2026-11-24,,nasdaq_calendar,
SJT,2026-11-12,,nasdaq_calendar,
SKE,2026-11-12,,nasdaq_calendar,
SKIN,2026-11-05,,nasdaq_calendar,
SKM,2026-10-29,,nasdaq_calendar,
SKT,2026-11-04,AMC,nasdaq_calendar,
SKWD,2026-11-05,AMC,nasdaq_calendar,
SKY,2026-11-03,,nasdaq_calendar,
SKYA,2026-11-13,,nasdaq_calendar,
SKYD,2026-11-03,,nasdaq_calendar,
SKYE,2026-11-09,,nasdaq_calendar,
SKYH,2026-11-11,,nasdaq_calendar,
SKYQ,2026-11-13,,nasdaq_calendar,
SKYW,2026-10-29,AMC,nasdaq_calendar,
SKYX,2026-11-11,,nasdaq_calendar,
SLAB,2026-11-03,,nasdaq_calendar,
SLB,2026-10-23,BMO,nasdaq_calendar,
SLDB,2026-11-02,,nasdaq_calendar,
SLDE,2026-10-27,AMC,nasdaq_calendar,
SLDP,2026-11-03,,nasdaq_calendar,
SLE,2026-11-12,,nasdaq_calendar,
SLF,2026-11-04,AMC,nasdaq_calendar,
SLG,2026-10-21,AMC,nasdaq_calendar,
SLGL,2026-11-19,,nasdaq_calendar,
SLGN,2026-10-29,BMO,nasdaq_calendar,
SLM,2026-10-22,,nasdaq_calendar,
SLN,2026-11-05,,nasdaq_calendar,
SLND,2026-11-11,,nasdaq_calendar,
SLNG,2026-11-04,,nasdaq_calendar,
SLNH,2026-11-13,,nasdaq_calendar,
SLQT,2026-11-05,,nasdaq_calendar,
SLRC,2026-11-03,AMC,nasdaq_calendar,
SLS,2026-11-11,,nasdaq_calendar,
SLSN,2026-11-10,,nasdaq_calendar,
SLSR,2026-11-11,,nasdaq_calendar,
SLVM,2026-11-06,BMO,nasdaq_calendar,
SLXN,2026-11-11,,nasdaq_calendar,
SM,2026-11-03,AMC,nasdaq_calendar,
SMA,2026-11-04,AMC,nasdaq_calendar,
SMBC,2026-10-28,,nasdaq_calendar,
SMBK,2026-10-19,AMC,nasdaq_calendar,
SMC,2026-11-09,,nasdaq_calendar,
SMCI,2026-11-03,,nasdaq_calendar,
SMFG,2026-11-13,,nasdaq_calendar,
SMG,2026-11-04,BMO,nasdaq_calendar,
SMHI,2026-11-04,,nasdaq_calendar,
SMID,2026-11-12,,nasdaq_calendar,
SMMT,2026-10-19,,nasdaq_calendar,
SMP,2026-10-30,,nasdaq_calendar,
SMPL,2026-10-27,BMO,nasdaq_calendar,
SMR,2026-11-05,AMC,nasdaq_calendar,
SMRT,2026-11-04,,nasdaq_calendar,
SMSI,2026-11-04,,nasdaq_calendar,
SMTC,2026-11-23,,nasdaq_calendar,
SMTI,2026-11-11,,nasdaq_calendar,
SMTK,2026-11-12,,nasdaq_calendar,
SMWB,2026-11-10,,nasdaq_calendar,
SMXT,2026-11-13,,nasdaq_calendar,
SN,2026-11-05,,nasdaq_calendar,
SNA,2026-10-22,BMO,nasdaq_calendar,
SNAL,2026-11-11,,nasdaq_calendar,
SNAP,2026-11-04,,nasdaq_calendar,
SND,2026-11-11,,nasdaq_calendar,
SNDA,2026-11-09,,nasdaq_calendar,
SNDK,2026-10-29,AMC,nasdaq_calendar,
SNDL,2026-11-03,,nasdaq_calendar,
SNDR,2026-10-29,AMC,nasdaq_calendar,
SNDX,2026-11-02,,nasdaq_calendar,
SNES,2026-11-09,,nasdaq_calendar,
SNEX,2026-11-23,,nasdaq_calendar,
SNFCA,2026-11-12,,nasdaq_calendar,
SNGX,2026-11-06,,nasdaq_calendar,
SNOA,2026-11-03,,nasdaq_calendar,
SNT,2026-11-24,,nasdaq_calendar,
SNTI,2026-11-12,,nasdaq_calendar,
SNWV,2026-11-06,,nasdaq_calendar,
SNY,2026-10-30,BMO,nasdaq_calendar,
SO,2026-11-05,BMO,nasdaq_calendar,
SOAR,2026-11-12,,nasdaq_calendar,
SOBO,2026-11-04,AMC,nasdaq_calendar,
SOC,2026-11-12,,nasdaq_calendar,
SOFI,2026-10-27,BMO,nasdaq_calendar,
SOHU,2026-11-16,,nasdaq_calendar,
SOLS,2026-11-04,BMO,nasdaq_calendar,
SOLV,2026-11-05,,nasdaq_calendar,
SON,2026-10-21,AMC,nasdaq_calendar,
SONM,2026-10-30,,nasdaq_calendar,
SONO,2026-11-04,,nasdaq_calendar,
SONY,2026-11-10,,nasdaq_calendar,
SOPH,2026-11-03,,nasdaq_calendar,
SOTK,2026-10-14,BMO,nasdaq_calendar,
SOUN,2026-11-05,,nasdaq_calendar,
SOWG,2026-11-13,,nasdaq_calendar,
SPAI,2026-11-13,,nasdaq_calendar,
SPB,2026-11-12,,nasdaq_calendar,
SPCB,2026-11-12,,nasdaq_calendar,
SPCE,2026-11-12,,nasdaq_calendar,
SPCX,2026-11-03,,nasdaq_calendar,
SPFI,2026-10-22,,nasdaq_calendar,
SPG,2026-11-05,AMC,nasdaq_calendar,
SPGI,2026-10-27,BMO,nasdaq_calendar,
SPH,2026-11-12,,nasdaq_calendar,
SPHR,2026-11-03,,nasdaq_calendar,
SPMC,2026-11-12,,nasdaq_calendar,
SPNT,2026-10-29,,nasdaq_calendar,
SPOK,2026-11-04,,nasdaq_calendar,
SPOT,2026-10-22,BMO,nasdaq_calendar,
SPRB,2026-11-09,,nasdaq_calendar,
SPRO,2026-11-12,,nasdaq_calendar,
SPRU,2026-11-10,,nasdaq_calendar,
SPRY,2026-11-09,,nasdaq_calendar,
SPSC,2026-10-29,,nasdaq_calendar,
SPT,2026-11-03,AMC,nasdaq_calendar,
SPTX,2026-11-02,,nasdaq_calendar,
SPXC,2026-10-29,AMC,nasdaq_calendar,
SQFT,2026-11-11,,nasdaq_calendar,
SQM,2026-11-17,,nasdaq_calendar,
SQNS,2026-11-03,,nasdaq_calendar,
SR,2026-11-13,,nasdaq_calendar,
SRAD,2026-11-04,,nasdaq_calendar,
SRBK,2026-10-29,,nasdaq_calendar,
SRCE,2026-10-22,AMC,nasdaq_calendar,
SRE,2026-11-04,,nasdaq_calendar,
SRFM,2026-11-11,,nasdaq_calendar,
SRG,2026-11-13,,nasdaq_calendar,
SRI,2026-11-04,,nasdaq_calendar,
SRPT,2026-11-02,,nasdaq_calendar,
SRRK,2026-11-13,,nasdaq_calendar,
SRTA,2026-11-09,,nasdaq_calendar,
SRTS,2026-11-05,,nasdaq_calendar,
SRZN,2026-11-06,,nasdaq_calendar,
SSB,2026-10-21,AMC,nasdaq_calendar,
SSBI,2026-11-04,,nasdaq_calendar,
SSD,2026-10-26,,nasdaq_calendar,
SSII,2026-10-27,,nasdaq_calendar,
SSM,2026-11-18,,nasdaq_calendar,
SSMR,2026-11-11,,nasdaq_calendar,
SSNC,2026-10-22,AMC,nasdaq_calendar,
SSP,2026-11-05,AMC,nasdaq_calendar,
SSRM,2026-11-03,AMC,nasdaq_calendar,
SST,2026-11-04,,nasdaq_calendar,
SSTI,2026-11-11,,nasdaq_calendar,
SSTK,2026-11-04,,nasdaq_calendar,
SSYS,2026-11-12,,nasdaq_calendar,
ST,2026-10-27,,nasdaq_calendar,
STAA,2026-11-04,,nasdaq_calendar,
STAG,2026-10-27,AMC,nasdaq_calendar,
STBA,2026-10-22,BMO,nasdaq_calendar,
STC,2026-10-28,,nasdaq_calendar,
STDN,2026-11-25,,nasdaq_calendar,
STE,2026-11-04,,nasdaq_calendar,
STEM,2026-11-04,,nasdaq_calendar,
STEP,2026-11-05,,nasdaq_calendar,
STEX,2026-11-13,,nasdaq_calendar,
STG,2026-11-19,,nasdaq_calendar,
STGW,2026-10-29,BMO,nasdaq_calendar,
STHO,2026-11-06,,nasdaq_calendar,
STI,2026-11-19,,nasdaq_calendar,
STIM,2026-11-03,,nasdaq_calendar,
STKS,2026-11-05,,nasdaq_calendar,
STLA,2026-10-28,BMO,nasdaq_calendar,
STLD,2026-10-19,AMC,nasdaq_calendar,
STLN,2026-11-12,,nasdaq_calendar,
STM,2026-10-29,BMO,nasdaq_calendar,
STN,2026-11-12,,nasdaq_calendar,
STNE,2026-11-05,,nasdaq_calendar,
STNG,2026-10-29,,nasdaq_calendar,
STOK,2026-11-03,,nasdaq_calendar,
STRA,2026-11-05,BMO,nasdaq_calendar,
STRL,2026-11-02,,nasdaq_calendar,
STRO,2026-11-05,,nasdaq_calendar,
STRR,2026-11-12,,nasdaq_calendar,
STRT,2026-10-29,,nasdaq_calendar,
STRW,2026-11-05,,nasdaq_calendar,
STRZ,2026-10-29,AMC,nasdaq_calendar,
STT,2026-10-14,BMO,nasdaq_calendar,
STTK,2026-11-05,,nasdaq_calendar,
STUB,2026-11-12,,nasdaq_calendar,
STVN,2026-11-05,,nasdaq_calendar,
STWD,2026-11-09,,nasdaq_calendar,
STX,2026-10-27,,nasdaq_calendar,
STXS,2026-11-10,,nasdaq_calendar,
SU,2026-11-03,,nasdaq_calendar,
SUI,2026-11-04,,nasdaq_calendar,
SUIG,2026-11-11,,nasdaq_calendar,
SUNE,2026-11-06,,nasdaq_calendar,
SUNS,2026-11-12,,nasdaq_calendar,
SUPN,2026-11-03,,nasdaq_calendar,
SUPV,2026-11-24,,nasdaq_calendar,
SURG,2026-11-11,,nasdaq_calendar,
SUZ,2026-11-05,,nasdaq_calendar,
SVC,2026-11-04,,nasdaq_calendar,
SVCC,2026-11-09,,nasdaq_calendar,
SVCO,2026-11-11,,nasdaq_calendar,
SVIA,2026-11-12,,nasdaq_calendar,
SVM,2026-11-05,,nasdaq_calendar,
SVRA,2026-11-11,,nasdaq_calendar,
SVV,2026-10-29,,nasdaq_calendar,
SW,2026-11-04,,nasdaq_calendar,
SWAG,2026-11-11,,nasdaq_calendar,
SWIM,2026-11-03,AMC,nasdaq_calendar,
SWK,2026-11-04,BMO,nasdaq_calendar,
SWKS,2026-10-27,,nasdaq_calendar,
SWMR,2026-11-12,,nasdaq_calendar,
SWX,2026-11-04,,nasdaq_calendar,
SXC,2026-11-03,,nasdaq_calendar,
SXI,2026-10-29,,nasdaq_calendar,
SXT,2026-10-30,BMO,nasdaq_calendar,
SXTP,2026-11-12,,nasdaq_calendar,
SY,2026-11-16,,nasdaq_calendar,
SYBT,2026-11-04,,nasdaq_calendar,
SYF,2026-10-20,BMO,nasdaq_calendar,
SYK,2026-10-29,AMC,nasdaq_calendar,
SYM,2026-11-23,,nasdaq_calendar,
SYNA,2026-11-05,,nasdaq_calendar,
SYPR,2026-11-11,,nasdaq_calendar,
SYRE,2026-11-03,,nasdaq_calendar,
SYY,2026-10-27,,nasdaq_calendar,
T,2026-10-21,BMO,nasdaq_calendar,
TAC,2026-11-03,BMO,nasdaq_calendar,
TACT,2026-11-09,,nasdaq_calendar,
TAK,2026-10-29,BMO,nasdaq_calendar,
TAL,2026-10-29,,nasdaq_calendar,
TALO,2026-11-03,AMC,nasdaq_calendar,
TAOX,2026-11-13,,nasdaq_calendar,
TAP,2026-11-05,BMO,nasdaq_calendar,
TARA,2026-11-09,,nasdaq_calendar,
TARS,2026-11-03,,nasdaq_calendar,
TASK,2026-11-06,,nasdaq_calendar,
TATT,2026-11-11,,nasdaq_calendar,
TBBB,2026-11-18,,nasdaq_calendar,
TBBK,2026-10-29,,nasdaq_calendar,
TBCH,2026-11-05,,nasdaq_calendar,
TBI,2026-11-02,,nasdaq_calendar,
TBLA,2026-11-04,,nasdaq_calendar,
TBN,2026-11-12,,nasdaq_calendar,
TCBK,2026-10-22,,nasdaq_calendar,
TCBS,2026-11-06,,nasdaq_calendar,
TCBX,2026-10-21,AMC,nasdaq_calendar,
TCI,2026-11-05,,nasdaq_calendar,
TCMD,2026-11-02,,nasdaq_calendar,
TCOM,2026-11-16,,nasdaq_calendar,
TCPC,2026-11-05,BMO,nasdaq_calendar,
TCRT,2026-11-13,,nasdaq_calendar,
TCRX,2026-11-11,,nasdaq_calendar,
TCX,2026-11-05,,nasdaq_calendar,
TDAY,2026-10-29,,nasdaq_calendar,
TDC,2026-11-03,,nasdaq_calendar,
TDG,2026-11-11,,nasdaq_calendar,
TDOC,2026-11-04,,nasdaq_calendar,
TDS,2026-11-06,,nasdaq_calendar,
TDUP,2026-11-04,AMC,nasdaq_calendar,
TDW,2026-11-09,,nasdaq_calendar,
TDY,2026-10-28,,nasdaq_calendar,
TE,2026-11-13,,nasdaq_calendar,
TEAD,2026-11-05,,nasdaq_calendar,
TEAM,2026-11-05,AMC,nasdaq_calendar,
TECH,2026-11-04,,nasdaq_calendar,
TECK,2026-10-29,BMO,nasdaq_calendar,
TECX,2026-11-05,,nasdaq_calendar,
TEL,2026-10-28,BMO,nasdaq_calendar,
TELA,2026-11-12,,nasdaq_calendar,
TELO,2026-11-09,,nasdaq_calendar,
TEM,2026-11-03,,nasdaq_calendar,
TEN,2026-11-19,,nasdaq_calendar,
TENB,2026-11-04,,nasdaq_calendar,
TENX,2026-11-11,,nasdaq_calendar,
TEO,2026-11-09,,nasdaq_calendar,
TER,2026-10-27,,nasdaq_calendar,
TEVA,2026-11-03,BMO,nasdaq_calendar,
TEX,2026-10-29,,nasdaq_calendar,
TFC,2026-10-16,BMO,nasdaq_calendar,
TFII,2026-10-29,AMC,nasdaq_calendar,
TFIN,2026-10-21,,nasdaq_calendar,
TFPM,2026-11-03,,nasdaq_calendar,
TFSL,2026-10-29,,nasdaq_calendar,
TFX,2026-11-05,,nasdaq_calendar,
TG,2026-11-06,,nasdaq_calendar,
TGB,2026-11-11,,nasdaq_calendar,
TGEN,2026-11-11,,nasdaq_calendar,
TGL,2026-11-13,,nasdaq_calendar,
TGLS,2026-11-05,,nasdaq_calendar,
TGS,2026-11-02,,nasdaq_calendar,
TGT,2026-11-18,,nasdaq_calendar,
TGTX,2026-11-02,,nasdaq_calendar,
TH,2026-11-05,,nasdaq_calendar,
THC,2026-10-29,BMO,nasdaq_calendar,
THFF,2026-10-27,,nasdaq_calendar,
THG,2026-10-28,AMC,nasdaq_calendar,
THM,2026-11-06,,nasdaq_calendar,
THRM,2026-10-22,,nasdaq_calendar,
THRY,2026-10-29,,nasdaq_calendar,
TIC,2026-11-11,,nasdaq_calendar,
TIGO,2026-11-05,BMO,nasdaq_calendar,
TII,2026-11-11,,nasdaq_calendar,
TIL,2026-11-12,,nasdaq_calendar,
TILE,2026-10-30,,nasdaq_calendar,
TIMB,2026-11-02,,nasdaq_calendar,
TIPT,2026-10-30,,nasdaq_calendar,
TISI,2026-11-11,,nasdaq_calendar,
TITN,2026-11-24,,nasdaq_calendar,
TJX,2026-11-18,,nasdaq_calendar,
TK,2026-11-04,,nasdaq_calendar,
TKC,2026-11-05,,nasdaq_calendar,
TKNO,2026-11-05,,nasdaq_calendar,
TKO,2026-11-04,AMC,nasdaq_calendar,
TKR,2026-11-04,,nasdaq_calendar,
TLF,2026-11-09,,nasdaq_calendar,
TLK,2026-10-29,,nasdaq_calendar,
TLN,2026-11-04,,nasdaq_calendar,
TLNC,2026-11-13,,nasdaq_calendar,
TLPH,2026-11-11,,nasdaq_calendar,
TLRY,2026-10-08,,nasdaq_calendar,
TLS,2026-11-09,,nasdaq_calendar,
TLSI,2026-11-12,,nasdaq_calendar,
TM,2026-11-04,,nasdaq_calendar,
TMC,2026-11-12,,nasdaq_calendar,
TMCI,2026-11-05,,nasdaq_calendar,
TMCR,2026-11-09,,nasdaq_calendar,
TMDX,2026-11-04,,nasdaq_calendar,
TME,2026-11-11,,nasdaq_calendar,
TMO,2026-10-21,BMO,nasdaq_calendar,
TMP,2026-10-23,,nasdaq_calendar,
TMS,2026-11-13,,nasdaq_calendar,
TMUS,2026-10-28,AMC,nasdaq_calendar,
TNC,2026-11-02,,nasdaq_calendar,
TNDM,2026-11-05,AMC,nasdaq_calendar,
TNET,2026-11-04,,nasdaq_calendar,
TNGX,2026-11-03,,nasdaq_calendar,
TNK,2026-11-04,,nasdaq_calendar,
TNL,2026-10-27,BMO,nasdaq_calendar,
TNON,2026-11-12,,nasdaq_calendar,
TNXP,2026-11-09,,nasdaq_calendar,
TNYA,2026-11-09,,nasdaq_calendar,
TOMZ,2026-11-13,,nasdaq_calendar,
TONT,2026-11-12,,nasdaq_calendar,
TONX,2026-11-11,,nasdaq_calendar,
TOON,2026-11-13,,nasdaq_calendar,
TOP,2026-11-16,,nasdaq_calendar,
TOPP,2026-11-13,,nasdaq_calendar,
TOST,2026-11-03,,nasdaq_calendar,
TOVX,2026-11-11,,nasdaq_calendar,
TOWN,2026-10-28,,nasdaq_calendar,
TOYO,2026-11-18,,nasdaq_calendar,
TP,2026-11-19,,nasdaq_calendar,
TPB,2026-11-04,,nasdaq_calendar,
TPC,2026-11-04,,nasdaq_calendar,
TPCS,2026-11-12,,nasdaq_calendar,
TPG,2026-10-29,BMO,nasdaq_calendar,
TPL,2026-11-04,,nasdaq_calendar,
TPR,2026-11-05,,nasdaq_calendar,
TPST,2026-11-04,,nasdaq_calendar,
TPVG,2026-11-04,,nasdaq_calendar,
TR,2026-10-28,,nasdaq_calendar,
TRAK,2026-11-12,,nasdaq_calendar,
TRAW,2026-11-12,,nasdaq_calendar,
TRAX,2026-11-11,,nasdaq_calendar,
TRC,2026-11-05,,nasdaq_calendar,
TRDA,2026-11-05,,nasdaq_calendar,
TREE,2026-10-29,,nasdaq_calendar,
TREX,2026-11-04,BMO,nasdaq_calendar,
TRGP,2026-11-04,,nasdaq_calendar,
TRI,2026-11-03,BMO,nasdaq_calendar,
TRIN,2026-11-04,BMO,nasdaq_calendar,
TRIP,2026-11-05,,nasdaq_calendar,
TRLV,2026-11-05,BMO,nasdaq_calendar,
TRMB,2026-11-04,,nasdaq_calendar,
TRMD,2026-11-04,BMO,nasdaq_calendar,
TRMK,2026-10-27,AMC,nasdaq_calendar,
TRN,2026-10-29,,nasdaq_calendar,
TRNO,2026-11-04,,nasdaq_calendar,
TRNR,2026-11-13,,nasdaq_calendar,
TRNS,2026-11-02,,nasdaq_calendar,
TRON,2026-11-09,,nasdaq_calendar,
TROW,2026-10-29,BMO,nasdaq_calendar,
TROX,2026-11-04,AMC,nasdaq_calendar,
TRP,2026-11-05,,nasdaq_calendar,
TRS,2026-10-29,BMO,nasdaq_calendar,
TRST,2026-10-20,,nasdaq_calendar,
TRT,2026-11-13,,nasdaq_calendar,
TRTX,2026-10-27,,nasdaq_calendar,
TRU,2026-10-27,BMO,nasdaq_calendar,
TRUG,2026-11-13,,nasdaq_calendar,
TRUP,2026-11-05,,nasdaq_calendar,
TRV,2026-10-16,BMO,nasdaq_calendar,
TRVG,2026-11-03,,nasdaq_calendar,
TRVI,2026-11-12,,nasdaq_calendar,
TS,2026-11-04,,nasdaq_calendar,
TSAT,2026-11-03,,nasdaq_calendar,
TSBK,2026-10-29,,nasdaq_calendar,
TSCO,2026-10-22,,nasdaq_calendar,
TSEM,2026-11-09,,nasdaq_calendar,
TSHA,2026-11-03,,nasdaq_calendar,
TSLA,2026-10-21,AMC,nasdaq_calendar,
TSLX,2026-11-03,AMC,nasdaq_calendar,
TSM,2026-10-15,BMO,nasdaq_calendar,
TSN,2026-11-16,BMO,nasdaq_calendar,
TSQ,2026-11-04,BMO,nasdaq_calendar,
TSSI,2026-11-12,,nasdaq_calendar,
TT,2026-10-29,BMO,nasdaq_calendar,
TTAM,2026-11-04,,nasdaq_calendar,
TTD,2026-11-05,,nasdaq_calendar,
TTE,2026-10-29,BMO,nasdaq_calendar,
TTEC,2026-11-05,,nasdaq_calendar,
TTEK,2026-11-11,,nasdaq_calendar,
TTGT,2026-11-09,,nasdaq_calendar,
TTI,2026-11-02,AMC,nasdaq_calendar,
TTMI,2026-11-04,,nasdaq_calendar,
TTRX,2026-11-12,,nasdaq_calendar,
TTWO,2026-11-05,,nasdaq_calendar,
TU,2026-11-06,,nasdaq_calendar,
TULP,2026-11-09,,nasdaq_calendar,
TUSK,2026-10-30,,nasdaq_calendar,
TUYA,2026-11-23,,nasdaq_calendar,
TV,2026-10-23,,nasdaq_calendar,
TVGN,2026-11-13,,nasdaq_calendar,
TVRD,2026-11-12,,nasdaq_calendar,
TVTX,2026-10-29,,nasdaq_calendar,
TW,2026-10-29,BMO,nasdaq_calendar,
TWAV,2026-11-12,,nasdaq_calendar,
TWFG,2026-11-11,,nasdaq_calendar,
TWI,2026-11-05,,nasdaq_calendar,
TWIN,2026-11-04,,nasdaq_calendar,
TWLO,2026-10-29,,nasdaq_calendar,
TWLV,2026-11-16,,nasdaq_calendar,
TWST,2026-11-13,,nasdaq_calendar,
TX,2026-11-03,AMC,nasdaq_calendar,
TXG,2026-11-05,,nasdaq_calendar,
TXMD,2026-11-11,,nasdaq_calendar,
TXN,2026-10-21,AMC,nasdaq_calendar,
TXNM,2026-10-30,,nasdaq_calendar,
TXO,2026-11-03,,nasdaq_calendar,
TXRH,2026-11-05,AMC,nasdaq_calendar,
TXT,2026-10-29,BMO,nasdaq_calendar,
TYGO,2026-10-27,,nasdaq_calendar,
TYL,2026-11-04,,nasdaq_calendar,
TYRA,2026-11-04,,nasdaq_calendar,
TZOO,2026-10-27,,nasdaq_calendar,
U,2026-11-04,,nasdaq_calendar,
UA,2026-11-05,,nasdaq_calendar,
UAA,2026-11-05,,nasdaq_calendar,
UAL,2026-10-20,AMC,nasdaq_calendar,
UAMY,2026-11-11,,nasdaq_calendar,
UAN,2026-11-04,,nasdaq_calendar,
UAVS,2026-11-13,,nasdaq_calendar,
UBCP,2026-11-05,,nasdaq_calendar,
UBER,2026-11-04,BMO,nasdaq_calendar,
UBS,2026-10-28,BMO,nasdaq_calendar,
UBSI,2026-10-22,,nasdaq_calendar,
UCB,2026-10-20,BMO,nasdaq_calendar,
UCL,2026-11-11,,nasdaq_calendar,
UCTT,2026-10-27,AMC,nasdaq_calendar,
UDR,2026-11-04,,nasdaq_calendar,
UE,2026-10-28,BMO,nasdaq_calendar,
UEIC,2026-11-05,,nasdaq_calendar,
UFCS,2026-11-03,,nasdaq_calendar,
UFI,2026-11-03,,nasdaq_calendar,
UFPI,2026-10-28,AMC,nasdaq_calendar,
UFPT,2026-11-02,,nasdaq_calendar,
UG,2026-11-05,,nasdaq_calendar,
UGI,2026-11-19,,nasdaq_calendar,
UGP,2026-11-11,,nasdaq_calendar,
UHAL,2026-11-04,,nasdaq_calendar,
UHS,2026-10-26,AMC,nasdaq_calendar,
UHT,2026-10-26,,nasdaq_calendar,
UI,2026-11-06,,nasdaq_calendar,
UIS,2026-11-04,,nasdaq_calendar,
ULBI,2026-11-17,,nasdaq_calendar,
ULCC,2026-11-04,,nasdaq_calendar,
ULH,2026-11-05,,nasdaq_calendar,
ULS,2026-11-03,,nasdaq_calendar,
UMAC,2026-11-05,,nasdaq_calendar,
UMBF,2026-10-27,AMC,nasdaq_calendar,
UMC,2026-10-28,BMO,nasdaq_calendar,
UMH,2026-11-02,AMC,nasdaq_calendar,
UNB,2026-11-06,,nasdaq_calendar,
UNCY,2026-11-11,,nasdaq_calendar,
UNF,2026-10-28,,nasdaq_calendar,
UNH,2026-10-13,BMO,nasdaq_calendar,
UNIT,2026-11-09,BMO,nasdaq_calendar,
UNM,2026-11-03,AMC,nasdaq_calendar,
UNP,2026-10-22,BMO,nasdaq_calendar,
UNTY,2026-10-13,,nasdaq_calendar,
UONE,2026-11-03,,nasdaq_calendar,
UONEK,2026-11-03,,nasdaq_calendar,
UP,2026-11-04,,nasdaq_calendar,
UPB,2026-11-04,,nasdaq_calendar,
UPBD,2026-10-29,,nasdaq_calendar,
UPLD,2026-11-05,,nasdaq_calendar,
UPS,2026-10-27,BMO,nasdaq_calendar,
UPST,2026-11-03,BMO,nasdaq_calendar,
UPWK,2026-11-02,,nasdaq_calendar,
UPXI,2026-11-10,,nasdaq_calendar,
URBN,2026-11-24,,nasdaq_calendar,
URG,2026-11-02,,nasdaq_calendar,
URGN,2026-11-05,,nasdaq_calendar,
URI,2026-10-21,AMC,nasdaq_calendar,
USAR,2026-11-05,,nasdaq_calendar,
USAS,2026-11-09,,nasdaq_calendar,
USB,2026-10-15,BMO,nasdaq_calendar,
USCB,2026-10-22,AMC,nasdaq_calendar,
USDE,2026-11-13,,nasdaq_calendar,
USEA,2026-11-10,,nasdaq_calendar,
USFD,2026-11-05,,nasdaq_calendar,
USGO,2026-11-12,,nasdaq_calendar,
USIO,2026-11-11,,nasdaq_calendar,
USLM,2026-11-04,,nasdaq_calendar,
USNA,2026-10-28,,nasdaq_calendar,
USPH,2026-11-04,,nasdaq_calendar,
UTHR,2026-11-04,,nasdaq_calendar,
UTI,2026-11-18,,nasdaq_calendar,
UTL,2026-11-02,,nasdaq_calendar,
UTMD,2026-10-22,,nasdaq_calendar,
UTZ,2026-10-29,,nasdaq_calendar,
UUU,2026-11-18,,nasdaq_calendar,
UUUU,2026-11-02,,nasdaq_calendar,
UVE,2026-10-22,,nasdaq_calendar,
UVSP,2026-10-28,AMC,nasdaq_calendar,
UVV,2026-11-04,,nasdaq_calendar,
UWMC,2026-11-05,,nasdaq_calendar,
V,2026-10-27,,nasdaq_calendar,
VABK,2026-10-22,,nasdaq_calendar,
VAC,2026-11-03,AMC,nasdaq_calendar,
VAI,2026-11-18,,nasdaq_calendar,
VAL,2026-11-04,,nasdaq_calendar,
VALE,2026-10-29,,nasdaq_calendar,
VALN,2026-11-19,,nasdaq_calendar,
VANI,2026-11-12,,nasdaq_calendar,
VATE,2026-11-11,,nasdaq_calendar,
VBIO,2026-11-13,,nasdaq_calendar,
VC,2026-10-22,,nasdaq_calendar,
VCEL,2026-11-05,,nasdaq_calendar,
VCTR,2026-11-05,,nasdaq_calendar,
VCYT,2026-11-03,,nasdaq_calendar,
VECO,2026-11-04,,nasdaq_calendar,
VEEA,2026-11-13,,nasdaq_calendar,
VEEE,2026-11-05,,nasdaq_calendar,
VEEV,2026-11-19,,nasdaq_calendar,
VEL,2026-11-05,,nasdaq_calendar,
VELO,2026-11-09,,nasdaq_calendar,
VENU,2026-11-13,,nasdaq_calendar,
VEON,2026-11-06,BMO,nasdaq_calendar,
VERA,2026-11-04,,nasdaq_calendar,
VERI,2026-11-05,,nasdaq_calendar,
VERX,2026-11-02,,nasdaq_calendar,
VET,2026-11-04,,nasdaq_calendar,
VFC,2026-10-28,BMO,nasdaq_calendar,
VFF,2026-11-09,,nasdaq_calendar,
VFS,2026-11-20,,nasdaq_calendar,
VG,2026-11-09,,nasdaq_calendar,
VGAS,2026-11-12,,nasdaq_calendar,
VGNT,2026-11-04,BMO,nasdaq_calendar,
VGZ,2026-11-11,,nasdaq_calendar,
VHC,2026-11-13,,nasdaq_calendar,
VHI,2026-11-05,,nasdaq_calendar,
VHUB,2026-11-11,,nasdaq_calendar,
VIA,2026-11-09,BMO,nasdaq_calendar,
VIAV,2026-11-04,,nasdaq_calendar,
VICI,2026-10-28,AMC,nasdaq_calendar,
VICR,2026-10-20,BMO,nasdaq_calendar,
VIDA,2026-11-13,,nasdaq_calendar,
VIK,2026-11-18,,nasdaq_calendar,
VINP,2026-11-12,,nasdaq_calendar,
VIP,2026-11-12,,nasdaq_calendar,
VIPS,2026-11-19,,nasdaq_calendar,
VIR,2026-11-04,,nasdaq_calendar,
VIRT,2026-11-05,BMO,nasdaq_calendar,
VISN,2026-10-29,,nasdaq_calendar,
VIST,2026-10-28,,nasdaq_calendar,
VITL,2026-11-03,,nasdaq_calendar,
VIV,2026-10-29,,nasdaq_calendar,
VIVK,2026-11-18,,nasdaq_calendar,
VIVS,2026-11-05,,nasdaq_calendar,
VJET,2026-11-12,,nasdaq_calendar,
VKTX,2026-10-28,,nasdaq_calendar,
VLN,2026-11-11,,nasdaq_calendar,
VLO,2026-10-22,BMO,nasdaq_calendar,
VLRS,2026-10-26,,nasdaq_calendar,
VLTO,2026-10-27,,nasdaq_calendar,
VLY,2026-10-22,BMO,nasdaq_calendar,
VMAR,2026-11-27,,nasdaq_calendar,
VMC,2026-10-29,,nasdaq_calendar,
VMD,2026-11-04,,nasdaq_calendar,
VMET,2026-11-11,,nasdaq_calendar,
VMI,2026-10-20,BMO,nasdaq_calendar,
VMRK,2026-10-27,,nasdaq_calendar,
VNDA,2026-11-04,,nasdaq_calendar,
VNET,2026-11-19,,nasdaq_calendar,
VNO,2026-11-02,AMC,nasdaq_calendar,
VNOM,2026-11-02,AMC,nasdaq_calendar,
VNRX,2026-11-12,,nasdaq_calendar,
VNT,2026-10-29,,nasdaq_calendar,
VOC,2026-11-09,,nasdaq_calendar,
VOD,2026-11-10,BMO,nasdaq_calendar,
VOR,2026-11-12,,nasdaq_calendar,
VOXR,2026-11-11,,nasdaq_calendar,
VOYA,2026-11-02,AMC,nasdaq_calendar,
VOYG,2026-11-02,AMC,nasdaq_calendar,
VPG,2026-11-04,BMO,nasdaq_calendar,
VRCA,2026-11-13,,nasdaq_calendar,
VRDN,2026-11-04,,nasdaq_calendar,
VREX,2026-11-17,,nasdaq_calendar,
VRM,2026-11-09,,nasdaq_calendar,
VRNS,2026-10-27,,nasdaq_calendar,
VRRM,2026-11-04,,nasdaq_calendar,
VRSK,2026-11-05,BMO,nasdaq_calendar,
VRSN,2026-10-22,AMC,nasdaq_calendar,
VRT,2026-10-28,,nasdaq_calendar,
VRTS,2026-10-23,,nasdaq_calendar,
VRTX,2026-11-02,AMC,nasdaq_calendar,
VS,2026-11-13,,nasdaq_calendar,
VSAT,2026-11-06,,nasdaq_calendar,
VSEC,2026-10-26,,nasdaq_calendar,
VSH,2026-11-04,BMO,nasdaq_calendar,
VSNT,2026-11-03,BMO,nasdaq_calendar,
VST,2026-11-06,BMO,nasdaq_calendar,
VSTM,2026-11-03,,nasdaq_calendar,
VTEX,2026-11-05,,nasdaq_calendar,
VTGN,2026-11-12,,nasdaq_calendar,
VTMX,2026-10-22,AMC,nasdaq_calendar,
VTOL,2026-11-03,,nasdaq_calendar,
VTR,2026-10-27,AMC,nasdaq_calendar,
VTRS,2026-11-05,BMO,nasdaq_calendar,
VTS,2026-11-02,,nasdaq_calendar,
VTSI,2026-11-09,,nasdaq_calendar,
VTVT,2026-11-05,,nasdaq_calendar,
VUZI,2026-11-12,,nasdaq_calendar,
VVOS,2026-11-18,,nasdaq_calendar,
VVV,2026-11-18,,nasdaq_calendar,
VVX,2026-11-02,AMC,nasdaq_calendar,
VYGR,2026-11-09,,nasdaq_calendar,
VYLR,2026-11-11,AMC,nasdaq_calendar,
VYX,2026-11-05,,nasdaq_calendar,
VZ,2026-10-26,BMO,nasdaq_calendar,
W,2026-11-04,BMO,nasdaq_calendar,
WAB,2026-10-21,BMO,nasdaq_calendar,
WABC,2026-10-15,,nasdaq_calendar,
WAFD,2026-10-15,,nasdaq_calendar,
WAL,2026-10-19,AMC,nasdaq_calendar,
WASH,2026-10-19,,nasdaq_calendar,
WAT,2026-11-03,BMO,nasdaq_calendar,
WATT,2026-11-11,,nasdaq_calendar,
WAVE,2026-11-11,,nasdaq_calendar,
WAY,2026-11-04,,nasdaq_calendar,
WB,2026-11-17,,nasdaq_calendar,
WBI,2026-11-04,AMC,nasdaq_calendar,
WBTN,2026-11-11,,nasdaq_calendar,
WBX,2026-11-04,BMO,nasdaq_calendar,
WCC,2026-10-29,BMO,nasdaq_calendar,
WCCB,2026-10-20,,nasdaq_calendar,
WCN,2026-10-21,AMC,nasdaq_calendar,
WD,2026-11-05,,nasdaq_calendar,
WDAY,2026-11-24,,nasdaq_calendar,
WDC,2026-10-22,AMC,nasdaq_calendar,
WDFC,2026-10-21,AMC,nasdaq_calendar,
WEAV,2026-10-29,,nasdaq_calendar,
WEC,2026-10-29,,nasdaq_calendar,
WELL,2026-10-26,AMC,nasdaq_calendar,
WEN,2026-11-06,,nasdaq_calendar,
WENC,2026-11-10,,nasdaq_calendar,
WERN,2026-10-27,AMC,nasdaq_calendar,
WES,2026-11-03,,nasdaq_calendar,
WEST,2026-11-05,,nasdaq_calendar,
WETH,2026-11-11,,nasdaq_calendar,
WEX,2026-11-04,,nasdaq_calendar,
WEYS,2026-11-03,AMC,nasdaq_calendar,
WF,2026-11-13,,nasdaq_calendar,
WFC,2026-10-13,BMO,nasdaq_calendar,
WFCF,2026-11-12,,nasdaq_calendar,
WFG,2026-10-28,,nasdaq_calendar,
WFRD,2026-10-20,AMC,nasdaq_calendar,
WGO,2026-10-21,BMO,nasdaq_calendar,
WGS,2026-10-27,,nasdaq_calendar,
WH,2026-10-21,AMC,nasdaq_calendar,
WHD,2026-11-04,,nasdaq_calendar,
WHF,2026-11-09,,nasdaq_calendar,
WHG,2026-10-29,,nasdaq_calendar,
WHK,2026-11-11,,nasdaq_calendar,
WHLR,2026-11-05,,nasdaq_calendar,
WHR,2026-10-26,,nasdaq_calendar,
WHWK,2026-11-05,,nasdaq_calendar,
WINA,2026-10-21,,nasdaq_calendar,
WING,2026-10-28,BMO,nasdaq_calendar,
WIT,2026-10-15,BMO,nasdaq_calendar,
WIX,2026-11-18,,nasdaq_calendar,
WK,2026-11-05,AMC,nasdaq_calendar,
WKC,2026-10-22,,nasdaq_calendar,
WKHS,2026-11-09,,nasdaq_calendar,
WKSP,2026-11-12,,nasdaq_calendar,
WLDN,2026-11-05,AMC,nasdaq_calendar,
WLFC,2026-11-03,,nasdaq_calendar,
WLK,2026-10-29,,nasdaq_calendar,
WLKP,2026-10-29,,nasdaq_calendar,
WM,2026-10-27,AMC,nasdaq_calendar,
WMB,2026-11-02,,nasdaq_calendar,
WMG,2026-11-19,,nasdaq_calendar,
WMK,2026-11-03,,nasdaq_calendar,
WMS,2026-11-05,,nasdaq_calendar,
WMT,2026-11-19,BMO,nasdaq_calendar,
WNC,2026-10-29,BMO,nasdaq_calendar,
WNEB,2026-10-27,,nasdaq_calendar,
WOLF,2026-11-04,,nasdaq_calendar,
WOOF,2026-11-24,,nasdaq_calendar,
WORX,2026-11-11,,nasdaq_calendar,
WPC,2026-10-27,AMC,nasdaq_calendar,
WPM,2026-11-05,AMC,nasdaq_calendar,
WPRT,2026-11-09,,nasdaq_calendar,
WRAP,2026-11-11,,nasdaq_calendar,
WRB,2026-10-19,AMC,nasdaq_calendar,
WRBY,2026-11-05,,nasdaq_calendar,
WRD,2026-11-23,,nasdaq_calendar,
WRLD,2026-10-22,,nasdaq_calendar,
WRN,2026-11-05,,nasdaq_calendar,
WSBC,2026-10-21,AMC,nasdaq_calendar,
WSBF,2026-10-22,,nasdaq_calendar,
WSC,2026-11-05,,nasdaq_calendar,
WSFS,2026-10-22,,nasdaq_calendar,
WSM,2026-11-18,,nasdaq_calendar,
WSO,2026-11-04,,nasdaq_calendar,
WST,2026-10-29,BMO,nasdaq_calendar,
WT,2026-10-30,,nasdaq_calendar,
WTBA,2026-10-29,BMO,nasdaq_calendar,
WTFC,2026-10-19,AMC,nasdaq_calendar,
WTI,2026-11-04,,nasdaq_calendar,
WTM,2026-11-05,,nasdaq_calendar,
WTRG,2026-11-03,,nasdaq_calendar,
WTS,2026-11-04,AMC,nasdaq_calendar,
WTTR,2026-11-03,,nasdaq_calendar,
WTW,2026-10-29,,nasdaq_calendar,
WU,2026-10-22,,nasdaq_calendar,
WULF,2026-11-09,,nasdaq_calendar,
WVE,2026-11-09,,nasdaq_calendar,
WVVI,2026-11-12,,nasdaq_calendar,
WW,2026-11-05,,nasdaq_calendar,
WWD,2026-11-23,,nasdaq_calendar,
WWR,2026-11-11,,nasdaq_calendar,
WWW,2026-11-04,,nasdaq_calendar,
WY,2026-10-29,AMC,nasdaq_calendar,
WYFI,2026-11-12,,nasdaq_calendar,
WYNN,2026-11-05,AMC,nasdaq_calendar,
WYY,2026-11-12,,nasdaq_calendar,
XAIR,2026-11-09,,nasdaq_calendar,
XBIO,2026-11-11,,nasdaq_calendar,
XBIT,2026-11-11,,nasdaq_calendar,
XBP,2026-11-13,,nasdaq_calendar,
XCUR,2026-11-06,,nasdaq_calendar,
XE,2026-11-12,,nasdaq_calendar,
XEL,2026-10-29,BMO,nasdaq_calendar,
XELB,2026-11-18,,nasdaq_calendar,
XENE,2026-11-02,,nasdaq_calendar,
XERS,2026-11-05,,nasdaq_calendar,
XFOR,2026-11-04,,nasdaq_calendar,
XGN,2026-11-03,,nasdaq_calendar,
XHLD,2026-11-09,,nasdaq_calendar,
XHR,2026-11-03,BMO,nasdaq_calendar,
XIFR,2026-11-03,,nasdaq_calendar,
XLO,2026-11-12,,nasdaq_calendar,
XMAX,2026-11-13,,nasdaq_calendar,
XMTR,2026-11-03,,nasdaq_calendar,
XNCR,2026-11-04,,nasdaq_calendar,
XNDU,2026-11-04,,nasdaq_calendar,
XNET,2026-11-12,,nasdaq_calendar,
XOM,2026-10-30,,nasdaq_calendar,
XOS,2026-11-12,,nasdaq_calendar,
XP,2026-11-16,,nasdaq_calendar,
XPEL,2026-11-04,,nasdaq_calendar,
XPER,2026-11-04,,nasdaq_calendar,
XPEV,2026-11-16,,nasdaq_calendar,
XPL,2026-11-04,,nasdaq_calendar,
XPO,2026-10-29,BMO,nasdaq_calendar,
XPOF,2026-11-05,,nasdaq_calendar,
XPON,2026-11-12,,nasdaq_calendar,
XPRO,2026-10-22,,nasdaq_calendar,
XRAY,2026-11-05,,nasdaq_calendar,
XRN,2026-11-03,,nasdaq_calendar,
XRTX,2026-11-13,,nasdaq_calendar,
XRX,2026-10-29,,nasdaq_calendar,
XSLL,2026-11-13,,nasdaq_calendar,
XTIA,2026-11-18,,nasdaq_calendar,
XTND,2026-11-13,,nasdaq_calendar,
XTNT,2026-11-09,,nasdaq_calendar,
XWEL,2026-11-13,,nasdaq_calendar,
XXI,2026-11-13,,nasdaq_calendar,
XXII,2026-11-03,,nasdaq_calendar,
XYF,2026-11-19,,nasdaq_calendar,
XYL,2026-10-27,BMO,nasdaq_calendar,
XYZ,2026-11-03,AMC,nasdaq_calendar,
YALA,2026-11-09,,nasdaq_calendar,
YARW,2026-11-05,,nasdaq_calendar,
YELP,2026-11-05,,nasdaq_calendar,
YETI,2026-11-05,,nasdaq_calendar,
YHC,2026-11-13,,nasdaq_calendar,
YHGJ,2026-11-12,,nasdaq_calendar,
YMM,2026-11-16,,nasdaq_calendar,
YORW,2026-11-05,,nasdaq_calendar,
YOU,2026-11-05,,nasdaq_calendar,
YPF,2026-11-06,,nasdaq_calendar,
YRD,2026-11-24,,nasdaq_calendar,
YSG,2026-11-16,,nasdaq_calendar,
YSS,2026-11-12,,nasdaq_calendar,
YSWY,2026-11-12,,nasdaq_calendar,
YTRA,2026-11-11,,nasdaq_calendar,
YUM,2026-11-03,BMO,nasdaq_calendar,
YUMC,2026-11-03,,nasdaq_calendar,
Z,2026-11-04,AMC,nasdaq_calendar,
ZBH,2026-11-04,BMO,nasdaq_calendar,
ZBRA,2026-11-03,BMO,nasdaq_calendar,
ZD,2026-11-05,,nasdaq_calendar,
ZDGE,2026-10-27,,nasdaq_calendar,
ZENA,2026-11-10,,nasdaq_calendar,
ZEO,2026-11-13,,nasdaq_calendar,
ZEPP,2026-11-03,,nasdaq_calendar,
ZETA,2026-11-03,,nasdaq_calendar,
ZG,2026-11-04,AMC,nasdaq_calendar,
ZGN,2026-10-22,BMO,nasdaq_calendar,
ZH,2026-11-24,,nasdaq_calendar,
ZIM,2026-11-19,,nasdaq_calendar,
ZION,2026-10-19,AMC,nasdaq_calendar,
ZIP,2026-11-04,,nasdaq_calendar,
ZKH,2026-11-19,,nasdaq_calendar,
ZLAB,2026-11-05,,nasdaq_calendar,
ZM,2026-11-23,,nasdaq_calendar,
ZNTL,2026-11-09,,nasdaq_calendar,
ZONE,2026-11-12,,nasdaq_calendar,
ZS,2026-11-24,,nasdaq_calendar,
ZSQR,2026-11-12,,nasdaq_calendar,
ZSTK,2026-11-04,,nasdaq_calendar,
ZTO,2026-11-18,,nasdaq_calendar,
ZTS,2026-11-05,BMO,nasdaq_calendar,
ZURA,2026-11-12,,nasdaq_calendar,
ZVIA,2026-11-04,,nasdaq_calendar,
ZVRA,2026-11-04,,nasdaq_calendar,
ZWS,2026-10-27,,nasdaq_calendar,
ZYME,2026-11-05,,nasdaq_calendar,
