as_of,ticker,revenue_ttm,op_income_ttm,fcf_ttm,total_debt,cash,shares,ev_fcf,ev_fcf_sector_pct
2026-10-08,A,,,1152000000.0,3645000000.0,1758000000.0,281928854.0,42.79424945920139,76.42857142857143
2026-10-08,AA,,,567000000.0,,1352000000.0,263909445.0,,
2026-10-08,AAL,,,-680000000.0,25254000000.0,,661936666.0,,
2026-10-08,AAMI,,,,,,35490128.0,,
2026-10-08,AAOI,,,-353576000.0,1657000.0,499737000.0,84569237.0,-24.02169831945607,10.084033613445378
2026-10-08,AAON,,,,,13000.0,82453639.0,,
2026-10-08,AAP,,,-298000000.0,3387000000.0,3120000000.0,60400000.0,-9.48979865771812,3.5502958579881656
2026-10-08,AAPL,,,98767000000.0,82300000000.0,39544000000.0,14594180000.0,50.734625488270375,73.94957983193277
2026-10-08,ABBV,64386000000.0,,17816000000.0,,6569000000.0,1767117285.0,,
2026-10-08,ABCB,,,369644000.0,,,67107239.0,,
2026-10-08,ABCL,,,-174067000.0,,120065000.0,306611466.0,,
2026-10-08,ABG,,,,,,17951917.0,,
2026-10-08,ABM,,,155100000.0,1732200000.0,110500000.0,58614592.0,29.31000641521599,69.8224852071006
2026-10-08,ABNB,,,,2476000000.0,6821000000.0,,,
2026-10-08,ABSI,,,-94032000.0,,107865000.0,171614010.0,,
2026-10-08,ABT,,,7395000000.0,29603000000.0,5104000000.0,1730383296.0,26.358952105882352,72.26890756302521
2026-10-08,ABVX,,,,,,,,
2026-10-08,ACA,,,175500000.0,,432100000.0,49106809.0,,
2026-10-08,ACAD,,,105146000.0,,384985000.0,172305518.0,,
2026-10-08,ACGL,,,,,,,,
2026-10-08,ACHC,,,-439909000.0,2414569000.0,171290000.0,93100275.0,-11.126789476914544,28.571428571428573
2026-10-08,ACI,,,527300000.0,,293400000.0,485325683.0,,
2026-10-08,ACIW,,,309924000.0,822177000.0,167398000.0,100955241.0,18.748348491888333,37.81512605042017
2026-10-08,ACLS,,,107010000.0,,154996000.0,30881489.0,,
2026-10-08,ACM,,,684927000.0,,1012932000.0,128696425.0,,
2026-10-08,ACMR,,,-66608000.0,233691000.0,969229000.0,,-62.98980718532309,6.722689075630252
2026-10-08,ACN,73100595000.0,,10874360000.0,,10165245000.0,,,
2026-10-08,ACT,,,,745232000.0,448446000.0,137483671.0,,
2026-10-08,ACVA,,,69134000.0,,242259000.0,169807980.0,,
2026-10-08,ADBE,25764000000.0,,9852000000.0,4766000000.0,4359000000.0,389200000.0,9.563911896061713,17.647058823529413
2026-10-08,ADC,,,-370364000.0,,12518000.0,124379310.0,,
2026-10-08,ADEA,,,156280000.0,386015000.0,72781000.0,110280150.0,19.021242750191963,25.0
2026-10-08,ADI,,,4278650000.0,6771624000.0,2165870000.0,484565465.0,47.048815212041184,69.74789915966386
2026-10-08,ADM,,,4204000000.0,6451000000.0,1060000000.0,481959583.0,10.734673553282589,15.789473684210526
2026-10-08,ADMA,,,27821000.0,196589000.0,136020000.0,223984680.0,85.34311290032709,92.43697478991596
2026-10-08,ADP,,,,4964100000.0,4230100000.0,397262737.0,,
2026-10-08,ADPT,,,-48945000.0,0.0,169873000.0,159595842.0,-81.60144076003678,7.563025210084033
2026-10-08,ADSK,,,2409000000.0,2500000000.0,4098000000.0,209000000.0,19.60332088003321,39.49579831932773
2026-10-08,ADT,,,1708416000.0,7775286000.0,3875000.0,,7.328452854574062,11.242603550295858
2026-10-08,ADUS,,,103788000.0,61597000.0,,18674300.0,,
2026-10-08,AEE,,,-775000000.0,19064000000.0,12000000.0,276843251.0,-60.962215073548386,18.181818181818183
2026-10-08,AEG,,,,,,,,
2026-10-08,AEHR,,,-5376000.0,,116358000.0,32620450.0,,
2026-10-08,AEIS,,,125900000.0,1264200000.0,1396500000.0,40050442.0,89.36963966640191,87.39495798319328
2026-10-08,AEM,,,,,,,,
2026-10-08,AEO,,,195387000.0,55000000.0,147954000.0,167573333.0,14.936197362158179,30.17751479289941
2026-10-08,AEP,,,3491000000.0,,,,,
2026-10-08,AER,,,,,,,,
2026-10-08,AES,,,-1623000000.0,,1800000000.0,713438630.0,,
2026-10-08,AESI,,,-30925000.0,914215000.0,,125003451.0,,
2026-10-08,AFG,,,,,,,,
2026-10-08,AFL,,,,,6120000000.0,501343298.0,,
2026-10-08,AFRM,,,601720000.0,9794058000.0,1630038000.0,,56.830535631190585,98.0
2026-10-08,AG,,,,,,,,
2026-10-08,AGCO,,,740200000.0,2639500000.0,573400000.0,70031729.0,13.021657466900837,20.714285714285715
2026-10-08,AGI,,,,,,,,
2026-10-08,AGIO,,,-377293000.0,,99647000.0,59701882.0,,
2026-10-08,AGL,,,-119005000.0,15377000.0,107184000.0,16791210.0,-11.182255459854629,27.73109243697479
2026-10-08,AGM,,,80062000.0,34779904000.0,,,,
2026-10-08,AGNC,,,,,,,,
2026-10-08,AGO,,,,1706000000.0,,43979208.0,,
2026-10-08,AGX,,,410841000.0,,364481000.0,14029842.0,,
2026-10-08,AGYS,,,68149000.0,,123709000.0,28205788.0,,
2026-10-08,AHR,,,,,156896000.0,217998775.0,,
2026-10-08,AI,,,-192136000.0,,136435000.0,,,
2026-10-08,AIG,,,,,,522893169.0,,
2026-10-08,AIR,,,62100000.0,879600000.0,104500000.0,40194211.0,78.22911357487922,89.28571428571429
2026-10-08,AIT,,,465198000.0,262300000.0,,36698856.0,,
2026-10-08,AIZ,,,,,,,,
2026-10-08,AJG,,,,11955000000.0,,256300000.0,,
2026-10-08,AKAM,,,1010979000.0,,1480257000.0,143716609.0,,
2026-10-08,AKR,,,,1637018000.0,32960000.0,137332722.0,,
2026-10-08,ALAB,,,281762000.0,,111453000.0,173485104.0,,
2026-10-08,ALB,,,692466000.0,1876784000.0,1631688000.0,118005057.0,17.753091588612293,34.285714285714285
2026-10-08,ALC,,,,,,,,
2026-10-08,ALG,,,146916000.0,,194995000.0,12170965.0,,
2026-10-08,ALGM,,,124893000.0,281109000.0,162029000.0,186402046.0,55.08621146101063,76.47058823529412
2026-10-08,ALGN,,,490778000.0,,1102591000.0,71039852.0,,
2026-10-08,ALGT,,,75104000.0,2779454000.0,508684000.0,27337755.0,58.049964688964636,91.71597633136095
2026-10-08,ALH,,,158017000.0,,159467000.0,198769096.0,,
2026-10-08,ALHC,,,113146000.0,324056000.0,693453000.0,207435149.0,12.703614338995633,45.378151260504204
2026-10-08,ALK,,,,6048000000.0,1064000000.0,111603120.0,,
2026-10-08,ALKS,,,480334000.0,1525000000.0,511529000.0,167763272.0,16.11890026523211,50.42016806722689
2026-10-08,ALKT,,,41364000.0,,45512000.0,106941980.0,,
2026-10-08,ALL,70137000000.0,,9882000000.0,7492000000.0,,252857950.0,,
2026-10-08,ALLE,,,685700000.0,2031100000.0,,85036786.0,,
2026-10-08,ALLY,,,,17053000000.0,7840000000.0,304199693.0,,
2026-10-08,ALM,,,,,,,,
2026-10-08,ALNT,,,49686000.0,173337000.0,42088000.0,17002511.0,39.81467153725396,72.85714285714286
2026-10-08,ALNY,,,465383000.0,,1708318000.0,133809118.0,,
2026-10-08,ALRM,,,137049000.0,,479418000.0,49090228.0,,
2026-10-08,ALSN,,,661000000.0,4094000000.0,399000000.0,82578038.0,19.221013201210287,43.78698224852071
2026-10-08,ALV,,,716000000.0,1688000000.0,377000000.0,73237217.0,13.187888553072625,23.668639053254438
2026-10-08,AM,,,862472000.0,3566179000.0,,474674000.0,,
2026-10-08,AMAT,,,5698000000.0,5245000000.0,7037000000.0,793597443.0,70.65662496138997,83.19327731092437
2026-10-08,AMBA,,,58005000.0,,101850000.0,44140971.0,,
2026-10-08,AMBQ,,,,,366774000.0,24184536.0,,
2026-10-08,AMCR,,,810000000.0,,1115000000.0,462345690.0,,
2026-10-08,AMD,,,6735000000.0,2351000000.0,5086000000.0,1632475042.0,150.03854626117297,92.43697478991596
2026-10-08,AME,,,1671515000.0,1055541000.0,495446000.0,229261244.0,34.28436963772386,66.42857142857143
2026-10-08,AMG,,,,,,,,
2026-10-08,AMGN,,,8100000000.0,57304000000.0,13989000000.0,540632005.0,32.541988162592595,78.99159663865547
2026-10-08,AMH,,,,5130117000.0,83670000.0,,,
2026-10-08,AMKR,,,190992000.0,2334950000.0,1551890000.0,248452472.0,70.443453505906,82.3529411764706
2026-10-08,AMLX,,,-123481000.0,,49326000.0,111423048.0,,
2026-10-08,AMN,,,233828000.0,,361836000.0,38729991.0,,
2026-10-08,AMP,,,8161000000.0,,,88333219.0,,
2026-10-08,AMPL,,,28203000.0,,73776000.0,,,
2026-10-08,AMPX,,,-35534000.0,,74517000.0,146080618.0,,
2026-10-08,AMR,,,17773000.0,3030000.0,307595000.0,12679045.0,107.1928747538401,87.5
2026-10-08,AMRX,,,269929000.0,2570296000.0,127637000.0,319353919.0,34.40414232631544,81.5126050420168
2026-10-08,AMRZ,,,1420000000.0,4235000000.0,729000000.0,546925644.0,16.527314088732393,27.857142857142858
2026-10-08,AMSC,,,18260000.0,,143707000.0,48442143.0,,
2026-10-08,AMT,,,3783600000.0,,1762500000.0,465960048.0,,
2026-10-08,AMTM,,,516000000.0,3825000000.0,459000000.0,244506413.0,15.512183439922481,33.72781065088758
2026-10-08,AMX,,,,,,,,
2026-10-08,AMZN,,,7695000000.0,132995000000.0,78213000000.0,10786313572.0,363.2427324369071,98.81656804733728
2026-10-08,AN,,,-197500000.0,,53300000.0,33060806.0,,
2026-10-08,ANAB,,,19610000.0,,133826000.0,29895244.0,,
2026-10-08,ANDE,,,-56125000.0,563481000.0,,33975570.0,,
2026-10-08,ANDG,,,174274000.0,301234000.0,175631000.0,,37.18324934872672,82.84023668639053
2026-10-08,ANET,,,4252400000.0,,2290200000.0,1261224648.0,,
2026-10-08,ANF,,,378368000.0,,627716000.0,42434377.0,,
2026-10-08,ANIP,,,171390000.0,280155000.0,360212000.0,,9.175371643619814,42.857142857142854
2026-10-08,AON,,,3218000000.0,12947000000.0,1062000000.0,212125434.0,21.96059672778123,74.0
2026-10-08,AOS,,,546000000.0,598000000.0,181300000.0,,14.841921042124541,29.585798816568047
2026-10-08,APA,,,,,444000000.0,350351510.0,,
2026-10-08,APAM,,,171617000.0,190000000.0,,81066833.0,,
2026-10-08,APD,,,,,980500000.0,222685530.0,,
2026-10-08,APG,,,663000000.0,3523000000.0,851000000.0,432160297.0,30.090148829562594,71.59763313609467
2026-10-08,APH,,,4378100000.0,,4729400000.0,1232983457.0,,
2026-10-08,APLD,676035000.0,,-2776080000.0,,2949909000.0,302387140.0,,
2026-10-08,APLE,,,282022000.0,1502257000.0,10154000.0,236082698.0,18.8686143705101,25.0
2026-10-08,APO,,,,,,,,
2026-10-08,APP,,,3966318000.0,3515072000.0,3053306000.0,335291000.0,23.75104671889647,48.739495798319325
2026-10-08,APPF,,,238950000.0,,217401000.0,,,
2026-10-08,APPN,,,59556000.0,236027000.0,121111000.0,71800000.0,48.425664920411045,70.58823529411765
2026-10-08,APPS,,,11186000.0,352863000.0,42930000.0,121016250.0,145.0111386554622,100.0
2026-10-08,APTV,18725000000.0,,1529000000.0,5331000000.0,761000000.0,207633331.0,8.992458838456507,14.201183431952662
2026-10-08,AQN,,,,,,,,
2026-10-08,AR,,,,2432258000.0,,307439000.0,,
2026-10-08,ARCB,,,114178000.0,121065000.0,145851000.0,22351354.0,25.223738075636287,51.42857142857143
2026-10-08,ARCC,,,,15773000000.0,383000000.0,718022845.0,,
2026-10-08,ARE,,,,12812874000.0,470449000.0,174247570.0,,
2026-10-08,ARES,,,,,,,,
2026-10-08,ARGX,,,,,,,,
2026-10-08,ARIS,,,,,,,,
2026-10-08,ARM,,,979000000.0,,3058000000.0,1068000000.0,,
2026-10-08,ARMK,,,,,499425000.0,263625044.0,,
2026-10-08,AROC,,,119642000.0,2347810000.0,2000000.0,175338185.0,64.07089929121881,81.81818181818181
2026-10-08,ARQT,,,-6311000.0,108900000.0,34121000.0,125691961.0,-499.5999247345904,2.5210084033613445
2026-10-08,ARR,,,,,83679000.0,141553046.0,,
2026-10-08,ARW,,,-37205000.0,2053041000.0,244631000.0,50905423.0,-358.855386775971,2.5210084033613445
2026-10-08,ARWR,,,156886000.0,,,141254467.0,,
2026-10-08,ARX,,,,120100000.0,1572800000.0,,,
2026-10-08,AS,,,,,,,,
2026-10-08,ASAN,,,86569000.0,,219562000.0,,,
2026-10-08,ASB,,,,,,,,
2026-10-08,ASH,,,,1374000000.0,440000000.0,45793370.0,,
2026-10-08,ASML,,,,,,,,
2026-10-08,ASND,,,,,,,,
2026-10-08,ASO,,,222130000.0,494158000.0,298213000.0,61578891.0,15.508248723720344,33.13609467455621
2026-10-08,ASST,,,,,,,,
2026-10-08,ASX,,,,,,,,
2026-10-08,ATAT,,,272703000.0,,,,,
2026-10-08,ATEC,,,2776000.0,575754000.0,118662000.0,154451076.0,740.5117568443804,100.0
2026-10-08,ATEN,,,64766000.0,0.0,54679000.0,72609021.0,30.501640166136553,62.5
2026-10-08,ATEX,,,5480000.0,,116010000.0,19498473.0,,
2026-10-08,ATI,,,333700000.0,,783000000.0,136170383.0,,
2026-10-08,ATKR,,,295654000.0,760228000.0,346218000.0,33772550.0,12.234054672015262,12.5
2026-10-08,ATMU,,,148800000.0,1000000000.0,259000000.0,81595527.0,28.35081559811828,68.63905325443787
2026-10-08,ATO,,,-1511943000.0,,520953000.0,168988553.0,,
2026-10-08,ATR,,,299580000.0,,190402000.0,63581129.0,,
2026-10-08,ATRC,,,48284000.0,61000000.0,167786000.0,50866294.0,53.45433218043244,89.91596638655462
2026-10-08,ATRO,942090000.0,,43122000.0,310319000.0,9016000.0,,71.2684285283614,87.85714285714286
2026-10-08,AU,,,,,,,,
2026-10-08,AUB,,,,775681000.0,990297000.0,142814896.0,,
2026-10-08,AUGO,,,,,,,,
2026-10-08,AUR,,,,,,,,
2026-10-08,AVA,,,-101000000.0,,25000000.0,83752830.0,,
2026-10-08,AVAH,,,,1297881000.0,97196000.0,218219696.0,,
2026-10-08,AVAV,,,-140948000.0,747500000.0,278390000.0,50820702.0,-52.94178416862957,5.714285714285714
2026-10-08,AVGO,,,26914000000.0,59419000000.0,23975000000.0,4773629865.0,65.19354460804786,80.67226890756302
2026-10-08,AVNT,,,195000000.0,1875800000.0,,91719550.0,,
2026-10-08,AVPT,,,81574000.0,,417250000.0,211565426.0,,
2026-10-08,AVT,,,-354497000.0,2478864000.0,155396000.0,82072979.0,-29.64925300637241,8.403361344537815
2026-10-08,AVTR,,,495000000.0,3697800000.0,306800000.0,676358840.0,27.87911625858586,55.714285714285715
2026-10-08,AVY,,,712400000.0,,227300000.0,75788142.0,,
2026-10-08,AWI,,,246100000.0,481700000.0,78600000.0,42262826.0,29.64716343356359,58.57142857142857
2026-10-08,AWK,,,-1067000000.0,,191000000.0,198728989.0,,
2026-10-08,AWR,,,-7092000.0,717735000.0,21657000.0,39635626.0,-555.4795933446137,6.0606060606060606
2026-10-08,AX,,,436118000.0,342915000.0,1108633000.0,56734842.0,9.777034988237128,38.0
2026-10-08,AXGN,,,-2933000.0,0.0,94572000.0,53761513.0,-691.4978997613365,1.680672268907563
2026-10-08,AXON,,,75081000.0,1731817000.0,597704000.0,81237415.0,466.6333513671901,99.28571428571429
2026-10-08,AXP,,,16003000000.0,57017000000.0,,675309833.0,,
2026-10-08,AXS,,,,,780002000.0,72966317.0,,
2026-10-08,AXSM,,,-93885000.0,117958000.0,319850000.0,52380818.0,-92.74151914576343,6.722689075630252
2026-10-08,AXTA,,,453000000.0,,633000000.0,214019997.0,,
2026-10-08,AXTI,,,-18778000.0,,412167000.0,65573212.0,,
2026-10-08,AYA,,,,,,,,
2026-10-08,AYI,,,533000000.0,697300000.0,411900000.0,29935547.0,17.408886275797375,37.27810650887574
2026-10-08,AZN,,,,,,,,
2026-10-08,AZO,,,1790080000.0,,,16325355.0,,
2026-10-08,AZTA,613807000.0,,38324000.0,,189654000.0,43808393.0,,
2026-10-08,AZZ,,,444670000.0,480604000.0,1059000.0,30051501.0,10.29520477207817,16.428571428571427
2026-10-08,B,,,,,,,,
2026-10-08,BA,,,-1877000000.0,45596000000.0,7239000000.0,790370020.0,-99.49332512253596,2.857142857142857
2026-10-08,BABA,,,,,,,,
2026-10-08,BAC,,,,339863000000.0,,6992748365.0,,
2026-10-08,BAH,,,951000000.0,3936000000.0,540000000.0,120284973.0,12.787766543638275,23.076923076923077
2026-10-08,BALL,,,788000000.0,,491000000.0,264703357.0,,
2026-10-08,BAM,,,,4084000000.0,1503000000.0,,,
2026-10-08,BANC,,,234771000.0,2460363000.0,,157950529.0,,
2026-10-08,BAND,,,,330769000.0,169902000.0,,,
2026-10-08,BAP,,,,,,,,
2026-10-08,BATRK,,,-68473000.0,793127000.0,116278000.0,,-59.03721463934689,1.183431952662722
2026-10-08,BAX,,,332000000.0,,2150000000.0,516995999.0,,
2026-10-08,BB,587600000.0,,46500000.0,197100000.0,266200000.0,587032279.0,107.46211974193548,89.07563025210084
2026-10-08,BBIO,,,-447007000.0,2652873000.0,677911000.0,195487474.0,-32.8618283583926,14.285714285714286
2026-10-08,BBT,,,212156000.0,888592000.0,1216103000.0,83816086.0,9.312746483719527,34.0
2026-10-08,BBVA,,,,,,,,
2026-10-08,BBWI,,,865000000.0,3614000000.0,794000000.0,201645313.0,7.388599413872832,11.834319526627219
2026-10-08,BBY,,,1258000000.0,,2255000000.0,209727698.0,,
2026-10-08,BC,,,396300000.0,1805700000.0,288100000.0,64797428.0,14.02402128690386,22.857142857142858
2026-10-08,BCC,,,12717000.0,448408000.0,304818000.0,34891351.0,214.9269537626799,98.22485207100591
2026-10-08,BCE,,,,,,,,
2026-10-08,BCO,,,,3895100000.0,1658200000.0,41189634.0,,
2026-10-08,BCPC,1085881000.0,,,,63174000.0,31878021.0,,
2026-10-08,BCRX,,,344901000.0,395400000.0,154972000.0,255535105.0,6.839104612627971,41.1764705882353
2026-10-08,BCS,,,,,,,,
2026-10-08,BDC,,,218692000.0,1230566000.0,348655000.0,39078191.0,23.320518981032684,45.0
2026-10-08,BDX,,,,13511000000.0,708000000.0,272386800.0,,
2026-10-08,BE,,,57190000.0,2477973000.0,2666859000.0,294527346.0,1401.7147147403393,100.0
2026-10-08,BEAM,,,-360048000.0,100258000.0,219825000.0,103287665.0,-6.7249632243478645,33.61344537815126
2026-10-08,BEKE,,,-140698000.0,,,,,
2026-10-08,BELFB,,,68610000.0,0.0,306106000.0,,46.57426942136715,
2026-10-08,BEN,,,911600000.0,2401900000.0,,508076910.0,,
2026-10-08,BEPC,,,,,,,,
2026-10-08,BETA,,,-313245000.0,175405000.0,1479470000.0,,-11.14695120432888,10.0
2026-10-08,BFAM,,,258549000.0,1072058000.0,163691000.0,48635306.0,16.47213189762869,36.094674556213015
2026-10-08,BFH,,,,,3683000000.0,38419268.0,,
2026-10-08,BFLY,,,-16048000.0,,124659000.0,,,
2026-10-08,BG,91819000000.0,,-879000000.0,10626000000.0,593000000.0,192119123.0,-34.97984509897611,5.2631578947368425
2026-10-08,BGC,,,372865000.0,1539632000.0,766854000.0,,16.392707929143256,50.0
2026-10-08,BHE,,,88351000.0,180984000.0,314836000.0,35919933.0,31.48136141073672,58.8235294117647
2026-10-08,BHF,,,,,,,,
2026-10-08,BHP,,,,,,,,
2026-10-08,BHVN,,,-610153000.0,,238033000.0,151043781.0,,
2026-10-08,BIDU,,,-2157000000.0,,,,,
2026-10-08,BIIB,,,2050800000.0,7290300000.0,,147753998.0,,
2026-10-08,BILI,,,948685000.0,,,,,
2026-10-08,BILL,,,346309000.0,1836123000.0,1031053000.0,85276782.0,13.400805794824853,26.050420168067227
2026-10-08,BIO,,,,,,,,
2026-10-08,BIPC,,,,,,,,
2026-10-08,BIRK,,,,,,,,
2026-10-08,BJ,,,328008000.0,399245000.0,29982000.0,126314692.0,39.26571942147753,83.4319526627219
2026-10-08,BJRI,,,40902000.0,44000000.0,14427000.0,21273765.0,31.69069893892719,75.14792899408285
2026-10-08,BKD,,,16505000.0,4272618000.0,370388000.0,238817252.0,393.9987806119358,99.15966386554622
2026-10-08,BKE,,,205779000.0,,,51512434.0,,
2026-10-08,BKH,,,-146400000.0,3993900000.0,71500000.0,76253141.0,-66.6481581215847,12.121212121212121
2026-10-08,BKNG,,,9087000000.0,18180000000.0,17214000000.0,751380500.0,13.333810782986685,24.2603550295858
2026-10-08,BKR,,,2537000000.0,,,992674071.0,,
2026-10-08,BKU,,,,,367873000.0,71232249.0,,
2026-10-08,BKV,,,-24745000.0,1249841000.0,152192000.0,109437830.0,-150.23603354212972,9.375
2026-10-08,BL,,,161493000.0,,242897000.0,58125270.0,,
2026-10-08,BLBD,,,153342000.0,81810000.0,116824000.0,31676039.0,11.258347158638859,19.526627218934912
2026-10-08,BLDR,,,853284000.0,,65651000.0,107596457.0,,
2026-10-08,BLK,,,3552000000.0,12744000000.0,10492000000.0,154996807.0,47.083886564189186,94.0
2026-10-08,BLLN,,,15714000.0,91031000.0,548628000.0,,257.38311671121295,98.31932773109244
2026-10-08,BLSH,,,,,,,,
2026-10-08,BLTE,,,-37059000.0,,,,,
2026-10-08,BMA,,,,,,,,
2026-10-08,BMI,880955000.0,,169672000.0,,,28986847.0,,
2026-10-08,BMNR,,,-5214000.0,,340289000.0,603226394.0,,
2026-10-08,BMO,,,,,,,,
2026-10-08,BMRN,,,724956000.0,4186142000.0,874005000.0,193573759.0,19.225167640518873,57.142857142857146
2026-10-08,BMY,,,12845000000.0,42861000000.0,8722000000.0,2042714656.0,12.13265388898404,44.53781512605042
2026-10-08,BN,,,,,,,,
2026-10-08,BNL,,,269790000.0,2688016000.0,11095000.0,191892971.0,22.89576630342118,50.0
2026-10-08,BNS,,,,,,,,
2026-10-08,BNTX,,,,,,,,
2026-10-08,BNY,,,5177000000.0,30368000000.0,7483000000.0,678504142.0,23.2422213314661,78.0
2026-10-08,BOH,,,184283000.0,,,39450396.0,,
2026-10-08,BOKF,,,575231000.0,,,60766867.0,,
2026-10-08,BOOT,,,126342000.0,,139262000.0,30284844.0,,
2026-10-08,BOX,,,350376000.0,452212000.0,342870000.0,137200773.0,14.530396111605818,29.41176470588235
2026-10-08,BP,,,,,,,,
2026-10-08,BPOP,,,,,,,,
2026-10-08,BR,,,1127500000.0,3254600000.0,402900000.0,114021798.0,19.072207793348117,42.603550295857985
2026-10-08,BRC,,,153619000.0,14985000.0,187149000.0,,24.649285921663335,60.35502958579882
2026-10-08,BRK/A,,,,,,,,
2026-10-08,BRK/B,,,25042000000.0,,,,,
2026-10-08,BRKR,,,,,,,,
2026-10-08,BRO,,,1382000000.0,7759000000.0,918000000.0,334610357.0,20.385246207670043,64.0
2026-10-08,BROS,,,54411000.0,200511000.0,268624000.0,,126.45835698663873,97.0414201183432
2026-10-08,BRSL,,,-415000000.0,,,,,
2026-10-08,BRX,,,,5322423000.0,170889000.0,306872316.0,,
2026-10-08,BRZE,,,61850000.0,,166770000.0,113584427.0,,
2026-10-08,BSBR,,,,,,,,
2026-10-08,BSX,,,3658000000.0,,539000000.0,1449229526.0,,
2026-10-08,BSY,,,520209000.0,1217180000.0,146981000.0,,22.2777256737196,44.53781512605042
2026-10-08,BTDR,,,,,,,,
2026-10-08,BTG,,,,,,,,
2026-10-08,BTI,,,,,,,,
2026-10-08,BTSG,,,,,,,,
2026-10-08,BTU,,,-77700000.0,,526300000.0,121900000.0,,
2026-10-08,BUD,,,,,,,,
2026-10-08,BULL,,,,,,,,
2026-10-08,BURL,,,171589000.0,,703686000.0,62815195.0,,
2026-10-08,BUSE,,,,,,,,
2026-10-08,BVN,,,,,,,,
2026-10-08,BWA,,,,3863000000.0,,203666354.0,,
2026-10-08,BWIN,,,-68945000.0,,184499000.0,,,
2026-10-08,BWXT,3513970000.0,,295291000.0,2019897000.0,608203000.0,91621980.0,48.9082701335293,82.14285714285714
2026-10-08,BX,,,4547458000.0,13318636000.0,2507073000.0,750625114.0,20.976994366083204,72.0
2026-10-08,BXMT,,,,,432833000.0,168543591.0,,
2026-10-08,BXP,,,,,493949000.0,159661556.0,,
2026-10-08,BYD,,,388464000.0,2613755000.0,322713000.0,72655414.0,18.98997327937724,42.01183431952663
2026-10-08,BZ,,,633946000.0,,,,,
2026-10-08,C,,,-74152000000.0,,,,,
2026-10-08,CACC,,,1053000000.0,,1400000.0,10380580.0,,
2026-10-08,CACI,,,481406000.0,4901509000.0,191756000.0,22099539.0,37.29960042458964,64.70588235294117
2026-10-08,CAE,,,,,,,,
2026-10-08,CAG,10995400000.0,,978700000.0,7730000000.0,371600000.0,477411517.0,14.138013983856135,31.57894736842105
2026-10-08,CAH,,,1850000000.0,,4856000000.0,232575728.0,,
2026-10-08,CAI,,,66895000.0,392691000.0,,282595186.0,,
2026-10-08,CAKE,,,155077000.0,562895000.0,195170000.0,49760634.0,36.67619557381172,82.24852071005917
2026-10-08,CALM,2898658000.0,,328533000.0,,113542000.0,46710613.0,,
2026-10-08,CALX,,,115518000.0,,68914000.0,62963989.0,,
2026-10-08,CALY,2129800000.0,,302200000.0,7700000.0,278100000.0,178510521.0,7.298282349437459,10.650887573964496
2026-10-08,CAMT,,,127475000.0,,,,,
2026-10-08,CAR,,,,5999000000.0,558000000.0,35325754.0,,
2026-10-08,CARG,967273000.0,,288897000.0,0.0,122136000.0,,8.592586620837185,15.966386554621849
2026-10-08,CARR,,,2121000000.0,10314000000.0,1344000000.0,824325057.0,25.92742476756247,52.857142857142854
2026-10-08,CART,,,910000000.0,,757000000.0,231500067.0,,
2026-10-08,CASY,,,721620000.0,2326200000.0,524059000.0,36960167.0,35.393859733654836,79.28994082840237
2026-10-08,CAT,74729000000.0,,8918000000.0,,6713000000.0,459674889.0,,
2026-10-08,CATY,,,363658000.0,119136000.0,,66713820.0,,
2026-10-08,CAVA,,,26141000.0,,322763000.0,116806198.0,,
2026-10-08,CB,,,,17452000000.0,,385799859.0,,
2026-10-08,CBC,,,231393000.0,,,239505133.0,,
2026-10-08,CBOE,,,1681600000.0,1443800000.0,2276200000.0,104431019.0,19.059977402473834,56.0
2026-10-08,CBRE,,,1193000000.0,5731000000.0,1489000000.0,289575298.0,35.37261530762783,90.0
2026-10-08,CBRL,,,59755000.0,337231000.0,36535000.0,22352430.0,25.733067960840096,63.905325443786985
2026-10-08,CBSH,,,592388000.0,,,143432178.0,,
2026-10-08,CBT,,,391000000.0,828000000.0,250000000.0,51631007.0,11.462456365728901,17.857142857142858
2026-10-08,CBU,,,233331000.0,,258174000.0,52615905.0,,
2026-10-08,CBZ,,,175526000.0,1375734000.0,20901000.0,54263879.0,24.660127667695953,60.946745562130175
2026-10-08,CC,5796000000.0,,51000000.0,3838000000.0,671000000.0,150498995.0,102.90982550980392,93.57142857142857
2026-10-08,CCC,,,254508000.0,1259345000.0,115857000.0,588994704.0,19.697546658651202,40.33613445378151
2026-10-08,CCEP,,,,,,,,
2026-10-08,CCI,,,2875000000.0,,1042000000.0,425455439.0,,
2026-10-08,CCJ,,,,,,,,
2026-10-08,CCK,,,1117000000.0,6018000000.0,656000000.0,108760511.0,15.40183029364369,25.0
2026-10-08,CCL,29416000000.0,,2607000000.0,24559000000.0,1220000000.0,1344610129.0,22.429483187955505,52.662721893491124
2026-10-08,CDE,,,665717000.0,,1052274000.0,1027934998.0,,
2026-10-08,CDNA,,,,,373636000.0,51734223.0,,
2026-10-08,CDNS,,,1586910000.0,,1440443000.0,275393000.0,,
2026-10-08,CDP,,,,2592436000.0,24157000.0,113410458.0,,
2026-10-08,CDW,,,1088100000.0,4808100000.0,361800000.0,125017426.0,20.15783250528444,47.337278106508876
2026-10-08,CE,,,803000000.0,12013000000.0,,109748926.0,,
2026-10-08,CECO,,,-5482000.0,727706000.0,61066000.0,58569830.0,-821.943151587012,0.7142857142857143
2026-10-08,CEG,,,1288000000.0,19111000000.0,697000000.0,354307379.0,92.71459979192547,90.9090909090909
2026-10-08,CELC,,,-153529000.0,0.0,182049000.0,48931908.0,-20.445385536283048,17.647058823529413
2026-10-08,CELH,,,323375000.0,674850000.0,631234000.0,253035047.0,21.57487835485118,68.42105263157895
2026-10-08,CENX,,,84800000.0,,343400000.0,98993295.0,,
2026-10-08,CERT,,,94565000.0,291839000.0,184138000.0,152538780.0,15.075726315232908,31.932773109243698
2026-10-08,CF,,,1802000000.0,3216000000.0,,151338130.0,,
2026-10-08,CFG,,,,15190000000.0,,421176788.0,,
2026-10-08,CFR,,,127327000.0,,,62148785.0,,
2026-10-08,CG,,,,,,,,
2026-10-08,CGAU,,,,,,,,
2026-10-08,CGNX,,,236771000.0,,302521000.0,168223842.0,,
2026-10-08,CGON,,,-132480000.0,3000000.0,19636000.0,88640375.0,-42.200740662741545,11.764705882352942
2026-10-08,CHD,,,1093000000.0,2206300000.0,254800000.0,237203907.0,22.99491109881061,54.437869822485204
2026-10-08,CHDN,,,,4110000000.0,196000000.0,69700243.0,,
2026-10-08,CHE,,,325477000.0,140000000.0,40222000.0,13069961.0,20.314449463402944,58.8235294117647
2026-10-08,CHEF,,,87793000.0,693723000.0,135466000.0,40796083.0,58.1246870023806,92.3076923076923
2026-10-08,CHH,,,,2002339000.0,42826000.0,45008622.0,,
2026-10-08,CHKP,,,1172800000.0,,,,,
2026-10-08,CHRD,,,,1481357000.0,611568000.0,54697872.0,,
2026-10-08,CHRW,,,894891000.0,1685017000.0,154590000.0,116851258.0,20.165789806803286,40.0
2026-10-08,CHTR,,,,,,,,
2026-10-08,CHWY,,,562400000.0,591700000.0,611000000.0,,13.479986271337127,24.85207100591716
2026-10-08,CHYM,,,32893000.0,,536045000.0,,,
2026-10-08,CI,,,,,6298000000.0,264240486.0,,
2026-10-08,CIEN,,,665292000.0,3229843000.0,2445708000.0,141808525.0,91.96659519879992,87.87878787878788
2026-10-08,CIFR,,,-695859000.0,5446866000.0,831829000.0,415030722.0,-14.6839399174258,6.0
2026-10-08,CIGI,,,251438000.0,,,,,
2026-10-08,CINF,,,3092000000.0,791000000.0,1750000000.0,153478045.0,7.892382579560155,26.0
2026-10-08,CL,,,3634000000.0,7823000000.0,1370000000.0,797172829.0,21.101795881948266,49.112426035502956
2026-10-08,CLBK,,,,1218452000.0,1089591000.0,269545135.0,,
2026-10-08,CLBT,,,160319000.0,,,,,
2026-10-08,CLDX,,,-213659000.0,,47454000.0,78529532.0,,
2026-10-08,CLF,,,-1023000000.0,7703000000.0,70000000.0,570540047.0,-14.259905349951124,25.0
2026-10-08,CLH,,,441807000.0,2759327000.0,,52787248.0,,
2026-10-08,CLMT,,,56600000.0,2258700000.0,109800000.0,87898234.0,127.65058328621907,90.625
2026-10-08,CLS,,,458300000.0,,535700000.0,114982086.0,,
2026-10-08,CLSK,,,,,,,,
2026-10-08,CLX,,,761000000.0,,,,,
2026-10-08,CM,,,,,,,,
2026-10-08,CMBT,,,,,,,,
2026-10-08,CMC,,,312249000.0,3200000000.0,,110624335.0,,
2026-10-08,CMCSA,,,21893000000.0,,7661000000.0,,,
2026-10-08,CME,,,4193600000.0,,2144200000.0,,,
2026-10-08,CMG,,,1447590000.0,,228199000.0,1265418000.0,,
2026-10-08,CMI,,,2386000000.0,,3179000000.0,137664487.0,,
2026-10-08,CMPS,,,-157240000.0,50727000.0,433295000.0,138476822.0,-7.668285092851692,31.092436974789916
2026-10-08,CMS,,,,,,,,
2026-10-08,CNA,,,2404000000.0,2973000000.0,,270600928.0,,
2026-10-08,CNC,,,4321000000.0,16030000000.0,24151000000.0,493995000.0,5.499059777829206,37.81512605042017
2026-10-08,CNH,,,,,1868000000.0,1237725958.0,,
2026-10-08,CNI,,,,,,,,
2026-10-08,CNK,,,,,,,,
2026-10-08,CNM,,,604000000.0,2432000000.0,312000000.0,,16.242127150662252,35.50295857988166
2026-10-08,CNO,4646600000.0,,,,,92521371.0,,
2026-10-08,CNP,,,-2384000000.0,,,,,
2026-10-08,CNQ,,,,,,,,
2026-10-08,CNR,,,21171000.0,,473204000.0,49636257.0,,
2026-10-08,CNS,,,-126423000.0,,59154000.0,51421533.0,,
2026-10-08,CNX,,,533969000.0,2223745000.0,6162000.0,147943637.0,13.526096533693904,37.5
2026-10-08,CNXC,9899796000.0,,572471000.0,3925373000.0,244692000.0,61105440.0,9.318909186666223,16.80672268907563
2026-10-08,COCO,,,39025000.0,,278640000.0,57397082.0,,
2026-10-08,COF,,,26140000000.0,,,613484836.0,,
2026-10-08,COGT,,,-265998000.0,223457000.0,181172000.0,173524982.0,-19.78178955856811,18.48739495798319
2026-10-08,COHR,,,192764000.0,3222224000.0,1162018000.0,195832246.0,317.85024993256,97.47899159663865
2026-10-08,COHU,,,10734000.0,285049000.0,219608000.0,47338433.0,307.6178185205888,97.14285714285714
2026-10-08,COIN,,,,5900000000.0,8614065000.0,263782000.0,,
2026-10-08,COKE,,,619589000.0,2513112000.0,171687000.0,,24.391089007390384,84.21052631578948
2026-10-08,COLB,,,,,1769000000.0,282902268.0,,
2026-10-08,COLD,,,-217204000.0,,40470000.0,285480551.0,,
2026-10-08,COLM,,,216737000.0,,532305000.0,51193194.0,,
2026-10-08,COMP,,,203300000.0,3140000000.0,694000000.0,757522197.0,47.50423666994589,96.0
2026-10-08,CON,,,197062000.0,,158038000.0,127517736.0,,
2026-10-08,COO,,,433700000.0,1914500000.0,154700000.0,190155294.0,27.865419561909153,74.78991596638656
2026-10-08,COP,,,,,6574000000.0,1201337479.0,,
2026-10-08,COR,,,3207139000.0,11723241000.0,2815291000.0,190827165.0,21.89810278662696,61.34453781512605
2026-10-08,CORT,,,141785000.0,,111039000.0,108098397.0,,
2026-10-08,CORZ,,,,,,,,
2026-10-08,COST,,,7837000000.0,3914000000.0,20207000000.0,443129349.0,51.51948098813322,88.75739644970415
2026-10-08,COUR,,,107200000.0,,871700000.0,264400000.0,,
2026-10-08,CP,,,,,,879079224.0,,
2026-10-08,CPA,,,,,,,,
2026-10-08,CPAY,,,1299145000.0,10623531000.0,3163539000.0,65659599.0,26.063606114790883,64.49704142011835
2026-10-08,CPB,,,705000000.0,,394000000.0,298234693.0,,
2026-10-08,CPK,,,-214900000.0,1500000000.0,400000.0,24106455.0,-21.354505691019078,36.36363636363637
2026-10-08,CPNG,,,522000000.0,618000000.0,6110000000.0,,42.543401011494254,85.20710059171597
2026-10-08,CPRI,,,14000000.0,324000000.0,114000000.0,113651618.0,134.17183942857142,97.63313609467455
2026-10-08,CPRT,,,1230760000.0,,,926330452.0,,
2026-10-08,CPT,,,,4848300000.0,44717000.0,100539350.0,,
2026-10-08,CR,,,,1087100000.0,350400000.0,57800356.0,,
2026-10-08,CRAI,,,18556000.0,,21442000.0,6276860.0,,
2026-10-08,CRBG,,,,,,445772522.0,,
2026-10-08,CRC,,,543000000.0,1281000000.0,56000000.0,88819893.0,10.9335088839779,25.0
2026-10-08,CRCL,,,529697000.0,,1730126000.0,,,
2026-10-08,CRDO,,,406996000.0,,466869000.0,187951918.0,,
2026-10-08,CRGY,,,,5166022000.0,264882000.0,330403696.0,,
2026-10-08,CRH,,,2912000000.0,17821000000.0,3025000000.0,665284511.0,23.901618369505496,47.142857142857146
2026-10-08,CRI,,,68630000.0,567808000.0,653571000.0,36711185.0,16.145777881392977,34.319526627218934
2026-10-08,CRK,,,-449673000.0,3098770000.0,45008000.0,293620548.0,-15.743217211173453,18.75
2026-10-08,CRL,,,518494000.0,,192025000.0,47738872.0,,
2026-10-08,CRM,,,14402000000.0,39288000000.0,8310000000.0,823000000.0,15.168546035272879,32.773109243697476
2026-10-08,CRML,,,,,,,,
2026-10-08,CROX,,,659200000.0,1307658000.0,170276000.0,47945075.0,10.223429252123786,17.75147928994083
2026-10-08,CRS,3124200000.0,,286100000.0,690700000.0,393300000.0,49558566.0,68.09339706046836,86.42857142857143
2026-10-08,CRSP,,,-345928000.0,586198000.0,291337000.0,96692653.0,-14.951199142596147,21.008403361344538
2026-10-08,CRUS,,,636610000.0,,810666000.0,50117561.0,,
2026-10-08,CRWD,,,1310241000.0,746216000.0,5013847000.0,1023934842.0,202.28146714535723,94.95798319327731
2026-10-08,CRWV,,,-7251000000.0,,5524000000.0,,,
2026-10-08,CSCO,,,13288000000.0,22872000000.0,7218000000.0,3942586873.0,35.26624065615593,75.0
2026-10-08,CSGP,,,123000000.0,1000000000.0,1266000000.0,405197588.0,96.04016339837398,100.0
2026-10-08,CSL,,,970600000.0,2889900000.0,665300000.0,39714133.0,15.436601304347827,25.714285714285715
2026-10-08,CSTM,,,159000000.0,,163000000.0,135527728.0,,
2026-10-08,CSW,,,132396000.0,825993000.0,47495000.0,16293487.0,41.15333729115683,74.28571428571429
2026-10-08,CSX,,,1711000000.0,,,1852474917.0,,
2026-10-08,CTAS,11373539000.0,,1881175000.0,1429554000.0,243599000.0,397075093.0,43.082487117891745,77.14285714285714
2026-10-08,CTRE,,,,1205071000.0,47591000.0,236293199.0,,
2026-10-08,CTRI,,,-8204000.0,694827000.0,40458000.0,100963053.0,-335.8617909556314,9.090909090909092
2026-10-08,CTSH,,,2595000000.0,1527000000.0,1038000000.0,450444209.0,10.605070127938342,20.168067226890756
2026-10-08,CTVA,,,2815000000.0,,2365000000.0,667196000.0,,
2026-10-08,CUBE,,,566312000.0,,,,,
2026-10-08,CUBI,,,481020000.0,,4178852000.0,33783799.0,,
2026-10-08,CURB,,,,595823000.0,154721000.0,115038025.0,,
2026-10-08,CUZ,,,135044000.0,3732064000.0,6699000.0,164602058.0,61.373582299102516,93.75
2026-10-08,CVBF,,,217344000.0,,1104359000.0,175997435.0,,
2026-10-08,CVCO,,,232085000.0,,243195000.0,7689402.0,,
2026-10-08,CVE,,,,,,,,
2026-10-08,CVI,,,-41000000.0,1700000000.0,737000000.0,100530599.0,-169.4778503414634,6.25
2026-10-08,CVLT,,,237151000.0,,929837000.0,41444564.0,,
2026-10-08,CVNA,,,889000000.0,4854000000.0,2630000000.0,,80.73488218672667,94.0828402366864
2026-10-08,CVS,,,7807000000.0,,11329000000.0,1278970369.0,,
2026-10-08,CVSA,,,287572000.0,662850000.0,406316000.0,34038820.0,16.233084236295607,18.75
2026-10-08,CVX,,,16592000000.0,,,1975771274.0,,
2026-10-08,CW,,,553710000.0,957387000.0,,36934444.0,,
2026-10-08,CWEN,,,369000000.0,8491000000.0,251000000.0,205267917.0,35.63473066395664,54.54545454545455
2026-10-08,CWK,,,293000000.0,2414900000.0,500500000.0,234713708.0,16.010454491467577,48.0
2026-10-08,CWST,,,84705000.0,,25541000.0,,,
2026-10-08,CWT,,,,,43445000.0,61839101.0,,
2026-10-08,CX,,,,,,,,
2026-10-08,CXT,,,198300000.0,1260000000.0,231400000.0,57561304.0,19.172484251134644,36.42857142857143
2026-10-08,CXW,,,52786000.0,1231770000.0,108934000.0,98893489.0,82.55298800818399,100.0
2026-10-08,CYTK,,,-534816000.0,248202000.0,255271000.0,139023418.0,-16.10604983770119,20.168067226890756
2026-10-08,CZR,,,497000000.0,11807000000.0,965000000.0,203720372.0,33.91514161167002,78.10650887573965
2026-10-08,D,,,,,,,,
2026-10-08,DAC,,,,,,,,
2026-10-08,DAL,,,3843000000.0,12905000000.0,4665000000.0,657623030.0,16.200144596409057,34.9112426035503
2026-10-08,DAN,7662000000.0,,298000000.0,,331000000.0,107576679.0,,
2026-10-08,DAR,,,679242000.0,,160742000.0,157802916.0,,
2026-10-08,DASH,,,2174000000.0,,4424000000.0,,,
2026-10-08,DAVE,,,,,,,,
2026-10-08,DB,,,,,,,,
2026-10-08,DBX,,,930800000.0,,1056200000.0,,,
2026-10-08,DCH,,,155100000.0,5025900000.0,880800000.0,237604602.0,35.4421030625403,79.88165680473372
2026-10-08,DCI,,,339900000.0,1283100000.0,250400000.0,115910129.0,32.76089097969991,64.28571428571429
2026-10-08,DCO,865069000.0,,-48643000.0,271425000.0,39804000.0,15099779.0,-57.00540275065271,4.285714285714286
2026-10-08,DD,6988000000.0,,,,1740000000.0,135042975.0,,
2026-10-08,DDOG,,,1000557000.0,,434957000.0,,,
2026-10-08,DE,,,6099000000.0,,8928000000.0,269625412.0,,
2026-10-08,DECK,,,1097332000.0,,1602589000.0,136414227.0,,
2026-10-08,DEI,,,,5722565000.0,354962000.0,167485267.0,,
2026-10-08,DELL,,,8552000000.0,34466000000.0,11569000000.0,640000000.0,45.39326654735734,68.0672268907563
2026-10-08,DEO,,,,,,2432397125.0,,
2026-10-08,DFTX,,,,36467000.0,655267000.0,134366950.0,,
2026-10-08,DG,,,2393338000.0,,1589590000.0,220616790.0,,
2026-10-08,DGII,,,105329000.0,108130000.0,27972000.0,37948123.0,27.756941165301104,50.0
2026-10-08,DGX,,,1359000000.0,5642000000.0,626000000.0,110373360.0,22.436552775570274,63.865546218487395
2026-10-08,DHI,,,3283500000.0,,2078700000.0,279701267.0,,
2026-10-08,DHR,,,5260000000.0,26558000000.0,,702986054.0,,
2026-10-08,DHT,,,,,,,,
2026-10-08,DINO,,,866000000.0,2772000000.0,2262000000.0,177783849.0,25.371900982678984,68.75
2026-10-08,DIOD,,,137151000.0,21909000.0,430447000.0,46051705.0,29.336119233545507,57.142857142857146
2026-10-08,DIS,,,10077000000.0,37414000000.0,5185000000.0,1726686902.0,21.536075444279053,50.29585798816568
2026-10-08,DJT,,,,,,,,
2026-10-08,DK,12056500000.0,,6300000.0,3189700000.0,628600000.0,61232174.0,1151.0292901587302,96.875
2026-10-08,DKNG,,,647503000.0,,983882000.0,,,
2026-10-08,DKS,,,400167000.0,,913736000.0,,,
2026-10-08,DLB,,,435850000.0,,669394000.0,,,
2026-10-08,DLO,,,,,,,,
2026-10-08,DLR,,,,,,,,
2026-10-08,DLTR,,,,2933500000.0,1058100000.0,187630299.0,,
2026-10-08,DNLI,,,-422102000.0,,201530000.0,159847403.0,,
2026-10-08,DNOW,,,134000000.0,474000000.0,114000000.0,180785891.0,23.800740253731345,57.396449704142015
2026-10-08,DNTH,,,,,110549000.0,55934378.0,,
2026-10-08,DOC,,,357010000.0,10032186000.0,1626827000.0,689527260.0,59.31319530265259,87.5
2026-10-08,DOCN,,,180518000.0,921053000.0,767026000.0,117579550.0,81.55493216742929,84.87394957983193
2026-10-08,DOCS,,,326458000.0,,273604000.0,179849000.0,,
2026-10-08,DOCU,,,1058562000.0,,528161000.0,186902452.0,,
2026-10-08,DORM,,,75665000.0,440479000.0,131982000.0,29675618.0,51.79580310579528,89.3491124260355
2026-10-08,DOV,,,,3259988000.0,,134680225.0,,
2026-10-08,DOW,,,-1447000000.0,,,,,
2026-10-08,DOX,,,618933000.0,,,,,
2026-10-08,DPZ,,,671504000.0,,164836000.0,33081735.0,,
2026-10-08,DRH,,,,1099038000.0,105980000.0,204605681.0,,
2026-10-08,DRI,12692400000.0,,,1636100000.0,220500000.0,113143224.0,,
2026-10-08,DRS,,,227000000.0,,270000000.0,266891515.0,,
2026-10-08,DSGX,,,260516000.0,,,,,
2026-10-08,DT,,,529677000.0,,1057780000.0,289002128.0,,
2026-10-08,DTE,,,,,,,,
2026-10-08,DTM,,,441000000.0,3326000000.0,172000000.0,102015296.0,35.780981934240366,57.57575757575758
2026-10-08,DUK,,,,,,,,
2026-10-08,DUOL,,,369727000.0,,1180887000.0,,,
2026-10-08,DV,,,172654000.0,,210174000.0,154986847.0,,
2026-10-08,DVA,,,1310636000.0,,668963000.0,63800000.0,,
2026-10-08,DVN,,,3119000000.0,11388000000.0,950000000.0,1100000000.0,20.599551138185316,62.5
2026-10-08,DX,,,,,607562000.0,247429551.0,,
2026-10-08,DXC,,,1036000000.0,,1957000000.0,159778689.0,,
2026-10-08,DXCM,,,1077200000.0,,1105000000.0,377360765.0,,
2026-10-08,DXPE,,,53978000.0,816365000.0,226618000.0,15517148.0,62.262390047797254,85.0
2026-10-08,DY,,,401712000.0,2791336000.0,340080000.0,30160957.0,26.915239997809376,53.57142857142857
2026-10-08,DYN,,,-405127000.0,199328000.0,676114000.0,186746431.0,-6.368998054930923,34.45378151260504
2026-10-08,EAT,,,557500000.0,,110000000.0,41765010.0,,
2026-10-08,EBAY,,,1434000000.0,,2310000000.0,445000000.0,,
2026-10-08,EBC,,,,,,228511552.0,,
2026-10-08,EC,,,,,,,,
2026-10-08,ECG,,,90009000.0,274499000.0,,51063836.0,,
2026-10-08,ECHO,,,-1065104000.0,,439988000.0,,,
2026-10-08,ECL,,,1904300000.0,,5135300000.0,280328603.0,,
2026-10-08,ECO,,,,,,,,
2026-10-08,ECPG,,,126929000.0,,182932000.0,21209366.0,,
2026-10-08,ED,,,,,,,,
2026-10-08,EDU,,,780211000.0,,1821202000.0,1549068783.0,,
2026-10-08,EEFT,,,434300000.0,1826800000.0,1196700000.0,37403595.0,6.933485742574257,20.0
2026-10-08,EFC,,,,,247473000.0,128887386.0,,
2026-10-08,EFOR,,,288100000.0,1438100000.0,,41000000.0,,
2026-10-08,EFX,,,1134300000.0,4056800000.0,170100000.0,117484896.0,18.500794996032795,54.0
2026-10-08,EG,,,,,,38342734.0,,
2026-10-08,EGO,,,,,,,,
2026-10-08,EGP,,,,1615000000.0,33382000.0,53773317.0,,
2026-10-08,EHC,,,,,107700000.0,98653384.0,,
2026-10-08,EIX,,,-715000000.0,,,,,
2026-10-08,EL,,,670000000.0,,,,,
2026-10-08,ELAN,,,284000000.0,3663000000.0,530000000.0,499621830.0,50.68477481690141,88.23529411764706
2026-10-08,ELF,1762106000.0,,190062000.0,834176000.0,344241000.0,59007996.0,35.474856920373355,80.4733727810651
2026-10-08,ELS,,,,,,194064619.0,,
2026-10-08,ELV,,,3174000000.0,31044000000.0,10232000000.0,216869290.0,33.95197641241336,80.67226890756302
2026-10-08,ELVN,,,-70459000.0,,135505000.0,73270761.0,,
2026-10-08,EMA,,,,,,,,
2026-10-08,EMBJ,,,,,,,,
2026-10-08,EME,,,1189313000.0,,924411000.0,44109901.0,,
2026-10-08,EMN,,,424000000.0,4452000000.0,,114377421.0,,
2026-10-08,EMR,18636000000.0,,2667000000.0,7526000000.0,,557800000.0,,
2026-10-08,ENB,,,,,,2184085509.0,,
2026-10-08,ENOV,,,19917000.0,1284508000.0,12563000.0,57669494.0,114.33068634834564,94.11764705882354
2026-10-08,ENPH,,,95901000.0,572836000.0,529344000.0,132144648.0,45.801111208433696,68.90756302521008
2026-10-08,ENS,,,467522000.0,1010265000.0,530663000.0,36065224.0,14.858033023044905,50.0
2026-10-08,ENSG,,,,135562000.0,262300000.0,58282434.0,,
2026-10-08,ENTG,,,396200000.0,3456000000.0,353600000.0,152800000.0,70.38120141342756,87.14285714285714
2026-10-08,ENVA,,,1771981000.0,5013901000.0,122226000.0,24898371.0,5.326168035097441,18.0
2026-10-08,EOG,,,,7899000000.0,4907000000.0,524529176.0,,
2026-10-08,EPAM,,,612691000.0,25000000.0,789397000.0,51586981.0,8.33910838742531,14.285714285714286
2026-10-08,EPD,,,2965000000.0,31205000000.0,246000000.0,2159477169.0,37.207347710286676,63.63636363636363
2026-10-08,EPR,,,269204000.0,3293013000.0,16197000.0,76608922.0,27.6560060251705,62.5
2026-10-08,EPRT,,,,2930000000.0,126165000.0,216273004.0,,
2026-10-08,EQH,,,,3839000000.0,17183000000.0,273035157.0,,
2026-10-08,EQIX,,,-400000000.0,19873000000.0,979000000.0,98671686.0,-296.66715504,6.25
2026-10-08,EQNR,,,,,,,,
2026-10-08,EQPT,,,,3637000000.0,443000000.0,,,
2026-10-08,EQT,,,2837527000.0,5655714000.0,112863000.0,625516000.0,13.623718132021299,40.625
2026-10-08,EQX,,,,,,,,
2026-10-08,ERAS,,,-95583000.0,,42542000.0,349762035.0,,
2026-10-08,ERIC,,,,,,,,
2026-10-08,ERIE,,,570965000.0,,,,,
2026-10-08,ERO,,,,,,,,
2026-10-08,ES,,,-45097000.0,26608990000.0,1819319000.0,376674754.0,-1098.3754039071334,3.0303030303030303
2026-10-08,ESAB,,,213280000.0,2391350000.0,217491000.0,62167810.0,29.104025286009,57.857142857142854
2026-10-08,ESE,,,205617000.0,85000000.0,73236000.0,25907567.0,38.370107880185,87.5
2026-10-08,ESI,,,,,189600000.0,243690914.0,,
2026-10-08,ESLT,,,552810000.0,,,,,
2026-10-08,ESNT,,,848689000.0,,,89876493.0,,
2026-10-08,ESQ,,,56679000.0,,242183000.0,12104583.0,,
2026-10-08,ESS,,,,6386526000.0,58327000.0,64268439.0,,
2026-10-08,ESTA,,,-56939000.0,261702000.0,71157000.0,29801891.0,-35.069769648220024,13.445378151260504
2026-10-08,ESTC,,,321802000.0,571195000.0,879869000.0,104991280.0,30.120370081602974,57.983193277310924
2026-10-08,ETN,,,3553000000.0,18520000000.0,483000000.0,388400000.0,51.482320292710384,74.78991596638656
2026-10-08,ETON,,,10191000.0,19078000.0,26845000.0,28583135.0,152.79753125306644,97.47899159663865
2026-10-08,ETOR,,,,,,,,
2026-10-08,ETR,,,-2534271000.0,,,,,
2026-10-08,ETSY,,,678028000.0,2335911000.0,901281000.0,91781748.0,12.287266226468523,21.301775147928993
2026-10-08,EVR,,,1182462000.0,,1256599000.0,,,
2026-10-08,EVRG,,,-751700000.0,,,,,
2026-10-08,EW,,,1335000000.0,598700000.0,2906500000.0,576400000.0,34.64279850187266,82.3529411764706
2026-10-08,EWBC,,,,,5088923000.0,137011856.0,,
2026-10-08,EWTX,,,-144072000.0,,72319000.0,108604129.0,,
2026-10-08,EXC,,,-2275000000.0,,,,,
2026-10-08,EXE,,,1839000000.0,3685000000.0,663000000.0,231503789.0,12.829487053289832,34.375
2026-10-08,EXEL,,,875838000.0,,281448000.0,247781692.0,,
2026-10-08,EXK,,,,,,,,
2026-10-08,EXLS,,,298119000.0,381155000.0,126722000.0,151612499.0,19.604204488811515,46.74556213017752
2026-10-08,EXP,,,197427000.0,1742011000.0,233539000.0,30675325.0,33.634983426785595,65.71428571428571
2026-10-08,EXPD,,,953400000.0,,1031448000.0,129990622.0,,
2026-10-08,EXPE,,,3110000000.0,5459000000.0,6682000000.0,114473000.0,9.551696153054662,16.568047337278106
2026-10-08,EXPO,,,122340000.0,,66629000.0,47546084.0,,
2026-10-08,EXTR,,,127318000.0,165000000.0,211758000.0,130490653.0,24.734361245071398,37.5
2026-10-08,EYE,,,73453000.0,230090000.0,35998000.0,79069313.0,20.66235960410058,60.50420168067227
2026-10-08,EZPW,,,110424000.0,519494000.0,311026000.0,,19.231852323770195,44.37869822485207
2026-10-08,F,,,12467000000.0,,18603000000.0,,,
2026-10-08,FA,,,188493000.0,2033781000.0,237900000.0,171753691.0,26.59423762155624,52.94117647058823
2026-10-08,FAF,,,762500000.0,,2624800000.0,102100000.0,,
2026-10-08,FANG,,,,11066000000.0,462000000.0,280024353.0,,
2026-10-08,FAST,,,1050600000.0,120000000.0,204700000.0,1147497573.0,55.06610742528079,91.12426035502959
2026-10-08,FBIN,,,366800000.0,2551500000.0,209700000.0,119371477.0,19.177461180479824,62.5
2026-10-08,FBK,,,147014000.0,,1112357000.0,49978138.0,,
2026-10-08,FBP,,,437524000.0,200000000.0,,152668268.0,,
2026-10-08,FCEL,,,-143892000.0,,658082000.0,79954196.0,,
2026-10-08,FCF,,,171451000.0,,,101055925.0,,
2026-10-08,FCFS,,,531036000.0,2346039000.0,172298000.0,43371800.0,21.366617295249288,49.70414201183432
2026-10-08,FCN,,,93601000.0,1019320000.0,163747000.0,27611575.0,50.58705877073963,88.16568047337279
2026-10-08,FCNCA,,,,,,,,
2026-10-08,FCPT,,,,1253360000.0,24790000.0,109756406.0,,
2026-10-08,FCX,,,1116000000.0,9386000000.0,4080000000.0,1436017523.0,96.29416360752688,100.0
2026-10-08,FDS,,,617454000.0,1389701000.0,288114000.0,35565543.0,18.287720834264576,36.134453781512605
2026-10-08,FDX,,,5116000000.0,23455000000.0,13311000000.0,236581188.0,15.478472635457388,31.952662721893493
2026-10-08,FE,,,-1005000000.0,,,,,
2026-10-08,FELE,,,193541000.0,,97283000.0,44211464.0,,
2026-10-08,FER,,,,,,,,
2026-10-08,FERG,,,1603000000.0,4456000000.0,437000000.0,193452717.0,28.66251238615097,87.5
2026-10-08,FFBC,,,317104000.0,382550000.0,,104968940.0,,
2026-10-08,FFIN,,,286006000.0,,,143327507.0,,
2026-10-08,FFIV,,,906406000.0,,1605782000.0,56627182.0,,
2026-10-08,FHB,,,303291000.0,,,121680634.0,,
2026-10-08,FHI,,,294583000.0,348499000.0,301727000.0,,14.33896294762427,40.0
2026-10-08,FHN,,,595000000.0,,,473777158.0,,
2026-10-08,FIBK,,,,,,95304607.0,,
2026-10-08,FICO,,,769885000.0,5582389000.0,248444000.0,21597635.0,26.773816775232664,66.86390532544378
2026-10-08,FIG,,,246237000.0,,445845000.0,,,
2026-10-08,FIGR,,,,962995000.0,1437511000.0,,,
2026-10-08,FIGS,,,53002000.0,,108539000.0,,,
2026-10-08,FIS,12201000000.0,,,16948000000.0,744000000.0,515705917.0,,
2026-10-08,FISV,,,4299000000.0,,627000000.0,531766721.0,,
2026-10-08,FITB,,,3930000000.0,17636000000.0,,906892564.0,,
2026-10-08,FIVE,,,411687000.0,,561083000.0,55054035.0,,
2026-10-08,FIVN,1203877000.0,,201244000.0,,187305000.0,74723531.0,,
2026-10-08,FIX,,,1031453000.0,54064000.0,1854794000.0,35194329.0,56.47811491362185,84.28571428571429
2026-10-08,FLEX,,,1052000000.0,5219000000.0,2840000000.0,369402978.0,42.557881397338406,66.38655462184875
2026-10-08,FLG,,,,6686000000.0,,415092836.0,,
2026-10-08,FLNC,,,-160422000.0,,339328000.0,,,
2026-10-08,FLO,,,319090000.0,1686246000.0,52766000.0,212057418.0,9.066724319157604,10.526315789473685
2026-10-08,FLR,,,-437000000.0,1072000000.0,2923000000.0,133741067.0,-11.375587707093821,9.285714285714286
2026-10-08,FLS,,,434957000.0,2122423000.0,,127112780.0,,
2026-10-08,FLUT,,,1079000000.0,11978000000.0,1563000000.0,173539102.0,22.897382094531974,47.05882352941177
2026-10-08,FLYW,,,98825000.0,,282392000.0,121609147.0,,
2026-10-08,FMC,3251200000.0,,,3963600000.0,476600000.0,125226839.0,,
2026-10-08,FMX,,,,,,,,
2026-10-08,FN,,,4222000.0,,346711000.0,35834864.0,,
2026-10-08,FNB,,,376000000.0,2002000000.0,2375000000.0,353000972.0,15.231002117021276,46.0
2026-10-08,FND,,,64072000.0,195328000.0,,106489965.0,,
2026-10-08,FNF,,,,4378000000.0,3582000000.0,268192827.0,,
2026-10-08,FNV,,,,,,,,
2026-10-08,FORM,,,11740000.0,10491000.0,109761000.0,78120725.0,904.0396097955708,99.15966386554622
2026-10-08,FOUR,,,624000000.0,4511000000.0,356000000.0,78960120.0,11.65946144551282,20.118343195266274
2026-10-08,FOX,,,,,,,,
2026-10-08,FOXA,,,2993000000.0,6606000000.0,,,,
2026-10-08,FPS,,,-39093000.0,582175000.0,97477000.0,,-322.3330975366434,3.125
2026-10-08,FR,,,,,46052000.0,132572946.0,,
2026-10-08,FRME,,,,,,,,
2026-10-08,FRO,,,,,,,,
2026-10-08,FROG,,,142269000.0,,96692000.0,123301311.0,,
2026-10-08,FRPT,,,12377000.0,,350809000.0,48058074.0,,
2026-10-08,FRSH,,,236670000.0,,494665000.0,,,
2026-10-08,FRT,,,,,,,,
2026-10-08,FSK,,,,6471000000.0,,276340280.0,,
2026-10-08,FSLR,,,1187230000.0,0.0,1688279000.0,107469788.0,14.76773041786343,30.252100840336134
2026-10-08,FSLY,,,65750000.0,323958000.0,89798000.0,159300000.0,64.83432699619772,79.83193277310924
2026-10-08,FSM,,,,,,,,
2026-10-08,FSS,,,227100000.0,,62800000.0,61041611.0,,
2026-10-08,FSV,,,318236000.0,,,,,
2026-10-08,FTAI,,,,,,,,
2026-10-08,FTDR,,,390000000.0,1160000000.0,627000000.0,68893316.0,15.426202615384616,31.36094674556213
2026-10-08,FTI,,,1447400000.0,401900000.0,991800000.0,392164388.0,18.45827437888628,40.23668639053255
2026-10-08,FTNT,,,2225800000.0,496900000.0,2934900000.0,733713653.0,61.239667437325906,78.99159663865547
2026-10-08,FTRE,,,88300000.0,1037200000.0,168600000.0,95100000.0,31.775617214043034,76.47058823529412
2026-10-08,FTS,,,,,,,,
2026-10-08,FTV,4315800000.0,,978100000.0,3509300000.0,374200000.0,302017052.0,20.626625165116042,42.142857142857146
2026-10-08,FUL,,,121218000.0,2054547000.0,97230000.0,53829119.0,38.545907060007586,70.71428571428571
2026-10-08,FULT,,,,,,,,
2026-10-08,FUN,,,-152198000.0,4971934000.0,134528000.0,102316312.0,-39.454100053877184,2.366863905325444
2026-10-08,FUTU,,,5233435000.0,,,,,
2026-10-08,FWONK,4339000000.0,,,4924000000.0,1465000000.0,,,
2026-10-08,G,,,734653000.0,1180257000.0,517387000.0,168034407.0,8.794124978731455,13.609467455621301
2026-10-08,GAP,,,823000000.0,1493000000.0,2103000000.0,351270137.0,9.229247144592952,14.792899408284024
2026-10-08,GATX,,,,,747100000.0,35300000.0,,
2026-10-08,GBCI,,,347551000.0,,,130211953.0,,
2026-10-08,GBDC,,,,4537552000.0,,259651589.0,,
2026-10-08,GCT,,,182787000.0,,334497000.0,,,
2026-10-08,GD,,,3959000000.0,6260000000.0,4333000000.0,270557195.0,23.032032995958577,44.285714285714285
2026-10-08,GDDY,,,1575500000.0,3759400000.0,,126647704.0,,
2026-10-08,GDS,,,,,,,,
2026-10-08,GEF,,,,687400000.0,288500000.0,,,
2026-10-08,GEHC,,,,10093000000.0,2079000000.0,451686252.0,,
2026-10-08,GEN,,,,,,,,
2026-10-08,GENI,,,64544000.0,,,,,
2026-10-08,GEO,,,-124901000.0,1511530000.0,54992000.0,131619584.0,-44.28691780690307,1.7751479289940828
2026-10-08,GEV,,,3710000000.0,,,266333581.0,,
2026-10-08,GFF,,,,1259624000.0,110350000.0,45294716.0,,
2026-10-08,GFI,,,,,,,,
2026-10-08,GFL,,,,,,,,
2026-10-08,GFS,,,,,,,,
2026-10-08,GGAL,,,,,,,,
2026-10-08,GGG,,,637922000.0,,507575000.0,161953824.0,,
2026-10-08,GH,,,-233066000.0,1502943000.0,1053469000.0,134196170.0,-97.25567824135652,5.882352941176471
2026-10-08,GHC,,,275304000.0,708901000.0,156766000.0,,20.228240080056956,31.25
2026-10-08,GIB,,,,,,,,
2026-10-08,GIII,,,263923000.0,4173000.0,529190000.0,42876508.0,2.35973037211611,4.733727810650888
2026-10-08,GIL,,,,,,,,
2026-10-08,GILD,,,9456000000.0,26246000000.0,,1239955155.0,,
2026-10-08,GIS,18296600000.0,,1626300000.0,13469600000.0,433100000.0,534687144.0,18.73083319375269,52.63157894736842
2026-10-08,GKOS,,,-22455000.0,,114485000.0,58983937.0,,
2026-10-08,GL,,,1253907000.0,2665296000.0,,76849447.0,,
2026-10-08,GLBE,,,280683000.0,,,,,
2026-10-08,GLNG,,,,2675419000.0,870474000.0,,,
2026-10-08,GLOB,,,,,,,,
2026-10-08,GLPI,,,,8077741000.0,,290920043.0,,
2026-10-08,GLW,,,,,2504000000.0,861388331.0,,
2026-10-08,GLXY,,,-1509170000.0,,895744000.0,,,
2026-10-08,GM,,,17564000000.0,,20134000000.0,877451541.0,,
2026-10-08,GMAB,,,,,,,,
2026-10-08,GME,,,597300000.0,,4854300000.0,504500990.0,,
2026-10-08,GMED,,,588768000.0,,507745000.0,134261914.0,,
2026-10-08,GNL,,,,,153640000.0,210930100.0,,
2026-10-08,GNRC,,,268128000.0,1191250000.0,264921000.0,59006361.0,52.83803410311493,89.94082840236686
2026-10-08,GNTX,,,458037513.0,,233444229.0,210683331.0,,
2026-10-08,GNW,,,,1500000000.0,,377851037.0,,
2026-10-08,GO,,,23800000.0,505602000.0,74199000.0,99084492.0,67.79331890756302,94.73684210526316
2026-10-08,GOLD,,,141669000.0,,,29154756.0,,
2026-10-08,GOLF,,,120028000.0,936525000.0,,58405044.0,,
2026-10-08,GOOG,,,,,,,,
2026-10-08,GOOGL,,,,,,,,
2026-10-08,GPC,,,420924000.0,3976648000.0,,137859758.0,,
2026-10-08,GPCR,,,-225813000.0,,272638000.0,213929572.0,,
2026-10-08,GPI,,,424500000.0,,164500000.0,11922225.0,,
2026-10-08,GPK,,,,5539000000.0,205000000.0,296071573.0,,
2026-10-08,GPN,,,2038823000.0,22515505000.0,5408962000.0,264618390.0,19.13310137270376,43.19526627218935
2026-10-08,GPOR,,,,922257000.0,1054000.0,17683866.0,,
2026-10-08,GPRE,,,73665000.0,387176000.0,185384000.0,70095328.0,17.069539672843277,30.714285714285715
2026-10-08,GRAL,,,-299916000.0,,55645000.0,44666234.0,,
2026-10-08,GRBK,,,208446000.0,,131642000.0,43010696.0,,
2026-10-08,GRDN,,,86839000.0,,89807000.0,,,
2026-10-08,GRMN,,,1362913000.0,,2334235000.0,192852536.0,,
2026-10-08,GRND,,,140772000.0,386320000.0,6504000.0,173820627.0,21.145513077884807,42.016806722689076
2026-10-08,GS,,,-47218000000.0,,187266000000.0,291171408.0,,
2026-10-08,GSAT,,,,358789000.0,409771000.0,,,
2026-10-08,GSHD,,,86086000.0,314379000.0,23655000.0,,22.10130971354227,76.0
2026-10-08,GSK,,,,,,,,
2026-10-08,GTES,,,404900000.0,2233500000.0,823500000.0,253151170.0,20.200697174611015,40.714285714285715
2026-10-08,GTLB,,,222029000.0,,226491000.0,,,
2026-10-08,GTX,3754000000.0,,341000000.0,1360000000.0,158000000.0,186493414.0,17.607640501466275,38.46153846153846
2026-10-08,GTY,,,,1066972000.0,4848000.0,61932699.0,,
2026-10-08,GVA,,,330646000.0,1558652000.0,877121000.0,43764510.0,17.12782000387121,31.428571428571427
2026-10-08,GWRE,,,295126000.0,,372887000.0,81992669.0,,
2026-10-08,GWW,,,1331000000.0,2408000000.0,589000000.0,47100942.0,46.26187234184823,80.71428571428571
2026-10-08,GXO,,,110000000.0,,769000000.0,114684579.0,,
2026-10-08,H,,,159000000.0,,537000000.0,,,
2026-10-08,HAE,,,260441000.0,1188202000.0,223384000.0,45497051.0,24.575050330017163,68.0672268907563
2026-10-08,HAFN,,,,,,,,
2026-10-08,HAL,,,1672000000.0,7071000000.0,2048000000.0,833130367.0,19.233287113038276,56.25
2026-10-08,HALO,,,644588000.0,1937684000.0,163138000.0,113498000.0,22.093440026807823,62.18487394957983
2026-10-08,HAPN,,,-2867281000.0,0.0,,115407464.0,,
2026-10-08,HAS,,,829900000.0,3041200000.0,,141044467.0,,
2026-10-08,HASI,,,,,249921000.0,128495790.0,,
2026-10-08,HAYW,,,227319000.0,,304117000.0,212119582.0,,
2026-10-08,HBAN,,,,,,,,
2026-10-08,HBM,,,,,,,,
2026-10-08,HCA,,,7692000000.0,45828000000.0,1013000000.0,216501500.0,18.3515772900416,54.621848739495796
2026-10-08,HCC,,,,154591000.0,302346000.0,52802087.0,,
2026-10-08,HCI,952128000.0,,440816000.0,,872336000.0,12438867.0,,
2026-10-08,HD,,,12646000000.0,,2085000000.0,997689626.0,,
2026-10-08,HDB,,,11358500000.0,,,,,
2026-10-08,HE,,,49871000.0,2265630000.0,238732000.0,172728004.0,71.19085229893125,84.84848484848484
2026-10-08,HEI,,,,,,,,
2026-10-08,HESM,,,728200000.0,3680000000.0,5000000.0,128350881.0,11.039453383685801,28.125
2026-10-08,HGV,,,230000000.0,4876000000.0,272000000.0,77724145.0,31.696288917391303,75.7396449704142
2026-10-08,HHH,,,,,2647959000.0,59721036.0,,
2026-10-08,HIG,,,5753000000.0,4374000000.0,,270872002.0,,
2026-10-08,HII,,,794000000.0,2702000000.0,,39404598.0,,
2026-10-08,HIMS,,,57406000.0,,609811000.0,,,
2026-10-08,HIW,,,,,,,,
2026-10-08,HL,,,310249000.0,,483482000.0,671768431.0,,
2026-10-08,HLI,,,681819000.0,,745000000.0,,,
2026-10-08,HLIO,,,103600000.0,332300000.0,68000000.0,32950577.0,24.195463320463322,47.857142857142854
2026-10-08,HLN,,,,,,,,
2026-10-08,HLNE,,,419073000.0,274199000.0,,,,
2026-10-08,HLT,,,2028000000.0,,1009000000.0,225064910.0,,
2026-10-08,HMC,,,,,,,,
2026-10-08,HMY,,,,,,,,
2026-10-08,HNGE,,,170733000.0,,286224000.0,,,
2026-10-08,HNI,,,208500000.0,1375200000.0,105000000.0,72181800.0,22.33212584172662,52.071005917159766
2026-10-08,HOG,,,415243000.0,1629313000.0,1895789000.0,104072507.0,6.062627333874382,7.100591715976331
2026-10-08,HOMB,,,377016000.0,,1052519000.0,200049630.0,,
2026-10-08,HON,38057000000.0,,5422000000.0,31510000000.0,8751000000.0,316940010.0,16.27421727517521,27.142857142857142
2026-10-08,HOOD,,,,,5362000000.0,,,
2026-10-08,HOS,,,120407000.0,304305000.0,652234000.0,147382447.0,11.18873536422301,31.25
2026-10-08,HP,,,116577000.0,1862116000.0,204427000.0,99938945.0,48.67371093783508,81.25
2026-10-08,HPE,,,627000000.0,17343000000.0,6216000000.0,1327464779.0,168.06538964752792,93.27731092436974
2026-10-08,HPQ,,,2800000000.0,7868000000.0,4169000000.0,901790969.0,11.768963940714286,21.84873949579832
2026-10-08,HQY,,,455125000.0,931062000.0,256003000.0,82715296.0,18.39432527986817,39.64497041420118
2026-10-08,HR,,,,4166944000.0,18987000.0,342719760.0,,
2026-10-08,HRB,,,598849000.0,1491493000.0,958706000.0,123265922.0,10.015223343447179,17.159763313609467
2026-10-08,HRI,,,928000000.0,,43000000.0,33431444.0,,
2026-10-08,HRL,,,534349000.0,2349489000.0,839639000.0,,22.827145809199607,78.94736842105263
2026-10-08,HRMY,,,347889000.0,153961000.0,549769000.0,58236393.0,5.491272109782143,36.97478991596638
2026-10-08,HROW,,,42977000.0,,83889000.0,37487850.0,,
2026-10-08,HSBC,,,,,,,,
2026-10-08,HSIC,,,573000000.0,,,111446542.0,,
2026-10-08,HST,,,,,1953000000.0,685124399.0,,
2026-10-08,HSY,,,1822745000.0,5189135000.0,,,,
2026-10-08,HTFL,,,-59048000.0,,34362000.0,86953627.0,,
2026-10-08,HTGC,,,-425890000.0,2335223000.0,48176000.0,187164000.0,-12.643197069665876,8.0
2026-10-08,HTHT,,,,,,,,
2026-10-08,HTO,,,,1881479000.0,104102000.0,41856804.0,,
2026-10-08,HUBB,6223600000.0,,874700000.0,4803900000.0,378600000.0,52832571.0,33.77375586258146,62.18487394957983
2026-10-08,HUBG,,,143572000.0,,,,,
2026-10-08,HUBS,,,707552000.0,,958314000.0,49866201.0,,
2026-10-08,HUM,,,375000000.0,11979000000.0,6893000000.0,120080308.0,137.52397022133334,95.7983193277311
2026-10-08,HUN,,,116000000.0,,,,,
2026-10-08,HURN,,,182957000.0,812812000.0,31228000.0,15910072.0,18.647430828008766,40.828402366863905
2026-10-08,HUT,,,,,233579000.0,123259468.0,,
2026-10-08,HWC,,,,,,,,
2026-10-08,HWKN,,,86088000.0,244000000.0,,20875117.0,,
2026-10-08,HXL,,,157200000.0,959400000.0,62200000.0,75623452.0,46.660460998727736,81.42857142857143
2026-10-08,HYMC,,,-83438000.0,,220549000.0,93181681.0,,
2026-10-08,HZO,,,11942000.0,335172000.0,174779000.0,22086746.0,110.40035948752303,95.85798816568047
2026-10-08,IAG,,,,,,,,
2026-10-08,IBKR,,,,,7711000000.0,,,
2026-10-08,IBM,,,12102000000.0,56212000000.0,7172000000.0,942134390.0,21.69369311832755,42.857142857142854
2026-10-08,IBN,,,,,,,,
2026-10-08,IBOC,,,472936000.0,,451157000.0,62191514.0,,
2026-10-08,IBP,,,300800000.0,1062200000.0,394500000.0,26579177.0,18.8167114893617,41.42011834319526
2026-10-08,IBRX,,,-308782000.0,,75670000.0,1059836273.0,,
2026-10-08,ICE,,,4289000000.0,18628000000.0,1067000000.0,561394487.0,24.42845268244346,82.0
2026-10-08,ICHR,,,-6283000.0,120558000.0,256456000.0,37454229.0,-329.0680076396626,3.361344537815126
2026-10-08,ICLR,,,861991000.0,2110783000.0,928385000.0,77154209.0,15.983604194243327,49.57983193277311
2026-10-08,ICUI,,,91804000.0,1212449000.0,,25007038.0,,
2026-10-08,IDA,,,-577489000.0,,,,,
2026-10-08,IDCC,,,528562000.0,10861000.0,615590000.0,25806007.0,14.88450380087861,62.5
2026-10-08,IDT,,,106291000.0,,220686000.0,,,
2026-10-08,IDXX,,,1057129000.0,299865000.0,196933000.0,78781116.0,38.338437280596786,84.87394957983193
2026-10-08,IDYA,,,-73466000.0,,272589000.0,96489484.0,,
2026-10-08,IE,,,-90403000.0,,256878000.0,159590259.0,,
2026-10-08,IESC,,,218843000.0,,77278000.0,19924356.0,,
2026-10-08,IEX,,,616800000.0,1866900000.0,621300000.0,73719896.0,29.71820022373541,59.285714285714285
2026-10-08,IFF,,,256000000.0,4735000000.0,569000000.0,255149963.0,100.6423608125,92.85714285714286
2026-10-08,IHG,,,,,,,,
2026-10-08,IIPR,,,,,204734000.0,27571349.0,,
2026-10-08,ILMN,,,931000000.0,,,151000000.0,,
2026-10-08,IMAX,,,118901000.0,,159917000.0,54842114.0,,
2026-10-08,IMNM,,,-200604000.0,,217706000.0,113577629.0,,
2026-10-08,IMO,,,,,,483592715.0,,
2026-10-08,IMVT,,,-407318000.0,,797798000.0,206552682.0,,
2026-10-08,INBX,,,-129825000.0,176285000.0,133344000.0,14717660.0,-10.846532963604853,29.41176470588235
2026-10-08,INCY,,,,,3982375000.0,202697746.0,,
2026-10-08,INDB,,,239025000.0,,,47369099.0,,
2026-10-08,INDV,,,-93000000.0,487000000.0,222000000.0,118013649.0,-47.84120494623656,10.92436974789916
2026-10-08,INFQ,,,,,59285000.0,225357052.0,,
2026-10-08,INFY,,,,,,,,
2026-10-08,ING,,,,,,,,
2026-10-08,INGM,,,785373000.0,3795429000.0,808973000.0,230661904.0,11.908640289391155,22.689075630252102
2026-10-08,INGR,7215000000.0,,511000000.0,1742000000.0,948000000.0,63063979.0,13.29161456555773,26.31578947368421
2026-10-08,INOD,,,35648000.0,,240278000.0,34382651.0,,
2026-10-08,INSM,,,-967575000.0,546770000.0,544765000.0,218381503.0,-22.6803900689869,16.80672268907563
2026-10-08,INSP,,,78477000.0,,127761000.0,28910375.0,,
2026-10-08,INSW,,,,645622000.0,159397000.0,49531311.0,,
2026-10-08,INTA,,,121856000.0,,162813000.0,76511148.0,,
2026-10-08,INTC,,,-4949000000.0,48549000000.0,12874000000.0,5044000000.0,-121.55996024206911,5.042016806722689
2026-10-08,INTR,,,,,,,,
2026-10-08,INTU,,,6123000000.0,7669000000.0,4705000000.0,267236000.0,13.746803148783275,27.73109243697479
2026-10-08,INVA,,,195799000.0,258454000.0,570388000.0,72245485.0,6.107432989953983,38.65546218487395
2026-10-08,INVH,,,,8526691000.0,75786000.0,590623226.0,,
2026-10-08,INVX,,,,,,69935827.0,,
2026-10-08,IONQ,,,-299604000.0,,1235729000.0,381002314.0,,
2026-10-08,IONS,874089000.0,,-320027000.0,,350065000.0,166184322.0,,
2026-10-08,IOSP,,,,,250200000.0,24631047.0,,
2026-10-08,IOT,,,207444000.0,,291392000.0,,,
2026-10-08,IOVA,,,-336244000.0,,110768000.0,452971432.0,,
2026-10-08,IP,24203000000.0,,-159000000.0,,726000000.0,529569895.0,,
2026-10-08,IPAR,,,190486000.0,96524000.0,,32025781.0,,
2026-10-08,IPGP,,,-3454000.0,,399225000.0,42534539.0,,
2026-10-08,IQV,,,2051000000.0,13705000000.0,1909000000.0,164600000.0,26.5273759141882,73.10924369747899
2026-10-08,IR,,,1220100000.0,,1173500000.0,387999429.0,,
2026-10-08,IRDM,,,299793000.0,,184214000.0,105960383.0,,
2026-10-08,IREN,,,-327570000.0,7592944000.0,5895591000.0,,-48.13990084562079,2.0
2026-10-08,IRM,,,-931629000.0,17349649000.0,,297702812.0,,
2026-10-08,IRON,,,-181326000.0,59340000.0,98676000.0,38392844.0,-12.650128111798638,25.210084033613445
2026-10-08,IRT,666828000.0,,,2443383000.0,22513000.0,235744567.0,,
2026-10-08,IRTC,,,34521000.0,,246679000.0,32963003.0,,
2026-10-08,ISRG,,,2490700000.0,,2760400000.0,353278038.0,,
2026-10-08,IT,,,,2979281000.0,1488706000.0,63148976.0,,
2026-10-08,ITGR,,,105116000.0,1237883000.0,21375000.0,33992048.0,52.528643393964764,89.07563025210084
2026-10-08,ITRI,,,383061000.0,1575242000.0,745229000.0,43786753.0,11.794913094781249,19.285714285714285
2026-10-08,ITT,,,,2869800000.0,590800000.0,89400000.0,,
2026-10-08,ITW,,,2707000000.0,6549000000.0,839000000.0,284800000.0,29.959145917990394,60.0
2026-10-08,IVT,,,,,,77978431.0,,
2026-10-08,IVZ,,,1441000000.0,1624000000.0,915400000.0,441499780.0,9.710845510062457,36.0
2026-10-08,J,,,607472000.0,3579376000.0,1172914000.0,117038611.0,30.662883388864014,61.42857142857143
2026-10-08,JAN,,,,,1557655000.0,,,
2026-10-08,JAZZ,,,1297021000.0,4351400000.0,1619800000.0,64914577.0,13.23945229414173,46.21848739495798
2026-10-08,JBHT,,,947585000.0,1145337000.0,4162000.0,93914939.0,23.842953788842163,46.42857142857143
2026-10-08,JBL,,,1172000000.0,3378000000.0,1360000000.0,104787089.0,28.469373331911264,55.46218487394958
2026-10-08,JBS,,,,,,,,
2026-10-08,JBTM,,,,1670000000.0,,51876817.0,,
2026-10-08,JCI,,,,,641000000.0,605741470.0,,
2026-10-08,JD,,,1598000000.0,,,,,
2026-10-08,JEF,,,,18040982000.0,14314804000.0,203392570.0,,
2026-10-08,JHX,,,205900000.0,4276700000.0,289900000.0,580522488.0,90.27168806702282,90.71428571428571
2026-10-08,JKHY,,,588146000.0,40000000.0,,70112608.0,,
2026-10-08,JLL,,,,,458200000.0,46007703.0,,
2026-10-08,JNJ,,,19698000000.0,37344000000.0,20422000000.0,2409898597.0,32.237424721240735,78.15126050420169
2026-10-08,JOBY,,,-563811000.0,701874000.0,629861000.0,989124237.0,-10.263707268925225,10.714285714285714
2026-10-08,JOYY,,,159214000.0,,,,,
2026-10-08,JPM,,,,,,2658186195.0,,
2026-10-08,JXN,,,,2769000000.0,5986000000.0,67728744.0,,
2026-10-08,KAI,,,154280000.0,,134533000.0,11809117.0,,
2026-10-08,KALU,,,-25500000.0,1038300000.0,58500000.0,16349092.0,-134.42796219607843,1.4285714285714286
2026-10-08,KBH,5107021000.0,,287282000.0,,,60762736.0,,
2026-10-08,KBR,,,420000000.0,2552000000.0,312000000.0,126067755.0,15.89300862142857,26.428571428571427
2026-10-08,KD,,,340000000.0,3900000000.0,2104000000.0,217818263.0,12.893179305882352,25.210084033613445
2026-10-08,KDP,,,1505000000.0,21586000000.0,1517000000.0,1360826038.0,41.6002803641196,89.47368421052632
2026-10-08,KEX,,,405731000.0,1037348000.0,38955000.0,52800000.0,20.433738117126865,47.928994082840234
2026-10-08,KEY,,,2101000000.0,10967000000.0,,1067128554.0,,
2026-10-08,KEYS,,,1281000000.0,2517000000.0,2605000000.0,170244745.0,49.72490133411397,83.57142857142857
2026-10-08,KFY,,,324293000.0,398778000.0,800852000.0,54558851.0,11.029849558886562,18.93491124260355
2026-10-08,KGC,,,,,,,,
2026-10-08,KGS,,,284268000.0,2725272000.0,137553000.0,101104031.0,28.207572910070777,45.45454545454545
2026-10-08,KHC,,,3661000000.0,,2419000000.0,1185823758.0,,
2026-10-08,KIM,,,1101615000.0,,699242000.0,670789373.0,,
2026-10-08,KKR,,,,,,,,
2026-10-08,KLAC,,,3746644000.0,5887415000.0,1649842000.0,1306546783.0,69.65125325651437,81.5126050420168
2026-10-08,KLAR,,,,,,,,
2026-10-08,KLIC,,,96362000.0,,368573000.0,52329115.0,,
2026-10-08,KMB,16582000000.0,,1639000000.0,,956000000.0,332579038.0,,
2026-10-08,KMI,,,2891000000.0,29805000000.0,89000000.0,2226802089.0,35.119462943618124,51.515151515151516
2026-10-08,KMPR,,,553900000.0,944500000.0,,58923154.0,,
2026-10-08,KMT,,,119353000.0,,95791000.0,76219022.0,,
2026-10-08,KMX,28280059000.0,,1242858000.0,16785887000.0,170525000.0,141942807.0,19.511855408260637,46.15384615384615
2026-10-08,KN,,,,131000000.0,49600000.0,85410326.0,,
2026-10-08,KNF,,,-69566000.0,1617306000.0,40687000.0,56763420.0,-65.3141328091309,3.5714285714285716
2026-10-08,KNSA,,,136417000.0,,175677000.0,,,
2026-10-08,KNSL,,,990053000.0,224535000.0,210511000.0,22778425.0,7.828587005948166,24.0
2026-10-08,KNTK,,,111646000.0,3723000000.0,7830000.0,,112.41081999355104,93.93939393939394
2026-10-08,KNX,,,,303478000.0,186114000.0,162756000.0,,
2026-10-08,KO,,,5296000000.0,,12907000000.0,4302549243.0,,
2026-10-08,KOD,,,-136514000.0,,125903000.0,62849457.0,,
2026-10-08,KR,,,3456000000.0,15367000000.0,1676000000.0,590588700.0,14.455744232349536,36.8421052631579
2026-10-08,KRC,,,,,,,,
2026-10-08,KRG,,,,2842758000.0,144578000.0,200346933.0,,
2026-10-08,KRMN,,,-42455000.0,,51741000.0,132533708.0,,
2026-10-08,KRYS,,,188914000.0,,427740000.0,29598836.0,,
2026-10-08,KSPI,,,,,,,,
2026-10-08,KSS,,,1008000000.0,1325000000.0,821000000.0,113376445.0,2.761905068452381,5.325443786982248
2026-10-08,KT,,,,,,,,
2026-10-08,KTB,,,434762000.0,1144166000.0,58457000.0,54653620.0,10.836803011762758,17.142857142857142
2026-10-08,KTOS,,,-137400000.0,,1437600000.0,187721327.0,,
2026-10-08,KVUE,,,1722000000.0,,1110000000.0,1920773467.0,,
2026-10-08,KVYO,,,208522000.0,,832639000.0,,,
2026-10-08,KWR,,,80597000.0,857790000.0,155093000.0,17207702.0,42.475610295668574,75.71428571428571
2026-10-08,KYMR,,,-234340000.0,,124477000.0,83150618.0,,
2026-10-08,L,,,2700000000.0,,,204427720.0,,
2026-10-08,LAD,,,5800000.0,,110300000.0,21983116.0,,
2026-10-08,LAMR,,,683249000.0,3264380000.0,67950000.0,,26.3333264432147,56.25
2026-10-08,LASR,,,12298000.0,,295761000.0,57690197.0,,
2026-10-08,LAUR,,,263149000.0,164513000.0,161674000.0,137749360.0,20.530626800785868,37.5
2026-10-08,LAZ,,,487379000.0,1689530000.0,1099790000.0,110548172.0,8.372169274835395,28.0
2026-10-08,LBRT,,,14105000.0,1291847000.0,555359000.0,,270.3045864587026,93.75
2026-10-08,LBTYA,,,,,,,,
2026-10-08,LCII,,,278332000.0,852590000.0,216512000.0,24311507.0,9.289689097911847,15.384615384615385
2026-10-08,LDOS,,,1625000000.0,,748000000.0,125492209.0,,
2026-10-08,LEA,,,527200000.0,,1000600000.0,49324764.0,,
2026-10-08,LECO,,,534199000.0,1150054000.0,242443000.0,54505757.0,28.103030511101668,57.142857142857146
2026-10-08,LEGN,,,,,,,,
2026-10-08,LEN,31415745000.0,,28183000.0,,,,,
2026-10-08,LEU,,,31300000.0,1177500000.0,1868500000.0,,67.5076992971246,85.71428571428571
2026-10-08,LEVI,6457600000.0,,308200000.0,1043600000.0,641400000.0,,25.007457910447762,62.1301775147929
2026-10-08,LFST,,,110026000.0,275500000.0,225943000.0,382055609.0,42.3385019268173,85.71428571428571
2026-10-08,LFUS,,,366127000.0,629660000.0,628224000.0,25398747.0,29.507583704561533,71.875
2026-10-08,LGN,,,218933000.0,,291980000.0,,,
2026-10-08,LGND,,,48907000.0,1126594000.0,1006702000.0,19935609.0,122.70015856625841,94.95798319327731
2026-10-08,LH,,,1206000000.0,5857600000.0,141800000.0,81100000.0,25.868507462686566,71.42857142857143
2026-10-08,LHX,39149000000.0,,2682000000.0,9184000000.0,1521000000.0,186214616.0,19.30684818158091,37.857142857142854
2026-10-08,LI,,,-1832794000.0,,,,,
2026-10-08,LIF,,,86838000.0,,267061000.0,81480369.0,,
2026-10-08,LIFE,,,34734000.0,,112158000.0,0.0,,
2026-10-08,LII,5302200000.0,,638800000.0,,51500000.0,34560675.0,,
2026-10-08,LIN,,,5089000000.0,23152000000.0,4898000000.0,460980163.0,47.22109344016506,75.0
2026-10-08,LIND,,,63838000.0,663871000.0,318886000.0,65619689.0,41.935974607600485,84.61538461538461
2026-10-08,LINE,,,196000000.0,6220000000.0,,227710012.0,,
2026-10-08,LION,,,11400000.0,1902200000.0,425800000.0,297559680.0,423.9362447368421,99.40828402366864
2026-10-08,LITE,,,300100000.0,40500000.0,2043500000.0,89700000.0,309.83733022992334,100.0
2026-10-08,LIVN,,,173290000.0,290083000.0,516619000.0,55093507.0,22.826545767211034,64.70588235294117
2026-10-08,LKQ,,,847000000.0,,301000000.0,253002086.0,,
2026-10-08,LLY,,,,47858000000.0,8950000000.0,941357065.0,,
2026-10-08,LLYVK,,,,2126021000.0,523349000.0,,,
2026-10-08,LMAT,,,74468000.0,,26625000.0,22869257.0,,
2026-10-08,LMND,,,-25900000.0,,367600000.0,77396615.0,,
2026-10-08,LMT,,,6908000000.0,20538000000.0,3791000000.0,230790753.0,19.39248922133758,38.57142857142857
2026-10-08,LNC,,,,6465000000.0,,191447336.0,,
2026-10-08,LNG,,,2461000000.0,22632000000.0,1099000000.0,206534158.0,32.07017953067859,48.484848484848484
2026-10-08,LNT,,,,,,,,
2026-10-08,LNTH,,,,,593298000.0,65272369.0,,
2026-10-08,LOAR,,,,949326000.0,122433000.0,93688471.0,,
2026-10-08,LOGI,,,975645000.0,,1749679000.0,143188332.0,,
2026-10-08,LOPE,,,238648000.0,,171060000.0,26065037.0,,
2026-10-08,LOW,,,7651000000.0,,3172000000.0,561054019.0,,
2026-10-08,LPG,585184124.0,,,507543957.0,342141482.0,42782681.0,,
2026-10-08,LPLA,,,-981780000.0,7460510000.0,1275690000.0,78742290.0,-32.606379351789606,4.0
2026-10-08,LPX,,,91000000.0,,228000000.0,69923410.0,,
2026-10-08,LQDA,,,-40022000.0,,284181000.0,89508891.0,,
2026-10-08,LRCX,,,4891252000.0,3722061000.0,5579171000.0,1251321000.0,81.64311023312641,85.71428571428571
2026-10-08,LRN,,,431035000.0,417995000.0,754501000.0,41559845.0,7.06393445775865,12.5
2026-10-08,LSCC,,,132580000.0,,173305000.0,142030272.0,,
2026-10-08,LSTR,,,215002000.0,,294350000.0,33936925.0,,
2026-10-08,LTC,,,,777090000.0,40435000.0,53905563.0,,
2026-10-08,LTH,,,-20958000.0,1497773000.0,223647000.0,223461948.0,-490.2745140280561,0.591715976331361
2026-10-08,LTM,,,,,,,,
2026-10-08,LULU,,,921675000.0,,,105594064.0,,
2026-10-08,LUMN,,,371000000.0,,1876000000.0,1031445404.0,,
2026-10-08,LUNR,,,-55952000.0,336352000.0,367354000.0,,-55.49860115813554,5.0
2026-10-08,LUV,,,-831000000.0,,3791000000.0,489208201.0,,
2026-10-08,LVS,13719000000.0,,1855000000.0,,3376000000.0,647701184.0,,
2026-10-08,LW,,,540200000.0,3675300000.0,166300000.0,137780447.0,19.11073844687153,57.89473684210526
2026-10-08,LXP,,,,1363186000.0,17990000.0,58957264.0,,
2026-10-08,LYB,,,384000000.0,,2630000000.0,323037952.0,,
2026-10-08,LYFT,,,,1043888000.0,1137942000.0,378540249.0,,
2026-10-08,LYG,,,,,,,,
2026-10-08,LYV,,,333611000.0,,9071949000.0,235633860.0,,
2026-10-08,LZB,,,127800000.0,,267254000.0,39897378.0,,
2026-10-08,M,,,1057000000.0,2433000000.0,1294000000.0,261176646.0,6.7088133982970675,8.875739644970414
2026-10-08,MA,,,17159000000.0,22184000000.0,11291000000.0,,29.977765202750742,70.41420118343196
2026-10-08,MAA,,,,,,,,
2026-10-08,MAC,,,,4848075000.0,227028000.0,283559375.0,,
2026-10-08,MAIN,,,,2533853000.0,58306000.0,93508461.0,,
2026-10-08,MAN,,,-161400000.0,,180600000.0,46505570.0,,
2026-10-08,MANE,,,-71626000.0,,319333000.0,41780136.0,,
2026-10-08,MANH,,,374013000.0,,186110000.0,58304972.0,,
2026-10-08,MAR,,,2608000000.0,23000000.0,462000000.0,260766288.0,35.93500432170245,81.65680473372781
2026-10-08,MARA,,,-1209796000.0,2417749000.0,421274000.0,386299297.0,-4.814614226696071,14.0
2026-10-08,MAS,,,866000000.0,3245000000.0,548000000.0,197187430.0,18.93940691108545,35.714285714285715
2026-10-08,MAT,,,,2333889000.0,523856000.0,285700000.0,,
2026-10-08,MATX,,,153700000.0,341300000.0,119300000.0,29903458.0,45.76258098893949,85.79881656804734
2026-10-08,MAZE,,,-112734000.0,38960000.0,202643000.0,55549168.0,-11.300312842620682,26.89075630252101
2026-10-08,MBC,,,117500000.0,1371500000.0,241600000.0,203490490.0,21.61777954042553,51.4792899408284
2026-10-08,MBLY,,,523000000.0,,1311000000.0,252419583.0,,
2026-10-08,MBX,,,-81878000.0,,54124000.0,48160096.0,,
2026-10-08,MC,,,539967000.0,,207740000.0,,,
2026-10-08,MCD,,,7186000000.0,39863000000.0,822000000.0,707641531.0,28.761658599220706,69.23076923076923
2026-10-08,MCHP,,,,,,,,
2026-10-08,MCK,,,5719000000.0,9729000000.0,5164000000.0,116590363.0,19.762753135338347,57.983193277310924
2026-10-08,MCO,,,2575000000.0,6946000000.0,1467000000.0,173200000.0,32.980236116504855,88.0
2026-10-08,MCRI,,,128425000.0,,,17922521.0,,
2026-10-08,MCY,,,1028757000.0,943752000.0,,55388627.0,,
2026-10-08,MD,,,,,288879000.0,81253271.0,,
2026-10-08,MDB,,,500188000.0,,1002401000.0,80556341.0,,
2026-10-08,MDGL,,,-190020000.0,340794000.0,292726000.0,23104126.0,-58.23943127565519,8.403361344537815
2026-10-08,MDLN,,,1297000000.0,12548000000.0,2327000000.0,,44.10843929375482,86.5546218487395
2026-10-08,MDLZ,,,3235000000.0,,,1276308057.0,,
2026-10-08,MDT,,,5426000000.0,,1691000000.0,1279137890.0,,
2026-10-08,MDU,,,-297029000.0,2577157000.0,46269000.0,210349456.0,-21.841507957135498,7.857142857142857
2026-10-08,MEDP,,,681867000.0,,502688000.0,27911655.0,,
2026-10-08,MELI,,,10773000000.0,10626000000.0,3649000000.0,50696802.0,9.384918258702312,15.976331360946746
2026-10-08,MEOH,,,,,,,,
2026-10-08,MET,,,,,19301000000.0,635476927.0,,
2026-10-08,META,,,46109000000.0,83664000000.0,15462000000.0,,41.308069195601725,65.54621848739495
2026-10-08,MFC,,,,,,,,
2026-10-08,MFG,,,,,,,,
2026-10-08,MGA,,,2285000000.0,,,,,
2026-10-08,MGM,,,1460451000.0,6068442000.0,2547380000.0,251592756.0,7.719080969508734,12.42603550295858
2026-10-08,MGNI,,,165633000.0,350400000.0,332615000.0,143424157.0,22.144921579636907,43.69747899159664
2026-10-08,MGY,,,,393636000.0,295938000.0,236968592.0,,
2026-10-08,MHK,,,616200000.0,1155100000.0,849600000.0,67738145.0,13.625680037325544,26.62721893491124
2026-10-08,MHO,,,127740000.0,,,25283031.0,,
2026-10-08,MIAX,,,145043000.0,1514000.0,660462000.0,99230898.0,16.460226063994817,52.0
2026-10-08,MIDD,3389237000.0,,559468000.0,1935423000.0,159178000.0,45222349.0,11.694467932035433,18.571428571428573
2026-10-08,MIR,,,106900000.0,443700000.0,418700000.0,,38.02049236669785,69.28571428571429
2026-10-08,MIRM,,,54873000.0,,330728000.0,64932203.0,,
2026-10-08,MKC,7560200000.0,,740400000.0,3678000000.0,331100000.0,,21.21518390734738,63.1578947368421
2026-10-08,MKL,,,2554362000.0,4367740000.0,3423224000.0,12389958.0,8.94459420865171,30.0
2026-10-08,MKSI,,,497000000.0,2544000000.0,454000000.0,67617558.0,39.63030131187123,72.14285714285714
2026-10-08,MKTX,,,373935000.0,,245794000.0,35192891.0,,
2026-10-08,MLI,,,686639000.0,5243000.0,1388748000.0,221181388.0,17.4702531606856,32.857142857142854
2026-10-08,MLM,6689000000.0,,978000000.0,5951000000.0,112000000.0,60065839.0,40.94096196319018,73.57142857142857
2026-10-08,MLYS,,,-142431000.0,100000.0,138268000.0,88406885.0,-12.921190513301177,24.369747899159663
2026-10-08,MMED,,,,,,,,
2026-10-08,MMM,,,1396000000.0,10904000000.0,,515722417.0,,
2026-10-08,MMS,,,366159000.0,1565336000.0,56953000.0,52357763.0,12.523108081461878,22.485207100591715
2026-10-08,MMSI,,,215655000.0,736258000.0,448699000.0,59710420.0,24.93738751709907,69.74789915966386
2026-10-08,MMYT,,,,,,,,
2026-10-08,MNDY,,,313282000.0,,,,,
2026-10-08,MNST,,,1965902000.0,,2192424000.0,979525882.0,,
2026-10-08,MO,,,9074000000.0,24577000000.0,2367000000.0,1669743926.0,15.589939518955257,47.89915966386555
2026-10-08,MOD,,,105400000.0,,95300000.0,53112708.0,,
2026-10-08,MOH,,,-636000000.0,3769000000.0,4985000000.0,52200000.0,-14.15514465408805,22.689075630252102
2026-10-08,MORN,,,442600000.0,1695100000.0,,37513571.0,,
2026-10-08,MOS,,,-534600000.0,,294000000.0,317895646.0,,
2026-10-08,MP,,,-328130000.0,934583000.0,429075000.0,178101588.0,-26.584327156919514,12.5
2026-10-08,MPC,,,4767000000.0,,7768000000.0,280824763.0,,
2026-10-08,MPWR,,,666189000.0,,1005587000.0,49143000.0,,
2026-10-08,MRCY,,,119048000.0,,214306000.0,60136133.0,,
2026-10-08,MRK,,,12360000000.0,51081000000.0,6849000000.0,2467171638.0,31.99902085906149,77.3109243697479
2026-10-08,MRNA,,,-2065000000.0,591000000.0,1723000000.0,399235889.0,-37.538726456658594,12.605042016806722
2026-10-08,MRP,,,,,34171000.0,,,
2026-10-08,MRSH,,,5001000000.0,19537000000.0,1700000000.0,477211268.0,20.425097924015198,66.0
2026-10-08,MRVI,,,-70722000.0,147105000.0,70091000.0,,-27.562297955374564,15.966386554621849
2026-10-08,MRVL,,,1396400000.0,4962900000.0,3932800000.0,876900000.0,173.21645230592952,94.11764705882354
2026-10-08,MRX,,,,,,,,
2026-10-08,MS,,,,383156000000.0,160135000000.0,1570566292.0,,
2026-10-08,MSA,1946317000.0,,295429000.0,599744000.0,200057000.0,38578289.0,24.609907189206204,68.90756302521008
2026-10-08,MSCI,,,1549127000.0,6380400000.0,356400000.0,72700000.0,30.24762269329758,72.7810650887574
2026-10-08,MSFT,,,71611000000.0,40294000000.0,20935000000.0,7425545491.0,54.461232618620045,75.63025210084034
2026-10-08,MSGE,,,,540334000.0,293599000.0,,,
2026-10-08,MSGS,,,87986000.0,242000000.0,164511000.0,,112.31467025435865,96.44970414201184
2026-10-08,MSI,,,2572000000.0,8417000000.0,710000000.0,165493788.0,31.766167375972007,60.50420168067227
2026-10-08,MSM,,,240877000.0,,74094000.0,55846298.0,,
2026-10-08,MSTR,,,,,,,,
2026-10-08,MT,,,,,,,,
2026-10-08,MTB,,,,13568000000.0,,144416262.0,,
2026-10-08,MTCH,,,1023615000.0,3551878000.0,580580000.0,229550985.0,12.209340306658264,23.529411764705884
2026-10-08,MTD,,,848648000.0,2044673000.0,51383000.0,20036559.0,38.459297056023225,70.0
2026-10-08,MTDR,,,269586000.0,4216410000.0,26318000.0,123754216.0,40.551889519485435,78.125
2026-10-08,MTG,,,851773000.0,,207277000.0,205124840.0,,
2026-10-08,MTH,,,92566000.0,,807267000.0,65174093.0,,
2026-10-08,MTN,,,319679000.0,3184094000.0,231349000.0,35635298.0,25.52155657706637,62.72189349112426
2026-10-08,MTRN,,,34594000.0,442332000.0,19987000.0,20833725.0,179.09402020581604,95.71428571428571
2026-10-08,MTSI,,,192817000.0,0.0,89604000.0,76370931.0,127.1561826913602,91.59663865546219
2026-10-08,MTZ,,,285729000.0,,315641000.0,80304948.0,,
2026-10-08,MU,,,1668000000.0,2792000000.0,38364000000.0,1131423212.0,680.0351328129497,98.31932773109244
2026-10-08,MUFG,,,,,,,,
2026-10-08,MUR,3007944000.0,,,,483875000.0,143381125.0,,
2026-10-08,MUSA,,,374300000.0,,175400000.0,18380347.0,,
2026-10-08,MUX,248440000.0,,,126572000.0,78883000.0,61358566.0,,
2026-10-08,MWA,,,172000000.0,451300000.0,,156125679.0,,
2026-10-08,MWH,,,,0.0,363968000.0,,,
2026-10-08,MXL,,,7021000.0,123926000.0,64814000.0,90693191.0,1218.7813697478991,100.0
2026-10-08,MYRG,,,232195000.0,9372000.0,137872000.0,15569250.0,20.28716636017141,41.42857142857143
2026-10-08,MZTI,,,203496000.0,199276000.0,25096000.0,27291000.0,14.560715149192122,42.10526315789474
2026-10-08,NAMS,,,-148029000.0,,424151000.0,119537169.0,,
2026-10-08,NAT,,,,,,,,
2026-10-08,NATL,4419000000.0,,239000000.0,2711000000.0,429000000.0,73896934.0,23.653464974895396,75.0
2026-10-08,NAVN,,,32754000.0,,653015000.0,,,
2026-10-08,NBHC,,,,202003000.0,380696000.0,44539547.0,,
2026-10-08,NBIS,,,-3681200000.0,,,,,
2026-10-08,NBIX,,,748700000.0,,332400000.0,101649181.0,,
2026-10-08,NCLH,,,-1169860000.0,,218100000.0,459187846.0,,
2026-10-08,NCNO,,,82564000.0,275360000.0,83290000.0,105736174.0,27.52964856353859,54.621848739495796
2026-10-08,NDAQ,,,1989000000.0,8492000000.0,520000000.0,558977372.0,29.96718946807441,86.0
2026-10-08,NDSN,,,661115000.0,1731005000.0,113431000.0,55699366.0,29.985744936962554,60.714285714285715
2026-10-08,NE,,,,1888430000.0,456208000.0,159642218.0,,
2026-10-08,NEE,,,,,,,,
2026-10-08,NEM,,,7299000000.0,5083000000.0,9009000000.0,1053692271.0,16.143052735169203,50.0
2026-10-08,NEO,,,-21778000.0,374241000.0,145539000.0,128475440.0,-105.00865777390027,5.042016806722689
2026-10-08,NEOG,867891000.0,,31900000.0,774200000.0,172000000.0,218306034.0,99.01453473354232,93.27731092436974
2026-10-08,NESR,,,120788000.0,224206000.0,174994000.0,100851754.0,19.81162667649104,59.375
2026-10-08,NET,,,287497000.0,,1663773000.0,,,
2026-10-08,NEU,,,491330000.0,854833000.0,93599000.0,9196406.0,18.462911595058312,35.0
2026-10-08,NFG,,,187206000.0,3567401000.0,1235178000.0,95045099.0,52.16552991357115,72.72727272727273
2026-10-08,NFLX,,,9461053000.0,11825548000.0,9099232000.0,4163939676.0,31.787104311856197,76.33136094674556
2026-10-08,NG,,,,,146386000.0,438815994.0,,
2026-10-08,NGG,,,,,,,,
2026-10-08,NGVT,,,273500000.0,,97400000.0,34377922.0,,
2026-10-08,NHC,,,148632000.0,0.0,39209000.0,15661395.0,23.462426072447386,66.38655462184875
2026-10-08,NHI,,,-57471000.0,,30388000.0,49110434.0,,
2026-10-08,NI,11374800000.0,,-420000000.0,,70000000.0,479560100.0,,
2026-10-08,NIC,,,149443000.0,92750000.0,,20957513.0,,
2026-10-08,NICE,,,697629000.0,,,,,
2026-10-08,NIQ,,,264000000.0,3448700000.0,416600000.0,294955864.0,31.495301227272726,59.66386554621849
2026-10-08,NJR,,,,,33955000.0,101467946.0,,
2026-10-08,NKE,46639000000.0,,2184000000.0,7942000000.0,6903000000.0,,24.101936226648352,57.98816568047337
2026-10-08,NKTR,,,-208682000.0,,39267000.0,34142994.0,,
2026-10-08,NLY,,,,,,753714442.0,,
2026-10-08,NMIH,,,412518000.0,,,75217851.0,,
2026-10-08,NMRK,,,142629000.0,867283000.0,259700000.0,,20.168166431791573,60.0
2026-10-08,NN,,,-50795000.0,,77715000.0,168809910.0,,
2026-10-08,NNN,,,,,4223000.0,191931400.0,,
2026-10-08,NOC,,,3307000000.0,14428000000.0,2307000000.0,142063026.0,24.47768213970366,49.285714285714285
2026-10-08,NOG,,,,2724814000.0,47603000.0,106549128.0,,
2026-10-08,NOK,,,,,,,,
2026-10-08,NOV,,,876000000.0,1706000000.0,1164000000.0,356478125.0,8.34648355479452,13.017751479289942
2026-10-08,NOVT,,,,,,,,
2026-10-08,NOW,,,4576000000.0,5435000000.0,2503000000.0,1034000000.0,32.21885926573427,61.34453781512605
2026-10-08,NPO,,,,575300000.0,77000000.0,21167681.0,,
2026-10-08,NRG,,,766000000.0,23392000000.0,162000000.0,210210483.0,59.503366257180154,78.78787878787878
2026-10-08,NRIX,,,-263467000.0,,67685000.0,103781683.0,,
2026-10-08,NSC,,,2157000000.0,,1069000000.0,224608373.0,,
2026-10-08,NSIT,,,279307000.0,,363482000.0,29348850.0,,
2026-10-08,NSP,,,-309000000.0,419000000.0,619000000.0,38195270.0,-5.501076796116505,4.1420118343195265
2026-10-08,NTAP,,,1869000000.0,2488000000.0,1573000000.0,196419005.0,24.77132750401284,51.260504201680675
2026-10-08,NTCT,,,285426000.0,,552828000.0,72707312.0,,
2026-10-08,NTES,,,7103348000.0,,,,,
2026-10-08,NTLA,,,-395865000.0,,106128000.0,140126693.0,,
2026-10-08,NTNX,,,750173000.0,,777308000.0,270570179.0,,
2026-10-08,NTR,,,,,,,,
2026-10-08,NTRA,,,109113000.0,,,144144170.0,,
2026-10-08,NTRS,,,,,,,,
2026-10-08,NTSK,,,15153000.0,,220854000.0,,,
2026-10-08,NTST,,,,1395590000.0,,101527998.0,,
2026-10-08,NU,,,,,,,,
2026-10-08,NUE,,,-188000000.0,,2478000000.0,226875676.0,,
2026-10-08,NUTX,,,245599000.0,31105000.0,205208000.0,6847973.0,5.007349154516102,5.9171597633136095
2026-10-08,NVAX,,,,291490000.0,191458000.0,164945726.0,,
2026-10-08,NVCR,,,-75679000.0,,93701000.0,116445840.0,,
2026-10-08,NVDA,,,96676000000.0,33366000000.0,22443000000.0,24100000000.0,57.56848649095949,77.3109243697479
2026-10-08,NVMI,,,217915000.0,,,,,
2026-10-08,NVO,,,,,,,,
2026-10-08,NVR,,,1096812000.0,,,2664860.0,,
2026-10-08,NVS,,,,,,,,
2026-10-08,NVST,,,230400000.0,1436300000.0,1125600000.0,160617709.0,17.187215052083335,52.94117647058823
2026-10-08,NVT,,,371900000.0,1492400000.0,,161857939.0,,
2026-10-08,NVTS,,,-44369000.0,,557409000.0,,,
2026-10-08,NWE,1691386000.0,,-130001000.0,3442174000.0,4180000.0,61517850.0,-61.76161064914885,15.151515151515152
2026-10-08,NWG,,,,,,,,
2026-10-08,NWL,,,17000000.0,4536000000.0,209000000.0,425900000.0,398.08276470588237,98.57142857142857
2026-10-08,NWS,,,,,,,,
2026-10-08,NWSA,,,691000000.0,1989000000.0,2095000000.0,,22.504660936324168,53.25443786982248
2026-10-08,NXE,,,,,,,,
2026-10-08,NXPI,,,2423000000.0,,3222000000.0,252164174.0,,
2026-10-08,NXST,,,743000000.0,11744000000.0,218000000.0,30808301.0,22.23463482503365,42.857142857142854
2026-10-08,NXT,,,513634000.0,,1213898000.0,,,
2026-10-08,NYT,,,550505000.0,,232657000.0,,,
2026-10-08,O,,,,,552648000.0,946218033.0,,
2026-10-08,OBDC,,,,7903533000.0,,493142569.0,,
2026-10-08,OC,,,962000000.0,5125000000.0,271000000.0,79048683.0,14.676201297297297,23.571428571428573
2026-10-08,OCFC,,,79511000.0,,,96645219.0,,
2026-10-08,OCUL,,,-216893000.0,,598641000.0,219615868.0,,
2026-10-08,ODD,,,83645000.0,,,,,
2026-10-08,ODFL,,,955099000.0,0.0,283939000.0,207356622.0,39.139807900542245,71.42857142857143
2026-10-08,OGE,,,82700000.0,,,,,
2026-10-08,OGN,,,538000000.0,8553000000.0,1132000000.0,262609433.0,20.505352609665426,59.66386554621849
2026-10-08,OGS,,,-128393000.0,2622125000.0,7858000.0,62856270.0,-55.78611526329317,21.21212121212121
2026-10-08,OHI,,,,,39036000.0,303013000.0,,
2026-10-08,OII,,,207846000.0,490245000.0,,99529645.0,,
2026-10-08,OKE,,,2447000000.0,31500000000.0,161000000.0,630369667.0,36.06664374049857,60.60606060606061
2026-10-08,OKLO,,,-115379000.0,700000.0,1644704000.0,186017650.0,-41.48611238613613,24.242424242424242
2026-10-08,OKTA,,,875000000.0,,763000000.0,,,
2026-10-08,OLED,,,154360000.0,,120563000.0,45966835.0,,
2026-10-08,OLLI,,,194660000.0,,120765000.0,59402403.0,,
2026-10-08,OLN,,,247900000.0,3029100000.0,,113982490.0,,
2026-10-08,OMC,,,2788400000.0,,,274345967.0,,
2026-10-08,OMDA,,,16930000.0,,221712000.0,61216703.0,,
2026-10-08,OMER,,,-116159000.0,,1988000.0,72388316.0,,
2026-10-08,OMF,,,,,,,,
2026-10-08,ON,,,1418600000.0,4504900000.0,3514500000.0,389311721.0,22.49132317637107,45.378151260504204
2026-10-08,ONB,,,,,,,,
2026-10-08,ONC,,,941741000.0,788681000.0,5098041000.0,1478124405.0,37.69728427879852,84.03361344537815
2026-10-08,ONDS,,,-40780000.0,,657906000.0,570552341.0,,
2026-10-08,ONON,,,,,,,,
2026-10-08,ONTO,,,299802000.0,,1253205000.0,49074247.0,,
2026-10-08,OPCH,,,217140000.0,1158820000.0,193767000.0,149785243.0,25.862967647600627,70.58823529411765
2026-10-08,OPLN,2075200000.0,,,529200000.0,189700000.0,122797455.0,,
2026-10-08,OR,,,,,,,,
2026-10-08,ORA,,,-284675000.0,,513747000.0,61496941.0,,
2026-10-08,ORC,,,,,682598000.0,199603438.0,,
2026-10-08,ORCL,67519000000.0,,-23686000000.0,,36369000000.0,3023736000.0,,
2026-10-08,ORI,9716900000.0,,,,,241432922.0,,
2026-10-08,ORIC,,,-111682000.0,,37483000.0,103652656.0,,
2026-10-08,ORKA,,,-88419000.0,,268470000.0,66209699.0,,
2026-10-08,ORLY,,,1593178000.0,7014543000.0,262181000.0,808960792.0,47.911206230565575,86.3905325443787
2026-10-08,OSCR,,,1058482000.0,431629000.0,4075612000.0,,6.2090489021069795,39.49579831932773
2026-10-08,OSIS,,,73760000.0,1001049000.0,359832000.0,15941968.0,50.48476046637744,72.26890756302521
2026-10-08,OSK,,,618000000.0,600600000.0,403600000.0,61739749.0,13.041354425566343,21.428571428571427
2026-10-08,OTEX,,,687396000.0,5770369000.0,956024000.0,242126739.0,15.476309924701336,33.61344537815126
2026-10-08,OTF,,,,7157528000.0,,458185389.0,,
2026-10-08,OTIS,,,1444000000.0,8226000000.0,813000000.0,380669339.0,22.561668975761773,46.21848739495798
2026-10-08,OTTR,,,97917000.0,1132889000.0,278383000.0,41985580.0,46.60163486422174,69.6969696969697
2026-10-08,OUST,,,-64849000.0,,91759000.0,72112333.0,,
2026-10-08,OUT,,,218800000.0,2429400000.0,31200000.0,176135251.0,34.77276382541133,81.25
2026-10-08,OVV,,,1505000000.0,3695000000.0,700000000.0,275503580.0,13.893487707641196,43.75
2026-10-08,OWL,,,1198284000.0,3812233000.0,169057000.0,,15.101562657099652,44.0
2026-10-08,OXY,,,4105000000.0,12800000000.0,4150000000.0,999637371.0,16.78639238099878,53.125
2026-10-08,OZK,,,,,,,,
2026-10-08,P,,,615741000.0,,385694000.0,333227251.0,,
2026-10-08,PAAS,,,,,,,,
2026-10-08,PAC,,,,,,,,
2026-10-08,PACS,,,,238709000.0,164451000.0,158335612.0,,
2026-10-08,PAG,32198500000.0,,650500000.0,2496000000.0,69500000.0,65662873.0,23.72180168793236,56.80473372781065
2026-10-08,PAGS,,,,,,,,
2026-10-08,PANW,,,3469000000.0,,2514000000.0,818000000.0,,
2026-10-08,PARR,,,296464000.0,739198000.0,184997000.0,50099627.0,16.681395741135518,50.0
2026-10-08,PATH,,,352160000.0,,607414000.0,,,
2026-10-08,PATK,,,246493000.0,1412496000.0,29160000.0,32118264.0,14.090750804282475,27.218934911242602
2026-10-08,PAY,,,161766000.0,,377694000.0,,,
2026-10-08,PAYC,,,408000000.0,900000000.0,198000000.0,45071619.0,27.117561784313725,53.78151260504202
2026-10-08,PAYO,,,206615000.0,,346320000.0,338850836.0,,
2026-10-08,PAYX,6537000000.0,,2321800000.0,4558000000.0,600900000.0,355980473.0,17.720225777414075,33.57142857142857
2026-10-08,PB,,,516984000.0,,,120176771.0,,
2026-10-08,PBA,,,,,,,,
2026-10-08,PBF,,,-783200000.0,1749100000.0,894100000.0,,-14.613229196884577,21.875
2026-10-08,PBH,,,246449000.0,2007235000.0,89127000.0,47374522.0,16.984959841589944,52.10084033613445
2026-10-08,PBI,,,316979000.0,2033894000.0,266833000.0,137090212.0,12.918372510481767,37.5
2026-10-08,PBR,,,,,,,,
2026-10-08,PCAR,,,3672800000.0,,,526364953.0,,
2026-10-08,PCG,,,-3071000000.0,61768000000.0,972000000.0,2680110496.0,-30.854119174210354,30.303030303030305
2026-10-08,PCOR,,,282170000.0,,494392000.0,151955338.0,,
2026-10-08,PCRX,,,136661000.0,363124000.0,205875000.0,39861886.0,11.765046589736647,43.69747899159664
2026-10-08,PCTY,,,405153000.0,81250000.0,271917000.0,53056963.0,19.56818653200149,38.65546218487395
2026-10-08,PCVX,,,-669290000.0,,183190000.0,148805278.0,,
2026-10-08,PD,,,111916000.0,,233651000.0,78649873.0,,
2026-10-08,PDD,,,,,,,,
2026-10-08,PDFS,,,-8578000.0,66517000.0,114883000.0,42227216.0,-251.2299056889718,4.201680672268908
2026-10-08,PDI,,,,,,,,
2026-10-08,PDM,,,,2250937000.0,16785000.0,125132825.0,,
2026-10-08,PEB,,,,2080700000.0,261010000.0,112842716.0,,
2026-10-08,PECO,,,,2450755000.0,7132000.0,128700000.0,,
2026-10-08,PEG,,,26000000.0,23591000000.0,192000000.0,498420030.0,2277.134421346154,100.0
2026-10-08,PEGA,,,490723000.0,,185110000.0,164404945.0,,
2026-10-08,PEN,,,174934000.0,,205271000.0,39389422.0,,
2026-10-08,PENG,1502705000.0,,100072000.0,443164000.0,440301000.0,51242699.0,36.676622501798704,63.865546218487395
2026-10-08,PENN,,,,2814700000.0,887200000.0,134066591.0,,
2026-10-08,PEP,92835000000.0,,7672000000.0,,10675000000.0,1362741092.0,,
2026-10-08,PFE,,,9075000000.0,60495000000.0,976000000.0,5699673589.0,24.031285867327824,67.22689075630252
2026-10-08,PFG,,,,4324400000.0,5259500000.0,214104641.0,,
2026-10-08,PFGC,,,1029600000.0,5006800000.0,,157533032.0,,
2026-10-08,PFS,,,430725000.0,,228293000.0,130422618.0,,
2026-10-08,PFSI,,,-1663905000.0,6330000000.0,,51951572.0,,
2026-10-08,PG,,,14044000000.0,22842000000.0,,2324433060.0,,
2026-10-08,PGEN,,,-89826000.0,93880000.0,16329000.0,358035247.0,-31.156000233785317,15.126050420168067
2026-10-08,PGNY,1310764000.0,,191782000.0,,152632000.0,76726798.0,,
2026-10-08,PGR,,,17200000000.0,,,581371770.0,,
2026-10-08,PGY,,,224718000.0,,249257000.0,,,
2026-10-08,PH,,,3341000000.0,7472000000.0,501000000.0,126047469.0,37.83131173540856,68.57142857142857
2026-10-08,PHG,,,,,,,,
2026-10-08,PHIN,,,188000000.0,969000000.0,370000000.0,36638088.0,14.579056510638297,28.402366863905325
2026-10-08,PHM,,,1748533000.0,,1335709000.0,187452540.0,,
2026-10-08,PHVS,,,,,,,,
2026-10-08,PI,,,45885000.0,241940000.0,38573000.0,30554413.0,126.58982379862701,90.75630252100841
2026-10-08,PII,,,558100000.0,,302100000.0,56903524.0,,
2026-10-08,PINS,,,1251889000.0,,422484000.0,,,
2026-10-08,PIPR,2118485000.0,,,,,70670291.0,,
2026-10-08,PJT,,,480437000.0,,235541000.0,,,
2026-10-08,PK,,,102000000.0,3932000000.0,264000000.0,201338330.0,65.98388234313725,93.49112426035504
2026-10-08,PKG,,,728600000.0,3968900000.0,442800000.0,89098299.0,32.95822518803184,77.51479289940828
2026-10-08,PL,,,57648000.0,,415130000.0,,,
2026-10-08,PLAB,,,59661000.0,,549513000.0,58997167.0,,
2026-10-08,PLD,,,,,,,,
2026-10-08,PLMR,,,408984000.0,295773000.0,62689000.0,26317683.0,9.02793325411263,32.0
2026-10-08,PLNT,,,254751000.0,2474032000.0,298265000.0,,21.54091630258566,50.887573964497044
2026-10-08,PLPC,,,33335000.0,40984000.0,,4888701.0,,
2026-10-08,PLSE,,,-54437000.0,,101620000.0,71322607.0,,
2026-10-08,PLTR,,,2100591000.0,,2030047000.0,2402897000.0,,
2026-10-08,PLUS,,,-120660000.0,,448854000.0,26090418.0,,
2026-10-08,PLXS,,,153967000.0,,314053000.0,26652099.0,,
2026-10-08,PM,,,10664000000.0,,5999000000.0,1558613439.0,,
2026-10-08,PNC,,,,85723000000.0,,398943667.0,,
2026-10-08,PNFP,,,642889000.0,,,151112640.0,,
2026-10-08,PNR,,,746000000.0,1606000000.0,91800000.0,159637950.0,13.221534564343164,22.142857142857142
2026-10-08,PNW,,,-819523000.0,9775808000.0,9124000.0,121197234.0,-26.407543152541173,33.333333333333336
2026-10-08,PODD,,,377700000.0,,,69354199.0,,
2026-10-08,POET,,,,,,,,
2026-10-08,PONY,,,-208830000.0,,,,,
2026-10-08,POOL,,,309516000.0,1327273000.0,,36340747.0,,
2026-10-08,POR,,,-71000000.0,4928000000.0,,117607740.0,,
2026-10-08,POST,,,488100000.0,7631300000.0,265600000.0,43956805.0,21.775483784060643,73.6842105263158
2026-10-08,POWI,,,87122000.0,,70612000.0,55873298.0,,
2026-10-08,POWL,,,154788000.0,,633561000.0,36432564.0,,
2026-10-08,PPC,,,1116750000.0,,388843000.0,238108524.0,,
2026-10-08,PPG,,,1163000000.0,6876000000.0,1520000000.0,222300000.0,24.763334479793638,61.53846153846154
2026-10-08,PPL,,,,,,,,
2026-10-08,PPLI,,,335317000.0,1390218000.0,1113008000.0,,9.916044966404923,18.48739495798319
2026-10-08,PPTA,,,-105710000.0,,574249000.0,125095803.0,,
2026-10-08,PR,,,,2993050000.0,131722000.0,837557029.0,,
2026-10-08,PRAX,,,-249124000.0,,474761000.0,27919988.0,,
2026-10-08,PRCH,,,65965000.0,405283000.0,,131832044.0,,
2026-10-08,PRCT,,,-58341000.0,51715000.0,227914000.0,57273659.0,-14.552364477811487,21.84873949579832
2026-10-08,PRDO,,,,,162889000.0,62577055.0,,
2026-10-08,PRG,,,324920000.0,887064000.0,85201000.0,39831633.0,6.255879785793426,7.6923076923076925
2026-10-08,PRGO,,,145100000.0,3283400000.0,,138769245.0,,
2026-10-08,PRGS,997064000.0,,229485000.0,1232635000.0,113653000.0,40874192.0,11.694211255637624,21.008403361344538
2026-10-08,PRI,,,,,600183000.0,30777350.0,,
2026-10-08,PRIM,7284200000.0,,340500000.0,797000000.0,218200000.0,53832327.0,14.768223641703377,24.285714285714285
2026-10-08,PRKS,,,162596000.0,2262148000.0,19076000.0,45341309.0,22.743945767423554,53.84615384615385
2026-10-08,PRLB,,,59662000.0,,127918000.0,23921897.0,,
2026-10-08,PRM,,,208558000.0,1210247000.0,82776000.0,163686923.0,27.146399404482207,54.285714285714285
2026-10-08,PRMB,,,,5083000000.0,,362354045.0,,
2026-10-08,PRU,,,,19663000000.0,15162000000.0,345000000.0,,
2026-10-08,PRVA,,,,,412200000.0,127734207.0,,
2026-10-08,PSA,,,,10180215000.0,259936000.0,175621134.0,,
2026-10-08,PSMT,,,103173000.0,179700000.0,208443000.0,30860524.0,49.739309926046545,86.98224852071006
2026-10-08,PSN,,,410412000.0,1474048000.0,266044000.0,106805394.0,14.138894696061518,28.571428571428573
2026-10-08,PSNL,,,-79450000.0,,93968000.0,106799872.0,,
2026-10-08,PSX,,,,,4099000000.0,399020916.0,,
2026-10-08,PTC,,,856688000.0,1398241000.0,351454000.0,108506261.0,25.75932538333676,52.10084033613445
2026-10-08,PTCT,,,702336000.0,535519000.0,1049887000.0,83460802.0,6.701834695929014,40.33613445378151
2026-10-08,PTEN,,,372190000.0,1234173000.0,201024000.0,381384874.0,14.539475413095461,46.875
2026-10-08,PTGX,,,56081000.0,,420078000.0,64708285.0,,
2026-10-08,PTRN,,,78924000.0,,345830000.0,,,
2026-10-08,PUK,,,,,,,,
2026-10-08,PUMP,,,45291000.0,764941000.0,783958000.0,122823917.0,24.095542381488595,65.625
2026-10-08,PURR,,,,,137917000.0,197837597.0,,
2026-10-08,PVH,,,538400000.0,2248000000.0,965900000.0,46137833.0,9.33455380757801,15.714285714285714
2026-10-08,PVLA,,,,,187803000.0,14408407.0,,
2026-10-08,PWP,,,30476000.0,,115847000.0,,,
2026-10-08,PWR,,,1620816000.0,,506431000.0,150343393.0,,
2026-10-08,PYPL,,,5564000000.0,12728000000.0,8306000000.0,855460874.0,9.254036176671459,15.0
2026-10-08,Q,,,988000000.0,,961000000.0,209208543.0,,
2026-10-08,QBTS,,,-75844000.0,34886000.0,296642000.0,369263837.0,-69.62703403037814,5.882352941176471
2026-10-08,QCOM,,,12820000000.0,12781000000.0,4533000000.0,1050000000.0,15.0623769450078,31.092436974789916
2026-10-08,QGEN,,,453277000.0,,,,,
2026-10-08,QLYS,,,304410000.0,,250291000.0,34595001.0,,
2026-10-08,QMCO,,,-39562000.0,0.0,54449000.0,39374500.0,-27.691593675749456,9.243697478991596
2026-10-08,QSR,,,1449000000.0,13254000000.0,,349205651.0,,
2026-10-08,QTWO,,,194651000.0,,99917000.0,62354695.0,,
2026-10-08,QUBT,,,-36984000.0,,189150000.0,226346861.0,,
2026-10-08,QURE,,,-178402000.0,50147000.0,413027000.0,69366412.0,-6.729963374850057,32.773109243697476
2026-10-08,QXO,,,183200000.0,6029000000.0,2774000000.0,1037490709.0,80.74179412663756,94.67455621301775
2026-10-08,R,,,459000000.0,,219000000.0,38346868.0,,
2026-10-08,RACE,,,,,,,,
2026-10-08,RAL,,,358400000.0,1148500000.0,270900000.0,110640008.0,24.632229282924108,50.0
2026-10-08,RAMP,,,,,363523000.0,60794982.0,,
2026-10-08,RARE,,,-472000000.0,,125000000.0,98588873.0,,
2026-10-08,RBA,,,719200000.0,2885600000.0,524900000.0,185200000.0,24.492786911846498,59.76331360946745
2026-10-08,RBC,,,,806200000.0,124500000.0,31659245.0,,
2026-10-08,RBLX,,,1355380000.0,1009000000.0,991000000.0,714292000.0,24.005365900337914,49.57983193277311
2026-10-08,RBRK,,,253277000.0,,416166000.0,,,
2026-10-08,RCI,,,,,,,,
2026-10-08,RCL,,,1236000000.0,,875000000.0,267452084.0,,
2026-10-08,RCUS,,,-484000000.0,101000000.0,150000000.0,127333376.0,-6.1680875,35.294117647058826
2026-10-08,RDDT,,,684169000.0,,1486838000.0,,,
2026-10-08,RDN,1644994000.0,,115656000.0,696895000.0,119047000.0,132301318.0,44.08404264370201,92.0
2026-10-08,RDNT,,,,1332531000.0,726272000.0,78697257.0,,
2026-10-08,RDW,,,-190810000.0,48061000.0,556967000.0,249992609.0,-10.120129259472774,11.428571428571429
2026-10-08,RDY,,,,,,,,
2026-10-08,REAL,,,18366000.0,,119132000.0,121671115.0,,
2026-10-08,REG,,,,,,,,
2026-10-08,REGN,,,4080500000.0,1986600000.0,2455800000.0,,18.545085277539517,55.46218487394958
2026-10-08,RELX,,,,,,,,
2026-10-08,RELY,,,295651000.0,0.0,676394000.0,211684054.0,14.552343641658577,27.810650887573964
2026-10-08,REPL,,,-284567000.0,84114000.0,185359000.0,83945161.0,-3.961734941156213,36.134453781512605
2026-10-08,REXR,,,,3263724000.0,32226000.0,222988124.0,,
2026-10-08,REYN,,,316000000.0,1530000000.0,66000000.0,210790982.0,19.294891721518987,45.562130177514796
2026-10-08,REZI,,,-1253000000.0,3622000000.0,549000000.0,151847378.0,-4.53693128651237,12.857142857142858
2026-10-08,RF,,,,4628000000.0,,851929506.0,,
2026-10-08,RGA,,,,,,,,
2026-10-08,RGEN,,,93898000.0,551046000.0,606783000.0,56435621.0,84.77136764361329,91.59663865546219
2026-10-08,RGLD,,,,395892000.0,182468000.0,84727857.0,,
2026-10-08,RGTI,,,,,,,,
2026-10-08,RH,,,252398000.0,,125492000.0,18933159.0,,
2026-10-08,RHI,,,266810000.0,,324714000.0,102361828.0,,
2026-10-08,RHP,,,,,366125000.0,63119288.0,,
2026-10-08,RIG,,,626000000.0,,509000000.0,1116880085.0,,
2026-10-08,RIO,,,,,,,,
2026-10-08,RIOT,,,-774310000.0,5009000.0,471383000.0,375258935.0,-7.558970522142294,12.0
2026-10-08,RITM,,,,36015018000.0,1664498000.0,558407031.0,,
2026-10-08,RIVN,,,-2489000000.0,4444000000.0,3592000000.0,1362000000.0,-8.678120862997188,12.142857142857142
2026-10-08,RJF,,,2246000000.0,,9977000000.0,192361711.0,,
2026-10-08,RKLB,,,-321806000.0,13129000.0,2129485000.0,598350482.0,-126.85409889187896,2.142857142857143
2026-10-08,RKT,,,-4018000000.0,10772000000.0,3103000000.0,,-10.19639494051767,10.0
2026-10-08,RL,,,938000000.0,1239400000.0,1719000000.0,,22.82549977185501,43.57142857142857
2026-10-08,RLAY,,,-235865000.0,,121189000.0,219141631.0,,
2026-10-08,RLI,,,608698000.0,296968000.0,,91772970.0,,
2026-10-08,RMBS,,,333177000.0,,87726000.0,108461603.0,,
2026-10-08,RMD,,,1661723000.0,399415000.0,1469234000.0,144252306.0,18.54539930241081,56.30252100840336
2026-10-08,RNG,,,587323000.0,1074377000.0,111501000.0,,12.779311882899188,24.369747899159663
2026-10-08,RNR,,,,2330907000.0,1302160000.0,41551893.0,,
2026-10-08,RNST,,,237751000.0,796469000.0,881203000.0,91404465.0,14.74882305437201,42.0
2026-10-08,ROAD,,,153372000.0,1744666000.0,94547000.0,,43.80208540672352,79.28571428571429
2026-10-08,ROG,,,71100000.0,,181400000.0,17868335.0,,
2026-10-08,ROIV,,,-758558000.0,,1248456000.0,722323015.0,,
2026-10-08,ROK,,,1358000000.0,2570000000.0,479000000.0,111048676.0,37.11301469440353,67.85714285714286
2026-10-08,ROKU,,,478438000.0,,2001815000.0,,,
2026-10-08,ROL,,,650021000.0,487107000.0,109085000.0,481145404.0,24.46039856096957,59.171597633136095
2026-10-08,ROP,,,,10601100000.0,364900000.0,98900874.0,,
2026-10-08,ROST,,,2207608000.0,1018512000.0,4288124000.0,319453110.0,31.10662235867962,73.96449704142012
2026-10-08,RPM,7847180000.0,,675201000.0,,312842000.0,127533690.0,,
2026-10-08,RPRX,,,,8961892000.0,811986000.0,,,
2026-10-08,RRC,,,,867085000.0,247000.0,233679515.0,,
2026-10-08,RRR,,,290505000.0,3562609000.0,136451000.0,,30.002318170083132,71.00591715976331
2026-10-08,RRX,,,893100000.0,4587600000.0,441600000.0,66591867.0,16.573020534094727,28.571428571428573
2026-10-08,RS,,,502500000.0,1663900000.0,235400000.0,51054555.0,43.169280447761196,77.85714285714286
2026-10-08,RSG,,,2409000000.0,,107000000.0,306212978.0,,
2026-10-08,RSI,,,164237000.0,,339910000.0,,,
2026-10-08,RTO,,,,,,,,
2026-10-08,RTX,,,7940000000.0,,8305000000.0,1347758144.0,,
2026-10-08,RUM,,,,,,,,
2026-10-08,RUN,,,-423012000.0,15157898000.0,,240846982.0,,
2026-10-08,RUSHA,,,,,,,,
2026-10-08,RVMD,,,,,,,,
2026-10-08,RVTY,,,509411000.0,2633094000.0,1022943000.0,111586401.0,36.49143378529321,67.14285714285714
2026-10-08,RXO,,,-8000000.0,,15000000.0,164926128.0,,
2026-10-08,RY,,,,,,,,
2026-10-08,RYAAY,,,,,,,,
2026-10-08,RYAN,,,640653000.0,3570689000.0,140119000.0,,20.444469510015562,68.0
2026-10-08,RYN,,,171814000.0,,,,,
2026-10-08,RYTM,,,-116628000.0,93399000.0,65614000.0,68852082.0,-53.15778055012518,10.084033613445378
2026-10-08,S,,,75903000.0,,200951000.0,,,
2026-10-08,SAH,,,717300000.0,1758800000.0,19200000.0,,5.1362421176634605,6.508875739644971
2026-10-08,SAIA,,,27334000.0,100000000.0,84014000.0,26674650.0,333.61297501280455,97.85714285714286
2026-10-08,SAIC,,,577000000.0,2485000000.0,126000000.0,41897635.0,13.507005608318892,26.89075630252101
2026-10-08,SAIL,,,64600000.0,,309850000.0,570911633.0,,
2026-10-08,SAM,,,215595000.0,,265549000.0,,,
2026-10-08,SAN,,,,,,,,
2026-10-08,SANM,,,473300000.0,2172310000.0,1844942000.0,53597356.0,24.5268106718783,50.42016806722689
2026-10-08,SAP,,,,,,,,
2026-10-08,SARO,,,234297000.0,2301848000.0,,330919431.0,,
2026-10-08,SBAC,2870622000.0,,1066509000.0,12729222000.0,327051000.0,106088110.0,28.540040994496998,68.75
2026-10-08,SBCF,,,,112910000.0,429944000.0,96822799.0,,
2026-10-08,SBET,,,-17553000.0,,,217223604.0,,
2026-10-08,SBH,,,172686000.0,815000000.0,173100000.0,93622292.0,12.40786943353833,21.893491124260354
2026-10-08,SBLK,,,211948000.0,,498165000.0,,,
2026-10-08,SBRA,,,,2626164000.0,231584000.0,255462756.0,,
2026-10-08,SBS,,,,,,,,
2026-10-08,SBSW,,,,,,,,
2026-10-08,SBUX,,,2442000000.0,13278600000.0,,1140000000.0,,
2026-10-08,SCCO,,,3426800000.0,7994400000.0,5665000000.0,834331706.0,49.048014682502625,87.5
2026-10-08,SCHW,,,8763000000.0,,40580000000.0,1729335714.0,,
2026-10-08,SCI,,,554245000.0,5303165000.0,260411000.0,136619474.0,28.021959636983645,68.04733727810651
2026-10-08,SDGR,,,12457000.0,,287853000.0,,,
2026-10-08,SDRL,,,,737000000.0,337000000.0,62541443.0,,
2026-10-08,SE,,,4510714000.0,,,,,
2026-10-08,SEB,,,6000000.0,972000000.0,145000000.0,957794.0,786.5136866666667,100.0
2026-10-08,SEDG,,,80794000.0,,527257000.0,61525748.0,,
2026-10-08,SEI,,,-437653000.0,1609000000.0,824101000.0,,-14.578606628996031,2.9585798816568047
2026-10-08,SEIC,,,585018000.0,29483000.0,,120019182.0,,
2026-10-08,SEZL,,,209252000.0,,79757000.0,33675014.0,,
2026-10-08,SF,,,,,,,,
2026-10-08,SFBS,,,,,,54672510.0,,
2026-10-08,SFD,,,,,,393767431.0,,
2026-10-08,SFL,,,,1808877000.0,113104000.0,150435424.0,,
2026-10-08,SFM,,,467731000.0,,223928000.0,93247625.0,,
2026-10-08,SFNC,,,411362000.0,1253284000.0,,144513789.0,,
2026-10-08,SG,,,-119188000.0,,142631000.0,,,
2026-10-08,SGHC,,,,,,,,
2026-10-08,SGI,,,633200000.0,,,210365491.0,,
2026-10-08,SGML,,,,,,,,
2026-10-08,SGRY,,,195600000.0,,216700000.0,130918260.0,,
2026-10-08,SHAK,,,56506000.0,248255000.0,307962000.0,,49.92548608997274,87.57396449704142
2026-10-08,SHAZ,,,-13589659.0,,1861347822.0,,,
2026-10-08,SHC,,,149177000.0,2139457000.0,356716000.0,285374795.0,46.05920212231108,87.39495798319328
2026-10-08,SHEL,,,,,,,,
2026-10-08,SHLS,,,-15976000.0,,15724000.0,,,
2026-10-08,SHO,,,,968373000.0,94431000.0,185943941.0,,
2026-10-08,SHOO,,,119541000.0,124832000.0,,73177095.0,,
2026-10-08,SHOP,,,2007000000.0,,1656000000.0,,,
2026-10-08,SHW,,,2654000000.0,9825700000.0,293500000.0,242758151.0,32.95585878522984,76.92307692307692
2026-10-08,SIG,,,525300000.0,,526800000.0,38317243.0,,
2026-10-08,SIGI,,,,,,,,
2026-10-08,SIMO,,,6295000.0,,,,,
2026-10-08,SIRI,,,1245000000.0,,174000000.0,337066891.0,,
2026-10-08,SITE,,,246800000.0,505700000.0,87400000.0,43655390.0,17.214845700972447,36.68639053254438
2026-10-08,SITM,,,35126000.0,,,30071036.0,,
2026-10-08,SJM,,,1156200000.0,6544300000.0,,106823183.0,,
2026-10-08,SKM,,,,,,,,
2026-10-08,SKT,,,,1860963000.0,176878000.0,114878989.0,,
2026-10-08,SKWD,,,402622000.0,,219221000.0,44396493.0,,
2026-10-08,SKY,,,269749000.0,23779000.0,784712000.0,54280134.0,13.572875217331667,26.035502958579883
2026-10-08,SKYD,,,489000000.0,,1627000000.0,,,
2026-10-08,SKYW,,,908341000.0,2296458000.0,81407000.0,38828325.0,6.573428786105659,8.284023668639053
2026-10-08,SLAB,,,65786000.0,,362191000.0,33366761.0,,
2026-10-08,SLB,,,4795000000.0,11140000000.0,,1484143231.0,,
2026-10-08,SLDE,,,794575000.0,29703000.0,1236915000.0,116811719.0,2.2000748714721707,16.0
2026-10-08,SLF,,,,,,,,
2026-10-08,SLG,,,,,,,,
2026-10-08,SLGN,,,422749000.0,3655557000.0,351527000.0,105682020.0,16.76514034568976,30.0
2026-10-08,SLM,,,,,,,,
2026-10-08,SLS,,,,,138343000.0,201945709.0,,
2026-10-08,SM,,,,,620000000.0,237854068.0,,
2026-10-08,SMA,,,,1124597000.0,38185000.0,55368903.0,,
2026-10-08,SMCI,,,,,,,,
2026-10-08,SMFG,,,,,,,,
2026-10-08,SMG,,,273900000.0,1836300000.0,27700000.0,58220274.0,17.32255720335889,32.142857142857146
2026-10-08,SMMT,,,-323587000.0,,419365000.0,797749602.0,,
2026-10-08,SMR,,,-460118000.0,,766460000.0,,,
2026-10-08,SMTC,,,171385000.0,,,93151168.0,,
2026-10-08,SN,,,488050000.0,677123000.0,779832000.0,140871552.0,53.150732134002666,90.53254437869822
2026-10-08,SNA,,,,1204000000.0,1644700000.0,51727124.0,,
2026-10-08,SNAP,,,437189000.0,3534607000.0,958848000.0,1725808000.0,28.56013667315509,56.30252100840336
2026-10-08,SNDK,,,-120000000.0,0.0,4762000000.0,146419001.0,-1909.4757589333333,1.680672268907563
2026-10-08,SNDR,,,285400000.0,383600000.0,292700000.0,,19.80798011562719,39.285714285714285
2026-10-08,SNDX,,,-323167000.0,,336477000.0,89297086.0,,
2026-10-08,SNEX,,,4322900000.0,,2194300000.0,120616735.0,,
2026-10-08,SNN,,,,,,,,
2026-10-08,SNOW,,,1120314000.0,,1707187000.0,352800000.0,,
2026-10-08,SNPS,,,1349154000.0,10037360000.0,3606286000.0,191636646.0,75.46819306543212,84.03361344537815
2026-10-08,SNX,73945341000.0,,1389422000.0,,749302000.0,79777511.0,,
2026-10-08,SNY,,,,,,,,
2026-10-08,SO,,,,,,,,
2026-10-08,SOBO,,,576000000.0,,,,,
2026-10-08,SOFI,,,-3984902000.0,,3126237000.0,1291570324.0,,
2026-10-08,SOLS,,,119000000.0,1966000000.0,750000000.0,158847369.0,90.6166137394958,91.42857142857143
2026-10-08,SOLV,,,-10000000.0,4573000000.0,403000000.0,170223729.0,-1887.9032423,0.8403361344537815
2026-10-08,SON,,,345759000.0,3484464000.0,168648000.0,98875003.0,23.430673229041037,55.62130177514793
2026-10-08,SONO,,,108193000.0,,206894000.0,118293979.0,,
2026-10-08,SONY,,,,,,,,
2026-10-08,SOUN,,,,,,,,
2026-10-08,SPB,,,165300000.0,603600000.0,258900000.0,22995596.0,12.877787888687235,25.0
2026-10-08,SPG,6940725000.0,,3202205000.0,28699607000.0,1019091000.0,,28.81284424607419,75.0
2026-10-08,SPGI,,,5456000000.0,15170000000.0,4134000000.0,294800000.0,23.783138563049853,80.0
2026-10-08,SPHR,,,,649382000.0,550974000.0,,,
2026-10-08,SPNT,,,,675500000.0,614800000.0,116165016.0,,
2026-10-08,SPOT,,,,,,,,
2026-10-08,SPSC,,,152266000.0,,173167000.0,36000174.0,,
2026-10-08,SPXC,,,241200000.0,,166400000.0,50085860.0,,
2026-10-08,SQM,,,,,,,,
2026-10-08,SR,,,,,,,,
2026-10-08,SRAD,,,,,,,,
2026-10-08,SRE,,,,,,,,
2026-10-08,SRPT,1974344000.0,,-307451000.0,847623000.0,571148000.0,105627021.0,-7.15542656228147,31.932773109243698
2026-10-08,SRRK,,,-300637000.0,196203000.0,437091000.0,121785282.0,-16.293572980039052,19.327731092436974
2026-10-08,SSB,,,230591000.0,,,96974534.0,,
2026-10-08,SSD,,,297615000.0,292500000.0,450526000.0,40984682.0,23.148329452480553,55.02958579881657
2026-10-08,SSL,,,,,,,,
2026-10-08,SSNC,,,1664000000.0,7312200000.0,434800000.0,234654996.0,15.506205184495192,34.45378151260504
2026-10-08,SSRM,,,241649000.0,,1783042000.0,203909312.0,,
2026-10-08,ST,,,490300000.0,2424800000.0,403300000.0,145535862.0,16.65812655924944,29.285714285714285
2026-10-08,STAA,,,-40050000.0,,148579000.0,50143984.0,,
2026-10-08,STAG,,,,3452985000.0,65886000.0,192808329.0,,
2026-10-08,STE,,,972400000.0,1650200000.0,482300000.0,97602485.0,22.333425734265735,63.02521008403362
2026-10-08,STEP,,,63861000.0,,,,,
2026-10-08,STLD,,,501509000.0,4200000000.0,567708000.0,143328088.0,74.16702465359545,88.57142857142857
2026-10-08,STM,,,,,,,,
2026-10-08,STN,,,,,,,,
2026-10-08,STNE,,,,,,,,
2026-10-08,STNG,,,,,,,,
2026-10-08,STOK,,,44915000.0,,110004000.0,64526242.0,,
2026-10-08,STRA,,,153946000.0,,123755000.0,22207559.0,,
2026-10-08,STRL,,,362676000.0,268734000.0,464451000.0,30588518.0,43.183658736723686,78.57142857142857
2026-10-08,STT,,,10843000000.0,,,274701765.0,,
2026-10-08,STUB,,,191176000.0,1396271000.0,1693051000.0,,10.71919273862828,18.34319526627219
2026-10-08,STWD,,,99359000.0,,367592000.0,370168950.0,,
2026-10-08,STX,,,818000000.0,3380000000.0,1704000000.0,226644518.0,218.69541721149145,95.7983193277311
2026-10-08,STZ,9208700000.0,,1794000000.0,10199200000.0,98500000.0,,17.290250249721293,47.36842105263158
2026-10-08,SU,,,,,,,,
2026-10-08,SUI,,,407200000.0,,,121800957.0,,
2026-10-08,SUNB,,,,8556000000.0,32000000.0,409764897.0,,
2026-10-08,SUPN,,,45993000.0,,179953000.0,58127013.0,,
2026-10-08,SUZ,,,,,,,,
2026-10-08,SVM,,,,,,,,
2026-10-08,SW,,,1200000000.0,,677000000.0,524522908.0,,
2026-10-08,SWK,,,687900000.0,4757900000.0,592400000.0,151016641.0,25.63112934728885,63.31360946745562
2026-10-08,SWKS,,,1105800000.0,496900000.0,790000000.0,150472782.0,10.592142507686743,19.327731092436974
2026-10-08,SWX,,,-251790000.0,3409859000.0,270518000.0,72445853.0,-36.495866333055325,27.272727272727273
2026-10-08,SXI,,,41252000.0,517950000.0,178734000.0,12119465.0,91.89965463492679,92.14285714285714
2026-10-08,SXT,,,38417000.0,763499000.0,31019000.0,42562811.0,165.3447155165682,95.0
2026-10-08,SYF,,,,16432000000.0,16193000000.0,325370840.0,,
2026-10-08,SYK,25837000000.0,,4283000000.0,14192000000.0,3391000000.0,383573046.0,27.32645961965912,73.94957983193277
2026-10-08,SYM,,,824702000.0,,1746446000.0,603863978.0,,
2026-10-08,SYNA,,,101400000.0,837300000.0,442500000.0,39106986.0,50.5066325443787,73.10924369747899
2026-10-08,SYRE,,,-169252000.0,,162007000.0,88173762.0,,
2026-10-08,SYY,,,1938000000.0,,1786000000.0,479096016.0,,
2026-10-08,T,,,,,,,,
2026-10-08,TAC,,,,,,,,
2026-10-08,TAK,,,,,,,,
2026-10-08,TAL,,,508276000.0,,,,,
2026-10-08,TALO,,,,1228764000.0,577587000.0,166965468.0,,
2026-10-08,TAP,,,1067800000.0,7681800000.0,2128100000.0,,11.822469693762876,21.05263157894737
2026-10-08,TARS,,,-22310000.0,72762000.0,204595000.0,43882996.0,-145.56085643209323,4.201680672268908
2026-10-08,TBBB,,,,,,,,
2026-10-08,TBBK,,,257919000.0,,80083000.0,40786809.0,,
2026-10-08,TCOM,,,1945000000.0,,,,,
2026-10-08,TD,,,,,,,,
2026-10-08,TDC,,,286000000.0,0.0,414000000.0,93000000.0,8.401993006993006,15.126050420168067
2026-10-08,TDG,,,1816000000.0,32760000000.0,2773000000.0,55276525.0,49.66944861398679,82.85714285714286
2026-10-08,TDOC,,,285464000.0,,774348000.0,181684021.0,,
2026-10-08,TDS,,,199360000.0,,2194014000.0,115116000.0,,
2026-10-08,TDW,,,353347000.0,647523000.0,613544000.0,49756231.0,12.02311542478074,20.71005917159763
2026-10-08,TDY,,,1074000000.0,2027000000.0,340100000.0,46355673.0,27.675733839851024,55.0
2026-10-08,TEAM,,,1415543000.0,989560000.0,1239512000.0,,36.22745234161025,63.02521008403362
2026-10-08,TECH,,,256550000.0,,264712000.0,156818238.0,,
2026-10-08,TECK,,,,,,,,
2026-10-08,TEL,,,3203000000.0,5530000000.0,1239000000.0,289513228.0,20.710764874492664,41.1764705882353
2026-10-08,TEM,,,-239139000.0,,599614000.0,,,
2026-10-08,TEN,,,,1965776000.0,463989000.0,30127603.0,,
2026-10-08,TENB,,,254648000.0,,125351000.0,110139983.0,,
2026-10-08,TER,,,450406000.0,,349538000.0,156340750.0,,
2026-10-08,TEVA,14104000000.0,,1148000000.0,,3655000000.0,1165296084.0,,
2026-10-08,TEX,,,322000000.0,2683000000.0,407000000.0,114300000.0,25.650947204968944,52.142857142857146
2026-10-08,TFC,,,,42976000000.0,,1221626188.0,,
2026-10-08,TFII,,,,,,,,
2026-10-08,TFX,2254524000.0,,,2808009000.0,300159000.0,42372397.0,,
2026-10-08,TGB,,,,,,,,
2026-10-08,TGT,,,2835000000.0,,,454296736.0,,
2026-10-08,TGTX,,,-24986000.0,745387000.0,482575000.0,153069053.0,-337.289493596414,3.361344537815126
2026-10-08,TH,,,,,6068000.0,99623423.0,,
2026-10-08,THC,,,2530000000.0,,2170000000.0,80519000.0,,
2026-10-08,THG,,,1170400000.0,793900000.0,266100000.0,34820221.0,7.053530115345181,22.0
2026-10-08,THO,,,456307000.0,867959000.0,481988000.0,51614361.0,8.323774138902099,14.285714285714286
2026-10-08,THRM,,,61118000.0,273258000.0,213173000.0,30705208.0,27.643451209136426,67.45562130177515
2026-10-08,TIGO,,,,,,,,
2026-10-08,TJX,,,4917000000.0,1871000000.0,6004000000.0,1099974061.0,30.198983315842995,72.18934911242603
2026-10-08,TKO,5301863000.0,,,4629225000.0,592485000.0,,,
2026-10-08,TKR,,,406100000.0,2049900000.0,399100000.0,69296839.0,23.57596791676927,45.714285714285715
2026-10-08,TLN,,,606000000.0,9572000000.0,231000000.0,47914259.0,43.81643583828383,66.66666666666667
2026-10-08,TM,,,,,,,,
2026-10-08,TMDX,,,133589000.0,,,34675145.0,,
2026-10-08,TME,,,,,,,,
2026-10-08,TMO,,,6293000000.0,42284000000.0,4064000000.0,369747286.0,44.38071436929922,80.0
2026-10-08,TMUS,,,,,,,,
2026-10-08,TNDM,1041417000.0,,-29669000.0,602577000.0,62818000.0,69578707.0,-54.95315757187637,9.243697478991596
2026-10-08,TNET,,,234000000.0,896000000.0,358000000.0,45904738.0,15.342760811965812,30.76923076923077
2026-10-08,TNGX,,,-139934000.0,,345558000.0,168610367.0,,
2026-10-08,TNK,,,115635000.0,,,,,
2026-10-08,TNL,,,523000000.0,5710000000.0,282000000.0,61204232.0,17.705539131931165,39.053254437869825
2026-10-08,TOL,,,1026216000.0,,1057889000.0,92147000.0,,
2026-10-08,TOST,,,608000000.0,,1015000000.0,,,
2026-10-08,TOWN,,,,,,,,
2026-10-08,TPB,,,43845000.0,294145000.0,268307000.0,20048922.0,26.67187845820504,66.27218934911242
2026-10-08,TPC,,,567211000.0,396345000.0,938215000.0,52569117.0,6.852039921651731,9.467455621301776
2026-10-08,TPG,,,,,,,,
2026-10-08,TPL,,,,,248612000.0,68974683.0,,
2026-10-08,TPR,,,1812500000.0,2379000000.0,974700000.0,199391678.0,13.538975931586206,25.443786982248522
2026-10-08,TRAX,,,,,168018000.0,35730843.0,,
2026-10-08,TREX,,,134521000.0,,6475000.0,101865190.0,,
2026-10-08,TRGP,,,584100000.0,19578000000.0,132300000.0,214431021.0,139.20031715117275,96.96969696969697
2026-10-08,TRI,,,,,,,,
2026-10-08,TRIP,,,163000000.0,815900000.0,843200000.0,117199342.0,6.274884073619632,13.445378151260504
2026-10-08,TRLV,,,228628000.0,195820000.0,325420000.0,192382935.0,8.167425608411918,42.016806722689076
2026-10-08,TRMB,,,360900000.0,1442900000.0,214400000.0,233179848.0,42.073466065392076,75.0
2026-10-08,TRMD,,,,,,,,
2026-10-08,TRN,2042400000.0,,314100000.0,,155700000.0,79669486.0,,
2026-10-08,TRNO,,,,942470000.0,51208000.0,108970310.0,,
2026-10-08,TROW,,,1479200000.0,,3234300000.0,213315850.0,,
2026-10-08,TRP,,,,,,,,
2026-10-08,TRU,,,661600000.0,5372200000.0,839100000.0,191600000.0,25.557049576783555,84.0
2026-10-08,TRV,,,,,,208575022.0,,
2026-10-08,TRVI,,,-42101000.0,,54302000.0,142475841.0,,
2026-10-08,TS,,,,,,,,
2026-10-08,TSCO,,,740489000.0,2153826000.0,231588000.0,521040137.0,26.153881809182852,65.08875739644971
2026-10-08,TSEM,,,-48943000.0,,,,,
2026-10-08,TSLA,,,6220000000.0,7721000000.0,15219000000.0,3949547394.0,236.91033323954983,96.42857142857143
2026-10-08,TSM,,,,,,,,
2026-10-08,TSN,,,1177000000.0,,740000000.0,,,
2026-10-08,TT,,,2811500000.0,3923700000.0,,220023177.0,,
2026-10-08,TTAN,,,105427000.0,,479538000.0,,,
2026-10-08,TTC,,,578300000.0,962000000.0,,94663378.0,,
2026-10-08,TTD,,,795710000.0,,1122979000.0,,,
2026-10-08,TTE,,,,,,,,
2026-10-08,TTEK,5069475000.0,,439052000.0,803539000.0,230835000.0,256044428.0,20.788308307444222,48.5207100591716
2026-10-08,TTMI,,,-683000.0,973456000.0,507905000.0,105348864.0,-18805.333118594437,0.8403361344537815
2026-10-08,TTWO,,,461500000.0,1889800000.0,1364900000.0,186980443.0,85.96532037053088,86.5546218487395
2026-10-08,TU,,,,,,,,
2026-10-08,TVTX,,,,,117735000.0,94261082.0,,
2026-10-08,TW,,,1127094000.0,,2057929000.0,,,
2026-10-08,TWLO,,,,993162000.0,823261000.0,153575220.0,,
2026-10-08,TWST,,,-75632000.0,,117436000.0,62707424.0,,
2026-10-08,TX,,,,,,,,
2026-10-08,TXG,,,130115000.0,,,,,
2026-10-08,TXN,,,2603000000.0,14052000000.0,3660000000.0,913247686.0,105.10564083941605,88.23529411764706
2026-10-08,TXNM,,,-611433000.0,,,,,
2026-10-08,TXRH,,,342071000.0,50000000.0,202427000.0,65640926.0,30.78685453019987,73.37278106508876
2026-10-08,TXT,,,929000000.0,,,171986917.0,,
2026-10-08,TYL,,,637528000.0,,895353000.0,40952274.0,,
2026-10-08,TYRA,,,-95283000.0,,73835000.0,59676939.0,,
2026-10-08,U,,,403931000.0,,2351987000.0,440088933.0,,
2026-10-08,UAL,,,2557000000.0,,10166000000.0,324583772.0,,
2026-10-08,UBER,,,9763000000.0,12723000000.0,4870000000.0,2042560121.0,15.499582392604733,32.544378698224854
2026-10-08,UBS,,,,,,,,
2026-10-08,UBSI,,,481192000.0,,,136212571.0,,
2026-10-08,UCB,,,356456000.0,20602000.0,,120575503.0,,
2026-10-08,UCTT,,,15300000.0,599400000.0,255900000.0,45277029.0,222.43932156862746,96.63865546218487
2026-10-08,UDR,,,,5813832000.0,1193000.0,321264222.0,,
2026-10-08,UEC,,,-69938000.0,,495460000.0,495584665.0,,
2026-10-08,UFPI,,,276360000.0,228758000.0,597263000.0,55161491.0,13.926005887248516,37.5
2026-10-08,UFPT,631639000.0,,82249000.0,117305000.0,9045000.0,7745790.0,28.30300164135734,75.63025210084034
2026-10-08,UGI,,,390000000.0,,476000000.0,214494967.0,,
2026-10-08,UGP,,,,,,,,
2026-10-08,UHS,,,849245000.0,4900000000.0,138800000.0,,17.801134438236314,53.78151260504202
2026-10-08,UI,,,627441000.0,,522579000.0,60528381.0,,
2026-10-08,UL,,,,,,,,
2026-10-08,ULS,,,403000000.0,301000000.0,434000000.0,,35.06477896277916,83.19327731092437
2026-10-08,ULTA,,,1067951000.0,,158451000.0,42757471.0,,
2026-10-08,UMAC,,,-23239801.0,,,49956505.0,,
2026-10-08,UMBF,,,,,,,,
2026-10-08,UMC,,,,,,,,
2026-10-08,UNF,,,142527000.0,,163225000.0,,,
2026-10-08,UNFI,,,239000000.0,1561000000.0,37000000.0,60317084.0,17.498635531380753,37.8698224852071
2026-10-08,UNH,,,16075000000.0,69501000000.0,28585000000.0,897594847.0,23.258401772628304,65.54621848739495
2026-10-08,UNIT,,,,10636600000.0,608900000.0,242725135.0,,
2026-10-08,UNM,,,,,,,,
2026-10-08,UNP,,,5499000000.0,,1614000000.0,594075498.0,,
2026-10-08,UPS,,,4765000000.0,,4653000000.0,,,
2026-10-08,UPST,,,-148072000.0,,455957000.0,97313046.0,,
2026-10-08,UPWK,,,242469000.0,360691000.0,476040000.0,124903365.0,3.9389482284333255,11.764705882352942
2026-10-08,URBN,,,315022000.0,,598756000.0,85660181.0,,
2026-10-08,URGN,,,-162733000.0,200000000.0,79133000.0,48880564.0,-11.850517454972255,26.050420168067227
2026-10-08,URI,,,1060000000.0,,,,,
2026-10-08,USAR,,,-86344000.0,,1530147000.0,244671000.0,,
2026-10-08,USB,,,,,,1558051446.0,,
2026-10-08,USFD,,,959000000.0,,56000000.0,216330723.0,,
2026-10-08,UTHR,,,1040700000.0,,1803200000.0,42890692.0,,
2026-10-08,UTI,,,55352000.0,160034000.0,130060000.0,55095231.0,20.757301307992485,43.75
2026-10-08,UTZ,,,9400000.0,838800000.0,58600000.0,,302.31264787234045,100.0
2026-10-08,UUUU,,,-108741000.0,677684000.0,58416000.0,249965000.0,-28.535198131339605,7.142857142857143
2026-10-08,V,,,21577000000.0,20862000000.0,12359000000.0,,31.45547967270705,74.55621301775147
2026-10-08,VAC,,,-29000000.0,,211000000.0,34395320.0,,
2026-10-08,VAL,,,202700000.0,1087600000.0,541200000.0,69435807.0,31.45648917612235,75.0
2026-10-08,VALE,,,,,,,,
2026-10-08,VC,,,,284000000.0,648000000.0,26695429.0,,
2026-10-08,VCEL,,,24748000.0,,125358000.0,51206614.0,,
2026-10-08,VCTR,,,381328000.0,967974000.0,70126000.0,61509572.0,20.37536552259472,62.0
2026-10-08,VCYT,,,126630000.0,,299521000.0,80390731.0,,
2026-10-08,VECO,,,53293000.0,226543000.0,214458000.0,61129640.0,59.24239539902051,78.15126050420169
2026-10-08,VEEV,,,,,1812012000.0,161908850.0,,
2026-10-08,VERA,,,-241734000.0,75228000.0,48876000.0,72063335.0,-8.971824195189754,30.252100840336134
2026-10-08,VFC,,,,,670063000.0,393134570.0,,
2026-10-08,VG,,,-6799000000.0,41814000000.0,3120000000.0,,-10.578060595675835,42.42424242424242
2026-10-08,VGNT,,,,2224000000.0,554000000.0,70835265.0,,
2026-10-08,VIA,,,-32532000.0,,335915000.0,,,
2026-10-08,VIAV,,,82800000.0,,647800000.0,246749828.0,,
2026-10-08,VICI,,,,16931155000.0,288063000.0,1101077562.0,,
2026-10-08,VICR,,,119230000.0,,453582000.0,,,
2026-10-08,VIK,,,,,,,,
2026-10-08,VIPS,,,781982000.0,,,,,
2026-10-08,VIR,,,-396613000.0,,278729000.0,169215958.0,,
2026-10-08,VIRT,,,495584000.0,2025883000.0,1069254000.0,,20.034452530751597,58.0
2026-10-08,VISN,,,252600000.0,0.0,113600000.0,230626412.0,5.04659936658749,12.605042016806722
2026-10-08,VIST,,,,,,,,
2026-10-08,VKTX,,,,,125750000.0,116652937.0,,
2026-10-08,VLO,,,3769000000.0,,7874000000.0,287927461.0,,
2026-10-08,VLTO,,,1014000000.0,3379000000.0,2119000000.0,243793344.0,24.439035334319527,48.57142857142857
2026-10-08,VLY,,,,,,,,
2026-10-08,VMC,,,1135300000.0,4364300000.0,194200000.0,129578739.0,31.780287383070554,62.857142857142854
2026-10-08,VMI,,,311449000.0,730625000.0,139051000.0,19304858.0,30.951330538868323,62.142857142857146
2026-10-08,VMRK,,,,,36405000.0,374944409.0,,
2026-10-08,VNET,,,-820533000.0,,,,,
2026-10-08,VNO,,,,2599970000.0,675353000.0,186720531.0,,
2026-10-08,VNOM,,,,1678000000.0,77000000.0,,,
2026-10-08,VNT,,,441100000.0,1595200000.0,265800000.0,135200000.0,12.88333711176604,20.0
2026-10-08,VOD,,,,,,,,
2026-10-08,VOR,,,-143654000.0,,107855000.0,59162294.0,,
2026-10-08,VOYA,,,,2103000000.0,,90596349.0,,
2026-10-08,VOYG,,,-205616000.0,,373436000.0,,,
2026-10-08,VRDN,,,-276886000.0,,,113292269.0,,
2026-10-08,VRNS,,,134803000.0,,233643000.0,114860485.0,,
2026-10-08,VRSK,,,1191900000.0,,551400000.0,130156012.0,,
2026-10-08,VRSN,,,1068300000.0,,840900000.0,90300000.0,,
2026-10-08,VRT,,,1893800000.0,2939800000.0,2810600000.0,384988173.0,49.615781711373955,71.42857142857143
2026-10-08,VRTX,,,3193800000.0,,6143500000.0,253460924.0,,
2026-10-08,VSAT,,,,,1735819000.0,137755810.0,,
2026-10-08,VSEC,,,,,,,,
2026-10-08,VSH,,,-88985000.0,972287000.0,1297309000.0,,-55.916862527392254,7.563025210084033
2026-10-08,VSNT,,,1855000000.0,2954000000.0,1478000000.0,,3.1727393347708897,13.571428571428571
2026-10-08,VST,,,1318000000.0,19595000000.0,435000000.0,335635195.0,54.29899798710167,75.75757575757575
2026-10-08,VSTS,,,5769000.0,1086134000.0,57659000.0,132160105.0,498.9974813659213,100.0
2026-10-08,VSXY,,,312000000.0,971000000.0,522000000.0,79764039.0,23.581293006410256,56.21301775147929
2026-10-08,VTR,,,-1281343000.0,,198956000.0,512946359.0,,
2026-10-08,VTRS,,,1937100000.0,11612400000.0,886500000.0,1148590864.0,15.878026259873007,48.739495798319325
2026-10-08,VVV,,,38000000.0,1602000000.0,84200000.0,127586418.0,143.48855607894737,94.28571428571429
2026-10-08,VVX,,,170069000.0,1047980000.0,,31345358.0,,
2026-10-08,VZ,,,,,1752000000.0,4154775202.0,,
2026-10-08,W,,,464000000.0,2836000000.0,1065000000.0,,34.85011465301724,78.69822485207101
2026-10-08,WAB,,,1499000000.0,6571000000.0,,168910851.0,,
2026-10-08,WAFD,,,,,,,,
2026-10-08,WAL,,,,1479000000.0,,109100864.0,,
2026-10-08,WAT,4644249000.0,,539810000.0,4886000000.0,539000000.0,98248111.0,86.15663265408199,90.0
2026-10-08,WAY,,,283192000.0,1452547000.0,12645000.0,191748416.0,23.01406839176248,47.89915966386555
2026-10-08,WBI,,,-118874000.0,1609931000.0,47624000.0,,-44.12320191967966,12.5
2026-10-08,WCC,,,25200000.0,5911100000.0,,48732854.0,,
2026-10-08,WCN,,,1234841000.0,,98180000.0,252049532.0,,
2026-10-08,WD,,,-680082000.0,,160858000.0,34325745.0,,
2026-10-08,WDAY,,,2777000000.0,2989000000.0,661000000.0,,17.137274036730286,35.294117647058826
2026-10-08,WDC,,,1279000000.0,1052000000.0,1579000000.0,360540944.0,114.46522456137608,89.91596638655462
2026-10-08,WDFC,,,83397000.0,85332000.0,59137000.0,13421096.0,33.12776807319208,65.0
2026-10-08,WEC,,,,19216300000.0,50000000.0,325849383.0,,
2026-10-08,WELL,,,,17726253000.0,1965164000.0,720744951.0,,
2026-10-08,WEN,,,242616000.0,2748989000.0,341211000.0,190669930.0,14.812481307910442,28.994082840236686
2026-10-08,WERN,,,-68534000.0,793000000.0,57024000.0,59977156.0,-39.618614818922,6.428571428571429
2026-10-08,WEX,,,313700000.0,3523000000.0,1161500000.0,34081611.0,26.476486372330253,65.68047337278107
2026-10-08,WFC,,,,182139000000.0,,3023999336.0,,
2026-10-08,WFRD,,,450000000.0,,1100000000.0,71685443.0,,
2026-10-08,WGS,,,14262000.0,100000000.0,60317000.0,29822541.0,144.40917837610434,96.63865546218487
2026-10-08,WH,,,321000000.0,,69000000.0,74211122.0,,
2026-10-08,WHD,,,,0.0,365821000.0,,,
2026-10-08,WHR,,,81000000.0,6840000000.0,1239000000.0,65199378.0,92.61992422222222,95.26627218934911
2026-10-08,WINA,,,44704500.0,,25834500.0,3592169.0,,
2026-10-08,WING,,,105624000.0,1210589000.0,127455000.0,27242546.0,40.81814455994849,84.02366863905326
2026-10-08,WIX,,,,,,,,
2026-10-08,WK,,,137995000.0,,252482000.0,,,
2026-10-08,WKC,,,227300000.0,,135300000.0,51151620.0,,
2026-10-08,WLK,,,-530000000.0,5067000000.0,1643000000.0,127796548.0,-21.484911143396225,8.571428571428571
2026-10-08,WLTH,,,,,453308000.0,156176440.0,,
2026-10-08,WLY,,,,,,,,
2026-10-08,WM,,,2816000000.0,,557000000.0,399715184.0,,
2026-10-08,WMB,,,1005000000.0,,,1223167472.0,,
2026-10-08,WMG,,,539000000.0,4710000000.0,618000000.0,,35.64954252690167,81.06508875739645
2026-10-08,WMS,,,569288000.0,1604779000.0,162251000.0,75405342.0,19.251128100363964,44.97041420118343
2026-10-08,WMT,,,14923000000.0,36462000000.0,11529000000.0,7933746241.0,60.44950642665684,92.89940828402366
2026-10-08,WOLF,,,-1983100000.0,1687500000.0,576300000.0,52995396.0,-1.388284125863547,10.92436974789916
2026-10-08,WOR,,,170206000.0,306914000.0,27725000.0,48934416.0,19.23837418187373,37.142857142857146
2026-10-08,WPC,,,,8851851000.0,163538000.0,227816879.0,,
2026-10-08,WPM,,,,,,,,
2026-10-08,WRB,,,,,2606530000.0,371227529.0,,
2026-10-08,WRBY,,,43737000.0,,292674000.0,,,
2026-10-08,WSBC,,,,,,,,
2026-10-08,WSC,,,737654000.0,,18167000.0,181190958.0,,
2026-10-08,WSFS,,,213611000.0,,,51090605.0,,
2026-10-08,WSM,,,1055451000.0,,1028936000.0,117779173.0,,
2026-10-08,WSO,,,,,,,,
2026-10-08,WST,,,468900000.0,202900000.0,435800000.0,70375762.0,54.0253850757091,90.75630252100841
2026-10-08,WT,,,147731000.0,,,151512111.0,,
2026-10-08,WTFC,,,,,,,,
2026-10-08,WTM,,,,932500000.0,,2386721.0,,
2026-10-08,WTRG,,,-1067000000.0,8421198000.0,8634000.0,283778605.0,-18.182260155576383,39.39393939393939
2026-10-08,WTS,,,356300000.0,108000000.0,347900000.0,,31.85150709233792,63.57142857142857
2026-10-08,WTTR,,,-79889000.0,262938000.0,33396000.0,,-36.84820597328794,15.625
2026-10-08,WTW,,,1546000000.0,5781000000.0,1627000000.0,92871937.0,20.580100358990943,70.0
2026-10-08,WU,,,505200000.0,2510300000.0,919800000.0,311878981.0,7.056005443388757,10.059171597633137
2026-10-08,WULF,,,-1183369000.0,,2619191000.0,498968677.0,,
2026-10-08,WWD,,,340366000.0,617730000.0,474851000.0,59045820.0,56.53105621301775,84.375
2026-10-08,WY,,,,5303000000.0,527000000.0,720736000.0,,
2026-10-08,WYNN,,,692220000.0,10724660000.0,1573353000.0,102973891.0,24.420287268498456,58.57988165680474
2026-10-08,XEL,,,,,,,,
2026-10-08,XENE,,,-279917000.0,,119527000.0,96840432.0,,
2026-10-08,XERS,,,,252590000.0,121747000.0,182320306.0,,
2026-10-08,XMTR,,,-24094000.0,,21753000.0,,,
2026-10-08,XNCR,,,-138267000.0,77537000.0,44663000.0,74353397.0,-13.412688689275098,23.529411764705884
2026-10-08,XOM,,,,,10588000000.0,4111911960.0,,
2026-10-08,XP,,,,,,,,
2026-10-08,XPEV,,,,,,,,
2026-10-08,XPO,,,,3047000000.0,298000000.0,117086465.0,,
2026-10-08,XRAY,,,104000000.0,1996000000.0,239000000.0,199353876.0,33.55178059615385,79.83193277310924
2026-10-08,XYL,,,910000000.0,2947000000.0,1276000000.0,233486812.0,28.004747204395603,56.42857142857143
2026-10-08,XYZ,,,2424676000.0,5720569000.0,6427331000.0,,18.34927464535468,36.97478991596638
2026-10-08,YELP,,,323676000.0,,94142000.0,54263621.0,,
2026-10-08,YETI,,,212070000.0,96443000.0,,72988796.0,,
2026-10-08,YMM,,,643086000.0,,,,,
2026-10-08,YOU,,,343112000.0,,128228000.0,,,
2026-10-08,YPF,,,,,,,,
2026-10-08,YUM,,,1639000000.0,,674000000.0,272901085.0,,
2026-10-08,YUMC,,,840000000.0,,485000000.0,342458136.0,,
2026-10-08,Z,,,,,,,,
2026-10-08,ZBH,,,1472600000.0,6277500000.0,410000000.0,190737689.0,15.496581419258455,47.05882352941177
2026-10-08,ZBIO,,,-172351000.0,,196577000.0,65176723.0,,
2026-10-08,ZBRA,,,831000000.0,2776000000.0,157000000.0,47310660.0,24.907696283995186,50.714285714285715
2026-10-08,ZD,,,287870000.0,867640000.0,1606112000.0,34287208.0,4.093951432938479,12.5
2026-10-08,ZETA,,,185087000.0,197481000.0,309952000.0,,44.18737335955524,67.22689075630252
2026-10-08,ZG,,,235000000.0,,572000000.0,,,
2026-10-08,ZIM,,,,,,,,
2026-10-08,ZION,,,,,,,,
2026-10-08,ZLAB,,,-158890000.0,,607522000.0,1122445390.0,,
2026-10-08,ZM,,,1924087000.0,,931992000.0,,,
2026-10-08,ZS,,,808201000.0,,928354000.0,163054698.0,,
2026-10-08,ZTO,,,965829000.0,,,,,
2026-10-08,ZTS,,,2283000000.0,9048000000.0,1476000000.0,413223602.0,16.544187837932544,51.260504201680675
2026-10-08,ZWS,,,,499100000.0,365000000.0,165864097.0,,
2026-10-08,ZYME,,,-34526000.0,,179413000.0,70959241.0,,
