ticker,cik,name,exchange,sector,industry,sic,sector_etf,is_active,updated_at
A,0001090872,Agilent Technologies Inc. Common Stock,,Industrials,Biotechnology: Laboratory Analytical Instruments,,XLI,1,2026-10-09
AA,0001675149,Alcoa Corporation Common Stock ,,Industrials,Aluminum,,XLI,1,2026-10-09
AAC,0002128115,Ares Acquisition Corporation III Class A Ordinary Shares,,Industrials,Metal Fabrications,,XLI,1,2026-10-09
AACG,0001420529,ATA Creativity Global American Depositary Shares,,Real Estate,Other Consumer Services,,XLRE,1,2026-10-09
AACI,0002092897,Armada Acquisition Corp. III Class A Ordinary Share,,Financials,Blank Checks,,XLF,1,2026-10-09
AACIU,0002092897,Armada Acquisition Corp. III Units,,Financials,Blank Checks,,XLF,1,2026-10-09
AACIW,0002092897,Armada Acquisition Corp. III Warrant,,Financials,Blank Checks,,XLF,1,2026-10-09
AACO,0002099906,Abony Acquisition Corp. I Class A Ordinary Share,,,,,,1,2026-10-09
AACOW,0002099906,Abony Acquisition Corp. I Warrants,,,,,,1,2026-10-09
AACP,0002102123,Apogee Acquisition Corp Class A Ordinary Shares,,Financials,Blank Checks,,XLF,1,2026-10-09
AACPR,0002102123,Apogee Acquisition Corp Rights,,Financials,Blank Checks,,XLF,1,2026-10-09
AACPU,0002102123,Apogee Acquisition Corp Units,,Financials,Blank Checks,,XLF,1,2026-10-09
AACPW,0002102123,Apogee Acquisition Corp Warrant,,Financials,Blank Checks,,XLF,1,2026-10-09
AADX,0002118195,Applied Aerospace & Defense Inc. Common Stock,,Industrials,Military/Government/Technical,,XLI,1,2026-10-09
AAL,0000006201,American Airlines Group Inc. Common Stock,,Consumer Discretionary,Air Freight/Delivery Services,,XLY,1,2026-10-09
AAME,0000008177,Atlantic American Corporation Common Stock,,Financials,Life Insurance,,XLF,1,2026-10-09
AAMI,0001748824,Acadian Asset Management Inc. Common Stock,,Financials,Investment Managers,,XLF,1,2026-10-09
AAOI,0001158114,Applied Optoelectronics Inc. Common Stock,,Technology,Semiconductors,,XLK,1,2026-10-09
AAON,0000824142,AAON Inc. Common Stock,,Industrials,Industrial Machinery/Components,,XLI,1,2026-10-09
AAP,0001158449,Advance Auto Parts Inc.,,Consumer Discretionary,Auto & Home Supply Stores,,XLY,1,2026-10-09
AAPG,0002023311,Ascentage Pharma Group International American Depository Shares,,Health Care,Biotechnology: Pharmaceutical Preparations,,XLV,1,2026-10-09
AAPL,0000320193,Apple Inc. Common Stock,,Technology,Computer Manufacturing,,XLK,1,2026-10-09
AARD,0001774857,Aardvark Therapeutics Inc. Common Stock,,Health Care,Biotechnology: Pharmaceutical Preparations,,XLV,1,2026-10-09
AAT,0001500217,American Assets Trust Inc. Common Stock,,Real Estate,Real Estate Investment Trusts,,XLRE,1,2026-10-09
AAUC,0001993344,Allied Gold Corporation Common Shares,,,,,,1,2026-10-09
AB,0000825313,AllianceBernstein Holding L.P.  Units,,Financials,Investment Managers,,XLF,1,2026-10-09
ABAT,0001576873,American Battery Technology Company Common Stock,,Industrials,Mining & Quarrying of Nonmetallic Minerals (No Fuels),,XLI,1,2026-10-09
ABBV,0001551152,AbbVie Inc. Common Stock,,Health Care,Biotechnology: Pharmaceutical Preparations,,XLV,1,2026-10-09
ABCB,0000351569,Ameris Bancorp Common Stock,,Financials,Major Banks,,XLF,1,2026-10-09
ABCL,0001703057,AbCellera Biologics Inc. Common Shares,,Health Care,Biotechnology: Pharmaceutical Preparations,,XLV,1,2026-10-09
ABEO,0000318306,Abeona Therapeutics Inc. Common Stock,,Health Care,Biotechnology: Pharmaceutical Preparations,,XLV,1,2026-10-09
ABEV,0001565025,Ambev S.A. American Depositary Shares (Each representing 1 Common Share),,Consumer Staples,Beverages (Production/Distribution),,XLP,1,2026-10-09
ABG,0001144980,Asbury Automotive Group Inc Common Stock,,Consumer Discretionary,Retail-Auto Dealers and Gas Stations,,XLY,1,2026-10-09
ABLV,0001957489,Able View Global Inc. Class B Ordinary Shares,,Consumer Discretionary,Other Consumer Services,,XLY,1,2026-10-09
ABLVW,0001957489,Able View Global Inc. Warrant,,Consumer Discretionary,Other Consumer Services,,XLY,1,2026-10-09
ABM,0000771497,ABM Industries Incorporated Common Stock,,Consumer Discretionary,Diversified Commercial Services,,XLY,1,2026-10-09
ABNB,0001559720,Airbnb Inc. Class A Common Stock,,Consumer Discretionary,Diversified Commercial Services,,XLY,1,2026-10-09
ABOS,0001576885,Acumen Pharmaceuticals Inc. Common Stock,,Health Care,Biotechnology: Biological Products (No Diagnostic Substances),,XLV,1,2026-10-09
ABR,0001253986,Arbor Realty Trust Common Stock,,Real Estate,Real Estate Investment Trusts,,XLRE,1,2026-10-09
ABR^D,,Arbor Realty Trust 6.375% Series D Cumulative Redeemable Preferred Stock Liquidation Preference $25.00 per Share,,,,,,1,2026-10-09
ABR^E,,Arbor Realty Trust 6.25% Series E Cumulative Redeemable Preferred Stock,,,,,,1,2026-10-09
ABR^F,,Arbor Realty Trust 6.25% Series F Fixed-to-Floating Rate Cumulative Redeemable Preferred Stock Liquidation Preference $25.00 per share,,,,,,1,2026-10-09
ABSI,0001672688,Absci Corporation Common Stock,,Health Care,Biotechnology: Commercial Physical & Biological Resarch,,XLV,1,2026-10-09
ABT,0000001800,Abbott Laboratories Common Stock,,Health Care,Biotechnology: Pharmaceutical Preparations,,XLV,1,2026-10-09
ABTC,0001755953,American Bitcoin Corp. Class A Common Stock,,Financials,Finance: Consumer Services,,XLF,1,2026-10-09
ABTS,0001864055,Abits Group Inc Ordinary Shares,,Financials,Finance: Consumer Services,,XLF,1,2026-10-09
ABUS,0001447028,Arbutus Biopharma Corporation Common Stock,,Health Care,Biotechnology: Pharmaceutical Preparations,,XLV,1,2026-10-09
ABVC,0001173313,ABVC BioPharma Inc. Common Stock,,Health Care,Biotechnology: Pharmaceutical Preparations,,XLV,1,2026-10-09
ABVX,0001956827,Abivax SA American Depositary Shares,,Health Care,Biotechnology: Pharmaceutical Preparations,,XLV,1,2026-10-09
ABX,0001814287,Abacus Global Management Inc. Class A Common Stock,,Financials,Investment Managers,,XLF,1,2026-10-09
ABXL,0001814287,Abacus Global Management Inc. 9.875% Fixed Rate Senior Notes due 2028,,Financials,Investment Managers,,XLF,1,2026-10-09
ACA,0001739445,Arcosa Inc. Common Stock ,,Industrials,Metal Fabrications,,XLI,1,2026-10-09
ACAA,0002096900,Averin Capital Acquisition Corp. Class A Ordinary Shares,,Financials,Blank Checks,,XLF,1,2026-10-09
ACAAW,0002096900,Averin Capital Acquisition Corp. Warrants,,Financials,Blank Checks,,XLF,1,2026-10-09
ACAD,0001070494,ACADIA Pharmaceuticals Inc. Common Stock,,Health Care,Biotechnology: Pharmaceutical Preparations,,XLV,1,2026-10-09
ACB,0001683541,Aurora Cannabis Inc. Common Shares,,Health Care, Medicinal Chemicals and Botanical Products ,,XLV,1,2026-10-09
ACCL,0002038378,Acco Group Holdings Limited Class A Ordinary Shares,,Consumer Discretionary,Professional Services,,XLY,1,2026-10-09
ACCO,0000712034,Acco Brands Corporation Common Stock,,Consumer Discretionary,Publishing,,XLY,1,2026-10-09
ACCS,0000843006,ACCESS Newswire Inc. Common Stock,,Consumer Discretionary,Professional Services,,XLY,1,2026-10-09
ACCV,0002141406,Accelevation Holdings Corp. Class A Ordinary Shares,,Energy,Industrial Machinery/Components,,XLE,1,2026-10-09
ACDC,0001881487,ProFrac Holding Corp. Class A Common Stock,,Energy,Oilfield Services/Equipment,,XLE,1,2026-10-09
ACEL,0001698991,Accel Entertainment Inc. ,,Consumer Discretionary,Services-Misc. Amusement & Recreation,,XLY,1,2026-10-09
ACET,0001720580,Adicet Bio Inc. Common Stock,,Health Care,Biotechnology: Pharmaceutical Preparations,,XLV,1,2026-10-09
ACFN,0000880984,Acorn Energy Inc. Common Stock,,Consumer Discretionary,Military/Government/Technical,,XLY,1,2026-10-09
ACGC,0002111542,ACP Holdings Acquisition Corp. Class A Ordinary Shares,,Financials,Blank Checks,,XLF,1,2026-10-09
ACGCU,0002111542,ACP Holdings Acquisition Corp. Units,,Financials,Blank Checks,,XLF,1,2026-10-09
ACGL,0000947484,Arch Capital Group Ltd. Common Stock,,Financials,Property-Casualty Insurers,,XLF,1,2026-10-09
ACGLN,0000947484,Arch Capital Group Ltd. Depositary Shares each Representing a 1/1000th Interest in a 4.550% Non-Cumulative Preferred Share Series G,,Financials,Property-Casualty Insurers,,XLF,1,2026-10-09
ACGLO,0000947484,Arch Capital Group Ltd. Depositary Shares Each Representing 1/1000th Interest in a Share of 5.45% Non-Cumulative Preferred Shares Series F,,Financials,Property-Casualty Insurers,,XLF,1,2026-10-09
ACH,0000075252,Accendra Health Inc. Common Stock,,Health Care,Medical Specialities,,XLV,1,2026-10-09
ACHC,0001520697,Acadia Healthcare Company Inc. Common Stock,,Health Care,Medical Specialities,,XLV,1,2026-10-09
ACHR,0001824502,Archer Aviation Inc. Class A Common Stock,,Industrials,Aerospace,,XLI,1,2026-10-09
ACHV,0000949858,Achieve Life Sciences Inc. Common Shares,,Health Care,Biotechnology: In Vitro & In Vivo Diagnostic Substances,,XLV,1,2026-10-09
ACI,0001646972,Albertsons Companies Inc. Class A Common Stock,,Consumer Staples,Food Chains,,XLP,1,2026-10-09
ACIC,0001401521,American Coastal Insurance Corporation Common Stock,,Financials,Property-Casualty Insurers,,XLF,1,2026-10-09
ACIU,0001651625,AC Immune SA Common Stock,,Health Care,Biotechnology: Pharmaceutical Preparations,,XLV,1,2026-10-09
ACIW,0000935036,ACI Worldwide Inc. Common Stock,,Technology,Computer Software: Prepackaged Software,,XLK,1,2026-10-09
ACLS,0001113232,Axcelis Technologies Inc. Common Stock,,Technology,Industrial Machinery/Components,,XLK,1,2026-10-09
ACM,0000868857,AECOM Common Stock,,Consumer Discretionary,Military/Government/Technical,,XLY,1,2026-10-09
ACMR,0001680062,ACM Research Inc. Class A Common Stock,,Technology,Industrial Machinery/Components,,XLK,1,2026-10-09
ACN,0001467373,Accenture plc Class A Ordinary Shares (Ireland),,Consumer Discretionary,Business Services,,XLY,1,2026-10-09
ACNB,0000715579,ACNB Corporation Common Stock,,Financials,Major Banks,,XLF,1,2026-10-09
ACNT,0000095953,Ascent Industries Co. Common Stock,,Industrials,Major Chemicals,,XLI,1,2026-10-09
ACOG,0001655923,Alpha Cognition Inc. Common Stock,,,,,,1,2026-10-09
ACON,0001635077,Aclarion Inc. Common Stock,,Health Care,Medical Specialities,,XLV,1,2026-10-09
ACONW,0001635077,Aclarion Inc. Warrant,,Health Care,Medical Specialities,,XLV,1,2026-10-09
ACP,0001503290,abrdn Income Credit Strategies Fund Common Shares,,Financials,Investment Managers,,XLF,1,2026-10-09
ACP^A,,abrdn Income Credit Strategies Fund 5.250% Series A Perpetual Preferred Stock,,,,,,1,2026-10-09
ACR,0001332551,ACRES Commercial Realty Corp. Common Stock,,Real Estate,Real Estate Investment Trusts,,XLRE,1,2026-10-09
ACRE,0001529377,Ares Commercial Real Estate Corporation Common Stock,,Real Estate,Real Estate Investment Trusts,,XLRE,1,2026-10-09
ACRS,0001557746,Aclaris Therapeutics Inc. Common Stock,,Health Care,Biotechnology: Pharmaceutical Preparations,,XLV,1,2026-10-09
ACRV,0001781174,Acrivon Therapeutics Inc. Common Stock,,Health Care,Biotechnology: Pharmaceutical Preparations,,XLV,1,2026-10-09
ACR^C,,ACRES Commercial Realty Corp. 8.625% Fixed-to-Floating Series C Cumulative Redeemable Preferred Stock ,,,,,,1,2026-10-09
ACR^D,,ACRES Commercial Realty Corp. 7.875% Series D Cumulative Redeemable Preferred Stock,,,,,,1,2026-10-09
ACT,0001823529,Enact Holdings Inc. Common Stock,,Financials,Specialty Insurers,,XLF,1,2026-10-09
ACTG,0000934549,Acacia Research Corporation (Acacia Tech) Common Stock,,Miscellaneous,Multi-Sector Companies,,,1,2026-10-09
ACTU,0001652935,Actuate Therapeutics Inc. Common stock,,Health Care,Biotechnology: Pharmaceutical Preparations,,XLV,1,2026-10-09
ACU,0000002098,Acme United Corporation. Common Stock,,Consumer Discretionary,Industrial Machinery/Components,,XLY,1,2026-10-09
ACV,0001636289,Virtus Diversified Income & Convertible Fund Common Shares of Beneficial Interest,,Financials,Finance/Investors Services,,XLF,1,2026-10-09
ACVA,0001637873,ACV Auctions Inc. Class A Common Stock,,Consumer Discretionary,Business Services,,XLY,1,2026-10-09
ACXP,0001736243,Acurx Pharmaceuticals Inc. Common Stock,,Health Care,Biotechnology: Pharmaceutical Preparations,,XLV,1,2026-10-09
AD,0000821130,Array Digital Infrastructure Inc. Common Shares,,Communication Services,Telecommunications Equipment,,XLC,1,2026-10-09
ADAC,0002083002,American Drive Acquisition Company Class A Ordinary Shares,,,,,,1,2026-10-09
ADACW,0002083002,American Drive Acquisition Company Warrant,,,,,,1,2026-10-09
ADAG,0001818838,Adagene Inc. American Depositary Shares,,Health Care,Biotechnology: Pharmaceutical Preparations,,XLV,1,2026-10-09
ADAM,0001273685,Adamas Trust Inc. Common Stock,,Real Estate,Real Estate Investment Trusts,,XLRE,1,2026-10-09
ADAMG,0001273685,Adamas Trust Inc. 9.125% Senior Notes Due 2030,,Real Estate,Real Estate Investment Trusts,,XLRE,1,2026-10-09
ADAMH,0001273685,Adamas Trust Inc. 9.875% Senior Notes Due 2030,,Real Estate,Real Estate Investment Trusts,,XLRE,1,2026-10-09
ADAMI,0001273685,Adamas Trust Inc. 9.125% Senior Notes Due 2029,,Real Estate,Real Estate Investment Trusts,,XLRE,1,2026-10-09
ADAMK,0001273685,Adamas Trust Inc. 9.600% Senior Notes Due 2031 ,,Real Estate,Real Estate Investment Trusts,,XLRE,1,2026-10-09
ADAML,0001273685,Adamas Trust Inc. 6.875% Series F Fixed-to-Floating Rate Cumulative Redeemable Preferred Stock $0.01 par value per share,,Real Estate,Real Estate Investment Trusts,,XLRE,1,2026-10-09
ADAMM,0001273685,Adamas Trust Inc. 7.875% Series E Fixed-to-Floating Rate Cumulative Redeemable Preferred Stock,,Real Estate,Real Estate Investment Trusts,,XLRE,1,2026-10-09
ADAMN,0001273685,Adamas Trust Inc. 8.00% Series D Fixed-to-Floating Rate Cumulative Redeemable Preferred Stock,,Real Estate,Real Estate Investment Trusts,,XLRE,1,2026-10-09
ADAMO,0001273685,Adamas Trust Inc. 9.250% Senior Notes Due 2031,,Real Estate,Real Estate Investment Trusts,,XLRE,1,2026-10-09
ADAMZ,0001273685,Adamas Trust Inc. 7.000% Series G Cumulative Redeemable Preferred Stock $0.01 par value per share,,Real Estate,Real Estate Investment Trusts,,XLRE,1,2026-10-09
ADBE,0000796343,Adobe Inc. Common Stock,,Technology,Computer Software: Prepackaged Software,,XLK,1,2026-10-09
ADBT,0002084227,Advasa Holdings Inc. Common Stock,,Technology,Computer Software: Prepackaged Software,,XLK,1,2026-10-09
ADC,0000917251,Agree Realty Corporation Common Stock,,Real Estate,Real Estate Investment Trusts,,XLRE,1,2026-10-09
ADCT,0001771910,ADC Therapeutics SA Common Shares,,Health Care,Biotechnology: Pharmaceutical Preparations,,XLV,1,2026-10-09
ADC^A,,Agree Realty Corporation Depositary Shares each representing 1/1000th of a 4.250% Series A Cumulative Redeemable Preferred Stock,,,,,,1,2026-10-09
ADEA,0001803696,Adeia Inc. Common Stock,,Communication Services,Cable & Other Pay Television Services,,XLC,1,2026-10-09
ADGM,0002006986,Adagio Medical Holdings Inc Common Stock,,Health Care,Medical/Dental Instruments,,XLV,1,2026-10-09
ADI,0000006281,Analog Devices Inc. Common Stock,,Technology,Semiconductors,,XLK,1,2026-10-09
ADIG,0002105139,ADI Global Distribution Inc. Common Stock,,Industrials,Wholesale Distributors,,XLI,1,2026-10-09
ADIL,0001513525,Adial Pharmaceuticals Inc Common Stock,,Health Care,Biotechnology: Pharmaceutical Preparations,,XLV,1,2026-10-09
ADM,0000007084,Archer-Daniels-Midland Company Common Stock,,Consumer Staples,Packaged Foods,,XLP,1,2026-10-09
ADMA,0001368514,ADMA Biologics Inc Common Stock,,Health Care,Biotechnology: Biological Products (No Diagnostic Substances),,XLV,1,2026-10-09
ADNT,0001670541,Adient plc Ordinary Shares ,,Consumer Discretionary,Auto Parts:O.E.M.,,XLY,1,2026-10-09
ADP,0000008670,Automatic Data Processing Inc. Common Stock,,Technology,EDP Services,,XLK,1,2026-10-09
ADPT,0001478320,Adaptive Biotechnologies Corporation Common Stock,,Health Care,Biotechnology: Biological Products (No Diagnostic Substances),,XLV,1,2026-10-09
ADRX,0001802369,ADARx Pharmaceuticals Inc. Common Stock,,Health Care,Biotechnology: Pharmaceutical Preparations,,XLV,1,2026-10-09
ADSE,0001879248,ADS-TEC ENERGY PLC Ordinary Shares,,Consumer Discretionary,Industrial Specialties,,XLY,1,2026-10-09
ADSEW,0001879248,ADS-TEC ENERGY PLC Warrant,,Consumer Discretionary,Industrial Specialties,,XLY,1,2026-10-09
ADSK,0000769397,Autodesk Inc. Common Stock,,Technology,Computer Software: Prepackaged Software,,XLK,1,2026-10-09
ADT,0001703056,ADT Inc. Common Stock,,Consumer Discretionary,Diversified Commercial Services,,XLY,1,2026-10-09
ADTN,0000926282,ADTRAN Holdings Inc. Common Stock,,Utilities,Telecommunications Equipment,,XLU,1,2026-10-09
ADUR,0001863934,Aduro Clean Technologies Inc. Common Stock,,Industrials,Major Chemicals,,XLI,1,2026-10-09
ADUS,0001468328,Addus HomeCare Corporation Common Stock,,Health Care,Medical/Nursing Services,,XLV,1,2026-10-09
ADV,0001776661,Advantage Solutions Inc. Class A Common Stock,,Consumer Discretionary,Business Services,,XLY,1,2026-10-09
ADVB,0001941029,Advanced Biomed Inc. Common Stock,,Health Care,Medical Specialities,,XLV,1,2026-10-09
ADX,0000002230,Adams Diversified Equity Fund Inc.,,Financials,Investment Managers,,XLF,1,2026-10-09
ADXN,0001574232,Addex Therapeutics Ltd American Depositary Shares,,Health Care,Biotechnology: Pharmaceutical Preparations,,XLV,1,2026-10-09
AEAQ,0002083689,Activate Energy Acquisition Corp. Class A Ordinary Share,,,,,,1,2026-10-09
AEAQU,0002083689,Activate Energy Acquisition Corp. Unit,,,,,,1,2026-10-09
AEBI,0002048519,Aebi Schmidt Holding AG Common Stock ,,Industrials,Auto Manufacturing,,XLI,1,2026-10-09
AEC,0001519469,Anfield Energy Inc. Common Shares,,Materials,Metal Mining,,XLB,1,2026-10-09
AEE,0001002910,Ameren Corporation Common Stock,,Utilities,Power Generation,,XLU,1,2026-10-09
AEF,0000846676,abrdn Emerging Markets ex-China Fund Inc. Common Stock,,Financials,Finance/Investors Services,,XLF,1,2026-10-09
AEFC,0000769218,Aegon Funding Company LLC 5.10% Subordinated Notes due 2049,,,,,,1,2026-10-09
AEG,0000769218,Aegon Ltd. New York Registry Shares,,Financials,Life Insurance,,XLF,1,2026-10-09
AEHL,0001470683,Antelope Enterprise Holdings Limited Class A Ordinary Shares,,Consumer Discretionary,Telecommunications Equipment,,XLY,1,2026-10-09
AEHR,0001040470,Aehr Test Systems Common Stock,,Industrials,Electrical Products,,XLI,1,2026-10-09
AEI,0001750106,Alset Inc. Common Stock (TX),,Financials,Real Estate,,XLF,1,2026-10-09
AEIS,0000927003,Advanced Energy Industries Inc. Common Stock,,Technology,Industrial Machinery/Components,,XLK,1,2026-10-09
AEM,0000002809,Agnico Eagle Mines Limited Common Stock,,Materials,Precious Metals,,XLB,1,2026-10-09
AEMD,0000882291,Aethlon Medical Inc. Common Stock,,Health Care,Medical/Dental Instruments,,XLV,1,2026-10-09
AENT,0001823584,Alliance Entertainment Holding Corporation Class A Common Stock,,Consumer Discretionary,Durable Goods,,XLY,1,2026-10-09
AENTW,0001823584,Alliance Entertainment Holding Corporation Warrant,,Consumer Discretionary,Durable Goods,,XLY,1,2026-10-09
AEO,0000919012,American Eagle Outfitters Inc. Common Stock,,Consumer Discretionary,Clothing/Shoe/Accessory Stores,,XLY,1,2026-10-09
AEON,0001837607,AEON Biopharma Inc. Class A Common Stock,,Health Care,Biotechnology: Pharmaceutical Preparations,,XLV,1,2026-10-09
AEP,0000004904,American Electric Power Company Inc. Common Stock,,Utilities,Electric Utilities: Central,,XLU,1,2026-10-09
AER,0001378789,AerCap Holdings N.V. Ordinary Shares,,Consumer Discretionary,Diversified Commercial Services,,XLY,1,2026-10-09
AERO,0001561861,Grupo Aeromexico S.A.B. de C.V. American Depositary Shares (each representing ten (10) Common Shares),,Consumer Discretionary,Air Freight/Delivery Services,,XLY,1,2026-10-09
AERT,0001853044,Aeries Technology Inc. Class A Ordinary Share,,Consumer Discretionary,Professional Services,,XLY,1,2026-10-09
AERTW,0001853044,Aeries Technology Inc. Warrant,,Consumer Discretionary,Professional Services,,XLY,1,2026-10-09
AES,0000874761,The AES Corporation Common Stock,,Industrials,Electric Utilities: Central,,XLI,1,2026-10-09
AESI,0001984060,Atlas Energy Solutions Inc. Common Stock,,Industrials,Mining & Quarrying of Nonmetallic Minerals (No Fuels),,XLI,1,2026-10-09
AESP,0002082526,Aeon Acquisition I Corp. Class A Ordinary Shares,,Financials,Blank Checks,,XLF,1,2026-10-09
AESPR,0002082526,Aeon Acquisition I Corp. Rights,,Financials,Blank Checks,,XLF,1,2026-10-09
AESPU,0002082526,Aeon Acquisition I Corp. Units,,,,,,1,2026-10-09
AEVA,0001789029,Aeva Technologies Inc. Common Stock,,Consumer Discretionary,Auto Parts:O.E.M.,,XLY,1,2026-10-09
AEXA,0002079173,American Exceptionalism Acquisition Corp. A Class A Ordinary Shares,,,,,,1,2026-10-09
AEYE,0001362190,AudioEye Inc. Common Stock,,Technology,Computer Software: Prepackaged Software,,XLK,1,2026-10-09
AFB,0001162027,AllianceBernstein National Municipal Income Fund Inc,,Financials,Trusts Except Educational Religious and Charitable,,XLF,1,2026-10-09
AFCG,0001822523,Advanced Flower Capital Inc. Common Stock,,Financials,Real Estate,,XLF,1,2026-10-09
AFG,0001042046,American Financial Group Inc. Common Stock,,Financials,Property-Casualty Insurers,,XLF,1,2026-10-09
AFGB,0001042046,American Financial Group Inc. 5.875% Subordinated Debentures due 2059,,Financials,Property-Casualty Insurers,,XLF,1,2026-10-09
AFGC,0001042046,American Financial Group Inc. 5.125% Subordinated Debentures due 2059,,Financials,Property-Casualty Insurers,,XLF,1,2026-10-09
AFGD,0001042046,American Financial Group Inc. 5.625% Subordinated Debentures due 2060,,Financials,Property-Casualty Insurers,,XLF,1,2026-10-09
AFGE,0001042046,American Financial Group Inc. 4.500% Subordinated Debentures due 2060,,Financials,Property-Casualty Insurers,,XLF,1,2026-10-09
AFJK,0001979005,Aimei Health Technology Co. Ltd Ordinary Share,,,,,,1,2026-10-09
AFJKU,0001979005,Aimei Health Technology Co. Ltd Unit,,,,,,1,2026-10-09
AFL,0000004977,AFLAC Incorporated Common Stock,,Financials,Accident &Health Insurance,,XLF,1,2026-10-09
AFRI,0001903870,Forafric Global PLC Ordinary Shares,,Consumer Staples,Packaged Foods,,XLP,1,2026-10-09
AFRIW,0001903870,Forafric Global PLC Warrants,,Consumer Staples,Packaged Foods,,XLP,1,2026-10-09
AFRM,0001820953,Affirm Holdings Inc. Class A Common Stock,,Financials,Finance: Consumer Services,,XLF,1,2026-10-09
AFYA,0001771007,Afya Limited Class A Common Shares,,Real Estate,Other Consumer Services,,XLRE,1,2026-10-09
AG,0001308648,First Majestic Silver Corp. Ordinary Shares (Canada),,Materials,Precious Metals,,XLB,1,2026-10-09
AGBK,0002081206,AGI Inc Class A Common Shares,,Financials,Commercial Banks,,XLF,1,2026-10-09
AGCC,0002060016,Agencia Comercial Spirits Ltd Class A Ordinary Shares,,Consumer Staples,Beverages (Production/Distribution),,XLP,1,2026-10-09
AGCO,0000880266,AGCO Corporation Common Stock,,Industrials,Industrial Machinery/Components,,XLI,1,2026-10-09
AGD,0001362481,abrdn Global Dynamic Dividend Fund Common Shares of Beneficial Interest,,Financials,Trusts Except Educational Religious and Charitable,,XLF,1,2026-10-09
AGEN,0001098972,Agenus Inc. Common Stock,,Health Care,Biotechnology: Biological Products (No Diagnostic Substances),,XLV,1,2026-10-09
AGI,0001178819,Alamos Gold Inc. Class A Common Shares,,Materials,Precious Metals,,XLB,1,2026-10-09
AGIG,0001156041,Abundia Global Impact Group Inc. Common stock,,Energy,Oil & Gas Production,,XLE,1,2026-10-09
AGIO,0001439222,Agios Pharmaceuticals Inc. Common Stock,,Health Care,Biotechnology: Pharmaceutical Preparations,,XLV,1,2026-10-09
AGL,0001831097,agilon health inc. Common Stock,,Health Care,Misc Health and Biotechnology Services,,XLV,1,2026-10-09
AGM,0000845877,Federal Agricultural Mortgage Corporation Common Stock,,Financials,Finance Companies,,XLF,1,2026-10-09
AGMB,0002020932,AgomAb Therapeutics NV American Depositary Shares,,Health Care,Biotechnology: Biological Products (No Diagnostic Substances),,XLV,1,2026-10-09
AGMH,0001705402,AGM Group Holdings Inc. Class A Ordinary Shares,,Technology,EDP Services,,XLK,1,2026-10-09
AGM^D,,Federal Agricultural Mortgage Corporation 5.700% Non-Cumulative Preferred Stock Series D,,,,,,1,2026-10-09
AGM^E,,Federal Agricultural Mortgage Corporation 5.750% Non-Cumulative Preferred Stock Series E,,,,,,1,2026-10-09
AGM^F,,Federal Agricultural Mortgage Corporation 5.250% Non-Cumulative Preferred Stock Series F,,,,,,1,2026-10-09
AGM^G,,Federal Agricultural Mortgage Corporation 4.875% Non-Cumulative Preferred Stock Series G,,,,,,1,2026-10-09
AGM^H,,Federal Agricultural Mortgage Corporation 6.500% Non-Cumulative Preferred Stock Series H,,,,,,1,2026-10-09
AGM^I,,Federal Agricultural Mortgage Corporation 6.875% Non-Cumulative Preferred Stock Series I,,,,,,1,2026-10-09
AGNC,0001423689,AGNC Investment Corp. Common Stock,,Real Estate,Real Estate Investment Trusts,,XLRE,1,2026-10-09
AGNCL,0001423689,AGNC Investment Corp. Depositary Shares Each Representing a 1/1000th Interest in a Share of 7.75% Series G Fixed-Rate Reset Cumulative Redeemable Preferred Stock,,Real Estate,Real Estate Investment Trusts,,XLRE,1,2026-10-09
AGNCM,0001423689,AGNC Investment Corp. Depositary Shares rep 6.875% Series D Fixed-to-Floating Cumulative Redeemable Preferred Stock,,Real Estate,Real Estate Investment Trusts,,XLRE,1,2026-10-09
AGNCN,0001423689,AGNC Investment Corp. Depositary Shares Each Representing a 1/1000th Interest in a Share of 7.00% Series C Fixed-To-Floating Rate Cumulative Redeemable Preferred Stock,,Real Estate,Real Estate Investment Trusts,,XLRE,1,2026-10-09
AGNCO,0001423689,AGNC Investment Corp. Depositary Shares each representing a 1/1000th interest in a share of 6.50% Series E Fixed-to-Floating Cumulative Redeemable Preferred Stock,,Real Estate,Real Estate Investment Trusts,,XLRE,1,2026-10-09
AGNCP,0001423689,AGNC Investment Corp. Depositary Shares Each Representing a 1/1000th Interest in a Share of 6.125% Series F Fixed-to-Floating Rate Cumulative Redeemable Preferred Stock,,Real Estate,Real Estate Investment Trusts,,XLRE,1,2026-10-09
AGNCZ,0001423689,AGNC Investment Corp. Depositary Shares Each Representing a 1/1000th Interest in a Share of 8.75% Series H Fixed-Rate Cumulative Redeemable Preferred Stock,,Real Estate,Real Estate Investment Trusts,,XLRE,1,2026-10-09
AGNT,0001495932,AGNT Inc. Common Stock,,Financials,Real Estate,,XLF,1,2026-10-09
AGO,0001273813,Assured Guaranty Ltd. Common Stock,,Financials,Property-Casualty Insurers,,XLF,1,2026-10-09
AGPU,0001446159,Axe Compute Inc. Common Stock,,Health Care,Industrial Specialties,,XLV,1,2026-10-09
AGRO,0001499505,Adecoagro S.A. Common Shares,,Consumer Staples,Farming/Seeds/Milling,,XLP,1,2026-10-09
AGRZ,0002009233,Agroz Inc. Class A Ordinary Shares,,Consumer Staples,Farming/Seeds/Milling,,XLP,1,2026-10-09
AGX,0000100591,Argan Inc. Common Stock,,Consumer Discretionary,Engineering & Construction,,XLY,1,2026-10-09
AGYS,0000078749,Agilysys Inc. Common Stock (DE),,Technology,EDP Services,,XLK,1,2026-10-09
AHCO,0001725255,AdaptHealth Corp. Common Stock,,Health Care,Medical/Nursing Services,,XLV,1,2026-10-09
AHG,0001702318,Akso Health Group ADS,,Consumer Discretionary,Business Services,,XLY,1,2026-10-09
AHL^D,,Aspen Insurance Holdings Limited 5.625% Perpetual Non-Cumulative Preference Shares,,,,,,1,2026-10-09
AHL^E,,Aspen Insurance Holdings Limited Depositary Shares each representing a 1/1000th interest in a share of 5.625% Perpetual Non-Cumulative Preference Shares,,,,,,1,2026-10-09
AHL^F,,Aspen Insurance Holdings Limited Depositary Shares each representing a 1/1000th Interest in a 7.00% Perpetual Non-Cumulative Preference Share,,,,,,1,2026-10-09
AHMA,0002010959,Ambitions Enterprise Management Co. L.L.C Class A Ordinary Shares,,Consumer Discretionary,Services-Misc. Amusement & Recreation,,XLY,1,2026-10-09
AHR,0001632970,American Healthcare REIT Inc. Common Stock,,Real Estate,Real Estate Investment Trusts,,XLRE,1,2026-10-09
AHRT,0001569187,AH Realty Trust Inc. Common Stock,,Financials,Real Estate,,XLF,1,2026-10-09
AHRT^A,,AH Realty Trust Inc. 6.75% Series A Cumulative Redeemable Perpetual Preferred Stock,,,,,,1,2026-10-09
AHT,0001232582,Ashford Hospitality Trust Inc Common Stock,,Real Estate,Real Estate Investment Trusts,,XLRE,1,2026-10-09
AHT^D,,Ashford Hospitality Trust Inc 8.45% Series D Cumulative Preferred Stock,,,,,,1,2026-10-09
AHT^F,,Ashford Hospitality Trust Inc 7.375% Series F Cumulative Preferred Stock,,,,,,1,2026-10-09
AHT^G,,Ashford Hospitality Trust Inc 7.375% Series G Cumulative Preferred Stock,,,,,,1,2026-10-09
AHT^H,,Ashford Hospitality Trust Inc 7.50% Series H Cumulative Preferred Stock,,,,,,1,2026-10-09
AHT^I,,Ashford Hospitality Trust Inc 7.50% Series I Cumulative Preferred Stock,,,,,,1,2026-10-09
AI,0001577526,C3.ai Inc. Class A Common Stock,,Technology,Computer Software: Prepackaged Software,,XLK,1,2026-10-09
AIAI,0002096362,AIAI Holdings Corporation Class A Common Stock,,Technology,EDP Services,,XLK,1,2026-10-09
AIB,0002070542,AIB Data Centers Inc. Common Stock,,Financials,Investment Bankers/Brokers/Service,,XLF,1,2026-10-09
AIBZ,0002100457,Bitzero Holdings Inc. Common Shares,,Consumer Discretionary,Services-Misc. Amusement & Recreation,,XLY,1,2026-10-09
AIDX,0001139685,20/20 Biolabs Inc. Common Stock,,Health Care,Precision Instruments,,XLV,1,2026-10-09
AIFA,0001708341,All In FutureTech Alliance Inc. Common Stock,,Consumer Discretionary,Services-Misc. Amusement & Recreation,,XLY,1,2026-10-09
AIFC,0000862861,AI Financial Corporation Common Stock,,Financials,Investment Bankers/Brokers/Service,,XLF,1,2026-10-09
AIFF,0000803578,Firefly Neuroscience Inc. Common Stock,,Technology,Computer Software: Prepackaged Software,,XLK,1,2026-10-09
AIFU,0001413855,AIFU Inc. Class A Ordinary Share,,Financials,Specialty Insurers,,XLF,1,2026-10-09
AIG,0000005272,American International Group Inc. New Common Stock,,Financials,Property-Casualty Insurers,,XLF,1,2026-10-09
AII,0002007587,American Integrity Insurance Group Inc. Common Stock,,Financials,Property-Casualty Insurers,,XLF,1,2026-10-09
AIIA,0002073553,AI Infrastructure Acquisition Corp. Class A Ordinary Shares,,Financials,Blank Checks,,XLF,1,2026-10-09
AIIO,0001932737,Robo.ai Inc. Class B Ordinary Shares,,Industrials,Auto Manufacturing,,XLI,1,2026-10-09
AIIOW,0001932737,Robo.ai Inc. Warrant,,Industrials,Auto Manufacturing,,XLI,1,2026-10-09
AIIR,0002097725,Air Global PLC Ordinary Shares,,Consumer Discretionary,Tobacco,,XLY,1,2026-10-09
AIM,0000946644,AIM ImmunoTech Inc. Common Stock,,Health Care,Biotechnology: Biological Products (No Diagnostic Substances),,XLV,1,2026-10-09
AIMD,0001014763,Ainos Inc. Common Stock,,Technology,Computer peripheral equipment,,XLK,1,2026-10-09
AIMDW,0001014763,Ainos Inc. Warrants,,Technology,Computer peripheral equipment,,XLK,1,2026-10-09
AIN,0000819793,Albany International Corporation Common Stock,,Consumer Discretionary,Textiles,,XLY,1,2026-10-09
AIO,0001778114,Virtus Artificial Intelligence & Technology Opportunities Fund Common Shares of Beneficial Interest,,Financials,Finance/Investors Services,,XLF,1,2026-10-09
AIOS,0001603993,AIOS Tech Inc. Class A Common Shares,,Industrials,Metal Fabrications,,XLI,1,2026-10-09
AIOT,0001774170,PowerFleet Inc. Common Stock,,Communication Services,Telecommunications Equipment,,XLC,1,2026-10-09
AIP,0001667011,Arteris Inc. Common Stock,,Technology,Semiconductors,,XLK,1,2026-10-09
AIR,0000001750,AAR Corp. Common Stock,,Industrials,Aerospace,,XLI,1,2026-10-09
AIRE,0001859199,reAlpha Tech Corp. Common Stock,,Financials,Real Estate,,XLF,1,2026-10-09
AIRG,0001272842,Airgain Inc. Common Stock,,Technology,Radio And Television Broadcasting And Communications Equipment,,XLK,1,2026-10-09
AIRI,0001009891,Air Industries Group Common Stock,,Industrials,Military/Government/Technical,,XLI,1,2026-10-09
AIRJ,0001855474,AirJoule Technologies Corporation Class A Common Stock,,Industrials,Industrial Machinery/Components,,XLI,1,2026-10-09
AIRJW,0001855474,AirJoule Technologies Corporation Warrant,,Industrials,Industrial Machinery/Components,,XLI,1,2026-10-09
AIRO,0001927958,AIRO Group Holdings Inc. Common Stock,,Industrials,Aerospace,,XLI,1,2026-10-09
AIRS,0001870940,AirSculpt Technologies Inc. Common Stock,,Health Care,Medical/Nursing Services,,XLV,1,2026-10-09
AIRT,0000353184,Air T Inc. Common Stock,,Consumer Discretionary,Air Freight/Delivery Services,,XLY,1,2026-10-09
AIRTP,0000353184,Air T Inc. Air T Funding Alpha Income Trust Preferred Securities,,Consumer Discretionary,Air Freight/Delivery Services,,XLY,1,2026-10-09
AISP,0001842566,Airship AI Holdings Inc. Class A Common Stock,,Technology,Computer Software: Prepackaged Software,,XLK,1,2026-10-09
AISPW,0001842566,Airship AI Holdings Inc. Warrants,,Technology,Computer Software: Prepackaged Software,,XLK,1,2026-10-09
AIT,0000109563,Applied Industrial Technologies Inc. Common Stock,,Consumer Discretionary,Industrial Specialties,,XLY,1,2026-10-09
AIV,0000922864,Apartment Investment and Management Company Common Stock,,Real Estate,Real Estate Investment Trusts,,XLRE,1,2026-10-09
AIXI,0001935172,XIAO-I Corporation American Depositary Shares,,Technology,Computer Software: Prepackaged Software,,XLK,1,2026-10-09
AIZ,0001267238,Assurant Inc. Common Stock,,Financials,Property-Casualty Insurers,,XLF,1,2026-10-09
AIZN,0001267238,Assurant Inc. 5.25% Subordinated Notes due 2061,,Financials,Property-Casualty Insurers,,XLF,1,2026-10-09
AJG,0000354190,Arthur J. Gallagher & Co. Common Stock,,Financials,Specialty Insurers,,XLF,1,2026-10-09
AKA,0001865107,a.k.a. Brands Holding Corp. Common Stock,,Consumer Discretionary,Catalog/Specialty Distribution,,XLY,1,2026-10-09
AKAM,0001086222,Akamai Technologies Inc. Common Stock,,Consumer Discretionary,Business Services,,XLY,1,2026-10-09
AKAN,0001888014,Akanda Corp. Common Shares,,Health Care, Medicinal Chemicals and Botanical Products ,,XLV,1,2026-10-09
AKBA,0001517022,Akebia Therapeutics Inc. Common Stock,,Health Care,Biotechnology: Pharmaceutical Preparations,,XLV,1,2026-10-09
AKO/A,0000925261,Embotelladora Andina S.A.,,,,,,1,2026-10-09
AKO/B,0000925261,Embotelladora Andina S.A.,,,,,,1,2026-10-09
AKR,0000899629,Acadia Realty Trust Common Stock,,Real Estate,Real Estate Investment Trusts,,XLRE,1,2026-10-09
AKTS,0002035832,Aktis Oncology Inc. Common stock,,Health Care,Biotechnology: Pharmaceutical Preparations,,XLV,1,2026-10-09
AKTX,0001541157,Akari Therapeutics plc ADS,,Health Care,Biotechnology: Pharmaceutical Preparations,,XLV,1,2026-10-09
ALAB,0001736297,Astera Labs Inc. Common Stock,,Technology,Semiconductors,,XLK,1,2026-10-09
ALAR,0001725332,Alarum Technologies Ltd. American Depositary Share,,Technology,Computer Software: Prepackaged Software,,XLK,1,2026-10-09
ALB,0000915913,Albemarle Corporation Common Stock,,Industrials,Major Chemicals,,XLI,1,2026-10-09
ALB^A,,Albemarle Corporation Depositary Shares each representing a 1/20th of 7.25% Series A Mandatory Convertible Preferred Stock,,,,,,1,2026-10-09
ALC,0001167379,Alcon Inc. Ordinary Shares,,Health Care,Ophthalmic Goods,,XLV,1,2026-10-09
ALCO,0000003545,Alico Inc. Common Stock,,Consumer Staples,Farming/Seeds/Milling,,XLP,1,2026-10-09
ALDF,0002031561,Aldel Financial II Inc. Class A Ordinary Shares,,,,,,1,2026-10-09
ALDFW,0002031561,Aldel Financial II Inc. Warrants,,Financials,Blank Checks,,XLF,1,2026-10-09
ALDX,0001341235,Aldeyra Therapeutics Inc. Common Stock,,Health Care,Biotechnology: Pharmaceutical Preparations,,XLV,1,2026-10-09
ALEC,0001653087,Alector Inc. Common Stock,,Health Care,Biotechnology: Biological Products (No Diagnostic Substances),,XLV,1,2026-10-09
ALF,0002010930,Centurion Acquisition Corp. Class A Ordinary Shares,,,,,,1,2026-10-09
ALFUW,0002010930,Centurion Acquisition Corp. Warrant,,Financials,Blank Checks,,XLF,1,2026-10-09
ALG,0000897077,Alamo Group Inc. Common Stock,,Industrials,Industrial Machinery/Components,,XLI,1,2026-10-09
ALGM,0000866291,Allegro MicroSystems Inc. Common Stock,,Technology,Semiconductors,,XLK,1,2026-10-09
ALGN,0001097149,Align Technology Inc. Common Stock,,Health Care,Industrial Specialties,,XLV,1,2026-10-09
ALGS,0001799448,Aligos Therapeutics Inc. Common Stock,,Health Care,Biotechnology: Biological Products (No Diagnostic Substances),,XLV,1,2026-10-09
ALGT,0001362468,Allegiant Travel Company Common Stock,,Consumer Discretionary,Air Freight/Delivery Services,,XLY,1,2026-10-09
ALH,0001317685,Alliance Laundry Holdings Inc. Common Stock,,Industrials,Industrial Machinery/Components,,XLI,1,2026-10-09
ALHC,0001832466,Alignment Healthcare Inc. Common Stock,,Health Care,Medical Specialities,,XLV,1,2026-10-09
ALIS,0002026767,Calisa Acquisition Corp Ordinary shares,,,,,,1,2026-10-09
ALISR,0002026767,Calisa Acquisition Corp Right,,Financials,Blank Checks,,XLF,1,2026-10-09
ALISU,0002026767,Calisa Acquisition Corp Units,,,,,,1,2026-10-09
ALIT,0001809104,Alight Inc. Class A Common Stock,,Consumer Discretionary,Business Services,,XLY,1,2026-10-09
ALK,0000766421,Alaska Air Group Inc. Common Stock,,Consumer Discretionary,Air Freight/Delivery Services,,XLY,1,2026-10-09
ALKS,0001520262,Alkermes plc Ordinary Shares,,Health Care,Biotechnology: Pharmaceutical Preparations,,XLV,1,2026-10-09
ALKT,0001529274,Alkami Technology Inc. Common Stock,,Technology,Computer Software: Prepackaged Software,,XLK,1,2026-10-09
ALL,0000899051,Allstate Corporation (The) Common Stock,,Financials,Property-Casualty Insurers,,XLF,1,2026-10-09
ALLE,0001579241,Allegion plc Ordinary Shares,,Consumer Discretionary,Diversified Commercial Services,,XLY,1,2026-10-09
ALLO,0001737287,Allogene Therapeutics Inc. Common Stock,,Health Care,Biotechnology: Biological Products (No Diagnostic Substances),,XLV,1,2026-10-09
ALLR,0001860657,Allarity Therapeutics Inc. Common Stock,,Health Care,Biotechnology: Pharmaceutical Preparations,,XLV,1,2026-10-09
ALLT,0001365767,Allot Ltd. Ordinary Shares,,Communication Services,Computer Communications Equipment,,XLC,1,2026-10-09
ALLY,0000040729,Ally Financial Inc. Common Stock,,Financials,Major Banks,,XLF,1,2026-10-09
ALL^B,,Allstate Corporation (The) 5.100% Fixed-to-Floating Rate Subordinated Debentures due 2053,,,,,,1,2026-10-09
ALL^H,,Allstate Corporation (The) Depositary Shares each representing a 1/1000th interest in a share of Fixed Rate Noncumulative Perpetual Preferred Stock Series H,,,,,,1,2026-10-09
ALL^I,,Allstate Corporation (The) Depositary Shares each representing a 1/1000th interest in a share of Fixed Rate Noncumulative Perpetual Preferred Stock Series I,,,,,,1,2026-10-09
ALL^J,,Allstate Corporation (The) Depositary Shares each representing a 1/1000th interest in a share of Fixed Rate Noncumulative Perpetual Preferred Stock Series J,,,,,,1,2026-10-09
ALM,0001670061,Almonty Industries Inc. Common Shares,,Materials,Other Metals and Minerals,,XLB,1,2026-10-09
ALMR,0002104204,Alamar Biosciences Inc. Common Stock,,Industrials,Biotechnology: Laboratory Analytical Instruments,,XLI,1,2026-10-09
ALMS,0001847367,Alumis Inc. Common Stock,,Health Care,Biotechnology: Pharmaceutical Preparations,,XLV,1,2026-10-09
ALMU,0001828805,Aeluma Inc. Common Stock,,Technology,Semiconductors,,XLK,1,2026-10-09
ALNT,0000046129,Allient Inc. Common Stock,,Industrials,Electrical Products,,XLI,1,2026-10-09
ALNY,0001178670,Alnylam Pharmaceuticals Inc. Common Stock,,Health Care,Biotechnology: Pharmaceutical Preparations,,XLV,1,2026-10-09
ALOV,0002083989,Aldabra 4 Liquidity Opportunity Vehicle Inc. Class A Ordinary Shares,,,,,,1,2026-10-09
ALOY,0001567900,REalloys Inc. Common Stock,,Materials,Metal Mining,,XLB,1,2026-10-09
ALP,0001095435,Alpha Compute Corp Ordinary Shares,,Financials,Finance: Consumer Services,,XLF,1,2026-10-09
ALPS,0002025774,ALPS Group Inc Ordinary Share,,Health Care,Medical/Nursing Services,,XLV,1,2026-10-09
ALPX,0002125551,Alpex Acquisition Corporation Class A Ordinary Shares,,Financials,Blank Checks,,XLF,1,2026-10-09
ALRM,0001459200,Alarm.com Holdings Inc. Common Stock,,Technology,Computer Software: Prepackaged Software,,XLK,1,2026-10-09
ALRS,0000903419,Alerus Financial Corporation Common Stock,,Financials,Major Banks,,XLF,1,2026-10-09
ALSN,0001411207,Allison Transmission Holdings Inc. Common Stock,,Consumer Discretionary,Auto Parts:O.E.M.,,XLY,1,2026-10-09
ALT,0001326190,Altimmune Inc. Common Stock,,Health Care,Biotechnology: Pharmaceutical Preparations,,XLV,1,2026-10-09
ALTG,0001759824,Alta Equipment Group Inc. Class A Common Stock,,Industrials,Industrial Machinery/Components,,XLI,1,2026-10-09
ALTG^A,,Alta Equipment Group Inc. Depositary Shares (each representing 1/1000th in a share of 10% Series A Cumulative Perpetual Preferred Stock),,,,,,1,2026-10-09
ALTI,0001838615,AlTi Global Inc. Class A Common Stock,,Financials,Investment Managers,,XLF,1,2026-10-09
ALTO,0000778164,Alto Ingredients Inc. Common Stock,,Industrials,Major Chemicals,,XLI,1,2026-10-09
ALUB,0002041493,Alussa Energy Acquisition Corp. II Class A Ordinary Shares,,,,,,1,2026-10-09
ALV,0001034670,Autoliv Inc. Common Stock,,Consumer Discretionary,Auto Parts:O.E.M.,,XLY,1,2026-10-09
ALVO,0001898416,Alvotech Ordinary Shares,,Health Care,Biotechnology: Biological Products (No Diagnostic Substances),,XLV,1,2026-10-09
ALVOW,0001898416,Alvotech Warrant,,Health Care,Biotechnology: Biological Products (No Diagnostic Substances),,XLV,1,2026-10-09
ALX,0000003499,Alexander's Inc. Common Stock,,Real Estate,Real Estate Investment Trusts,,XLRE,1,2026-10-09
ALXO,0001810182,ALX Oncology Holdings Inc. Common Stock,,Health Care,Biotechnology: Pharmaceutical Preparations,,XLV,1,2026-10-09
ALZN,0001677077,Alzamend Neuro Inc. Common Stock,,Health Care,Biotechnology: Pharmaceutical Preparations,,XLV,1,2026-10-09
AM,0001623925,Antero Midstream Corporation Common Stock,,Utilities,Natural Gas Distribution,,XLU,1,2026-10-09
AMAC,0002110119,AMR Resources Acquisition Corp Class A Ordinary Shares,,Financials,Blank Checks,,XLF,1,2026-10-09
AMACU,0002110119,AMR Resources Acquisition Corp Units,,Financials,Blank Checks,,XLF,1,2026-10-09
AMAL,0001823608,Amalgamated Financial Corp. Common Stock (DE),,Financials,Major Banks,,XLF,1,2026-10-09
AMAN,0002112457,Amanat Acquisition Corp Class A Ordinary Shares,,Financials,Blank Checks,,XLF,1,2026-10-09
AMAT,0000006951,Applied Materials Inc. Common Stock,,Technology,Semiconductors,,XLK,1,2026-10-09
AMBA,0001280263,Ambarella Inc. Ordinary Shares,,Technology,Semiconductors,,XLK,1,2026-10-09
AMBO,0001494558,Ambow Education Holding Ltd. American Depository Shares (each representing twenty (20) Class A Ordinary Shares),,Real Estate,Other Consumer Services,,XLRE,1,2026-10-09
AMBP,0001845097,Ardagh Metal Packaging S.A. Ordinary Shares,,Industrials,Containers/Packaging,,XLI,1,2026-10-09
AMBQ,0001500412,Ambiq Micro Inc. Common Stock,,Technology,Semiconductors,,XLK,1,2026-10-09
AMBR,0001697818,Amber International Holding Limited American Depositary Shares,,Financials,Finance: Consumer Services,,XLF,1,2026-10-09
AMC,0001411579,AMC Entertainment Holdings Inc. Class A Common Stock,,Consumer Discretionary,Movies/Entertainment,,XLY,1,2026-10-09
AMCI,0001937891,AMC Robotics Corporation Common Stock,,Consumer Discretionary,Home Furnishings,,XLY,1,2026-10-09
AMCR,0001748790,Amcor plc Ordinary Shares,,Consumer Discretionary,Miscellaneous manufacturing industries,,XLY,1,2026-10-09
AMCX,0001514991,AMC Global Media Inc. Class A Common Stock,,Communication Services,Cable & Other Pay Television Services,,XLC,1,2026-10-09
AMD,0000002488,Advanced Micro Devices Inc. Common Stock,,Technology,Semiconductors,,XLK,1,2026-10-09
AME,0001037868,AMETEK Inc.,,Industrials,Industrial Machinery/Components,,XLI,1,2026-10-09
AMG,0001004434,Affiliated Managers Group Inc. Common Stock,,Financials,Investment Managers,,XLF,1,2026-10-09
AMGN,0000318154,Amgen Inc. Common Stock,,Health Care,Biotechnology: Biological Products (No Diagnostic Substances),,XLV,1,2026-10-09
AMH,0001562401,American Homes 4 Rent Common Shares of Beneficial Interest,,Real Estate,Real Estate Investment Trusts,,XLRE,1,2026-10-09
AMH^G,,American Homes 4 Rent Series G cumulative redeemable perpetual preferred shares of beneficial interest,,,,,,1,2026-10-09
AMH^H,,American Homes 4 Rent Series H cumulative redeemable perpetual Preferred Shares of Beneficial Interest,,,,,,1,2026-10-09
AMIX,0001617867,Autonomix Medical Inc. Common Stock,,Health Care,Medical/Dental Instruments,,XLV,1,2026-10-09
AMKR,0001047127,Amkor Technology Inc. Common Stock,,Technology,Semiconductors,,XLK,1,2026-10-09
AMLX,0001658551,Amylyx Pharmaceuticals Inc. Common Stock,,Health Care,Biotechnology: Pharmaceutical Preparations,,XLV,1,2026-10-09
AMN,0001142750,AMN Healthcare Services Inc,,Consumer Discretionary,Professional Services,,XLY,1,2026-10-09
AMOD,0001862463,Alpha Modus Holdings Inc. Class A Common Stock,,Miscellaneous,Multi-Sector Companies,,,1,2026-10-09
AMODW,0001862463,Alpha Modus Holdings Inc. Warrant,,Miscellaneous,Multi-Sector Companies,,,1,2026-10-09
AMP,0000820027,Ameriprise Financial Inc. Common Stock,,Financials,Investment Managers,,XLF,1,2026-10-09
AMPG,0001518461,Amplitech Group Inc. Common Stock,,Communication Services,Telecommunications Equipment,,XLC,1,2026-10-09
AMPGZ,0001518461,Amplitech Group Inc. Series B Right,,Communication Services,Telecommunications Equipment,,XLC,1,2026-10-09
AMPH,0001297184,Amphastar Pharmaceuticals Inc. Common Stock,,Health Care,Biotechnology: Pharmaceutical Preparations,,XLV,1,2026-10-09
AMPL,0001866692,Amplitude Inc. Class A Common Stock,,Technology,Computer Software: Prepackaged Software,,XLK,1,2026-10-09
AMPX,0001899287,Amprius Technologies Inc. Common Stock,,Miscellaneous,Industrial Machinery/Components,,,1,2026-10-09
AMPY,0001533924,Amplify Energy Corp. Common Stock,,Energy,Oil & Gas Production,,XLE,1,2026-10-09
AMR,0001704715,Alpha Metallurgical Resources Inc. Common Stock,,Energy,Coal Mining,,XLE,1,2026-10-09
AMRC,0001488139,Ameresco Inc. Class A Common Stock,,Consumer Discretionary,Engineering & Construction,,XLY,1,2026-10-09
AMRN,0000897448,Amarin Corporation plc,,Health Care,Biotechnology: Pharmaceutical Preparations,,XLV,1,2026-10-09
AMRX,0001723128,Amneal Pharmaceuticals Inc. Class A Common Stock,,Health Care,Biotechnology: Pharmaceutical Preparations,,XLV,1,2026-10-09
AMRZ,0002035989,Amrize Ltd Ordinary Shares,,Industrials,Building Materials,,XLI,1,2026-10-09
AMS,0000744825,American Shared Hospital Services Common Stock,,Health Care,Medical Specialities,,XLV,1,2026-10-09
AMSC,0000880807,American Superconductor Corporation Common Stock,,Consumer Discretionary,Metal Fabrications,,XLY,1,2026-10-09
AMSF,0001018979,AMERISAFE Inc. Common Stock,,Financials,Property-Casualty Insurers,,XLF,1,2026-10-09
AMSS,0001851491,AMASS Brands Inc. Common Stock,,Consumer Staples,Beverages (Production/Distribution),,XLP,1,2026-10-09
AMST,0001807166,Amesite Inc. Common Stock,,Technology,Computer Software: Prepackaged Software,,XLK,1,2026-10-09
AMT,0001053507,American Tower Corporation (REIT) Common Stock,,Real Estate,Real Estate Investment Trusts,,XLRE,1,2026-10-09
AMTB,0001734342,Amerant Bancorp Inc. Class A Common Stock,,Financials,Major Banks,,XLF,1,2026-10-09
AMTD,0001769731,AMTD IDEA Group American Depositary Shares each representing six (6) Class A Ordinary Shares,,Financials,Finance: Consumer Services,,XLF,1,2026-10-09
AMTM,0002011286,Amentum Holdings Inc. Common Stock,,Consumer Discretionary,Business Services,,XLY,1,2026-10-09
AMTX,0000738214,Aemetis Inc. (DE) Common Stock,,Industrials,Major Chemicals,,XLI,1,2026-10-09
AMWL,0001393584,American Well Corporation Class A Common Stock,,Consumer Discretionary,Business Services,,XLY,1,2026-10-09
AMX,0001129137,America Movil S.A.B. de C.V. American Depositary Shares (each representing the right to receive twenty (20) Series B Shares,,Communication Services,Telecommunications Equipment,,XLC,1,2026-10-09
AMZN,0001018724,Amazon.com Inc. Common Stock,,Consumer Discretionary,Catalog/Specialty Distribution,,XLY,1,2026-10-09
AN,0000350698,AutoNation Inc. Common Stock,,Consumer Discretionary,Retail-Auto Dealers and Gas Stations,,XLY,1,2026-10-09
ANAB,0001370053,AnaptysBio Inc. Common Stock,,Health Care,Biotechnology: Pharmaceutical Preparations,,XLV,1,2026-10-09
ANDE,0000821026,Andersons Inc. (The) Common Stock,,Industrials,Farming/Seeds/Milling,,XLI,1,2026-10-09
ANDG,0002065708,Andersen Group Inc. Class A Common Stock,,Consumer Discretionary,Business Services,,XLY,1,2026-10-09
ANET,0001596532,Arista Networks Inc. Common Stock,,Communication Services,Computer Communications Equipment,,XLC,1,2026-10-09
ANF,0001018840,Abercrombie & Fitch Company Common Stock,,Consumer Discretionary,Clothing/Shoe/Accessory Stores,,XLY,1,2026-10-09
ANGH,0001871983,Anghami Inc. Ordinary Shares,,Consumer Discretionary,Telecommunications Equipment,,XLY,1,2026-10-09
ANGHW,0001871983,Anghami Inc. Warrants,,Consumer Discretionary,Telecommunications Equipment,,XLY,1,2026-10-09
ANGI,0001705110,Angi Inc. Class A Common Stock,,Consumer Discretionary,Advertising,,XLY,1,2026-10-09
ANGO,0001275187,AngioDynamics Inc. Common Stock,,Health Care,Medical/Dental Instruments,,XLV,1,2026-10-09
ANGX,0001865200,Angel Studios Inc. Class A Common Stock,,Consumer Discretionary,Movies/Entertainment,,XLY,1,2026-10-09
ANG^D,,American National Group Inc. Depositary Shares each representing a 1/1000th interest in a share of 7.375% Fixed-Rate Non-Cumulative Preferred Stock Series D,,,,,,1,2026-10-09
ANIK,0000898437,Anika Therapeutics Inc. Common Stock,,Health Care,Medical/Dental Instruments,,XLV,1,2026-10-09
ANIP,0001023024,ANI Pharmaceuticals Inc.,,Health Care,Biotechnology: Pharmaceutical Preparations,,XLV,1,2026-10-09
ANIX,0000715446,Anixa Biosciences Inc. Common Stock,,Health Care,Biotechnology: Pharmaceutical Preparations,,XLV,1,2026-10-09
ANL,0001944552,Adlai Nortye Group Ltd. American Depositary Shares,,Health Care,Biotechnology: Pharmaceutical Preparations,,XLV,1,2026-10-09
ANNA,0001845123,AleAnna Inc. Class A Common Stock,,Energy,Oil & Gas Production,,XLE,1,2026-10-09
ANNX,0001528115,Annexon Inc. Common Stock,,Health Care,Biotechnology: Pharmaceutical Preparations,,XLV,1,2026-10-09
ANPA,0002031688,Rich Sparkle Holdings Limited Ordinary Shares,,Consumer Discretionary,Other Consumer Services,,XLY,1,2026-10-09
ANRO,0001999480,Alto Neuroscience Inc. Common Stock,,Health Care,Biotechnology: Pharmaceutical Preparations,,XLV,1,2026-10-09
ANTA,0002044255,Antalpha Platform Holding Company Class A Ordinary Shares,,Financials,Investment Bankers/Brokers/Service,,XLF,1,2026-10-09
ANTX,0001880438,AN2 Therapeutics Inc. Common Stock,,Health Care,Biotechnology: Pharmaceutical Preparations,,XLV,1,2026-10-09
ANVS,0001477845,Annovis Bio Inc. Common Stock,,Health Care,Biotechnology: Pharmaceutical Preparations,,XLV,1,2026-10-09
AOD,0001379400,abrdn Total Dynamic Dividend Fund Common Shares of Beneficial Interest,,Financials,Investment Managers,,XLF,1,2026-10-09
AOMD,0001766478,Angel Oak Mortgage REIT Inc. 9.750% Senior Notes due 2030,,Financials,Real Estate,,XLF,1,2026-10-09
AOMN,0001766478,Angel Oak Mortgage REIT Inc. 9.500% Senior Notes due 2029,,Financials,Real Estate,,XLF,1,2026-10-09
AOMR,0001766478,Angel Oak Mortgage REIT Inc. Common Stock,,Financials,Real Estate,,XLF,1,2026-10-09
AON,0000315293,Aon plc Class A Ordinary Shares (Ireland),,Financials,Specialty Insurers,,XLF,1,2026-10-09
AORT,0000784199,Artivion Inc. Common Stock,,Health Care,Medical/Dental Instruments,,XLV,1,2026-10-09
AOS,0000091142,A.O. Smith Corporation Common Stock,,Consumer Discretionary,Consumer Electronics/Appliances,,XLY,1,2026-10-09
AOSL,0001387467,Alpha and Omega Semiconductor Limited Common Shares,,Technology,Semiconductors,,XLK,1,2026-10-09
AOUT,0001808997,American Outdoor Brands Inc. Common Stock ,,Consumer Discretionary,Recreational Games/Products/Toys,,XLY,1,2026-10-09
AP,0000006176,Ampco-Pittsburgh Corporation Common Stock,,Industrials,Fluid Controls,,XLI,1,2026-10-09
APA,0001841666,APA Corporation Common Stock,,Energy,Oil & Gas Production,,XLE,1,2026-10-09
APAC,0002043630,StoneBridge Acquisition II Corporation Class A Ordinary Shares,,Financials,Blank Checks,,XLF,1,2026-10-09
APACR,0002043630,StoneBridge Acquisition II Corporation Rights,,,,,,1,2026-10-09
APAM,0001517302,Artisan Partners Asset Management Inc. Class A Common Stock,,Financials,Investment Managers,,XLF,1,2026-10-09
APC,0002080921,ARKO Petroleum Corp. Class A Common Stock,,Energy,Oil Refining/Marketing,,XLE,1,2026-10-09
APD,0000002969,Air Products and Chemicals Inc. Common Stock,,Materials,Major Chemicals,,XLB,1,2026-10-09
APEI,0001201792,American Public Education Inc. Common Stock,,Real Estate,Other Consumer Services,,XLRE,1,2026-10-09
APG,0001796209,APi Group Corporation Common Stock,,Consumer Discretionary,Diversified Commercial Services,,XLY,1,2026-10-09
APH,0000820313,Amphenol Corporation Common Stock,,Technology,Electrical Products,,XLK,1,2026-10-09
API,0001802883,Agora Inc. American Depositary Shares,,Technology,Computer Software: Prepackaged Software,,XLK,1,2026-10-09
APLD,0001144879,Applied Digital Corporation Common Stock,,Technology,EDP Services,,XLK,1,2026-10-09
APLE,0001418121,Apple Hospitality REIT Inc. Common Shares,,Real Estate,Real Estate Investment Trusts,,XLRE,1,2026-10-09
APLM,0001944885,Apollomics Inc. Class A Ordinary Shares,,Health Care,Biotechnology: Pharmaceutical Preparations,,XLV,1,2026-10-09
APMC,0002101393,AmperCap Acquisition Company Ordinary Shares,,Financials,Blank Checks,,XLF,1,2026-10-09
APMD,0001745648,Apnimed Inc. Common Stock,,Health Care,Biotechnology: Pharmaceutical Preparations,,XLV,1,2026-10-09
APO,0001858681,Apollo Global Management Inc. (New) Common Stock,,Financials,Investment Managers,,XLF,1,2026-10-09
APOG,0000006845,Apogee Enterprises Inc. Common Stock,,Consumer Discretionary,Auto Parts:O.E.M.,,XLY,1,2026-10-09
APOS,0001858681,Apollo Global Management Inc. 7.625% Fixed-Rate Resettable Junior Subordinated Notes due 2053,,Financials,Investment Managers,,XLF,1,2026-10-09
APP,0001751008,Applovin Corporation Class A Common Stock,,Technology,Computer Software: Programming Data Processing,,XLK,1,2026-10-09
APPF,0001433195,AppFolio Inc. Class A Common Stock,,Technology,Computer Software: Prepackaged Software,,XLK,1,2026-10-09
APPN,0001441683,Appian Corporation Class A Common Stock,,Technology,Computer Software: Prepackaged Software,,XLK,1,2026-10-09
APPS,0000317788,Digital Turbine Inc. Common Stock,,Miscellaneous,Multi-Sector Companies,,,1,2026-10-09
APRE,0001781983,Aprea Therapeutics Inc. Common stock,,Health Care,Biotechnology: Pharmaceutical Preparations,,XLV,1,2026-10-09
APT,0000884269,Alpha Pro Tech Ltd. Common Stock,,Health Care,Industrial Specialties,,XLV,1,2026-10-09
APTV,0001521332,Aptiv PLC Ordinary Shares,,Consumer Discretionary,Auto Parts:O.E.M.,,XLY,1,2026-10-09
APUR,0002093524,Aperture AC Class A Ordinary Shares,,Financials,Blank Checks,,XLF,1,2026-10-09
APUS,0001894525,Apimeds Pharmaceuticals US Inc. Common Stock,,Health Care,Biotechnology: Pharmaceutical Preparations,,XLV,1,2026-10-09
APVO,0001671584,Aptevo Therapeutics Inc. Common Stock,,Health Care,Biotechnology: Pharmaceutical Preparations,,XLV,1,2026-10-09
APWC,0001026980,Asia Pacific Wire & Cable Corporation Ltd. Ordinary Shares (Bermuda),,Industrials,Telecommunications Equipment,,XLI,1,2026-10-09
APXT,0002079253,Apex Treasury Corporation Class A Ordinary Share,,Financials,Blank Checks,,XLF,1,2026-10-09
APXTW,0002079253,Apex Treasury Corporation Warrants,,Financials,Blank Checks,,XLF,1,2026-10-09
APYX,0000719135,Apyx Medical Corporation Common Stock,,Health Care,Medical/Dental Instruments,,XLV,1,2026-10-09
AQB,0001603978,AquaBounty Technologies Inc. Common Stock,,Consumer Staples,Meat/Poultry/Fish,,XLP,1,2026-10-09
AQMS,0001621832,Aqua Metals Inc. Common Stock,,Industrials,Metal Fabrications,,XLI,1,2026-10-09
AQN,0001174169,Algonquin Power & Utilities Corp. Common Shares,,Utilities,Electric Utilities: Central,,XLU,1,2026-10-09
AQNB,0001174169,Algonquin Power & Utilities Corp. 6.20% Fixed-to-Floating Subordinated Notes Series 2019-A due July 1 2079,,Utilities,Electric Utilities: Central,,XLU,1,2026-10-09
AQST,0001398733,Aquestive Therapeutics Inc. Common Stock,,Health Care,Biotechnology: Pharmaceutical Preparations,,XLV,1,2026-10-09
AR,0001433270,Antero Resources Corporation Common Stock,,Energy,Oil & Gas Production,,XLE,1,2026-10-09
ARAI,0001818274,Arrive AI Inc. Common Stock,,Consumer Discretionary,Diversified Commercial Services,,XLY,1,2026-10-09
ARAY,0001138723,Accuray Incorporated Common Stock,,Health Care,Medical/Dental Instruments,,XLV,1,2026-10-09
ARBB,0001930179,ARB IOT Group Limited Ordinary Shares,,Technology,EDP Services,,XLK,1,2026-10-09
ARBE,0001861841,Arbe Robotics Ltd. Ordinary Shares,,Technology,EDP Services,,XLK,1,2026-10-09
ARBK,0001841675,Argo Blockchain plc American Depositary Shares,,Financials,Finance: Consumer Services,,XLF,1,2026-10-09
ARCB,0000894405,ArcBest Corporation Common Stock,,Industrials,Trucking Freight/Courier Services,,XLI,1,2026-10-09
ARCC,0001287750,Ares Capital Corporation Common Stock,,Financials,Finance: Consumer Services,,XLF,1,2026-10-09
ARCI,0002083910,Archimedes Tech SPAC Partners III Co. Ordinary Share,,,,,,1,2026-10-09
ARCIW,0002083910,Archimedes Tech SPAC Partners III Co. Warrant,,,,,,1,2026-10-09
ARCL,0002073515,ARC Group Acquisition I Corp Class A Ordinary Shares,,Financials,Blank Checks,,XLF,1,2026-10-09
ARCLU,0002073515,ARC Group Acquisition I Corp Unit,,Financials,Blank Checks,,XLF,1,2026-10-09
ARCLW,0002073515,ARC Group Acquisition I Corp Warrants,,Financials,Blank Checks,,XLF,1,2026-10-09
ARCO,0001508478,Arcos Dorados Holdings Inc. Class A Shares,,Consumer Discretionary,Restaurants,,XLY,1,2026-10-09
ARCT,0001768224,Arcturus Therapeutics Holdings Inc. Common Stock,,Health Care,Biotechnology: Pharmaceutical Preparations,,XLV,1,2026-10-09
ARDC,0001515324,Ares Dynamic Credit Allocation Fund Inc. Common Shares,,Financials,Investment Managers,,XLF,1,2026-10-09
ARDT,0001756655,Ardent Health Inc. Common Stock,,Health Care,Hospital/Nursing Management,,XLV,1,2026-10-09
ARDX,0001437402,Ardelyx Inc. Common Stock,,Health Care,Biotechnology: Pharmaceutical Preparations,,XLV,1,2026-10-09
ARE,0001035443,Alexandria Real Estate Equities Inc. Common Stock,,Real Estate,Real Estate Investment Trusts,,XLRE,1,2026-10-09
AREC,0001590715,American Resources Corporation Class A Common Stock,,Energy,Coal Mining,,XLE,1,2026-10-09
ARES,0001176948,Ares Management Corporation Class A Common Stock,,Financials,Investment Managers,,XLF,1,2026-10-09
ARES^B,,Ares Management Corporation 6.75% Series B Mandatory Convertible Preferred Stock,,,,,,1,2026-10-09
ARGX,0001697862,argenx SE American Depositary Shares,,Health Care,Biotechnology: Biological Products (No Diagnostic Substances),,XLV,1,2026-10-09
ARHS,0001875444,Arhaus Inc. Class A Common Stock,,Consumer Discretionary,Other Specialty Stores,,XLY,1,2026-10-09
ARI,0001467760,Apollo Commercial Real Estate Finance Inc,,Real Estate,Real Estate Investment Trusts,,XLRE,1,2026-10-09
ARIS,0001964504,Aris Mining Corporation Common Shares,,,,,,1,2026-10-09
ARKO,0001823794,ARKO Corp. Common Stock,,Consumer Staples,Food Chains,,XLP,1,2026-10-09
ARKR,0000779544,Ark Restaurants Corp. Common Stock,,Consumer Discretionary,Restaurants,,XLY,1,2026-10-09
ARL,0001102238,American Realty Investors Inc. Common Stock,,Financials,Real Estate,,XLF,1,2026-10-09
ARLO,0001736946,Arlo Technologies Inc. Common Stock,,Consumer Discretionary,Diversified Commercial Services,,XLY,1,2026-10-09
ARLP,0001086600,Alliance Resource Partners L.P. Common Units representing Limited Partners Interests,,Energy,Coal Mining,,XLE,1,2026-10-09
ARM,0001973239,Arm Holdings plc American Depositary Shares,,Technology,Semiconductors,,XLK,1,2026-10-09
ARMK,0001584509,Aramark Common Stock,,Consumer Discretionary,Restaurants,,XLY,1,2026-10-09
ARMP,0000921114,Armata Pharmaceuticals Inc. Common Stock,,Health Care,Biotechnology: Biological Products (No Diagnostic Substances),,XLV,1,2026-10-09
AROC,0001389050,Archrock Inc. Common Stock,,Utilities,Natural Gas Distribution,,XLU,1,2026-10-09
AROW,0000717538,Arrow Financial Corporation Common Stock,,Financials,Major Banks,,XLF,1,2026-10-09
ARQ,0001515156,Arq Inc. Common Stock,,Industrials,Major Chemicals,,XLI,1,2026-10-09
ARQQ,0001859690,Arqit Quantum Inc. Ordinary Shares,,Technology,Computer Software: Prepackaged Software,,XLK,1,2026-10-09
ARQT,0001787306,Arcutis Biotherapeutics Inc. Common Stock,,Health Care,Biotechnology: Pharmaceutical Preparations,,XLV,1,2026-10-09
ARR,0001428205,ARMOUR Residential REIT Inc.,,Real Estate,Real Estate Investment Trusts,,XLRE,1,2026-10-09
ARRY,0001820721,Array Technologies Inc. Common Stock,,Technology,Semiconductors,,XLK,1,2026-10-09
ARR^C,,ARMOUR Residential REIT Inc. 7% Series C Cumulative Redeemable Preferred Stock (liquidation preference $25.00 per share),,,,,,1,2026-10-09
ARTC,0002086545,Art Technology Acquisition Corp. Class A Ordinary Shares,,Financials,Blank Checks,,XLF,1,2026-10-09
ARTCU,0002086545,Art Technology Acquisition Corp. Units,,,,,,1,2026-10-09
ARTL,0001621221,Artelo Biosciences Inc. Common Stock,,Health Care,Biotechnology: Pharmaceutical Preparations,,XLV,1,2026-10-09
ARTNA,0000863110,Artesian Resources Corporation Class A Common Stock,,Utilities,Water Supply,,XLU,1,2026-10-09
ARTV,0001817241,Artiva Biotherapeutics Inc. Common Stock,,Health Care,Biotechnology: Biological Products (No Diagnostic Substances),,XLV,1,2026-10-09
ARTW,0000007623,Art's-Way Manufacturing Co. Inc. Common Stock,,Industrials,Industrial Machinery/Components,,XLI,1,2026-10-09
ARVN,0001655759,Arvinas Inc. Common Stock,,Health Care,Biotechnology: Pharmaceutical Preparations,,XLV,1,2026-10-09
ARW,0000007536,Arrow Electronics Inc. Common Stock,,Technology,Electronic Components,,XLK,1,2026-10-09
ARWR,0000879407,Arrowhead Pharmaceuticals Inc. Common Stock,,Health Care,Biotechnology: Pharmaceutical Preparations,,XLV,1,2026-10-09
ARX,0001997350,Accelerant Holdings Class A Common Shares,,Financials,Specialty Insurers,,XLF,1,2026-10-09
ARXS,0002093536,Arxis Inc. Class A Common Stock,,Industrials,Military/Government/Technical,,XLI,1,2026-10-09
AS,0001988894,Amer Sports Inc. Ordinary Shares,,Consumer Discretionary,Apparel,,XLY,1,2026-10-09
ASA,0001230869,ASA  Gold and Precious Metals Limited,,Industrials,Precious Metals,,XLI,1,2026-10-09
ASAN,0001477720,Asana Inc. Class A Common Stock,,Technology,Computer Software: Prepackaged Software,,XLK,1,2026-10-09
ASB,0000007789,Associated Banc-Corp Common Stock,,Financials,Major Banks,,XLF,1,2026-10-09
ASBA,0000007789,Associated Banc-Corp 6.625% Fixed-Rate Reset Subordinated Notes due 2033,,Financials,Major Banks,,XLF,1,2026-10-09
ASBH,,American Savings Bank N.A. Common Stock,,,,,,1,2026-10-09
ASBP,0001847345,Aspire-Lakewood Holdings Inc. Common Stock,,Health Care,Biotechnology: Pharmaceutical Preparations,,XLV,1,2026-10-09
ASB^E,,Associated Banc-Corp Depositary Shares each representing a 1/40th interest in a share of 5.875% Non-Cumulative Perpetual Preferred Stock Series E,,,,,,1,2026-10-09
ASB^F,,Associated Banc-Corp Depositary Shares each representing a 1/40th interest in a share of Associated Banc-Corp 5.625% Non-Cumulative Perpetual Preferred Stock Series F,,,,,,1,2026-10-09
ASC,0001577437,Ardmore Shipping Corporation Common Stock,,Consumer Discretionary,Marine Transportation,,XLY,1,2026-10-09
ASG,0000786035,Liberty All-Star Growth Fund Inc.,,Financials,Investment Managers,,XLF,1,2026-10-09
ASGI,0001793855,abrdn Global Infrastructure Income Fund Common Shares of Beneficial Interest,,Financials,Investment Managers,,XLF,1,2026-10-09
ASH,0001674862,Ashland Inc. Common Stock,,Consumer Discretionary,Specialty Chemicals,,XLY,1,2026-10-09
ASIC,0002040491,Ategrity Specialty Insurance Company Holdings Common Stock,,Financials,Property-Casualty Insurers,,XLF,1,2026-10-09
ASIX,0001673985,AdvanSix Inc. Common Stock ,,Industrials,Major Chemicals,,XLI,1,2026-10-09
ASLE,0001754170,AerSale Corporation Common Stock,,Consumer Discretionary,Industrial Specialties,,XLY,1,2026-10-09
ASM,0000316888,Avino Silver & Gold Mines Ltd. Common Shares (Canada),,Materials,Metal Mining,,XLB,1,2026-10-09
ASMB,0001426800,Assembly Biosciences Inc. Common Stock,,Health Care,Biotechnology: Pharmaceutical Preparations,,XLV,1,2026-10-09
ASML,0000937966,ASML Holding N.V. New York Registry Shares,,Technology,Industrial Machinery/Components,,XLK,1,2026-10-09
ASND,0001612042,Ascendis Pharma A/S Ordinary Share,,Health Care,Biotechnology: Pharmaceutical Preparations,,XLV,1,2026-10-09
ASO,0001817358,Academy Sports and Outdoors Inc. Common Stock,,Consumer Discretionary,Other Specialty Stores,,XLY,1,2026-10-09
ASPC,0001890361,A SPAC III Acquisition Corp. Class A Ordinary Shares,,Financials,Blank Checks,,XLF,1,2026-10-09
ASPCU,0001890361,A SPAC III Acquisition Corp. Unit,,Financials,Blank Checks,,XLF,1,2026-10-09
ASPI,0001921865,ASP Isotopes Inc. Common Stock,,Industrials,Major Chemicals,,XLI,1,2026-10-09
ASPN,0001145986,Aspen Aerogels Inc. Common Stock,,Consumer Discretionary,RETAIL: Building Materials,,XLY,1,2026-10-09
ASPS,0001462418,Altisource Portfolio Solutions S.A. Common Stock,,Consumer Discretionary,Other Consumer Services,,XLY,1,2026-10-09
ASPSW,0001462418,Altisource Portfolio Solutions S.A. Net Settle Stakeholder Warrants,,Consumer Discretionary,Other Consumer Services,,XLY,1,2026-10-09
ASPSZ,0001462418,Altisource Portfolio Solutions S.A. Cash Exercise Stakeholder Warrants,,Consumer Discretionary,Other Consumer Services,,XLY,1,2026-10-09
ASR,0001123452,Grupo Aeroportuario del Sureste S.A. de C.V. Common Stock,,Consumer Discretionary,Aerospace,,XLY,1,2026-10-09
ASRV,0000707605,AmeriServ Financial Inc. Common Stock,,Financials,Major Banks,,XLF,1,2026-10-09
ASST,0001920406,Strive Inc. Class A Common Stock,,Financials,Finance: Consumer Services,,XLF,1,2026-10-09
ASTC,0001001907,Astrotech Corporation (DE) Common Stock,,Industrials,Biotechnology: Laboratory Analytical Instruments,,XLI,1,2026-10-09
ASTE,0000792987,Astec Industries Inc. Common Stock,,Industrials,Construction/Ag Equipment/Trucks,,XLI,1,2026-10-09
ASTH,0001083446,Astrana Health Inc. Common Stock,,Consumer Discretionary,Professional Services,,XLY,1,2026-10-09
ASTI,0001350102,Ascent Solar Technologies Inc. Common Stock,,Technology,Semiconductors,,XLK,1,2026-10-09
ASTL,0001860805,Algoma Steel Group Inc. Common Shares,,Industrials,Steel/Iron Ore,,XLI,1,2026-10-09
ASTLW,0001860805,Algoma Steel Group Inc. Warrant,,Industrials,Steel/Iron Ore,,XLI,1,2026-10-09
ASTS,0001780312,AST SpaceMobile Inc. Class A Common Stock,,Consumer Discretionary,Telecommunications Equipment,,XLY,1,2026-10-09
ASUR,0000884144,Asure Software Inc Common Stock,,Technology,EDP Services,,XLK,1,2026-10-09
ASX,0001122411,ASE Technology Holding Co. Ltd. American Depositary Shares (each representing Two Common Shares) ,,Technology,Semiconductors,,XLK,1,2026-10-09
ASYS,0000720500,Amtech Systems Inc. Common Stock,,Technology,Industrial Machinery/Components,,XLK,1,2026-10-09
ATAT,0001853717,Atour Lifestyle Holdings Limited American Depositary Shares,,Consumer Discretionary,Hotels/Resorts,,XLY,1,2026-10-09
ATCH,0001963088,AtlasClear Holdings Inc. Common Stock,,Financials,Finance: Consumer Services,,XLF,1,2026-10-09
ATCX,0001684688,Atlas Critical Minerals Corporation Common Stock,,Materials,Precious Metals,,XLB,1,2026-10-09
ATEC,0001350653,Alphatec Holdings Inc. Common Stock,,Health Care,Medical/Dental Instruments,,XLV,1,2026-10-09
ATEN,0001580808,A10 Networks Inc. Common Stock,,Communication Services,Computer Communications Equipment,,XLC,1,2026-10-09
ATER,0001757715,Aterian Inc. Common Stock,,Consumer Discretionary,Home Furnishings,,XLY,1,2026-10-09
ATEX,0001304492,Anterix Inc. Common Stock,,Communication Services,Telecommunications Equipment,,XLC,1,2026-10-09
ATGL,0001967621,Alpha Technology Group Limited Class A Ordinary Shares,,Technology,EDP Services,,XLK,1,2026-10-09
ATHE,0001131343,Alterity Therapeutics Limited American Depositary Shares,,Health Care,Biotechnology: Pharmaceutical Preparations,,XLV,1,2026-10-09
ATHM,0001527636,Autohome Inc. American Depositary Shares each representing four class A ordinary shares.,,Technology,EDP Services,,XLK,1,2026-10-09
ATHR,0002026353,Aether Holdings Inc. Common Stock,,Technology,Computer Software: Prepackaged Software,,XLK,1,2026-10-09
ATHS,0001527469,Athene Holding Ltd. 7.250% Fixed-Rate Reset Junior Subordinated Debentures due 2064,,Financials,Life Insurance,,XLF,1,2026-10-09
ATH^A,,Athene Holding Ltd. Depositary Shares Each Representing a 1/1000th Interest in a 6.35% Fixed-to-Floating Rate Perpetual Non-Cumulative Preference Share Series A,,,,,,1,2026-10-09
ATH^B,,Athene Holding Ltd. Depositary Shares Each Representing a 1/1000th Interest in a 5.625% Fixed Rate Perpetual Non- Cumulative Preference Share Series B par value $1.00 per share,,,,,,1,2026-10-09
ATH^D,,Athene Holding Ltd. Depositary Shares Each Representing a 1/1000th Interest in a 4.875% Fixed-Rate Perpetual Non-Cumulative Preference Share Series D,,,,,,1,2026-10-09
ATH^E,,Athene Holding Ltd. Depositary Shares Each Representing a 1/1000th Interest in a 7.750% Fixed-Rate Reset Perpetual Non-Cumulative Preference Share Series E,,,,,,1,2026-10-09
ATI,0001018963,ATI Inc. Common Stock,,Industrials,Steel/Iron Ore,,XLI,1,2026-10-09
ATII,0002028516,Archimedes Tech SPAC Partners II Co. Ordinary Shares,,,,,,1,2026-10-09
ATIIU,0002028516,Archimedes Tech SPAC Partners II Co. Unit,,Financials,Blank Checks,,XLF,1,2026-10-09
ATIIW,0002028516,Archimedes Tech SPAC Partners II Co. Warrant,,Financials,Blank Checks,,XLF,1,2026-10-09
ATKR,0001666138,Atkore Inc. Common Stock,,Miscellaneous,Industrial Machinery/Components,,,1,2026-10-09
ATLC,0001464343,Atlanticus Holdings Corporation Common Stock,,Financials,Finance: Consumer Services,,XLF,1,2026-10-09
ATLCL,0001464343,Atlanticus Holdings Corporation 6.125% Senior Notes due 2026,,Financials,Finance: Consumer Services,,XLF,1,2026-10-09
ATLCP,0001464343,Atlanticus Holdings Corporation 7.625% Series B Cumulative Perpetual Preferred Stock no par value per share,,Financials,Finance: Consumer Services,,XLF,1,2026-10-09
ATLCZ,0001464343,Atlanticus Holdings Corporation 9.25% Senior Notes due 2029,,Financials,Finance: Consumer Services,,XLF,1,2026-10-09
ATLO,0001132651,Ames National Corporation Common Stock,,Financials,Major Banks,,XLF,1,2026-10-09
ATLQ,0002128739,JAB Acquisition Corp I Class A Ordinary Shares,,Financials,Blank Checks,,XLF,1,2026-10-09
ATLQR,0002128739,JAB Acquisition Corp I Rights,,Financials,Blank Checks,,XLF,1,2026-10-09
ATLQU,0002128739,JAB Acquisition Corp I Unit,,Financials,Blank Checks,,XLF,1,2026-10-09
ATLQW,0002128739,JAB Acquisition Corp I Warrants,,Financials,Blank Checks,,XLF,1,2026-10-09
ATLX,0001540684,Atlas Lithium Corporation Common Stock,,Industrials,Mining & Quarrying of Nonmetallic Minerals (No Fuels),,XLI,1,2026-10-09
ATMU,0001921963,Atmus Filtration Technologies Inc. Common Stock,,Consumer Discretionary,Auto Parts:O.E.M.,,XLY,1,2026-10-09
ATNI,0000879585,ATN International Inc. Common Stock,,Communication Services,Telecommunications Equipment,,XLC,1,2026-10-09
ATNM,0001388320,Actinium Pharmaceuticals Inc. (Delaware) Common Stock,,Health Care,Biotechnology: Pharmaceutical Preparations,,XLV,1,2026-10-09
ATO,0000731802,Atmos Energy Corporation Common Stock,,Utilities,Oil/Gas Transmission,,XLU,1,2026-10-09
ATOM,0001420520,Atomera Incorporated Common Stock,,Technology,Semiconductors,,XLK,1,2026-10-09
ATOS,0001488039,Atossa Therapeutics Inc. Common Stock,,Health Care,Biotechnology: Pharmaceutical Preparations,,XLV,1,2026-10-09
ATPC,0001713210,Agape ATP Corporation Common Stock,,Health Care,Medical/Nursing Services,,XLV,1,2026-10-09
ATR,0000896622,AptarGroup Inc. Common Stock,,Industrials,Plastic Products,,XLI,1,2026-10-09
ATRA,0001604464,Atara Biotherapeutics Inc. Common Stock,,Health Care,Biotechnology: Biological Products (No Diagnostic Substances),,XLV,1,2026-10-09
ATRC,0001323885,AtriCure Inc. Common Stock,,Health Care,Medical/Dental Instruments,,XLV,1,2026-10-09
ATRO,0000008063,Astronics Corporation Common Stock,,Industrials,Military/Government/Technical,,XLI,1,2026-10-09
ATS,0001394832,ATS Corporation Common Shares,,Industrials,Industrial Machinery/Components,,XLI,1,2026-10-09
ATTO,0002058707,Attovia Therapeutics Inc. Common Stock,,Health Care,Biotechnology: Biological Products (No Diagnostic Substances),,XLV,1,2026-10-09
ATTT,0001948443,Atlas Trinity Tech Limited Ordinary Shares,,Consumer Discretionary,Consumer Electronics/Appliances,,XLY,1,2026-10-09
ATXG,0001650101,Addentax Group Corp. Common Stock,,Consumer Discretionary,Professional Services,,XLY,1,2026-10-09
ATYR,0001339970,aTyr Pharma Inc. Common Stock,,Health Care,Biotechnology: Biological Products (No Diagnostic Substances),,XLV,1,2026-10-09
AU,0001973832,AngloGold Ashanti PLC Ordinary Shares,,Materials,Precious Metals,,XLB,1,2026-10-09
AUB,0000883948,Atlantic Union Bankshares Corporation Common Stock,,Financials,Major Banks,,XLF,1,2026-10-09
AUBN,0000750574,Auburn National Bancorporation Inc. Common Stock,,Financials,Major Banks,,XLF,1,2026-10-09
AUB^A,,Atlantic Union Bankshares Corporation Depositary Shares each representing a 1/400th ownership interest in a share of 6.875% Perpetual Non-Cumulative Preferred Stock Series A,,,,,,1,2026-10-09
AUC,0001755058,ATIF Holdings Limited Ordinary Shares,,Consumer Discretionary,Professional Services,,XLY,1,2026-10-09
AUDC,0001086434,AudioCodes Ltd. Common Stock,,Utilities,Telecommunications Equipment,,XLU,1,2026-10-09
AUGO,0001468642,Aura Minerals Inc. Common Shares,,Materials,Metal Mining,,XLB,1,2026-10-09
AUID,0001534154,authID Inc. Common Stock,,Technology,Computer Software: Prepackaged Software,,XLK,1,2026-10-09
AUNA,0001799207,Auna SA Class A Ordinary Shares,,Health Care,Medical/Nursing Services,,XLV,1,2026-10-09
AUPH,0001600620,Aurinia Pharmaceuticals Inc Ordinary Shares,,Health Care,Biotechnology: Pharmaceutical Preparations,,XLV,1,2026-10-09
AUR,0001828108,Aurora Innovation Inc. Class A Common Stock,,Technology,EDP Services,,XLK,1,2026-10-09
AURA,0001501796,Aura Biosciences Inc. Common Stock,,Health Care,Biotechnology: Biological Products (No Diagnostic Substances),,XLV,1,2026-10-09
AURE,0001765850,Aurelion Inc. Class A Ordinary Shares,,Financials,Finance: Consumer Services,,XLF,1,2026-10-09
AUROW,0001828108,Aurora Innovation Inc. Warrant,,Technology,EDP Services,,XLK,1,2026-10-09
AUST,0001817740,Austin Gold Corp. Common Shares,,Materials,Precious Metals,,XLB,1,2026-10-09
AUTL,0001730463,Autolus Therapeutics plc American Depositary Share,,Health Care,Biotechnology: Biological Products (No Diagnostic Substances),,XLV,1,2026-10-09
AUUD,0001554818,Auddia Inc. Common Stock,,Technology,EDP Services,,XLK,1,2026-10-09
AUXX,0001961592,Gold X2 Mining Inc. Common Shares,,,,,,1,2026-10-09
AVA,0000104918,Avista Corporation Common Stock,,Utilities,Power Generation,,XLU,1,2026-10-09
AVAH,0001832332,Aveanna Healthcare Holdings Inc. Common Stock,,Health Care,Medical/Nursing Services,,XLV,1,2026-10-09
AVAL,0001504764,Grupo Aval Acciones y Valores S.A. ADR (Each representing 20 preferred shares),,Financials,Commercial Banks,,XLF,1,2026-10-09
AVAT,0002092446,Avalanche Treasury Corporation Class A Common Stock,,Financials,Finance: Consumer Services,,XLF,1,2026-10-09
AVAV,0001368622,AeroVironment Inc. Common Stock,,Industrials,Aerospace,,XLI,1,2026-10-09
AVBC,0002058758,Avidia Bancorp Inc. Common Stock,,Financials,Banks,,XLF,1,2026-10-09
AVBH,0001443575,Avidbank Holdings Inc. Common stock,,Financials,Commercial Banks,,XLF,1,2026-10-09
AVBP,0001868279,ArriVent BioPharma Inc. Common Stock,,Health Care,Biotechnology: Pharmaceutical Preparations,,XLV,1,2026-10-09
AVD,0000005981,American Vanguard Corporation Common Stock ($0.10 Par Value),,Industrials,Agricultural Chemicals,,XLI,1,2026-10-09
AVEX,0002096300,AEVEX Corp. Class A Common Stock,,Industrials,Aerospace,,XLI,1,2026-10-09
AVGO,0001730168,Broadcom Inc. Common Stock,,Technology,Semiconductors,,XLK,1,2026-10-09
AVIR,0001593899,Atea Pharmaceuticals Inc. Common Stock,,Health Care,Biotechnology: Pharmaceutical Preparations,,XLV,1,2026-10-09
AVK,0001219120,Advent Convertible and Income Fund,,Financials,Trusts Except Educational Religious and Charitable,,XLF,1,2026-10-09
AVLN,0001540171,Avalyn Pharma Inc. Common Stock,,Health Care,Biotechnology: Pharmaceutical Preparations,,XLV,1,2026-10-09
AVNT,0001122976,Avient Corporation Common Stock,,Industrials,Major Chemicals,,XLI,1,2026-10-09
AVNW,0001377789,Aviat Networks Inc. Common Stock,,Technology,Radio And Television Broadcasting And Communications Equipment,,XLK,1,2026-10-09
AVO,0001802974,Mission Produce Inc. Common Stock,,Consumer Staples,Farming/Seeds/Milling,,XLP,1,2026-10-09
AVPT,0001777921,AvePoint Inc. Class A Common Stock,,Technology,Computer Software: Prepackaged Software,,XLK,1,2026-10-09
AVR,0002011514,Anteris Technologies Global Corp. Common Stock,,Health Care,Industrial Specialties,,XLV,1,2026-10-09
AVT,0000008858,Avnet Inc. Common Stock,,Technology,Electronic Components,,XLK,1,2026-10-09
AVTR,0001722482,Avantor Inc. Common Stock,,Industrials,Biotechnology: Laboratory Analytical Instruments,,XLI,1,2026-10-09
AVTX,0001534120,Avalo Therapeutics Inc. Common Stock,,Health Care,Biotechnology: Pharmaceutical Preparations,,XLV,1,2026-10-09
AVX,0001826397,Avax One Technology Ltd. Common Shares,,Financials,Finance: Consumer Services,,XLF,1,2026-10-09
AVXL,0001314052,Anavex Life Sciences Corp. Common Stock,,Health Care,Biotechnology: Biological Products (No Diagnostic Substances),,XLV,1,2026-10-09
AVY,0000008818,Avery Dennison Corporation Common Stock,,Consumer Discretionary,Containers/Packaging,,XLY,1,2026-10-09
AWF,0000906013,Alliancebernstein Global High Income Fund,,Financials,Trusts Except Educational Religious and Charitable,,XLF,1,2026-10-09
AWI,0000007431,Armstrong World Industries Inc Common Stock,,Industrials,Plastic Products,,XLI,1,2026-10-09
AWK,0001410636,American Water Works Company Inc. Common Stock,,Utilities,Water Supply,,XLU,1,2026-10-09
AWP,0001390195,abrdn Global Premier Properties Fund Common Shares of Beneficial Interest,,Financials,Trusts Except Educational Religious and Charitable,,XLF,1,2026-10-09
AWR,0001056903,American States Water Company Common Stock,,Utilities,Water Supply,,XLU,1,2026-10-09
AWRE,0001015739,Aware Inc. Common Stock,,Technology,Computer Software: Prepackaged Software,,XLK,1,2026-10-09
AWX,0001061069,Avalon Holdings Corporation Common Stock,,Utilities,Environmental Services,,XLU,1,2026-10-09
AX,0001299709,Axos Financial Inc. Common Stock,,Financials,Savings Institutions,,XLF,1,2026-10-09
AXG,0001959224,Solowin Holdings Class A Ordinary Share,,Financials,Investment Bankers/Brokers/Service,,XLF,1,2026-10-09
AXGN,0000805928,Axogen Inc. Common Stock,,Health Care,Biotechnology: Electromedical & Electrotherapeutic Apparatus,,XLV,1,2026-10-09
AXIL,0001718500,AXIL Brands Inc. Common Stock,,Consumer Discretionary,Package Goods/Cosmetics,,XLY,1,2026-10-09
AXIN,0002057030,Axiom Intelligence Acquisition Corp 1 Class A Ordinary Shares,,Financials,Blank Checks,,XLF,1,2026-10-09
AXINR,0002057030,Axiom Intelligence Acquisition Corp 1 Right,,Financials,Blank Checks,,XLF,1,2026-10-09
AXINU,0002057030,Axiom Intelligence Acquisition Corp 1 Units,,Financials,Blank Checks,,XLF,1,2026-10-09
AXON,0001069183,Axon Enterprise Inc. Common Stock,,Industrials,Ordnance And Accessories,,XLI,1,2026-10-09
AXP,0000004962,American Express Company Common Stock,,Financials,Finance: Consumer Services,,XLF,1,2026-10-09
AXR,0000006207,AMREP Corporation Common Stock,,Real Estate,Homebuilding,,XLRE,1,2026-10-09
AXS,0001214816,Axis Capital Holdings Limited Common Stock,,Financials,Property-Casualty Insurers,,XLF,1,2026-10-09
AXSM,0001579428,Axsome Therapeutics Inc. Common Stock,,Health Care,Biotechnology: Pharmaceutical Preparations,,XLV,1,2026-10-09
AXS^E,,Axis Capital Holdings Limited Depositary Shares each representing 1/100th interest in a share of a 5.50% Series E Preferred Shares,,,,,,1,2026-10-09
AXTA,0001616862,Axalta Coating Systems Ltd. Common Shares,,Consumer Discretionary,Paints/Coatings,,XLY,1,2026-10-09
AXTI,0001051627,AXT Inc Common Stock,,Technology,Semiconductors,,XLK,1,2026-10-09
AYA,0001826836,Aya Gold & Silver Inc. Common Shares,,Materials,Precious Metals,,XLB,1,2026-10-09
AYI,0001144215,Acuity Inc. Common Stock,,Consumer Discretionary,Building Products,,XLY,1,2026-10-09
AYTU,0001385818,Aytu BioPharma Inc.  Common Stock,,Health Care,Biotechnology: Pharmaceutical Preparations,,XLV,1,2026-10-09
AZ,0001866030,A2Z Cust2Mate Solutions Corp. Common Shares,,Industrials,Industrial Machinery/Components,,XLI,1,2026-10-09
AZI,0001959726,Autozi Internet Technology (Global) Ltd. Class A Ordinary Shares,,Consumer Discretionary,Automotive Aftermarket,,XLY,1,2026-10-09
AZIO,0001563568,Azio AI Holdings Inc. Common Stock,,Consumer Discretionary,Auto Parts:O.E.M.,,XLY,1,2026-10-09
AZN,0000901832,AstraZeneca PLC Ordinary Shares,,Health Care,Biotechnology: Pharmaceutical Preparations,,XLV,1,2026-10-09
AZO,0000866787,AutoZone Inc. Common Stock,,Consumer Discretionary,Auto & Home Supply Stores,,XLY,1,2026-10-09
AZTA,0000933974,Azenta Inc.,,Technology,Industrial Machinery/Components,,XLK,1,2026-10-09
AZTR,0001701478,Azitra Inc Common Stock,,Health Care,Biotechnology: Pharmaceutical Preparations,,XLV,1,2026-10-09
AZUL,0001432364,Azul S.A. American Depositary Shares each representing two (2) Common Shares,,Consumer Discretionary,Air Freight/Delivery Services,,XLY,1,2026-10-09
AZZ,0000008947,AZZ Inc.,,Industrials,Industrial Specialties,,XLI,1,2026-10-09
B,0000756894,Barrick Mining Corporation Common Shares,,Materials,Precious Metals,,XLB,1,2026-10-09
BA,0000012927,Boeing Company (The) Common Stock,,Industrials,Aerospace,,XLI,1,2026-10-09
BABA,0001577552,Alibaba Group Holding Limited American Depositary Shares each representing eight Ordinary share,,Consumer Discretionary,Business Services,,XLY,1,2026-10-09
BAC,0000070858,Bank of America Corporation Common Stock,,Financials,Major Banks,,XLF,1,2026-10-09
BACC,0002059654,Blue Acquisition Corp. Class A Ordinary Shares,,Financials,Blank Checks,,XLF,1,2026-10-09
BACCR,0002059654,Blue Acquisition Corp. Right ,,Financials,Blank Checks,,XLF,1,2026-10-09
BACCU,0002059654,Blue Acquisition Corp. Unit,,Financials,Blank Checks,,XLF,1,2026-10-09
BAC^B,,Bank of America Corporation Depositary Shares each representing a 1/1000th interest in a share of 6.000% Non-Cumulative Preferred Stock Series GG,,,,,,1,2026-10-09
BAC^E,,Bank of America Corporation Depositary Sh repstg 1/1000th Perp Pfd Ser E,,,,,,1,2026-10-09
BAC^K,,Bank of America Corporation Depositary Shares each representing a 1/1000th interest in a share of 5.875% Non- Cumulative Preferred Stock Series HH,,,,,,1,2026-10-09
BAC^L,,Bank of America Corporation Non Cumulative Perpetual Conv Pfd Ser L,,,,,,1,2026-10-09
BAC^M,,Bank of America Corporation Depositary Shares each representing a 1/1000th interest in a share of 5.375% Non-Cumulative Preferred Stock Series KK,,,,,,1,2026-10-09
BAC^N,,Bank of America Corporation Depositary shares each representing 1/1000th interest in a share of 5.000% Non-Cumulative Preferred Stock Series LL,,,,,,1,2026-10-09
BAC^O,,Bank of America Corporation Depositary shares each representing 1/1000th interest in a share of 4.375% Non-Cumulative Preferred Stock Series NN,,,,,,1,2026-10-09
BAC^P,,Bank of America Corporation Depositary Shares each representing a 1/1000th interest in a share of 4.125% Non-Cumulative Preferred Stock Series PP,,,,,,1,2026-10-09
BAC^Q,,Bank of America Corporation Depositary shares each representing 1/1000th interest in a share of 4.250% Non-Cumulative Preferred Stock Series QQ,,,,,,1,2026-10-09
BAC^S,,Bank of America Corporation Depositary shares each representing 1/1000th interest in a share of 4.750% Non-Cumulative Preferred Stock Series SS,,,,,,1,2026-10-09
BAER,0001941536,Bridger Aerospace Group Holdings Inc. Common Stock,,Industrials,Aerospace,,XLI,1,2026-10-09
BAERW,0001941536,Bridger Aerospace Group Holdings Inc. Warrant,,Industrials,Aerospace,,XLI,1,2026-10-09
BAFN,0001649739,BayFirst Financial Corp. Common Stock,,Financials,Major Banks,,XLF,1,2026-10-09
BAH,0001443646,Booz Allen Hamilton Holding Corporation Common Stock,,Consumer Discretionary,Professional Services,,XLY,1,2026-10-09
BAK,0001071438,Braskem SA ADR,,Industrials,Major Chemicals,,XLI,1,2026-10-09
BALL,0000009389,Ball Corporation Common Stock,,Industrials,Containers/Packaging,,XLI,1,2026-10-09
BALY,0001747079,Bally's Corporation Common Stock,,Consumer Discretionary,Hotels/Resorts,,XLY,1,2026-10-09
BAM,0001937926,Brookfield Asset Management Inc Class A Limited Voting Shares,,Real Estate,Building operators,,XLRE,1,2026-10-09
BANC,0001169770,Banc of California Inc. Common Stock,,Financials,Major Banks,,XLF,1,2026-10-09
BANC^F,,Banc of California Inc. Depositary Shares each representing a 1/40th interest in a share of 7.75% non-cumulative perpetual preferred stock Series F,,,,,,1,2026-10-09
BAND,0001514416,Bandwidth Inc. Class A Common Stock,,Technology,Computer Software: Prepackaged Software,,XLK,1,2026-10-09
BANF,0000760498,BancFirst Corporation Common Stock,,Financials,Major Banks,,XLF,1,2026-10-09
BANFP,0000760498,BancFirst Corporation - BFC Capital Trust II Cumulative Trust Preferred Securities,,Financials,Major Banks,,XLF,1,2026-10-09
BANL,0001914805,CBL International Limited Class B Ordinary Shares,,Energy,Oil Refining/Marketing,,XLE,1,2026-10-09
BANR,0000946673,Banner Corporation Common Stock,,Financials,Major Banks,,XLF,1,2026-10-09
BANX,0001578987,ArrowMark Financial Corp. Common Stock,,Financials,Trusts Except Educational Religious and Charitable,,XLF,1,2026-10-09
BAOS,0001811216,Baosheng Media Group Holdings Limited Ordinary shares,,Consumer Discretionary,Business Services,,XLY,1,2026-10-09
BAP,0001001290,Credicorp Ltd. Common Stock,,Financials,Commercial Banks,,XLF,1,2026-10-09
BARK,0001819574,BARK Inc. Class A Common Stock,,Consumer Discretionary,Other Specialty Stores,,XLY,1,2026-10-09
BATL,0001282648,Battalion Oil Corporation Common Stock,,Energy,Oil & Gas Production,,XLE,1,2026-10-09
BATRA,0001958140,Atlanta Braves Holdings Inc. Series A Common Stock,,Consumer Discretionary,Services-Misc. Amusement & Recreation,,XLY,1,2026-10-09
BATRK,0001958140,Atlanta Braves Holdings Inc. Series C Common Stock,,Consumer Discretionary,Services-Misc. Amusement & Recreation,,XLY,1,2026-10-09
BAX,0000010456,Baxter International Inc. Common Stock,,Health Care,Medical/Dental Instruments,,XLV,1,2026-10-09
BA^A,,Boeing Company (The) Depositary Shares each representing a 1/20th interest in a share of 6.00% Series A Mandatory Convertible Preferred Stock par value $1.00,,,,,,1,2026-10-09
BB,0001070235,BlackBerry Limited Common Stock,,Technology,Computer Software: Prepackaged Software,,XLK,1,2026-10-09
BBAI,0001836981,BigBear.ai Inc. Common Stock,,Technology,Computer Software: Prepackaged Software,,XLK,1,2026-10-09
BBAR,0000913059,Banco BBVA Argentina S.A. ADS,,Financials,Commercial Banks,,XLF,1,2026-10-09
BBCI,,Bradbury Capital Inc. Ordinary Shares,,Consumer Discretionary,Business Services,,XLY,1,2026-10-09
BBCIW,,Bradbury Capital Inc. Warrants,,Consumer Discretionary,Business Services,,XLY,1,2026-10-09
BBCP,0001703956,Concrete Pumping Holdings Inc. Common Stock,,Consumer Discretionary,Engineering & Construction,,XLY,1,2026-10-09
BBD,0001160330,Banco Bradesco Sa American Depositary Shares,,Financials,Major Banks,,XLF,1,2026-10-09
BBDC,0001379785,Barings BDC Inc. Common Stock,,Financials,Diversified Financial Services,,XLF,1,2026-10-09
BBDO,0001160330,Banco Bradesco Sa American Depositary Shares (each representing one Common Share),,Financials,Major Banks,,XLF,1,2026-10-09
BBGI,0001099160,Beasley Broadcast Group Inc. Class A Common Stock,,Consumer Discretionary,Broadcasting,,XLY,1,2026-10-09
BBIO,0001743881,BridgeBio Pharma Inc. Common Stock,,Health Care,Biotechnology: Pharmaceutical Preparations,,XLV,1,2026-10-09
BBLG,0001419554,Bone Biologics Corp Common Stock,,Health Care,Industrial Specialties,,XLV,1,2026-10-09
BBN,0001493683,BlackRock Taxable Municipal Bond Trust Common Shares of Beneficial Interest,,Financials,Finance Companies,,XLF,1,2026-10-09
BBNX,0001674632,Beta Bionics Inc. Common Stock,,Health Care,Medical/Dental Instruments,,XLV,1,2026-10-09
BBOT,0001869105,BridgeBio Oncology Therapeutics Inc. Common Stock  ,,Health Care,Biotechnology: Pharmaceutical Preparations,,XLV,1,2026-10-09
BBSI,0000902791,Barrett Business Services Inc. Common Stock,,Consumer Discretionary,Professional Services,,XLY,1,2026-10-09
BBT,0001108134,Beacon Financial Corporation Common stock,,Financials,Banks,,XLF,1,2026-10-09
BBUC,0001654795,Brookfield Business Corporation Class A Subordinate Voting Shares,,Consumer Discretionary,Engineering & Construction,,XLY,1,2026-10-09
BBVA,0000842180,Banco Bilbao Vizcaya Argentaria S.A. Common Stock,,Financials,Commercial Banks,,XLF,1,2026-10-09
BBW,0001113809,Build-A-Bear Workshop Inc. Common Stock,,Consumer Discretionary,Recreational Games/Products/Toys,,XLY,1,2026-10-09
BBWI,0000701985,Bath & Body Works Inc.,,Consumer Discretionary,Other Specialty Stores,,XLY,1,2026-10-09
BBY,0000764478,Best Buy Co. Inc. Common Stock,,Consumer Discretionary,Consumer Electronics/Video Chains,,XLY,1,2026-10-09
BC,0000014930,Brunswick Corporation Common Stock,,Industrials,Industrial Machinery/Components,,XLI,1,2026-10-09
BCAL,0001795815,California BanCorp Common Stock,,Financials,Major Banks,,XLF,1,2026-10-09
BCAT,0001809541,BlackRock Capital Allocation Term Trust Common Shares of Beneficial Interest,,Financials,Finance/Investors Services,,XLF,1,2026-10-09
BCAX,0002023658,Bicara Therapeutics Inc. Common Stock,,Health Care,Biotechnology: Pharmaceutical Preparations,,XLV,1,2026-10-09
BCBP,0001228454,BCB Bancorp Inc. (NJ) Common Stock,,Financials,Savings Institutions,,XLF,1,2026-10-09
BCC,0001328581,Boise Cascade L.L.C. Common Stock,,Consumer Discretionary,RETAIL: Building Materials,,XLY,1,2026-10-09
BCCQ,0002128045,Bleichroeder Acquisition Corp. III Class A Ordinary Shares,,Financials,Blank Checks,,XLF,1,2026-10-09
BCCQU,0002128045,Bleichroeder Acquisition Corp. III Units,,Financials,Blank Checks,,XLF,1,2026-10-09
BCCQW,0002128045,Bleichroeder Acquisition Corp. III Warrant,,Financials,Blank Checks,,XLF,1,2026-10-09
BCDA,0000925741,BioCardia Inc. Common Stock,,Health Care,Biotechnology: Biological Products (No Diagnostic Substances),,XLV,1,2026-10-09
BCE,0000718940,BCE Inc. Common Stock,,Communication Services,Telecommunications Equipment,,XLC,1,2026-10-09
BCG,0001953984,Binah Capital Group Inc. Common Stock,,Financials,Finance: Consumer Services,,XLF,1,2026-10-09
BCGWW,0001953984,Binah Capital Group Inc. Warrants,,Financials,Finance: Consumer Services,,XLF,1,2026-10-09
BCH,0001161125,Banco De Chile ADS,,Financials,Commercial Banks,,XLF,1,2026-10-09
BCHT,0000728385,Birchtech Corp. Common Stock,,Industrials,Industrial Machinery/Components,,XLI,1,2026-10-09
BCIC,0001372807,BCP Investment Corporation Common Stock,,Financials,Finance: Consumer Services,,XLF,1,2026-10-09
BCML,0001730984,BayCom Corp Common Stock,,Financials,Major Banks,,XLF,1,2026-10-09
BCO,0000078890,Brinks Company (The) Common Stock,,Industrials,Integrated Freight & Logistics,,XLI,1,2026-10-09
BCPC,0000009326,Balchem Corporation Common Stock,,Industrials,Major Chemicals,,XLI,1,2026-10-09
BCRX,0000882796,BioCryst Pharmaceuticals Inc. Common Stock,,Health Care,Biotechnology: Biological Products (No Diagnostic Substances),,XLV,1,2026-10-09
BCS,0000312069,Barclays PLC Common Stock,,Financials,Commercial Banks,,XLF,1,2026-10-09
BCSF,0001655050,Bain Capital Specialty Finance Inc. Common Stock,,Financials,Finance/Investors Services,,XLF,1,2026-10-09
BCSS,0002064355,Bain Capital GSS Investment Corp. Class A Ordinary Shares,,,,,,1,2026-10-09
BCTX,0001610820,BriaCell Therapeutics Corp. Common Shares,,Health Care,Biotechnology: Pharmaceutical Preparations,,XLV,1,2026-10-09
BCTXL,0001610820,BriaCell Therapeutics Corp. Warrant expiring 2031,,Health Care,Biotechnology: Pharmaceutical Preparations,,XLV,1,2026-10-09
BCTXZ,0001610820,BriaCell Therapeutics Corp. Warrant expiring 2030,,Health Care,Biotechnology: Pharmaceutical Preparations,,XLV,1,2026-10-09
BCV,0000009521,Bancroft Fund Ltd.,,Financials,Finance/Investors Services,,XLF,1,2026-10-09
BCV^A,,Bancroft Fund Limited 5.375% Series A Cumulative Preferred Shares,,,,,,1,2026-10-09
BCX,0001506289,BlackRock Resources Common Shares of Beneficial Interest,,Financials,Finance/Investors Services,,XLF,1,2026-10-09
BCYC,0001761612,Bicycle Therapeutics plc American Depositary Shares,,Health Care,Biotechnology: Pharmaceutical Preparations,,XLV,1,2026-10-09
BC^C,,Brunswick Corporation 6.375% Notes due 2049,,,,,,1,2026-10-09
BDC,0000913142,Belden Inc Common Stock,,Industrials,Telecommunications Equipment,,XLI,1,2026-10-09
BDCI,0002042292,BTC Development Corp. Class A Ordinary Shares,,Financials,Blank Checks,,XLF,1,2026-10-09
BDJ,0001332283,Blackrock Enhanced Equity Dividend Trust,,Financials,Finance Companies,,XLF,1,2026-10-09
BDL,0000012040,Flanigan's Enterprises Inc. Common Stock,,Consumer Discretionary,Restaurants,,XLY,1,2026-10-09
BDMD,0001982444,Baird Medical Investment Holdings Ltd Ordinary Share,,Health Care,Medical/Dental Instruments,,XLV,1,2026-10-09
BDN,0000790816,Brandywine Realty Trust Common Stock,,Real Estate,Real Estate Investment Trusts,,XLRE,1,2026-10-09
BDRX,0001643918,Biodexa Pharmaceuticals plc American Depositary Shs,,Health Care,Biotechnology: Pharmaceutical Preparations,,XLV,1,2026-10-09
BDSX,0001439725,Biodesix Inc. Common Stock,,Health Care,Medical Specialities,,XLV,1,2026-10-09
BDTX,0001701541,Black Diamond Therapeutics Inc. Common Stock,,Health Care,Biotechnology: Biological Products (No Diagnostic Substances),,XLV,1,2026-10-09
BDX,0000010795,Becton Dickinson and Company Common Stock,,Health Care,Medical/Dental Instruments,,XLV,1,2026-10-09
BE,0001664703,Bloom Energy Corporation Class A Common Stock,,Energy,Industrial Machinery/Components,,XLE,1,2026-10-09
BEAG,0001852207,Bold Eagle Acquisition Corp. Class A Ordinary Shares,,Financials,Blank Checks,,XLF,1,2026-10-09
BEAGR,0001852207,Bold Eagle Acquisition Corp. Right,,Financials,Blank Checks,,XLF,1,2026-10-09
BEAM,0001745999,Beam Therapeutics Inc. Common Stock,,Health Care,Biotechnology: Biological Products (No Diagnostic Substances),,XLV,1,2026-10-09
BEAT,0001779372,Heartbeam Inc. Common Stock,,Health Care,Medical/Dental Instruments,,XLV,1,2026-10-09
BEATW,0001779372,Heartbeam Inc. Warrant,,Health Care,Medical/Dental Instruments,,XLV,1,2026-10-09
BEBE,0002079933,TGE Value Creative Solutions Corp Class A Ordinary Shares,,Consumer Discretionary,Diversified Commercial Services,,XLY,1,2026-10-09
BEEM,0001398805,Beam Global Common Stock,,Miscellaneous,Industrial Machinery/Components,,,1,2026-10-09
BEEP,0001847874,Mobile Infrastructure Corporation Common Stock,,Financials,Real Estate,,XLF,1,2026-10-09
BEKE,0001809587,KE Holdings Inc American Depositary Shares (each representing three Class A Ordinary Shares),,Financials,Real Estate,,XLF,1,2026-10-09
BELFA,0000729580,Bel Fuse Inc. Class A Common Stock,,,,,,1,2026-10-09
BELFB,0000729580,Bel Fuse Inc. Class B Common Stock,,,,,,1,2026-10-09
BEN,0000038777,Franklin Templeton Inc. Common Stock,,Financials,Investment Managers,,XLF,1,2026-10-09
BENF,0001775734,Beneficient Class A Common Stock,,Financials,Finance: Consumer Services,,XLF,1,2026-10-09
BENFW,0001775734,Beneficient Warrant,,Financials,Finance: Consumer Services,,XLF,1,2026-10-09
BEP,0001533232,Brookfield Renewable Partners L.P. Limited Partnership Units,,Utilities,Electric Utilities: Central,,XLU,1,2026-10-09
BEPC,0001791863,Brookfield Renewable Corporation Brookfield Renewable Corporation Class A Subordinate Voting Shares,,Utilities,Electric Utilities: Central,,XLU,1,2026-10-09
BEPH,0001533232,Brookfield BRP Holdings (Canada) Inc. 4.625% Perpetual Subordinated Notes,,Utilities,Electric Utilities: Central,,XLU,1,2026-10-09
BEPI,0001533232,Brookfield BRP Holdings (Canada) Inc. 4.875% Perpetual Subordinated Notes,,Utilities,Electric Utilities: Central,,XLU,1,2026-10-09
BEPJ,0001533232,Brookfield BRP Holdings (Canada) Inc. 7.250% Perpetual Subordinated Notes,,Utilities,Electric Utilities: Central,,XLU,1,2026-10-09
BEP^A,,Brookfield Renewable Partners L.P. 5.25% Class A Preferred Limited Partnership Units Series 17,,,,,,1,2026-10-09
BESS,0001066764,Bimergen Energy Corporation Common Stock,,Utilities,Electric Utilities: Central,,XLU,1,2026-10-09
BETA,0001784570,Beta Technologies Inc. Class A Common Stock,,Industrials,Aerospace,,XLI,1,2026-10-09
BETR,0001835856,Better Home & Finance Holding Company Class A Common Stock,,Financials,Finance: Consumer Services,,XLF,1,2026-10-09
BETRW,0001835856,Better Home & Finance Holding Company Warrant,,Financials,Finance: Consumer Services,,XLF,1,2026-10-09
BF/A,0000014693,Brown Forman Corporation,,,,,,1,2026-10-09
BF/B,0000014693,Brown Forman Corporation,,,,,,1,2026-10-09
BFAM,0001437578,Bright Horizons Family Solutions Inc. Common Stock,,Consumer Discretionary,Other Consumer Services,,XLY,1,2026-10-09
BFC,0001746109,Bank First Corporation Common Stock,,Financials,Major Banks,,XLF,1,2026-10-09
BFH,0001101215,Bread Financial Holdings Inc. Common Stock,,Consumer Discretionary,Business Services,,XLY,1,2026-10-09
BFH^A,,Bread Financial Holdings Inc. Depositary Shares each representing a 1/40th interest in a share of 8.625% Non-Cumulative Perpetual Preferred Stock Series A,,,,,,1,2026-10-09
BFH^B,,Bread Financial Holdings Inc. Depositary Shares each representing a 1/40th interest in a share of 8.875% Fixed Rate Reset Non-Cumulative Perpetual Preferred Stock Series B,,,,,,1,2026-10-09
BFLY,0001804176,Butterfly Network Inc. Class A Common Stock,,Health Care,Medical Electronics,,XLV,1,2026-10-09
BFRG,0001829247,Bullfrog AI Holdings Inc. Common Stock,,Health Care,Biotechnology: Pharmaceutical Preparations,,XLV,1,2026-10-09
BFRGW,0001829247,Bullfrog AI Holdings Inc. Warrants,,Health Care,Biotechnology: Pharmaceutical Preparations,,XLV,1,2026-10-09
BFRI,0001858685,Biofrontera Inc. Common Stock,,Health Care,Biotechnology: Pharmaceutical Preparations,,XLV,1,2026-10-09
BFRIW,0001858685,Biofrontera Inc. Warrants,,Health Care,Biotechnology: Pharmaceutical Preparations,,XLV,1,2026-10-09
BFS,0000907254,Saul Centers Inc. Common Stock,,Real Estate,Real Estate Investment Trusts,,XLRE,1,2026-10-09
BFST,0001624322,Business First Bancshares Inc. Common Stock,,Financials,Major Banks,,XLF,1,2026-10-09
BFS^D,,Saul Centers Inc. Depositary Shares each representing 1/100th of a share of 6.125% Series D Cumulative Redeemable Preferred Stock,,,,,,1,2026-10-09
BFS^E,,Saul Centers Inc. Depositary shares each representing a 1/100th fractional interest in a share of 6.000% Series E Cumulative Redeemable Preferred Stock,,,,,,1,2026-10-09
BG,0001996862,Bunge Limited Common Shares,,Consumer Staples,Packaged Foods,,XLP,1,2026-10-09
BGB,0001546429,Blackstone Strategic Credit 2027 Term Fund Common Shares of Beneficial Interest,,Financials,Trusts Except Educational Religious and Charitable,,XLF,1,2026-10-09
BGC,0001094831,BGC Group Inc. Class A Common Stock,,Financials,Investment Bankers/Brokers/Service,,XLF,1,2026-10-09
BGDE,0001218683,Big Digital Energy Inc. Common Stock,,Financials,Finance: Consumer Services,,XLF,1,2026-10-09
BGH,0001521404,Barings Global Short Duration High Yield Fund Common Shares of Beneficial Interests,,Financials,Investment Managers,,XLF,1,2026-10-09
BGIN,0001945565,Bgin Blockchain Limited Class A Ordinary Shares,,Financials,Finance: Consumer Services,,XLF,1,2026-10-09
BGL,0002019435,Blue Gold Limited Class A Ordinary Shares,,Materials,Metal Mining,,XLB,1,2026-10-09
BGLC,0001737523,BioNexus Gene Lab Corp Common stock,,Health Care,Medical Specialities,,XLV,1,2026-10-09
BGLWW,0002019435,Blue Gold Limited Warrant,,Materials,Metal Mining,,XLB,1,2026-10-09
BGM,0001779578,BGM Group Ltd. Class A Ordinary Shares,,Health Care,Biotechnology: Pharmaceutical Preparations,,XLV,1,2026-10-09
BGMS,0001130166,Bio Green Med Solution Inc. Common Stock,,Health Care,Biotechnology: Pharmaceutical Preparations,,XLV,1,2026-10-09
BGR,0001306550,BlackRock Energy and Resources Trust,,Financials,Trusts Except Educational Religious and Charitable,,XLF,1,2026-10-09
BGS,0001278027,B&G Foods Inc. Common Stock,,Consumer Staples,Packaged Foods,,XLP,1,2026-10-09
BGSF,0001474903,BGSF Inc. Common Stock,,Consumer Discretionary,Professional Services,,XLY,1,2026-10-09
BGSI,0002091467,Boyd Group Services Inc. Common Shares,,,,,,1,2026-10-09
BGT,0001287480,BlackRock Floating Rate Income Trust,,Financials,Trusts Except Educational Religious and Charitable,,XLF,1,2026-10-09
BGX,0001504234,Blackstone Long Short Credit Income Fund Common Shares,,Financials,Trusts Except Educational Religious and Charitable,,XLF,1,2026-10-09
BGY,0001393299,Blackrock Enhanced International Dividend Trust,,Financials,Trusts Except Educational Religious and Charitable,,XLF,1,2026-10-09
BH,0001726173,Biglari Holdings Inc. Class B Common Stock,,Consumer Discretionary,Restaurants,,XLY,1,2026-10-09
BHAV,0002097288,BHAV Acquisition Corp Class A Ordinary Shares,,Financials,Blank Checks,,XLF,1,2026-10-09
BHAVR,0002097288,BHAV Acquisition Corp Rights,,Financials,Blank Checks,,XLF,1,2026-10-09
BHB,0000743367,Bar Harbor Bankshares Inc. Common Stock,,Financials,Major Banks,,XLF,1,2026-10-09
BHC,0000885590,Bausch Health Companies Inc. Common Stock,,Health Care,Biotechnology: Pharmaceutical Preparations,,XLV,1,2026-10-09
BHE,0000863436,Benchmark Electronics Inc. Common Stock,,Technology,Electrical Products,,XLK,1,2026-10-09
BHF,0001685040,Brighthouse Financial Inc. Common Stock,,Financials,Life Insurance,,XLF,1,2026-10-09
BHFAL,0001685040,Brighthouse Financial Inc. 6.25% Junior Subordinated Debentures due 2058,,Financials,Life Insurance,,XLF,1,2026-10-09
BHFAM,0001685040,Brighthouse Financial Inc. Depositary shares each representing a 1/1000th Interest in a Share of 4.625% Non-Cumulative Preferred Stock Series D,,Financials,Life Insurance,,XLF,1,2026-10-09
BHFAN,0001685040,Brighthouse Financial Inc. Depositary shares each representing a 1/1000th interest in a share of 5.375% Non-Cumulative Preferred Stock Series C,,Financials,Life Insurance,,XLF,1,2026-10-09
BHFAO,0001685040,Brighthouse Financial Inc. Depositary Shares 6.75% Non-Cumulative Preferred Stock Series B,,Financials,Life Insurance,,XLF,1,2026-10-09
BHFAP,0001685040,Brighthouse Financial Inc. Depositary Shares 6.6% Non-Cumulative Preferred Stock Series A,,Financials,Life Insurance,,XLF,1,2026-10-09
BHK,0001160864,Blackrock Core Bond Trust,,Financials,Finance Companies,,XLF,1,2026-10-09
BHM,0001903382,Bluerock Homes Trust Inc. Class A Common Stock,,Real Estate,Real Estate Investment Trusts,,XLRE,1,2026-10-09
BHP,0000811809,BHP Group Limited American Depositary Shares (Each representing two Ordinary Shares),,Energy,Coal Mining,,XLE,1,2026-10-09
BHR,0001574085,Braemar Hotels & Resorts Inc. Common Stock,,Real Estate,Real Estate Investment Trusts,,XLRE,1,2026-10-09
BHRB,0001964333,Burke & Herbert Financial Services Corp. Common Stock,,Financials,Major Banks,,XLF,1,2026-10-09
BHR^B,,Braemar Hotels & Resorts Inc. 5.50% Series B Cumulative Convertible Preferred Stock par value $0.01 per share,,,,,,1,2026-10-09
BHR^D,,Braemar Hotels & Resorts Inc. 8.25% Series D Cumulative Preferred Stock  par value $0.01 per share,,,,,,1,2026-10-09
BHST,0001723464,BioHarvest Sciences Inc. Common Stock,,,,,,1,2026-10-09
BHV,0001169034,BlackRock Virginia Municipal Bond Trust,,Financials,Finance/Investors Services,,XLF,1,2026-10-09
BHVN,0001935979,Biohaven Ltd. Common Shares ,,Health Care,Biotechnology: Pharmaceutical Preparations,,XLV,1,2026-10-09
BIAF,0001712762,bioAffinity Technologies Inc. Common Stock,,Health Care,Biotechnology: Commercial Physical & Biological Resarch,,XLV,1,2026-10-09
BIAFW,0001712762,bioAffinity Technologies Inc. Warrant,,Health Care,Biotechnology: Commercial Physical & Biological Resarch,,XLV,1,2026-10-09
BID,0002094919,Tribeca Strategic Acquisition Corp. Class A Ordinary Shares,,Financials,Blank Checks,,XLF,1,2026-10-09
BIDU,0001329099,Baidu Inc. ADS,,Technology,Computer Software: Programming Data Processing,,XLK,1,2026-10-09
BIIB,0000875045,Biogen Inc. Common Stock,,Health Care,Biotechnology: Biological Products (No Diagnostic Substances),,XLV,1,2026-10-09
BIII,0002087087,Black Spade Acquisition III Co Class A Ordinary Shares,,Financials,Blank Checks,,XLF,1,2026-10-09
BILI,0001723690,Bilibili Inc. American Depositary Shares,,Technology,EDP Services,,XLK,1,2026-10-09
BILL,0001786352,BILL Holdings Inc. Common Stock,,Technology,Computer Software: Prepackaged Software,,XLK,1,2026-10-09
BIO,0000012208,Bio-Rad Laboratories Inc. Class A Common Stock,,Industrials,Biotechnology: Laboratory Analytical Instruments,,XLI,1,2026-10-09
BIO/B,0000012208,Bio-Rad Laboratories Inc.,,,,,,1,2026-10-09
BIOA,0001709941,BioAge Labs Inc. Common Stock,,Health Care,Biotechnology: Pharmaceutical Preparations,,XLV,1,2026-10-09
BIOT,0002072188,Instinct Bio Technical Company Holdings Inc. Ordinary Shares,,Consumer Discretionary,Package Goods/Cosmetics,,XLY,1,2026-10-09
BIOX,0001769484,Bioceres Crop Solutions Corp. Ordinary Shares,,Industrials,Agricultural Chemicals,,XLI,1,2026-10-09
BIP,0001406234,Brookfield Infrastructure Partners LP Limited Partnership Units,,Consumer Discretionary,Marine Transportation,,XLY,1,2026-10-09
BIPC,0001788348,Brookfield Infrastructure Corporation Brookfield Infrastructure Corporation,,Consumer Discretionary,Marine Transportation,,XLY,1,2026-10-09
BIPH,0001406234,Brookfield Infrastructure Corporation 5.000% Subordinated Notes due 2081,,Consumer Discretionary,Marine Transportation,,XLY,1,2026-10-09
BIPI,0001406234,BIP Bermuda Holdings I Limited 5.125% Perpetual Subordinated Notes,,Consumer Discretionary,Marine Transportation,,XLY,1,2026-10-09
BIPJ,0001406234,Brookfield Infrastructure Corporation 7.250% Subordinated Notes due 2084,,Consumer Discretionary,Marine Transportation,,XLY,1,2026-10-09
BIP^A,,Brookfield Infrastructure Partners LP 5.125% Class A Preferred Limited Partnership Units Series 13,,,,,,1,2026-10-09
BIP^B,,Brookfield Infrastructure Partners LP 5.000% Class A Preferred Limited Partnership Units Series 14,,,,,,1,2026-10-09
BIRD,0001653909,Smartbird Inc. Class A Common Stock,,Consumer Discretionary,Apparel,,XLY,1,2026-10-09
BIRK,0001977102,Birkenstock Holding plc Ordinary Shares,,Consumer Discretionary,Shoe Manufacturing,,XLY,1,2026-10-09
BIT,0001562818,BlackRock Multi-Sector Income Trust Common Shares of Beneficial Interest,,Financials,Trusts Except Educational Religious and Charitable,,XLF,1,2026-10-09
BIVI,0001580149,BioVie Inc. Class A Common Stock,,Health Care,Biotechnology: Pharmaceutical Preparations,,XLV,1,2026-10-09
BIVIW,0001580149,BioVie Inc. Warrant,,Health Care,Biotechnology: Pharmaceutical Preparations,,XLV,1,2026-10-09
BIXI,0002082542,Bitcoin Infrastructure Acquisition Corp Ltd. Class A Ordinary Shares,,,,,,1,2026-10-09
BIXIU,0002082542,Bitcoin Infrastructure Acquisition Corp Ltd. Unit ,,Financials,Blank Checks,,XLF,1,2026-10-09
BIYA,0001944712,Baiya International Group Inc Class A Ordinary Shares,,Consumer Discretionary,Diversified Commercial Services,,XLY,1,2026-10-09
BJ,0001531152,BJ's Wholesale Club Holdings Inc. Common Stock,,Consumer Discretionary,Department/Specialty Retail Stores,,XLY,1,2026-10-09
BJDX,0001704287,Bluejay Diagnostics Inc. Common Stock,,Health Care,Medical/Dental Instruments,,XLV,1,2026-10-09
BJRI,0001013488,BJ's Restaurants Inc. Common Stock,,Consumer Discretionary,Restaurants,,XLY,1,2026-10-09
BKD,0001332349,Brookdale Senior Living Inc. Common Stock,,Health Care,Hospital/Nursing Management,,XLV,1,2026-10-09
BKE,0000885245,Buckle Inc. (The) Common Stock,,Consumer Discretionary,Clothing/Shoe/Accessory Stores,,XLY,1,2026-10-09
BKH,0001130464,Black Hills Corporation Common Stock,,Utilities,Electric Utilities: Central,,XLU,1,2026-10-09
BKHA,0002000775,Black Hawk Acquisition Corporation Class A Ordinary Shares,,Health Care,Biotechnology: Biological Products (No Diagnostic Substances),,XLV,1,2026-10-09
BKHAR,0002000775,Black Hawk Acquisition Corporation Rights,,Health Care,Biotechnology: Biological Products (No Diagnostic Substances),,XLV,1,2026-10-09
BKHAU,0002000775,Black Hawk Acquisition Corporation Units,,,,,,1,2026-10-09
BKKT,0001820302,Bakkt Inc. Class A Common Stock,,Financials,Finance: Consumer Services,,XLF,1,2026-10-09
BKNG,0001075531,Booking Holdings Inc. Common Stock,,Consumer Discretionary,Transportation Services,,XLY,1,2026-10-09
BKR,0001701605,Baker Hughes Company Class A Common Stock,,Consumer Discretionary,Oil and Gas Field Machinery,,XLY,1,2026-10-09
BKSY,0001753539,BlackSky Technology Inc. Class A Common Stock,,Technology,Radio And Television Broadcasting And Communications Equipment,,XLK,1,2026-10-09
BKT,0000832327,BlackRock Income Trust Inc. (The),,Financials,Investment Bankers/Brokers/Service,,XLF,1,2026-10-09
BKTI,0000002186,BK Technologies Corporation Common Stock,,Technology,Radio And Television Broadcasting And Communications Equipment,,XLK,1,2026-10-09
BKU,0001504008,BankUnited Inc. Common Stock,,Financials,Savings Institutions,,XLF,1,2026-10-09
BKV,0001838406,BKV Corporation Common Stock,,Energy,Oil & Gas Production,,XLE,1,2026-10-09
BKYI,0001019034,BIO-key International Inc. Common Stock,,Technology,Computer Software: Prepackaged Software,,XLK,1,2026-10-09
BL,0001666134,BlackLine Inc. Common Stock,,Technology,Computer Software: Prepackaged Software,,XLK,1,2026-10-09
BLBD,0001589526,Blue Bird Corporation Common Stock,,Consumer Discretionary,Construction/Ag Equipment/Trucks,,XLY,1,2026-10-09
BLCO,0001860742,Bausch + Lomb Corporation Common Shares,,Health Care,Ophthalmic Goods,,XLV,1,2026-10-09
BLDP,0001453015,Ballard Power Systems Inc. Common Shares,,Energy,Industrial Machinery/Components,,XLE,1,2026-10-09
BLDR,0001316835,Builders FirstSource Inc. Common Stock,,Consumer Discretionary,RETAIL: Building Materials,,XLY,1,2026-10-09
BLIN,0001378590,Bridgeline Digital Inc. Common Stock,,Technology,Computer Software: Prepackaged Software,,XLK,1,2026-10-09
BLIV,0001982448,BeLive Holdings Ordinary Share,,Technology,EDP Services,,XLK,1,2026-10-09
BLK,0002012383,BlackRock Inc. Common Stock,,Financials,Investment Bankers/Brokers/Service,,XLF,1,2026-10-09
BLKB,0001280058,Blackbaud Inc. Common Stock,,Technology,Computer Software: Prepackaged Software,,XLK,1,2026-10-09
BLLN,0002070849,BillionToOne Inc. Class A Common Stock,,Health Care,Medical Specialities,,XLV,1,2026-10-09
BLMN,0001546417,Bloomin' Brands Inc. Common Stock,,Consumer Discretionary,Restaurants,,XLY,1,2026-10-09
BLND,0001855747,Blend Labs Inc. Class A Common Stock,,Technology,Computer Software: Programming Data Processing,,XLK,1,2026-10-09
BLNE,0001534708,Beeline Holdings Inc. Common Stock,,Financials,Finance: Consumer Services,,XLF,1,2026-10-09
BLNK,0001429764,Blink Charging Co. Common Stock,,Miscellaneous,Industrial Machinery/Components,,,1,2026-10-09
BLRK,0002081532,Bluerock Acquisition Corp. Class A Ordinary Shares,,,,,,1,2026-10-09
BLRKU,0002081532,Bluerock Acquisition Corp. Unit,,,,,,1,2026-10-09
BLRX,0001498403,BioLineRx Ltd. American Depositary Shares,,Health Care,Biotechnology: Pharmaceutical Preparations,,XLV,1,2026-10-09
BLSH,0001872195,Bullish Ordinary Shares,,Financials,Finance: Consumer Services,,XLF,1,2026-10-09
BLSM,0001839970,BlossomHill Therapeutics Inc. Common Stock,,Health Care,Biotechnology: Pharmaceutical Preparations,,XLV,1,2026-10-09
BLTE,0001889109,Belite Bio Inc American Depositary Shares,,Health Care,Biotechnology: Pharmaceutical Preparations,,XLV,1,2026-10-09
BLUW,0002050501,Blue Water Acquisition Corp. III Class A Ordinary Shares,,,,,,1,2026-10-09
BLUWW,0002050501,Blue Water Acquisition Corp. III Warrant.,,,,,,1,2026-10-09
BLW,0001233681,Blackrock Limited Duration Income Trust,,Consumer Discretionary,Other Consumer Services,,XLY,1,2026-10-09
BLX,0000890541,Bladex Inc. Class E Common Stock,,Financials,Commercial Banks,,XLF,1,2026-10-09
BLZE,0001462056,Backblaze Inc. Class A Common Stock,,Technology,Computer Software: Prepackaged Software,,XLK,1,2026-10-09
BLZR,0002075310,Trailblazer Acquisition Corp. Class A Ordinary Shares,,Financials,Blank Checks,,XLF,1,2026-10-09
BLZRU,0002075310,Trailblazer Acquisition Corp. Unit,,,,,,1,2026-10-09
BLZRW,0002075310,Trailblazer Acquisition Corp. Warrant,,Financials,Blank Checks,,XLF,1,2026-10-09
BMA,0001347426,Banco Macro S.A.  ADR (representing Ten Class B Common Shares),,Financials,Commercial Banks,,XLF,1,2026-10-09
BMBL,0001830043,Bumble Inc. Class A Common Stock,,Technology,Computer Software: Programming Data Processing,,XLK,1,2026-10-09
BME,0001314966,Blackrock Health Sciences Trust,,Financials,Trusts Except Educational Religious and Charitable,,XLF,1,2026-10-09
BMEA,0001840439,Biomea Fusion Inc. Common Stock,,Health Care,Biotechnology: Pharmaceutical Preparations,,XLV,1,2026-10-09
BMEZ,0001785971,BlackRock Health Sciences Term Trust Common Shares of Beneficial Interest,,Financials,Trusts Except Educational Religious and Charitable,,XLF,1,2026-10-09
BMGL,0002004489,Basel Medical Group Ltd Ordinary Shares,,Health Care,Medical/Nursing Services,,XLV,1,2026-10-09
BMHL,0002027815,Bluemount Holdings Limited Class B Ordinary Shares,,Financials,Finance: Consumer Services,,XLF,1,2026-10-09
BMI,0000009092,Badger Meter Inc. Common Stock,,Industrials,Industrial Machinery/Components,,XLI,1,2026-10-09
BML^G,,Bank of America Corporation Depositary Shares (Each representing a 1/1200th interest in a share of Floating Rate Non-Cumulative Preferred Stock  Series 1),,,,,,1,2026-10-09
BML^H,,Bank of America Corporation Depositary Shares (Each representing a 1/1200th interest in a Share of Floating Rate Non-Cumulative Preferred Stock Series 2),,,,,,1,2026-10-09
BML^J,,Bank of America Corporation Depositary Shares (Each representing a 1/1200th interest in a Share of Floating Rate Non-Cumulative Preferred Stock Series 4),,,,,,1,2026-10-09
BML^L,,Bank of America Corporation Depositary Shares (Each representing a 1/1200th Interest in a Share of Floating Rate Non-Cumulative Preferred Stock Series 5),,,,,,1,2026-10-09
BMM,0001732379,Blue Moon Metals Inc. Common Shares,,,,,,1,2026-10-09
BMN,0001832871,BlackRock 2037 Municipal Target Term Trust Common Shares of Beneficial Interest,,Financials,Trusts Except Educational Religious and Charitable,,XLF,1,2026-10-09
BMNP,0001829311,BitMine Immersion Technologies Inc. 9.5% Series A Perpetual Preferred Stock,,Financials,Finance: Consumer Services,,XLF,1,2026-10-09
BMNR,0001829311,BitMine Immersion Technologies Inc. Common Stock,,Financials,Finance: Consumer Services,,XLF,1,2026-10-09
BMO,0000927971,Bank Of Montreal Common Stock,,Financials,Commercial Banks,,XLF,1,2026-10-09
BMR,0001899005,Beamr Imaging Ltd. Ordinary Share,,Technology,Computer Software: Prepackaged Software,,XLK,1,2026-10-09
BMRA,0000073290,Biomerica Inc. Common Stock,,Health Care,Biotechnology: In Vitro & In Vivo Diagnostic Substances,,XLV,1,2026-10-09
BMRC,0001403475,Bank of Marin Bancorp Common Stock,,Financials,Major Banks,,XLF,1,2026-10-09
BMRN,0001048477,BioMarin Pharmaceutical Inc. Common Stock,,Health Care,Biotechnology: Pharmaceutical Preparations,,XLV,1,2026-10-09
BMY,0000014272,Bristol-Myers Squibb Company Common Stock,,Health Care,Biotechnology: Pharmaceutical Preparations,,XLV,1,2026-10-09
BN,0001001085,Brookfield Corporation Class A Limited Voting Shares,,Real Estate,Building operators,,XLRE,1,2026-10-09
BNAI,0001838163,Brand Engagement Network Inc. Common Stock,,Technology,EDP Services,,XLK,1,2026-10-09
BNAIW,0001838163,Brand Engagement Network Inc. Warrant,,Technology,EDP Services,,XLK,1,2026-10-09
BNC,0001482541,BNB Standard Corporation Common Stock,,Consumer Staples,Farming/Seeds/Milling,,XLP,1,2026-10-09
BNCWW,0001482541,BNB Standard Corporation Warrant,,Consumer Staples,Farming/Seeds/Milling,,XLP,1,2026-10-09
BNCWZ,0001482541,BNB Standard Corporation Warrant,,Consumer Staples,Farming/Seeds/Milling,,XLP,1,2026-10-09
BNED,0001634117,Barnes & Noble Education Inc Common Stock,,Consumer Discretionary,Other Specialty Stores,,XLY,1,2026-10-09
BNGO,0001411690,Bionano Genomics Inc. Common Stock,,Industrials,Biotechnology: Laboratory Analytical Instruments,,XLI,1,2026-10-09
BNH,0001001085,Brookfield Finance Inc. 4.625% Subordinated Notes due October 16 2080,,Real Estate,Building operators,,XLRE,1,2026-10-09
BNJ,0001001085,Brookfield Finance Inc. 4.50% Perpetual Subordinated Notes,,Real Estate,Building operators,,XLRE,1,2026-10-09
BNKK,0001760903,Bonk Inc. Common Stock,,Consumer Discretionary,Package Goods/Cosmetics,,XLY,1,2026-10-09
BNL,0001424182,Broadstone Net Lease Inc. Common Stock,,Real Estate,Real Estate Investment Trusts,,XLRE,1,2026-10-09
BNR,0001792267,Burning Rock Biotech Limited American Depositary Shares,,Health Care,Medical Specialities,,XLV,1,2026-10-09
BNS,0000009631,Bank Nova Scotia Halifax Pfd 3 Ordinary Shares,,Financials,Major Banks,,XLF,1,2026-10-09
BNT,0001837429,Brookfield Wealth Solutions Ltd. Class A Exchangeable Limited Voting Shares,,Financials,Property-Casualty Insurers,,XLF,1,2026-10-09
BNTC,0001808898,Benitec Biopharma Inc. Common Stock,,Health Care,Biotechnology: Pharmaceutical Preparations,,XLV,1,2026-10-09
BNTX,0001776985,BioNTech SE American Depositary Share,,Health Care,Biotechnology: Biological Products (No Diagnostic Substances),,XLV,1,2026-10-09
BNY,0001390777,The Bank of New York Mellon Corporation Common Stock,,Financials,Major Banks,,XLF,1,2026-10-09
BNY^K,,The Bank Of New York Mellon Corporation  Depositary Shares each representing a 1/4000th interest in a share of Series K Noncumulative Perpetual Preferred Stock,,,,,,1,2026-10-09
BOBS,0002085187,Bob's Discount Furniture Inc. Common Stock,,Consumer Discretionary,Other Specialty Stores,,XLY,1,2026-10-09
BOC,0001494582,Boston Omaha Corporation Class A Common Stock,,Financials,Real Estate,,XLF,1,2026-10-09
BODI,0001826889,The Beachbody Company Inc. Class A Common Stock,,Consumer Discretionary,Other Consumer Services,,XLY,1,2026-10-09
BOE,0001320375,Blackrock Enhanced Global Dividend Trust Common Shares of Beneficial Interest,,Financials,Trusts Except Educational Religious and Charitable,,XLF,1,2026-10-09
BOF,0001962481,BranchOut Food Inc. Common Stock,,Consumer Staples,Packaged Foods,,XLP,1,2026-10-09
BOH,0000046195,Bank of Hawaii Corporation Common Stock,,Financials,Major Banks,,XLF,1,2026-10-09
BOH^A,,Bank of Hawaii Corporation Depositary Shares Each Representing a 1/40th Interest in a Share of 4.375% Fixed Rate Non-Cumulative Perpetual Preferred Stock Series A,,,,,,1,2026-10-09
BOH^B,,Bank of Hawaii Corporation Depositary Shares Each Representing a 1/40th Interest in a Share of 8.000% Fixed Rate Non-Cumulative Perpetual Preferred Stock Series B,,,,,,1,2026-10-09
BOKF,0000875357,BOK Financial Corporation Common Stock,,Financials,Major Banks,,XLF,1,2026-10-09
BOLD,0001782303,Boundless Bio Inc. Common Stock,,Health Care,Biotechnology: Pharmaceutical Preparations,,XLV,1,2026-10-09
BOLT,0001641281,Bolt Biotherapeutics Inc. Common Stock,,Health Care,Biotechnology: Pharmaceutical Preparations,,XLV,1,2026-10-09
BON,0001816815,Bon Natural Life Limited Class A Ordinary Shares,,Health Care, Medicinal Chemicals and Botanical Products ,,XLV,1,2026-10-09
BOOM,0000034067,DMC Global Inc. Common Stock,,Industrials,Industrial Specialties,,XLI,1,2026-10-09
BOOT,0001610250,Boot Barn Holdings Inc. Common Stock,,Consumer Discretionary,Clothing/Shoe/Accessory Stores,,XLY,1,2026-10-09
BORR,0001715497,Borr Drilling Limited Common Shares,,Energy,Oil & Gas Production,,XLE,1,2026-10-09
BOSC,0001005516,B.O.S. Better Online Solutions Common Stock,,Communication Services,Computer Communications Equipment,,XLC,1,2026-10-09
BOT,0002081119,RoboStrategy Inc. Common Stock,,,,,,1,2026-10-09
BOTJ,0001275101,Bank of the James Financial Group Inc. Common Stock,,Financials,Major Banks,,XLF,1,2026-10-09
BOW,0002002473,Bowhead Specialty Holdings Inc. Common Stock,,Financials,Property-Casualty Insurers,,XLF,1,2026-10-09
BOX,0001372612,Box Inc. Class A Common Stock,,Technology,Computer Software: Prepackaged Software,,XLK,1,2026-10-09
BOXL,0001624512,Boxlight Corporation Class A Common Stock,,Real Estate,Other Consumer Services,,XLRE,1,2026-10-09
BP,0000313807,BP p.l.c. Common Stock,,Energy,Integrated oil Companies,,XLE,1,2026-10-09
BPAC,0002064177,Blueport Acquisition Ltd Class A Ordinary Shares,,,,,,1,2026-10-09
BPACR,0002064177,Blueport Acquisition Ltd Rights,,Financials,Blank Checks,,XLF,1,2026-10-09
BPOP,0000763901,Popular Inc. Common Stock,,Financials,Major Banks,,XLF,1,2026-10-09
BPOPM,0000763901,Popular Inc. Popular Capital Trust II - 6.125% Cumulative Monthly Income Trust Preferred Securities,,Financials,Major Banks,,XLF,1,2026-10-09
BPRE,0001551047,Bluerock Private Real Estate Fund Common Shares of Beneficial Interest,,,,,,1,2026-10-09
BPRN,0001913971,Princeton Bancorp Inc. Common Stock (PA),,Financials,Major Banks,,XLF,1,2026-10-09
BPYPM,0001545772,Brookfield Property Partners L.P. 6.25% Class A Cumulative Redeemable Preferred Units Series 1,,Financials,Real Estate,,XLF,1,2026-10-09
BPYPN,0001545772,Brookfield Property Partners L.P. 5.750% Class A Cumulative Redeemable Perpetual Preferred Units Series 3,,Financials,Real Estate,,XLF,1,2026-10-09
BPYPO,0001545772,Brookfield Property Partners L.P. 6.375% Class A Cumulative Redeemable Perpetual Preferred Units Series 2,,Financials,Real Estate,,XLF,1,2026-10-09
BPYPP,0001545772,Brookfield Property Partners L.P. 6.50% Class A Cumulative Redeemable Perpetual Preferred Units,,Financials,Real Estate,,XLF,1,2026-10-09
BQ,0001815021,Boqii Holding Limited Class A Ordinary Shares,,Consumer Discretionary,Other Specialty Stores,,XLY,1,2026-10-09
BR,0001383312,Broadridge Financial Solutions Inc. Common Stock,,Consumer Discretionary,Business Services,,XLY,1,2026-10-09
BRAG,0001867834,Bragg Gaming Group Inc. Common Shares,,Technology,Office Equipment/Supplies/Services,,XLK,1,2026-10-09
BRAI,0002076975,Braiin Limited Common Stock,,Technology,EDP Services,,XLK,1,2026-10-09
BRBI,0002058601,BRBI BR Partners S.A. ADSs,,Financials,Finance: Consumer Services,,XLF,1,2026-10-09
BRBR,0001772016,BellRing Brands Inc. Common Stock ,,Consumer Staples,Packaged Foods,,XLP,1,2026-10-09
BRBS,0000842717,Blue Ridge Bankshares Inc. Common Stock,,Financials,Major Banks,,XLF,1,2026-10-09
BRC,0000746598,Brady Corporation Common Stock,,Consumer Discretionary,Miscellaneous manufacturing industries,,XLY,1,2026-10-09
BRCB,0002068577,Black Rock Coffee Bar Inc. Class A Common Stock,,Consumer Discretionary,Restaurants,,XLY,1,2026-10-09
BRCC,0001891101,BRC Inc. Class A Common Stock,,Consumer Staples,Beverages (Production/Distribution),,XLP,1,2026-10-09
BREZ,0002095443,Breeze Acquisition Corp. II Ordinary Shares,,Financials,Blank Checks,,XLF,1,2026-10-09
BRFH,0001487197,Barfresh Food Group Inc. Common Stock,,Consumer Staples,Packaged Foods,,XLP,1,2026-10-09
BRIA,0002000230,BrilliA Inc Class A Ordinary Shares,,Consumer Discretionary,Apparel,,XLY,1,2026-10-09
BRID,0000014177,Bridgford Foods Corporation Common Stock,,Consumer Staples,Specialty Foods,,XLP,1,2026-10-09
BRK/A,0001067983,Berkshire Hathaway Inc.,,,,,,1,2026-10-09
BRK/B,0001067983,Berkshire Hathaway Inc.,,,,,,1,2026-10-09
BRKH,0002098707,Burtech Acquisition Corp II Class A Ordinary Shares,,Financials,Blank Checks,,XLF,1,2026-10-09
BRKR,0001109354,Bruker Corporation Common Stock,,Industrials,Biotechnology: Laboratory Analytical Instruments,,XLI,1,2026-10-09
BRKRP,0001109354,Bruker Corporation 6.375% Mandatory Convertible Preferred Stock Series A,,Industrials,Biotechnology: Laboratory Analytical Instruments,,XLI,1,2026-10-09
BRLS,0001852973,Borealis Foods Inc. Class A Common Shares,,Consumer Staples,Packaged Foods,,XLP,1,2026-10-09
BRLT,0001866757,Brilliant Earth Group Inc. Class A Common Stock,,Consumer Discretionary,Consumer Specialties,,XLY,1,2026-10-09
BRN,0000010048,Barnwell Industries Inc. Common Stock,,Energy,Oil & Gas Production,,XLE,1,2026-10-09
BRNX,0001901215,BrenX Ltd. Ordinary Shares,,Industrials,Building Products,,XLI,1,2026-10-09
BRO,0000079282,Brown & Brown Inc. Common Stock,,Financials,Specialty Insurers,,XLF,1,2026-10-09
BROS,0001866581,Dutch Bros Inc. Class A Common Stock,,Consumer Discretionary,Restaurants,,XLY,1,2026-10-09
BRRKU,0002098410,Bluerock Acquisition Corp. II Units,,,,,,1,2026-10-09
BRSL,0001619762,Brightstar Lottery PLC Trading under the Legal Name to begin at the market open on July 21 2025. Ordinary Shares,,Consumer Discretionary,Services-Misc. Amusement & Recreation,,XLY,1,2026-10-09
BRSP,0001717547,BrightSpire Capital Inc. Class A Common Stock,,Real Estate,Real Estate Investment Trusts,,XLRE,1,2026-10-09
BRT,0000014846,BRT Apartments Corp. (MD) Common Stock,,Real Estate,Real Estate Investment Trusts,,XLRE,1,2026-10-09
BRTM,0002131350,B&R Technology Merger Corp. Class A Ordinary Shares,,Financials,Blank Checks,,XLF,1,2026-10-09
BRTMU,0002131350,B&R Technology Merger Corp. Units,,,,,,1,2026-10-09
BRTX,0001505497,BioRestorative Therapies Inc. Common Stock (NV),,Health Care,Managed Health Care,,XLV,1,2026-10-09
BRUN,0002090646,Boost Run Inc. Class A Common Stock,,Technology,EDP Services,,XLK,1,2026-10-09
BRVE,0002131524,Braveheart Bio Inc. Common Stock,,Health Care,Biotechnology: Pharmaceutical Preparations,,XLV,1,2026-10-09
BRW,0000826020,Saba Capital Income & Opportunities Fund SBI,,Financials,Trusts Except Educational Religious and Charitable,,XLF,1,2026-10-09
BRX,0001581068,Brixmor Property Group Inc. Common Stock,,Real Estate,Real Estate Investment Trusts,,XLRE,1,2026-10-09
BRZE,0001676238,Braze Inc. Class A Common Stock,,Technology,Computer Software: Prepackaged Software,,XLK,1,2026-10-09
BSAA,0002051587,BEST SPAC I Acquisition Corp. Class A Ordinary Shares,,Financials,Blank Checks,,XLF,1,2026-10-09
BSAAR,0002051587,BEST SPAC I Acquisition Corp. Rights,,Financials,Blank Checks,,XLF,1,2026-10-09
BSAAU,0002051587,BEST SPAC I Acquisition Corp. Unit ,,Financials,Blank Checks,,XLF,1,2026-10-09
BSAC,0001027552,Banco Santander - Chile ADS,,Financials,Commercial Banks,,XLF,1,2026-10-09
BSBK,0001787414,Bogota Financial Corp. Common Stock,,Financials,Banks,,XLF,1,2026-10-09
BSBR,0001471055,Banco Santander Brasil SA American Depositary Shares each representing one unit,,Financials,Commercial Banks,,XLF,1,2026-10-09
BSEM,0001658678,BioStem Technologies Inc. Common Stock,,Health Care,Biotechnology: Biological Products (No Diagnostic Substances),,XLV,1,2026-10-09
BSET,0000010329,Bassett Furniture Industries Incorporated Common Stock,,Consumer Discretionary,Home Furnishings,,XLY,1,2026-10-09
BSIN,0000101594,Big Sky Industrial Inc. Common Stock,,Energy,Oil & Gas Production,,XLE,1,2026-10-09
BSL,0001486298,Blackstone Senior Floating Rate 2027 Term Fund Common Shares of Beneficial Interest,,Financials,Trusts Except Educational Religious and Charitable,,XLF,1,2026-10-09
BSM,0001621434,Black Stone Minerals L.P. Common units representing limited partner interests,,Energy,Oil & Gas Production,,XLE,1,2026-10-09
BSP,0002004711,Bending Spoons S.p.A. Ordinary Shares,,Technology,Computer Software: Programming Data Processing,,XLK,1,2026-10-09
BSRR,0001130144,Sierra Bancorp Common Stock,,Financials,Major Banks,,XLF,1,2026-10-09
BST,0001616678,BlackRock Science and Technology Trust Common Shares of Beneficial Interest,,Financials,Finance Companies,,XLF,1,2026-10-09
BSTZ,0001768666,BlackRock Science and Technology Term Trust Common Shares of Beneficial Interest,,Financials,Trusts Except Educational Religious and Charitable,,XLF,1,2026-10-09
BSVN,0001746129,Bank7 Corp. Common stock,,Financials,Major Banks,,XLF,1,2026-10-09
BSX,0000885725,Boston Scientific Corporation Common Stock,,Health Care,Medical/Dental Instruments,,XLV,1,2026-10-09
BSY,0001031308,Bentley Systems Incorporated Class B Common Stock,,Technology,Computer Software: Prepackaged Software,,XLK,1,2026-10-09
BTBD,0001718224,BT Brands Inc. Common Stock,,Consumer Discretionary,Restaurants,,XLY,1,2026-10-09
BTBDW,0001718224,BT Brands Inc. Warrant,,Consumer Discretionary,Restaurants,,XLY,1,2026-10-09
BTBT,0001710350,Bit Digital Inc. Ordinary Shares,,Financials,Finance: Consumer Services,,XLF,1,2026-10-09
BTCS,0001436229,BTCS Inc. Common Stock,,Financials,Finance: Consumer Services,,XLF,1,2026-10-09
BTCT,0001796514,BTC Digital Ltd. Ordinary Shares,,Financials,Finance: Consumer Services,,XLF,1,2026-10-09
BTDR,0001899123,Bitdeer Technologies Group Class A Ordinary Shares,,Financials,Finance: Consumer Services,,XLF,1,2026-10-09
BTE,0001279495,Baytex Energy Corp Common Shares,,Energy,Oil & Gas Production,,XLE,1,2026-10-09
BTG,0001429937,B2Gold Corp Common shares (Canada),,Materials,Precious Metals,,XLB,1,2026-10-09
BTGO,0001740604,BitGo Holdings Inc. Class A Common Stock,,Financials,Finance: Consumer Services,,XLF,1,2026-10-09
BTI,0001303523,British American Tobacco  Industries p.l.c. Common Stock ADR,,Health Care, Medicinal Chemicals and Botanical Products ,,XLV,1,2026-10-09
BTLN,0001854445,Brightline Interactive Inc. Common Stock,,Technology,EDP Services,,XLK,1,2026-10-09
BTMD,0001819253,Biote Corp. Class A Common Stock,,Health Care, Medicinal Chemicals and Botanical Products ,,XLV,1,2026-10-09
BTO,0000925683,John Hancock Financial Opportunities Fund Common Stock,,Financials,Investment Managers,,XLF,1,2026-10-09
BTOC,0001972529,Armlogi Holding Corp. Common Stock,,Consumer Discretionary,Office Equipment/Supplies/Services,,XLY,1,2026-10-09
BTQ,0001821866,BTQ Technologies Corp. Common Stock,,,,,,1,2026-10-09
BTSG,0001865782,BrightSpring Health Services Inc. Common Stock,,Health Care,Medical/Nursing Services,,XLV,1,2026-10-09
BTSGU,0001865782,BrightSpring Health Services Inc. Tangible Equity Unit,,Health Care,Medical/Nursing Services,,XLV,1,2026-10-09
BTT,0001528437,BlackRock Municipal 2030 Target Term Trust,,Financials,Investment Managers,,XLF,1,2026-10-09
BTTC,0002034400,Black Titan Corporation Ordinary Shares,,Health Care,Biotechnology: Biological Products (No Diagnostic Substances),,XLV,1,2026-10-09
BTU,0001064728,Peabody Energy Corporation Common Stock ,,Energy,Coal Mining,,XLE,1,2026-10-09
BTX,0001836057,BlackRock Technology and Private Equity Term Trust Common Shares of Beneficial Interest,,,,,,1,2026-10-09
BTZ,0001379384,BlackRock Credit Allocation Income Trust,,Financials,Finance/Investors Services,,XLF,1,2026-10-09
BUD,0001668717,Anheuser-Busch Inbev SA Sponsored ADR (Belgium),,Consumer Staples,Beverages (Production/Distribution),,XLP,1,2026-10-09
BUDA,0002079720,Buda Juice Inc. Common Stock,,Consumer Staples,Beverages (Production/Distribution),,XLP,1,2026-10-09
BUI,0001528988,BlackRock Utility Infrastructure & Power Opportunities Trust,,Financials,Trusts Except Educational Religious and Charitable,,XLF,1,2026-10-09
BULL,0001866364,Webull Corporation Class A Ordinary Shares,,Financials,Investment Bankers/Brokers/Service,,XLF,1,2026-10-09
BULLW,0001866364,Webull Corporation Warrants,,Financials,Investment Bankers/Brokers/Service,,XLF,1,2026-10-09
BUR,0001714174,Burford Capital Limited Ordinary Shares,,Financials,Finance: Consumer Services,,XLF,1,2026-10-09
BURL,0001579298,Burlington Stores Inc. Common Stock,,Consumer Discretionary,Department/Specialty Retail Stores,,XLY,1,2026-10-09
BURU,0001814215,Nuburu Inc. Common Stock,,Miscellaneous,Industrial Machinery/Components,,,1,2026-10-09
BUSE,0000314489,First Busey Corporation Class A Common Stock,,Financials,Major Banks,,XLF,1,2026-10-09
BUSEP,0000314489,First Busey Corporation Depositary Shares Each Representing a 1/40thInterest in a Share of 8.25% Fixed-Rate Series B Non-Cumulative Perpetual Preferred Stock $0.001 par value,,Financials,Major Banks,,XLF,1,2026-10-09
BUUU,0002047273,BUUU Group Limited Class A Ordinary Share,,Consumer Discretionary,Services-Misc. Amusement & Recreation,,XLY,1,2026-10-09
BV,0001734713,BrightView Holdings Inc. Common Stock,,Consumer Staples,Farming/Seeds/Milling,,XLP,1,2026-10-09
BVC,0001785680,BitVentures Limited Ordinary Shares,,Financials,Investment Managers,,XLF,1,2026-10-09
BVFL,0001302387,BV Financial Inc. Common Stock,,Financials,Savings Institutions,,XLF,1,2026-10-09
BVN,0001013131,Buenaventura Mining Company Inc.,,Materials,Metal Mining,,XLB,1,2026-10-09
BVS,0001665988,Bioventus Inc. Class A Common Stock,,Health Care,Medical/Dental Instruments,,XLV,1,2026-10-09
BW,0001630805,Babcock & Wilcox Enterprises Inc. Common Stock,,Industrials,Building Products,,XLI,1,2026-10-09
BWA,0000908255,BorgWarner Inc. Common Stock,,Consumer Discretionary,Auto Parts:O.E.M.,,XLY,1,2026-10-09
BWAY,0001505065,BrainsWay Ltd. American Depositary Shares,,Health Care,Medical/Dental Instruments,,XLV,1,2026-10-09
BWB,0001341317,Bridgewater Bancshares Inc. Common Stock,,Financials,Major Banks,,XLF,1,2026-10-09
BWBBP,0001341317,Bridgewater Bancshares Inc. Depositary Shares Each Representing a 1/100th Interest in a Share of 5.875% Non-Cumulative Perpetual Preferred Stock Series A,,Financials,Major Banks,,XLF,1,2026-10-09
BWEN,0001120370,Broadwind Inc. Common Stock,,Communication Services,Metal Fabrications,,XLC,1,2026-10-09
BWFG,0001505732,Bankwell Financial Group Inc. Common Stock,,Financials,Major Banks,,XLF,1,2026-10-09
BWG,0001504545,BrandywineGLOBAL Global Income Opportunities Fund Inc.,,Financials,Finance/Investors Services,,XLF,1,2026-10-09
BWIN,0001781755,The Baldwin Insurance Group Inc. Class A Common Stock,,Financials,Specialty Insurers,,XLF,1,2026-10-09
BWIV,0002082847,Blue Water Acquisition Corp. IV Class A Ordinary Shares,,Financials,Blank Checks,,XLF,1,2026-10-09
BWLP,0001649313,BW LPG Limited Common Shares,,Consumer Discretionary,Transportation Services,,XLY,1,2026-10-09
BWMN,0001847590,Bowman Consulting Group Ltd. Common Stock,,Consumer Discretionary,Professional Services,,XLY,1,2026-10-09
BWMX,0001788257,Betterware de Mexico S.A.P.I. de C.V. Ordinary Shares,,Consumer Discretionary,Catalog/Specialty Distribution,,XLY,1,2026-10-09
BWXT,0001486957,BWX Technologies Inc. Common Stock,,Industrials,Industrial Machinery/Components,,XLI,1,2026-10-09
BW^A,,Babcock & Wilcox Enterprises Inc. 7.75% Series A Cumulative Perpetual Preferred Stock,,,,,,1,2026-10-09
BX,0001393818,Blackstone Inc. Common Stock,,Financials,Investment Managers,,XLF,1,2026-10-09
BXBL,0001906364,BOXABL Inc. Common stock,,Consumer Discretionary,Homebuilding,,XLY,1,2026-10-09
BXC,0001301787,Bluelinx Holdings Inc. Common Stock,,Consumer Discretionary,Wholesale Distributors,,XLY,1,2026-10-09
BXDC,0002100161,Blackstone Digital Infrastructure Trust Inc. Common Stock,,Financials,Real Estate,,XLF,1,2026-10-09
BXMT,0001061630,Blackstone Mortgage Trust Inc. Common Stock,,Real Estate,Real Estate Investment Trusts,,XLRE,1,2026-10-09
BXP,0001037540,BXP Inc. Common Stock,,Real Estate,Real Estate Investment Trusts,,XLRE,1,2026-10-09
BXSL,0001736035,Blackstone Secured Lending Fund Common Shares of Beneficial Interest,,Financials,Trusts Except Educational Religious and Charitable,,XLF,1,2026-10-09
BY,0001702750,Byline Bancorp Inc. Common Stock,,Financials,Major Banks,,XLF,1,2026-10-09
BYAH,0001986247,Park Ha Biological Technology Co. Ltd. Class A Ordinary Shares,,Consumer Discretionary,Package Goods/Cosmetics,,XLY,1,2026-10-09
BYD,0000906553,Boyd Gaming Corporation Common Stock,,Consumer Discretionary,Hotels/Resorts,,XLY,1,2026-10-09
BYFC,0001001171,Broadway Financial Corporation Class A Common Stock,,Financials,Savings Institutions,,XLF,1,2026-10-09
BYND,0001655210,Beyond Meat Inc. Common Stock,,Consumer Staples,Packaged Foods,,XLP,1,2026-10-09
BYRN,0001354866,Byrna Technologies Inc. Common Stock,,Miscellaneous,Industrial Machinery/Components,,,1,2026-10-09
BYSI,0001677940,BeyondSpring Inc. Ordinary Shares,,Health Care,Biotechnology: Pharmaceutical Preparations,,XLV,1,2026-10-09
BZ,0001842827,KANZHUN LIMITED American Depository Shares,,Technology,Computer Software: Programming Data Processing,,XLK,1,2026-10-09
BZAI,0001871638,Blaize Holdings Inc. Common Stock,,Technology,Semiconductors,,XLK,1,2026-10-09
BZAIW,0001871638,Blaize Holdings Inc. Warrants,,Technology,Semiconductors,,XLK,1,2026-10-09
BZFD,0001828972,BuzzFeed Inc. Class A Common Stock,,Consumer Discretionary,Telecommunications Equipment,,XLY,1,2026-10-09
BZFDW,0001828972,BuzzFeed Inc. Warrant,,Consumer Discretionary,Telecommunications Equipment,,XLY,1,2026-10-09
BZH,0000915840,Beazer Homes USA Inc. Common Stock,,Consumer Discretionary,Homebuilding,,XLY,1,2026-10-09
BZUN,0001625414,Baozun Inc. American Depositary Shares,,Consumer Discretionary,Catalog/Specialty Distribution,,XLY,1,2026-10-09
C,0000831001,Citigroup Inc. Common Stock,,Financials,Major Banks,,XLF,1,2026-10-09
CAAP,0001717393,Corporacion America Airports SA Common Shares,,Consumer Discretionary,Aerospace,,XLY,1,2026-10-09
CAAS,0002037400,China Automotive Systems Inc. Ordinary Share,,Consumer Discretionary,Auto Parts:O.E.M.,,XLY,1,2026-10-09
CABA,0001759138,Cabaletta Bio Inc. Common Stock,,Health Care,Biotechnology: Biological Products (No Diagnostic Substances),,XLV,1,2026-10-09
CABO,0001632127,Cable One Inc. Common Stock,,Communication Services,Cable & Other Pay Television Services,,XLC,1,2026-10-09
CABR,0002020737,Caring Brands Inc. Common Stock,,Consumer Discretionary,Package Goods/Cosmetics,,XLY,1,2026-10-09
CAC,0000750686,Camden National Corporation Common Stock,,Financials,Major Banks,,XLF,1,2026-10-09
CACC,0000885550,Credit Acceptance Corporation Common Stock,,Financials,Finance: Consumer Services,,XLF,1,2026-10-09
CACI,0000016058,CACI International Inc. Class A Common Stock,,Technology,EDP Services,,XLK,1,2026-10-09
CADL,0001841387,Candel Therapeutics Inc. Common Stock,,Health Care,Biotechnology: Biological Products (No Diagnostic Substances),,XLV,1,2026-10-09
CAE,0001173382,CAE Inc. Common Shares,,Miscellaneous,Industrial Machinery/Components,,,1,2026-10-09
CAES,0002087965,Cantor Equity Partners VII Inc. Class A Ordinary Shares,,Financials,Blank Checks,,XLF,1,2026-10-09
CAF,0001368493,Morgan Stanley China A Share Fund Inc. Common Stock,,Financials,Investment Managers,,XLF,1,2026-10-09
CAG,0000023217,ConAgra Brands Inc. Common Stock,,Consumer Staples,Packaged Foods,,XLP,1,2026-10-09
CAH,0000721371,Cardinal Health Inc. Common Stock,,Health Care,Other Pharmaceuticals,,XLV,1,2026-10-09
CAI,0002019410,Caris Life Sciences Inc. Common Stock,,Health Care,Medical Specialities,,XLV,1,2026-10-09
CAII,0002115404,Collective Acquisition Corp. II Class A Ordinary Shares,,Financials,Blank Checks,,XLF,1,2026-10-09
CAIIU,0002115404,Collective Acquisition Corp. II Units,,Financials,Blank Checks,,XLF,1,2026-10-09
CAKE,0000887596,Cheesecake Factory Incorporated (The) Common Stock,,Consumer Discretionary,Restaurants,,XLY,1,2026-10-09
CAL,0000014707,Caleres Inc. Common Stock,,Consumer Discretionary,Shoe Manufacturing,,XLY,1,2026-10-09
CALC,0001534133,CalciMedica Inc. Common Stock,,Health Care,Biotechnology: Pharmaceutical Preparations,,XLV,1,2026-10-09
CALM,0000016160,Cal-Maine Foods Inc. Common Stock,,Consumer Staples,Farming/Seeds/Milling,,XLP,1,2026-10-09
CALX,0001406666,Calix Inc Common Stock,,Consumer Discretionary,Telecommunications Equipment,,XLY,1,2026-10-09
CALY,0000837465,Callaway Golf Company Common Stock,,Consumer Discretionary,Recreational Games/Products/Toys,,XLY,1,2026-10-09
CAMP,0001736730,CAMP4 Therapeutics Corporation Common Stock,,Health Care,Biotechnology: Pharmaceutical Preparations,,XLV,1,2026-10-09
CAMT,0001109138,Camtek Ltd. Ordinary Shares,,Technology,Electronic Components,,XLK,1,2026-10-09
CAN,0001780652,Canaan Inc. American Depositary Shares,,Financials,Finance: Consumer Services,,XLF,1,2026-10-09
CANF,0001536196,Can-Fite Biopharma Ltd American Depositary Shares each representing two (2) Ordinary Shares,,Health Care,Biotechnology: Pharmaceutical Preparations,,XLV,1,2026-10-09
CANG,0001725123,Cango Inc. Class A Ordinary Shares,,Financials,Finance: Consumer Services,,XLF,1,2026-10-09
CAPL,0001538849,CrossAmerica Partners LP Common Units representing limited partner interests,,Energy,Oil Refining/Marketing,,XLE,1,2026-10-09
CAPN,0002024203,Cayson Acquisition Corp Ordinary shares,,,,,,1,2026-10-09
CAPNR,0002024203,Cayson Acquisition Corp Right,,Financials,Blank Checks,,XLF,1,2026-10-09
CAPNU,0002024203,Cayson Acquisition Corp Unit,,,,,,1,2026-10-09
CAPR,0001133869,Capricor Therapeutics Inc. Common Stock,,Health Care,Biotechnology: Pharmaceutical Preparations,,XLV,1,2026-10-09
CAPS,0000887151,Capstone Holding Corp. Common Stock,,Health Care,Biotechnology: Pharmaceutical Preparations,,XLV,1,2026-10-09
CAQ,0002100125,Cambridge Acquisition Corp. Class A Ordinary Shares,,,,,,1,2026-10-09
CAR,0000723612,Avis Budget Group Inc. Common Stock,,Consumer Discretionary,Rental/Leasing Companies,,XLY,1,2026-10-09
CARE,0001829576,Carter Bankshares Inc. Common Stock,,Financials,Major Banks,,XLF,1,2026-10-09
CARG,0001494259,CarGurus Inc. Class A Common Stock ,,Technology,EDP Services,,XLK,1,2026-10-09
CARL,0001794546,Carlsmed Inc. Common Stock,,Health Care,Medical/Dental Instruments,,XLV,1,2026-10-09
CARR,0001783180,Carrier Global Corporation Common Stock ,,Industrials,Industrial Machinery/Components,,XLI,1,2026-10-09
CARS,0001683606,Cars.com Inc. Common Stock ,,Technology,EDP Services,,XLK,1,2026-10-09
CART,0001579091,Maplebear Inc. Common Stock,,Consumer Discretionary,Business Services,,XLY,1,2026-10-09
CASH,0000907471,Pathward Financial Inc. Common Stock,,Financials,Major Banks,,XLF,1,2026-10-09
CASS,0000708781,Cass Information Systems Inc Common Stock,,Consumer Discretionary,Business Services,,XLY,1,2026-10-09
CAST,0001633369,FreeCast Inc. Class A Common Stock,,Technology,EDP Services,,XLK,1,2026-10-09
CASY,0000726958,Casey's General Stores Inc. Common Stock,,Consumer Discretionary,Retail-Auto Dealers and Gas Stations,,XLY,1,2026-10-09
CAT,0000018230,Caterpillar Inc. Common Stock,,Industrials,Construction/Ag Equipment/Trucks,,XLI,1,2026-10-09
CATL,0002104391, Catalyst Acquisition Corp. Class A Ordinary Share,,Financials,Blank Checks,,XLF,1,2026-10-09
CATLR,0002104391,Catalyst Acquisition Corp. Rights,,Financials,Blank Checks,,XLF,1,2026-10-09
CATLU,0002104391,Catalyst Acquisition Corp. Units,,Financials,Blank Checks,,XLF,1,2026-10-09
CATO,0000018255,Cato Corporation (The) Class A Common Stock,,Consumer Discretionary,Clothing/Shoe/Accessory Stores,,XLY,1,2026-10-09
CATX,0000728387,Perspective Therapeutics Inc. Common Stock,,Health Care,Biotechnology: Pharmaceutical Preparations,,XLV,1,2026-10-09
CATY,0000861842,Cathay General Bancorp Common Stock,,Financials,Major Banks,,XLF,1,2026-10-09
CAVA,0001639438,CAVA Group Inc. Common Stock,,Consumer Discretionary,Restaurants,,XLY,1,2026-10-09
CB,0000896159,Chubb Limited  Common Stock,,Financials,Property-Casualty Insurers,,XLF,1,2026-10-09
CBAN,0000711669,Colony Bankcorp Inc. Common Stock,,Financials,Major Banks,,XLF,1,2026-10-09
CBAT,0002086841,CBAK Energy Technology Limited Ordinary Shares,,Miscellaneous,Industrial Machinery/Components,,,1,2026-10-09
CBC,0002065601,Central Bancompany Inc. Class A Common Stock,,Financials,Major Banks,,XLF,1,2026-10-09
CBFV,0001605301,CB Financial Services Inc. Common Stock,,Financials,Major Banks,,XLF,1,2026-10-09
CBIO,0001253689,Crescent Biopharma Inc. Common Stock,,Health Care,Biotechnology: Pharmaceutical Preparations,,XLV,1,2026-10-09
CBK,0001981546,Commercial Bancgroup Inc. Common Stock,,Financials,Major Banks,,XLF,1,2026-10-09
CBL,0000910612,CBL & Associates Properties Inc. Common Stock,,Real Estate,Real Estate Investment Trusts,,XLRE,1,2026-10-09
CBLL,0001861107,CeriBell Inc. Common Stock,,Health Care,Biotechnology: Electromedical & Electrotherapeutic Apparatus,,XLV,1,2026-10-09
CBNA,0001392272,Chain Bridge Bancorp Inc. Class A Common Stock,,Financials,Major Banks,,XLF,1,2026-10-09
CBNK,0001419536,Capital Bancorp Inc. Common Stock,,Financials,Major Banks,,XLF,1,2026-10-09
CBOE,0001374310,Cboe Global Markets Inc. Common Stock,,Financials,Investment Bankers/Brokers/Service,,XLF,1,2026-10-09
CBRE,0001138118,CBRE Group Inc Common Stock Class A,,Financials,Real Estate,,XLF,1,2026-10-09
CBRL,0001067294,Cracker Barrel Old Country Store Inc Common Stock,,Consumer Discretionary,Restaurants,,XLY,1,2026-10-09
CBRS,0002021728,Cerebras Systems Inc. Class A Common Stock,,Technology,Semiconductors,,XLK,1,2026-10-09
CBSH,0000022356,Commerce Bancshares Inc. Common Stock,,Financials,Major Banks,,XLF,1,2026-10-09
CBT,0000016040,Cabot Corporation Common Stock,,Industrials,Major Chemicals,,XLI,1,2026-10-09
CBU,0000723188,Community Financial System Inc. Common Stock,,Financials,Major Banks,,XLF,1,2026-10-09
CBUS,0001705843,Cibus Inc. Class A Common Stock,,Industrials,Agricultural Chemicals,,XLI,1,2026-10-09
CBZ,0000944148,CBIZ Inc. Common Stock,,Consumer Discretionary,Business Services,,XLY,1,2026-10-09
CC,0001627223,Chemours Company (The) Common Stock,,Industrials,Major Chemicals,,XLI,1,2026-10-09
CCAP,0001633336,Crescent Capital BDC Inc. Common stock,,Financials,Finance: Consumer Services,,XLF,1,2026-10-09
CCAQ,0002041047,Collective Acquisition Corp. Class A Ordinary Shares,,Financials,Blank Checks,,XLF,1,2026-10-09
CCAQU,0002041047,Collective Acquisition Corp. Units,,Financials,Blank Checks,,XLF,1,2026-10-09
CCB,0001437958,Coastal Financial Corporation Common Stock,,Financials,Major Banks,,XLF,1,2026-10-09
CCBG,0000726601,Capital City Bank Group Common Stock,,Financials,Major Banks,,XLF,1,2026-10-09
CCC,0001818201,CCC Intelligent Solutions Holdings Inc. Common Stock,,Technology,Computer Software: Prepackaged Software,,XLK,1,2026-10-09
CCCC,0001662579,C4 Therapeutics Inc. Common Stock,,Health Care,Biotechnology: Biological Products (No Diagnostic Substances),,XLV,1,2026-10-09
CCCT,0002123471,Columbus Circle Capital Corp III Class A Ordinary Shares,,,,,,1,2026-10-09
CCCTU,0002123471,Columbus Circle Capital Corp III Units,,,,,,1,2026-10-09
CCCTW,0002123471,Columbus Circle Capital Corp III Warrants,,,,,,1,2026-10-09
CCD,0001602584,Calamos Dynamic Convertible & Income Fund Common Stock,,Financials,Trusts Except Educational Religious and Charitable,,XLF,1,2026-10-09
CCEC,0001392326,Capital Clean Energy Carriers Corp. Common Share,,Consumer Discretionary,Marine Transportation,,XLY,1,2026-10-09
CCEL,0000862692,Cryo-Cell International Inc. Common Stock,,Health Care,Misc Health and Biotechnology Services,,XLV,1,2026-10-09
CCEP,0001650107,Coca-Cola Europacific Partners plc Ordinary Shares,,Consumer Staples,Beverages (Production/Distribution),,XLP,1,2026-10-09
CCG,0001965473,Cheche Group Inc. Class A Ordinary Shares,,Financials,Specialty Insurers,,XLF,1,2026-10-09
CCGWW,0001965473,Cheche Group Inc. Warrant,,Financials,Specialty Insurers,,XLF,1,2026-10-09
CCHH,0002074123,CCH Holdings Ltd Class A Ordinary Shares,,Consumer Discretionary,Restaurants,,XLY,1,2026-10-09
CCI,0001051470,Crown Castle Inc. Common Stock,,Real Estate,Real Estate Investment Trusts,,XLRE,1,2026-10-09
CCID,0001517767,Carlyle Credit Income Fund 7.375% Series D Term Preferred Shares due 2028,,,,,,1,2026-10-09
CCIF,0001517767,Carlyle Credit Income Fund Shares of Beneficial Interest,,Financials,Finance/Investors Services,,XLF,1,2026-10-09
CCII,0002064683,Cohen Circle Acquisition Corp. II Class A Ordinary Shares,,,,,,1,2026-10-09
CCJ,0001009001,Cameco Corporation Common Stock,,Materials,Other Metals and Minerals,,XLB,1,2026-10-09
CCK,0001219601,Crown Holdings Inc.,,Industrials,Containers/Packaging,,XLI,1,2026-10-09
CCL,0000815097,Carnival Corporation Ltd. Common Shares,,Consumer Discretionary,Marine Transportation,,XLY,1,2026-10-09
CCLD,0001582982,CareCloud Inc. Common Stock,,Technology,Computer Software: Prepackaged Software,,XLK,1,2026-10-09
CCM,0001472072,Concord Medical Services Holdings Limited American Depositary Shares (Each represents thirty (30) Class A ordinary shares),,Health Care,Medical/Nursing Services,,XLV,1,2026-10-09
CCNE,0000736772,CNB Financial Corporation Common Stock,,Financials,Major Banks,,XLF,1,2026-10-09
CCNEP,0000736772,CNB Financial Corporation Depositary Shares each representing a 1/40th ownership interest in a share of 7.125% Series A Fixed-Rate Non-Cumulative Perpetual Preferred Stock,,Financials,Major Banks,,XLF,1,2026-10-09
CCO,0001334978,Clear Channel Outdoor Holdings Inc. Common Stock,,Consumer Discretionary,Advertising,,XLY,1,2026-10-09
CCOI,0001158324,Cogent Communications Holdings Inc.,,Consumer Discretionary,Telecommunications Equipment,,XLY,1,2026-10-09
CCS,0001576940,Century Communities Inc. Common Stock,,Consumer Discretionary,Homebuilding,,XLY,1,2026-10-09
CCSI,0001866633,Consensus Cloud Solutions Inc. Common Stock,,Technology,Computer Software: Prepackaged Software,,XLK,1,2026-10-09
CCTG,0001931717,CCSC Technology International Holdings Limited Class A Ordinary Shares,,Consumer Discretionary,Building Products,,XLY,1,2026-10-09
CCU,0000888746,Compania Cervecerias Unidas S.A. Common Stock,,Consumer Staples,Beverages (Production/Distribution),,XLP,1,2026-10-09
CCXI,0002074973,Churchill Capital Corp XI Class A Ordinary Shares,,Financials,Blank Checks,,XLF,1,2026-10-09
CCXIU,0002074973,Churchill Capital Corp XI Units,,Financials,Blank Checks,,XLF,1,2026-10-09
CCXIW,0002074973,Churchill Capital Corp XI Warrants,,,,,,1,2026-10-09
CCZ,0001166691,Comcast Holdings ZONES,,Communication Services,Cable & Other Pay Television Services,,XLC,1,2026-10-09
CD,0001527762,Chaince Digital Holdings Inc. Ordinary Shares,,Financials,Finance: Consumer Services,,XLF,1,2026-10-09
CDE,0000215466,Coeur Mining Inc. Common Stock,,Materials,Precious Metals,,XLB,1,2026-10-09
CDIO,0001870144,Cardio Diagnostics Holdings Inc. Common stock,,Health Care,Biotechnology: In Vitro & In Vivo Diagnostic Substances,,XLV,1,2026-10-09
CDIOW,0001870144,Cardio Diagnostics Holdings Inc Warrant,,Health Care,Biotechnology: In Vitro & In Vivo Diagnostic Substances,,XLV,1,2026-10-09
CDLR,0001978867,Cadeler A/S American Depositary Share (each representing four (4) Ordinary Shares),,Consumer Discretionary,Marine Transportation,,XLY,1,2026-10-09
CDLX,0001666071,Cardlytics Inc. Common Stock,,Technology,Computer Software: Programming Data Processing,,XLK,1,2026-10-09
CDNA,0001217234,CareDx Inc. Common Stock,,Health Care,Medical Specialities,,XLV,1,2026-10-09
CDNL,0002079999,Cardinal Infrastructure Group Inc. Class A Common Stock,,Industrials,Military/Government/Technical,,XLI,1,2026-10-09
CDNS,0000813672,Cadence Design Systems Inc. Common Stock,,Technology,Computer Software: Prepackaged Software,,XLK,1,2026-10-09
CDP,0000860546,COPT Defense Properties Common Shares of Beneficial Interest,,Real Estate,Real Estate Investment Trusts,,XLRE,1,2026-10-09
CDRE,0001860543,Cadre Holdings Inc. Common Stock,,Health Care,Industrial Specialties,,XLV,1,2026-10-09
CDRO,0001866782,Codere Online Luxembourg S.A. Ordinary Shares,,Consumer Discretionary,Services-Misc. Amusement & Recreation,,XLY,1,2026-10-09
CDROW,0001866782,Codere Online Luxembourg S.A. Warrants,,Consumer Discretionary,Services-Misc. Amusement & Recreation,,XLY,1,2026-10-09
CDR^B,,Cedar Realty Trust Inc. 7.25% Series B Cumulative Redeemable Preferred Stock,,,,,,1,2026-10-09
CDR^C,,Cedar Realty Trust Inc. 6.50% Series C Cumulative Redeemable Preferred Stock,,,,,,1,2026-10-09
CDT,0001896212,CDT Equity Inc. Common Stock,,Health Care,Biotechnology: Pharmaceutical Preparations,,XLV,1,2026-10-09
CDTG,0001793895,CDT Environmental Technology Investment Holdings Limited ordinary shares,,Industrials,Miscellaneous,,XLI,1,2026-10-09
CDTTW,0001896212,CDT Equity Inc. Warrant,,Health Care,Biotechnology: Pharmaceutical Preparations,,XLV,1,2026-10-09
CDW,0001402057,CDW Corporation Common Stock,,Consumer Discretionary,Catalog/Specialty Distribution,,XLY,1,2026-10-09
CDXS,0001200375,Codexis Inc. Common Stock,,Industrials,Major Chemicals,,XLI,1,2026-10-09
CDZI,0000727273,CADIZ Inc. Common Stock,,Utilities,Water Supply,,XLU,1,2026-10-09
CDZIP,0000727273,Cadiz Inc. Depositary Shares,,Utilities,Water Supply,,XLU,1,2026-10-09
CE,0001306830,Celanese Corporation Common Stock,,Industrials,Major Chemicals,,XLI,1,2026-10-09
CECO,0000003197,CECO Environmental Corp. Common Stock,,Industrials,Pollution Control Equipment,,XLI,1,2026-10-09
CEE,0000860489,The Central and Eastern Europe Fund Inc. (The) Common Stock,,Financials,Finance Companies,,XLF,1,2026-10-09
CEG,0001868275,Constellation Energy Corporation Common Stock ,,Utilities,Electric Utilities: Central,,XLU,1,2026-10-09
CELC,0001603454,Celcuity Inc. Common Stock,,Health Care,Medical Specialities,,XLV,1,2026-10-09
CELH,0001341766,Celsius Holdings Inc. Common Stock,,Consumer Staples,Beverages (Production/Distribution),,XLP,1,2026-10-09
CELU,0001752828,Celularity Inc. Class A Common Stock,,Health Care,Biotechnology: Pharmaceutical Preparations,,XLV,1,2026-10-09
CELZ,0001187953,Creative Medical Technology Holdings Inc. Common Stock,,Health Care,Biotechnology: Biological Products (No Diagnostic Substances),,XLV,1,2026-10-09
CENN,0001707919,Cenntro Inc. Common Stock,,Industrials,Auto Manufacturing,,XLI,1,2026-10-09
CENT,0000887733,Central Garden & Pet Company Common Stock,,Consumer Discretionary,Consumer Specialties,,XLY,1,2026-10-09
CENTA,0000887733,Central Garden & Pet Company Class A Common Stock Nonvoting,,Consumer Discretionary,Consumer Specialties,,XLY,1,2026-10-09
CENX,0000949157,Century Aluminum Company Common Stock,,Industrials,Aluminum,,XLI,1,2026-10-09
CEPF,0002034267,Cantor Equity Partners IV Inc. Class A Ordinary Shares,,Financials,Blank Checks,,XLF,1,2026-10-09
CEPL,0001009759,Capstone Energy Plus Inc. Common Stock,,Industrials,Industrial Machinery/Components,,XLI,1,2026-10-09
CEPO,0002027708,Cantor Equity Partners I Inc. Class A Ordinary Shares,,Financials,Blank Checks,,XLF,1,2026-10-09
CEPS,0002089536,Cantor Equity Partners VI Inc. Class A Ordinary Shares,,Financials,Blank Checks,,XLF,1,2026-10-09
CEPU,0001717161,Central Puerto S.A. American Depositary Shares (each represents ten Common Shares),,Utilities,Electric Utilities: Central,,XLU,1,2026-10-09
CEPV,0002034266,Cantor Equity Partners V Inc. Class A Ordinary Shares,,,,,,1,2026-10-09
CERS,0001020214,Cerus Corporation Common Stock,,Health Care,Medical/Dental Instruments,,XLV,1,2026-10-09
CERT,0001827090,Certara Inc. Common Stock,,Technology,Computer Software: Prepackaged Software,,XLK,1,2026-10-09
CET,0000018748,Central Securities Corporation Common Stock,,Financials,Finance/Investors Services,,XLF,1,2026-10-09
CETX,0001435064,Cemtrex Inc. Common Stock,,Technology,Electrical Products,,XLK,1,2026-10-09
CETY,0001329606,Clean Energy Technologies Inc. Common Stock,,Utilities,Oil/Gas Transmission,,XLU,1,2026-10-09
CEV,0001074692,Eaton Vance California Municipal Income Trust Shares of Beneficial Interest,,Financials,Finance/Investors Services,,XLF,1,2026-10-09
CEVA,0001173489,CEVA Inc. Common Stock,,Technology,Computer Software: Programming Data Processing,,XLK,1,2026-10-09
CF,0001324404,CF Industries Holdings Inc. Common Stock,,Industrials,Agricultural Chemicals,,XLI,1,2026-10-09
CFBK,0001070680,CF Bankshares Inc. Common Stock,,Financials,Major Banks,,XLF,1,2026-10-09
CFFI,0000913341,C&F Financial Corporation Common Stock,,Financials,Major Banks,,XLF,1,2026-10-09
CFFN,0001490906,Capitol Federal Financial Inc. Common Stock,,Financials,Savings Institutions,,XLF,1,2026-10-09
CFG,0000759944,Citizens Financial Group Inc. Common Stock,,Financials,Major Banks,,XLF,1,2026-10-09
CFG^E,,Citizens Financial Group Inc. Depositary Shares Each Representing 1/40th Interest in a Share of 5.000% Fixed-Rate Non-Cumulative Perpetual Preferred Stock Series E,,,,,,1,2026-10-09
CFG^H,,Citizens Financial Group Inc. Depositary Shares Each Representing a 1/40th Interest in a Share of 7.375% Fixed-Rate Non-Cumulative Perpetual Preferred Stock Series H,,,,,,1,2026-10-09
CFG^I,,Citizens Financial Group Inc. Depositary Shares Each Representing a 1/40th Interest in a Share of 6.500% Fixed-Rate Reset Non-Cumulative Perpetual Preferred Stock Series I,,,,,,1,2026-10-09
CFND,0002044327,C1 Fund Inc. Common Stock,,,,,,1,2026-10-09
CFR,0000039263,Cullen/Frost Bankers Inc. Common Stock,,Financials,Major Banks,,XLF,1,2026-10-09
CFR^B,,Cullen/Frost Bankers Inc. Depositary Shares each representing a 1/40th ownership interest in a share of 4.450% non-cumulative perpetual preferred stock Series B,,,,,,1,2026-10-09
CFTR^A,,Cantor Fitzgerald Income Trust Inc. 9.50% Series A Cumulative Redeemable Preferred Stock,,,,,,1,2026-10-09
CG,0001527166,The Carlyle Group Inc. Common Stock,,Financials,Investment Managers,,XLF,1,2026-10-09
CGABL,0001527166,The Carlyle Group Inc. 4.625% Subordinated Notes due 2061,,Financials,Investment Managers,,XLF,1,2026-10-09
CGAU,0001854640,Centerra Gold Inc. Common Shares,,Materials,Precious Metals,,XLB,1,2026-10-09
CGBD,0001544206,Carlyle Secured Lending Inc. Common Stock,,Financials,Finance: Consumer Services,,XLF,1,2026-10-09
CGC,0001737927,Canopy Growth Corporation Common Shares,,Health Care, Medicinal Chemicals and Botanical Products ,,XLV,1,2026-10-09
CGCF,0002126043,Cartesian Growth Corporation IV Class A Ordinary Shares,,Financials,Blank Checks,,XLF,1,2026-10-09
CGCFU,0002126043,Cartesian Growth Corporation IV Unit,,Financials,Blank Checks,,XLF,1,2026-10-09
CGEM,0001789972,Cullinan Therapeutics Inc. Common Stock,,Health Care,Biotechnology: Biological Products (No Diagnostic Substances),,XLV,1,2026-10-09
CGEN,0001119774,Compugen Ltd. Ordinary Shares,,Health Care,Biotechnology: Biological Products (No Diagnostic Substances),,XLV,1,2026-10-09
CGNT,0001824814,Cognyte Software Ltd. Ordinary Shares,,Technology,Computer Software: Prepackaged Software,,XLK,1,2026-10-09
CGNX,0000851205,Cognex Corporation Common Stock,,Industrials,Industrial Machinery/Components,,XLI,1,2026-10-09
CGO,0001285650,Calamos Global Total Return Fund Common Stock,,Financials,Investment Managers,,XLF,1,2026-10-09
CGON,0001991792,CG Oncology Inc. Common stock,,Health Care,Biotechnology: Biological Products (No Diagnostic Substances),,XLV,1,2026-10-09
CGTL,0001967822,Creative Global Technology Holdings Limited Class A Ordinary Shares,,Technology,Retail: Computer Software & Peripheral Equipment,,XLK,1,2026-10-09
CGTX,0001455365,Cognition Therapeutics Inc. Common Stock,,Health Care,Biotechnology: Biological Products (No Diagnostic Substances),,XLV,1,2026-10-09
CHA,0002013649,Chagee Holdings Limited American Depositary Shares,,Consumer Discretionary,Restaurants,,XLY,1,2026-10-09
CHAD,0001805526,DeFi Development Corp. Variable Rate Series C Perpetual Preferred Stock,,Financials,Finance: Consumer Services,,XLF,1,2026-10-09
CHAI,0001649009,Core AI Holdings Inc. Common Shares,,Communication Services,Telecommunications Equipment,,XLC,1,2026-10-09
CHAR,0002024459,Charlton Aria Acquisition Corporation Class A Ordinary Shares,,,,,,1,2026-10-09
CHARR,0002024459,Charlton Aria Acquisition Corporation Rights,,Financials,Blank Checks,,XLF,1,2026-10-09
CHARU,0002024459,Charlton Aria Acquisition Corporation Units,,,,,,1,2026-10-09
CHCI,0001299969,Comstock Holding Companies Inc. Class A Common Stock,,Financials,Real Estate,,XLF,1,2026-10-09
CHCO,0000726854,City Holding Company Common Stock,,Financials,Major Banks,,XLF,1,2026-10-09
CHCT,0001631569,Community Healthcare Trust Incorporated Common Stock,,Real Estate,Real Estate Investment Trusts,,XLRE,1,2026-10-09
CHD,0000313927,Church & Dwight Company Inc. Common Stock,,Consumer Discretionary,Package Goods/Cosmetics,,XLY,1,2026-10-09
CHDN,0000020212,Churchill Downs Incorporated Common Stock,,Consumer Discretionary,Services-Misc. Amusement & Recreation,,XLY,1,2026-10-09
CHE,0000019584,Chemed Corp,,Health Care,Medical/Nursing Services,,XLV,1,2026-10-09
CHEC,0002047177,Chenghe Acquisition III Co. Class A Ordinary Share,,,,,,1,2026-10-09
CHECU,0002047177,Chenghe Acquisition III Co. Units,,Financials,Blank Checks,,XLF,1,2026-10-09
CHEF,0001517175,The Chefs' Warehouse Inc. Common Stock,,Consumer Discretionary,Food Distributors,,XLY,1,2026-10-09
CHGA,0001630212,Change Agents Corporation Common Stock,,Technology,EDP Services,,XLK,1,2026-10-09
CHGG,0001364954,Chegg Inc. Common Stock,,Real Estate,Other Consumer Services,,XLRE,1,2026-10-09
CHH,0001046311,Choice Hotels International Inc. Common Stock,,Consumer Discretionary,Hotels/Resorts,,XLY,1,2026-10-09
CHI,0001171471,Calamos Convertible Opportunities and Income Fund Common Stock,,Financials,Investment Managers,,XLF,1,2026-10-09
CHKP,0001015922,Check Point Software Technologies Ltd. Ordinary Shares,,Technology,Computer Software: Prepackaged Software,,XLK,1,2026-10-09
CHMG,0000763563,Chemung Financial Corp Common Stock,,Financials,Major Banks,,XLF,1,2026-10-09
CHMI,0001571776,Cherry Hill Mortgage Investment Corporation Common Stock,,Real Estate,Real Estate Investment Trusts,,XLRE,1,2026-10-09
CHMI^A,,Cherry Hill Mortgage Investment Corporation 8.20% Series A Cumulative Redeemable Preferred Stock,,,,,,1,2026-10-09
CHMI^B,,Cherry Hill Mortgage Investment Corporation 8.250% Series B Fixed-to-Floating Rate Cumulative Redeemable Preferred Stock,,,,,,1,2026-10-09
CHNR,0000793628,China Natural Resources Inc. Common Stock,,Materials,Precious Metals,,XLB,1,2026-10-09
CHOW,0002041829,ChowChow Cloud International Holdings Limited Ordinary Shares,,Technology,Computer Software: Prepackaged Software,,XLK,1,2026-10-09
CHPG,0002024460,ChampionsGate Acquisition Corporation Class A Ordinary Share,,,,,,1,2026-10-09
CHPT,0001777393,ChargePoint Holdings Inc. Common Stock,,Miscellaneous,Industrial Machinery/Components,,,1,2026-10-09
CHR,0001738758,Cheer Holding Inc. Class A Ordinary Share,,Technology,EDP Services,,XLK,1,2026-10-09
CHRD,0001486159,Chord Energy Corporation Common Stock,,Energy,Oil & Gas Production,,XLE,1,2026-10-09
CHRN,0001549084,ChronoScale Holdings Corporation Common Stock,,Industrials,Industrial Machinery/Components,,XLI,1,2026-10-09
CHRS,0001512762,Coherus Oncology Inc. Common Stock,,Health Care,Biotechnology: Biological Products (No Diagnostic Substances),,XLV,1,2026-10-09
CHRW,0001043277,C.H. Robinson Worldwide Inc. Common Stock,,Industrials,Integrated Freight & Logistics,,XLI,1,2026-10-09
CHSCL,0000823277,CHS Inc Class B Cumulative Redeemable Preferred Stock Series 4,,Industrials,Farming/Seeds/Milling,,XLI,1,2026-10-09
CHSCM,0000823277,CHS Inc Class B Reset Rate Cumulative Redeemable Preferred Stock Series 3,,Industrials,Farming/Seeds/Milling,,XLI,1,2026-10-09
CHSCN,0000823277,CHS Inc Preferred Class B Series 2 Reset Rate,,Industrials,Farming/Seeds/Milling,,XLI,1,2026-10-09
CHSCO,0000823277,CHS Inc. Class B Cumulative Redeemable Preferred Stock,,Industrials,Farming/Seeds/Milling,,XLI,1,2026-10-09
CHSCP,0000823277,CHS Inc. 8%  Cumulative Redeemable Preferred Stock,,Industrials,Farming/Seeds/Milling,,XLI,1,2026-10-09
CHSN,0001825349,Chanson International Holding Class A Ordinary Shares,,Consumer Staples,Packaged Foods,,XLP,1,2026-10-09
CHT,0001132924,Chunghwa Telecom Co. Ltd.,,Communication Services,Telecommunications Equipment,,XLC,1,2026-10-09
CHTR,0001091667,Charter Communications Inc. Class A Common Stock New,,Communication Services,Cable & Other Pay Television Services,,XLC,1,2026-10-09
CHTRP,0001091667,Charter Communications Inc. Series A Cumulative Redeemable Preferred Stock,,Communication Services,Cable & Other Pay Television Services,,XLC,1,2026-10-09
CHW,0001396277,Calamos Global Dynamic Income Fund Common Stock,,Financials,Investment Managers,,XLF,1,2026-10-09
CHWM,0002113605,Chilwa Minerals Limited American Depository Shares,,,,,,1,2026-10-09
CHWY,0001766502,Chewy Inc. Class A Common Stock,,Consumer Discretionary,Catalog/Specialty Distribution,,XLY,1,2026-10-09
CHY,0001222719,Calamos Convertible and High Income Fund Common Stock,,Financials,Investment Managers,,XLF,1,2026-10-09
CHYM,0001795586,Chime Financial Inc. Class A Common Stock,,Financials,Finance: Consumer Services,,XLF,1,2026-10-09
CI,0001739940,The Cigna Group Common Stock,,Health Care,Medical Specialities,,XLV,1,2026-10-09
CIA,0000024090,Citizens Inc. Class A Common Stock ($1.00 Par),,Financials,Life Insurance,,XLF,1,2026-10-09
CIB,0002058897,Grupo Cibest S.A. American Depositary Shares each representing four Preferred Shares,,Financials,Commercial Banks,,XLF,1,2026-10-09
CICB,0001534254,CION Investment Corporation 7.50% Notes due 2029,,Financials,Finance/Investors Services,,XLF,1,2026-10-09
CICC,0001534254,CION Investment Corporation 7.50% Notes due 2031,,Financials,Finance/Investors Services,,XLF,1,2026-10-09
CIEN,0000936395,Ciena Corporation Common Stock,,Utilities,Telecommunications Equipment,,XLU,1,2026-10-09
CIFR,0001819989,Cipher Digital Inc. Common Stock,,Financials,Finance: Consumer Services,,XLF,1,2026-10-09
CIG,0001157557,Comp En De Mn Cemig ADS American Depositary Shares,,Utilities,Electric Utilities: Central,,XLU,1,2026-10-09
CIGI,0000913353,Colliers International Group Inc. Subordinate Voting Shares,,Financials,Real Estate,,XLF,1,2026-10-09
CIGL,0002001794,Concorde International Group Ltd Class A Ordinary Shares,,Consumer Discretionary,Diversified Commercial Services,,XLY,1,2026-10-09
CII,0001278895,BlackRock Enhanced Large Cap Core Fund Inc. Common Stock,,Financials,Investment Bankers/Brokers/Service,,XLF,1,2026-10-09
CIIT,0001557798,Tianci International Inc. Common Stock,,Communication Services,Computer Communications Equipment,,XLC,1,2026-10-09
CIK,0000810766,UBS Asset Management Income Fund Inc. Common Stock,,Financials,Finance/Investors Services,,XLF,1,2026-10-09
CIM,0001409493,Chimera Investment Corporation Common Stock,,Real Estate,Real Estate Investment Trusts,,XLRE,1,2026-10-09
CIMN,0001409493,Chimera Investment Corporation 9.000% Senior Notes due 2029,,Real Estate,Real Estate Investment Trusts,,XLRE,1,2026-10-09
CIMO,0001409493,Chimera Investment Corporation 9.250% Senior Notes due 2029,,Real Estate,Real Estate Investment Trusts,,XLRE,1,2026-10-09
CIMP,0001409493,Chimera Investment Corporation 8.875% Senior Notes due 2030,,Real Estate,Real Estate Investment Trusts,,XLRE,1,2026-10-09
CIM^A,,Chimera Investment Corporation 8.00% Series A Cumulative Redeemable Preferred Stock,,,,,,1,2026-10-09
CIM^B,,Chimera Investment Corporation 8.00% Series B Fixed-to-Floating Rate Cumulative Redeemable Preferred Stock,,,,,,1,2026-10-09
CIM^C,,Chimera Investment Corporation 7.75% Series C Fixed-to-Floating Rate  Cumulative Redeemable  Preferred Stock,,,,,,1,2026-10-09
CIM^D,,Chimera Investment Corporation 8.00% Series D Fixed-to-Floating Rate Cumulative Redeemable Preferred Stock,,,,,,1,2026-10-09
CINF,0000020286,Cincinnati Financial Corporation Common Stock,,Financials,Property-Casualty Insurers,,XLF,1,2026-10-09
CING,0001862150,Cingulate Inc. Common Stock,,Health Care,Biotechnology: Pharmaceutical Preparations,,XLV,1,2026-10-09
CINT,0001868995,CI&T Inc Class A Common Shares,,Technology,EDP Services,,XLK,1,2026-10-09
CION,0001534254,CION Investment Corporation Common Stock,,Financials,Finance/Investors Services,,XLF,1,2026-10-09
CIRC,0001605888,Circle8 Group Inc. Common Stock,,Industrials,Biotechnology: Laboratory Analytical Instruments,,XLI,1,2026-10-09
CISO,0001777319,CISO Global Inc. Common Stock,,Consumer Discretionary,Professional Services,,XLY,1,2026-10-09
CISS,0001951067,C3is Inc. Common Stock,,Consumer Discretionary,Marine Transportation,,XLY,1,2026-10-09
CITR,0000894556,CitroTech Inc. Common Stock,,Industrials,Major Chemicals,,XLI,1,2026-10-09
CIVB,0000944745,Civista Bancshares Inc. Common Stock,,Financials,Major Banks,,XLF,1,2026-10-09
CIX,0001049606,CompX International Inc. Common Stock,,Consumer Discretionary,Industrial Machinery/Components,,XLY,1,2026-10-09
CJMB,0002032545,Callan JMB Inc. Common Stock,,Consumer Discretionary,Business Services,,XLY,1,2026-10-09
CKX,0000352955,CKX Lands Inc. Common Stock,,Energy,Oil & Gas Production,,XLE,1,2026-10-09
CL,0000021665,Colgate-Palmolive Company Common Stock,,Consumer Discretionary,Package Goods/Cosmetics,,XLY,1,2026-10-09
CLAR,0000913277,Clarus Corporation Common Stock,,Consumer Discretionary,Recreational Games/Products/Toys,,XLY,1,2026-10-09
CLB,0001958086,Core Laboratories Inc. Common Stock,,Energy,Oilfield Services/Equipment,,XLE,1,2026-10-09
CLBK,0002115119,Columbia Financial Inc. Common Stock,,Financials,Savings Institutions,,XLF,1,2026-10-09
CLBR,0002091024,Colombier Acquisition Corp. III Class A Ordinary Shares,,,,,,1,2026-10-09
CLBT,0001854587,Cellebrite DI Ltd. Ordinary Shares,,Technology,Computer Software: Prepackaged Software,,XLK,1,2026-10-09
CLDI,0001855485,Calidi Biotherapeutics Inc. Common Stock,,Health Care,Biotechnology: Biological Products (No Diagnostic Substances),,XLV,1,2026-10-09
CLDT,0001476045,Chatham Lodging Trust (REIT) Common Shares of Beneficial Interest,,Real Estate,Real Estate Investment Trusts,,XLRE,1,2026-10-09
CLDT^A,,Chatham Lodging Trust (REIT) 6.625% Series A Cumulative Redeemable Preferred Shares of Beneficial Interest,,,,,,1,2026-10-09
CLDX,0000744218,Celldex Therapeutics Inc.,,Health Care,Biotechnology: In Vitro & In Vivo Diagnostic Substances,,XLV,1,2026-10-09
CLF,0000764065,Cleveland-Cliffs Inc. Common Stock,,Materials,Metal Mining,,XLB,1,2026-10-09
CLFD,0000796505,Clearfield Inc. Common Stock,,Utilities,Telecommunications Equipment,,XLU,1,2026-10-09
CLGN,0001631487,CollPlant Biotechnologies Ltd Ordinary Shares,,Health Care,Industrial Specialties,,XLV,1,2026-10-09
CLH,0000822818,Clean Harbors Inc. Common Stock,,Industrials,Environmental Services,,XLI,1,2026-10-09
CLIK,0002020027,Click Holdings Limited Class A Ordinary Share,,Consumer Discretionary,Diversified Commercial Services,,XLY,1,2026-10-09
CLIR,0001434524,ClearSign Technologies Corporation Common Stock (DE),,Industrials,Industrial Machinery/Components,,XLI,1,2026-10-09
CLLS,0001627281,Cellectis S.A. American Depositary Shares,,Health Care,Biotechnology: Pharmaceutical Preparations,,XLV,1,2026-10-09
CLM,0000814083,Cornerstone Strategic Investment Fund Inc. Common Shares,,Financials,Finance/Investors Services,,XLF,1,2026-10-09
CLMB,0000945983,Climb Global Solutions Inc. Common Stock,,Technology,Retail: Computer Software & Peripheral Equipment,,XLK,1,2026-10-09
CLMT,0002013745,Calumet Inc. Common Stock,,Energy,Integrated oil Companies,,XLE,1,2026-10-09
CLNE,0001368265,Clean Energy Fuels Corp. Common Stock,,Utilities,Natural Gas Distribution,,XLU,1,2026-10-09
CLNN,0001822791,Clene Inc. Common Stock,,Health Care,Biotechnology: Pharmaceutical Preparations,,XLV,1,2026-10-09
CLOV,0001801170,Clover Health Investments Corp. Class A Common Stock,,Health Care,Medical Specialities,,XLV,1,2026-10-09
CLPR,0001649096,Clipper Realty Inc. Common Stock,,Real Estate,Real Estate Investment Trusts,,XLRE,1,2026-10-09
CLPS,0001724542,CLPS Incorporation Common Stock,,Technology,Computer Software: Prepackaged Software,,XLK,1,2026-10-09
CLPT,0001285550,ClearPoint Neuro Inc. Common Stock,,Health Care,Medical/Dental Instruments,,XLV,1,2026-10-09
CLRB,0001279704,Cellectar Biosciences Inc.  Common Stock,,Health Care,Biotechnology: Pharmaceutical Preparations,,XLV,1,2026-10-09
CLRO,0000840715,ClearOne Inc. Common Stock,,Utilities,Telecommunications Equipment,,XLU,1,2026-10-09
CLS,0001030894,Celestica Inc. Common Stock,,Technology,Electrical Products,,XLK,1,2026-10-09
CLSK,0000827876,CleanSpark Inc. Common Stock,,Financials,Finance: Consumer Services,,XLF,1,2026-10-09
CLSKW,0000827876,CleanSpark Inc. Warrant,,Financials,Finance: Consumer Services,,XLF,1,2026-10-09
CLST,0001849867,Catalyst Bancorp Inc. Common Stock,,Financials,Savings Institutions,,XLF,1,2026-10-09
CLVT,0001764046,Clarivate Plc Ordinary Shares,,Technology,EDP Services,,XLK,1,2026-10-09
CLW,0001441236,Clearwater Paper Corporation Common Stock,,Materials,Paper,,XLB,1,2026-10-09
CLWT,0001026662,Euro Tech Holdings Company Limited Common Stock,,Consumer Discretionary,Professional and commerical equipment,,XLY,1,2026-10-09
CLX,0000021076,Clorox Company (The) Common Stock,,Consumer Discretionary,Specialty Chemicals,,XLY,1,2026-10-09
CLYM,0001768446,Climb Bio Inc. Common Stock,,Health Care,Biotechnology: Pharmaceutical Preparations,,XLV,1,2026-10-09
CM,0001045520,Canadian Imperial Bank of Commerce Common Stock,,Financials,Commercial Banks,,XLF,1,2026-10-09
CMBT,0001604481,CMB.TECH NV Ordinary Shares,,Consumer Discretionary,Marine Transportation,,XLY,1,2026-10-09
CMC,0000022444,Commercial Metals Company Common Stock,,Industrials,Steel/Iron Ore,,XLI,1,2026-10-09
CMCL,0000766011,Caledonia Mining Corporation Plc Common Shares,,Materials,Precious Metals,,XLB,1,2026-10-09
CMCM,0001597835,Cheetah Mobile Inc. American Depositary Shares each representing fifty (50) Class A Ordinary Shares,,Technology,Computer Software: Prepackaged Software,,XLK,1,2026-10-09
CMCO,0001005229,Columbus McKinnon Corporation Common Stock,,Industrials,Construction/Ag Equipment/Trucks,,XLI,1,2026-10-09
CMCSA,0001166691,Comcast Corporation Class A Common Stock,,Communication Services,Cable & Other Pay Television Services,,XLC,1,2026-10-09
CMCT,0000908311,Creative Media & Community Trust Corporation Common stock,,Real Estate,Real Estate Investment Trusts,,XLRE,1,2026-10-09
CMDB,0002033535,Costamare Bulkers Holdings Limited Common Stock,,Consumer Discretionary,Marine Transportation,,XLY,1,2026-10-09
CME,0001156375,CME Group Inc. Class A Common Stock,,Financials,Investment Bankers/Brokers/Service,,XLF,1,2026-10-09
CMG,0001058090,Chipotle Mexican Grill Inc. Common Stock,,Consumer Discretionary,Restaurants,,XLY,1,2026-10-09
CMI,0000026172,Cummins Inc. Common Stock,,Industrials,Industrial Machinery/Components,,XLI,1,2026-10-09
CMMB,0001534248,Chemomab Therapeutics Ltd. American Depositary Share,,Health Care,Biotechnology: Pharmaceutical Preparations,,XLV,1,2026-10-09
CMND,0001892500,Clearmind Medicine Inc. Common Shares,,Health Care,Biotechnology: Pharmaceutical Preparations,,XLV,1,2026-10-09
CMP,0001227654,Compass Minerals Intl Inc Common Stock,,Industrials,Mining & Quarrying of Nonmetallic Minerals (No Fuels),,XLI,1,2026-10-09
CMPR,0001262976,Cimpress plc Ordinary Shares (Ireland),,Consumer Discretionary,Publishing,,XLY,1,2026-10-09
CMPS,0001816590,COMPASS Pathways Plc American Depository Shares,,Health Care,Biotechnology: Pharmaceutical Preparations,,XLV,1,2026-10-09
CMPX,0001738021,Compass Therapeutics Inc. Common Stock,,Health Care,Biotechnology: Biological Products (No Diagnostic Substances),,XLV,1,2026-10-09
CMRC,0001626450,Commerce.com Inc. Series 1 Common Stock,,Technology,Computer Software: Prepackaged Software,,XLK,1,2026-10-09
CMRE,0001503584,Costamare Inc. Common Stock $0.0001 par value,,Consumer Discretionary,Marine Transportation,,XLY,1,2026-10-09
CMRE^B,,Costamare Inc. Perpetual Preferred Stock Series B (Marshall Islands),,,,,,1,2026-10-09
CMRE^C,,Costamare Inc. Perpetual Preferred Series C (Marshall Islands),,,,,,1,2026-10-09
CMRE^D,,Costamare Inc. 8.75% Series D Cumulative Redeemable Perpetual Preferred Stock,,,,,,1,2026-10-09
CMS,0000811156,CMS Energy Corporation Common Stock,,Utilities,Power Generation,,XLU,1,2026-10-09
CMSA,0000811156,CMS Energy Corporation 5.625% Junior Subordinated Notes due 2078,,Utilities,Power Generation,,XLU,1,2026-10-09
CMSC,0000811156,CMS Energy Corporation 5.875% Junior Subordinated Notes due 2078,,Utilities,Power Generation,,XLU,1,2026-10-09
CMSD,0000811156,CMS Energy Corporation 5.875% Junior Subordinated Notes due 2079,,Utilities,Power Generation,,XLU,1,2026-10-09
CMS^B,,CMS Energy Corporation Preferred Stock,,,,,,1,2026-10-09
CMS^C,,CMS Energy Corporation Depositary Shares each representing a 1/1000th interest in a share of 4.200% Cumulative Redeemable Perpetual Preferred Stock Series C,,,,,,1,2026-10-09
CMT,0001026655,Core Molding Technologies Inc Common Stock,,Industrials,Plastic Products,,XLI,1,2026-10-09
CMTG,0001666291,Claros Mortgage Trust Inc. Common Stock,,Financials,Real Estate,,XLF,1,2026-10-09
CMTL,0000023197,Comtech Telecommunications Corp. Common Stock,,Technology,Radio And Television Broadcasting And Communications Equipment,,XLK,1,2026-10-09
CMTV,0000718413,Community Bancorp. Common Stock,,Financials,Major Banks,,XLF,1,2026-10-09
CNA,0000021175,CNA Financial Corporation Common Stock,,Financials,Property-Casualty Insurers,,XLF,1,2026-10-09
CNC,0001071739,Centene Corporation Common Stock,,Health Care,Medical Specialities,,XLV,1,2026-10-09
CNCK,0001913847,Coincheck Group N.V. Ordinary Shares,,Financials,Finance: Consumer Services,,XLF,1,2026-10-09
CNDT,0001677703,Conduent Incorporated Common Stock ,,Consumer Discretionary,Business Services,,XLY,1,2026-10-09
CNET,0001376321,ZW Data Action Technologies Inc. Common Stock,,Technology,Computer Software: Programming Data Processing,,XLK,1,2026-10-09
CNEY,0001780785,CN Energy Group Inc. Class A Ordinary Shares,,Industrials,Major Chemicals,,XLI,1,2026-10-09
CNF,0001733868,CNFinance Holdings Limited American Depositary Shares each representing two hundred (200) Ordinary Shares,,Financials,Finance: Consumer Services,,XLF,1,2026-10-09
CNH,0001567094,CNH Industrial N.V. Common Shares,,Industrials,Construction/Ag Equipment/Trucks,,XLI,1,2026-10-09
CNI,0000016868,Canadian National Railway Company Common Stock,,Industrials,Railroads,,XLI,1,2026-10-09
CNK,0001385280,Cinemark Holdings Inc Cinemark Holdings Inc. Common Stock,,Consumer Discretionary,Movies/Entertainment,,XLY,1,2026-10-09
CNL,0001953575,Collective Mining Ltd. Common Shares,,,,,,1,2026-10-09
CNM,0001856525,Core & Main Inc. Class A Common Stock,,Consumer Discretionary,Durable Goods,,XLY,1,2026-10-09
CNMD,0000816956,CONMED Corporation Common Stock,,Health Care,Biotechnology: Electromedical & Electrotherapeutic Apparatus,,XLV,1,2026-10-09
CNNE,0001704720,Cannae Holdings Inc. Common Stock,,Consumer Discretionary,Restaurants,,XLY,1,2026-10-09
CNO,0001224608,CNO Financial Group Inc. Common Stock,,Financials,Accident &Health Insurance,,XLF,1,2026-10-09
CNOB,0000712771,ConnectOne Bancorp Inc. Common Stock,,Financials,Major Banks,,XLF,1,2026-10-09
CNOBP,0000712771,ConnectOne Bancorp Inc. Depositary Shares each representing a 1/40th interest in a share of 5.25% Fixed-Rate Reset Non-Cumulative Perpetual Preferred Stock Series A,,Financials,Major Banks,,XLF,1,2026-10-09
CNO^A,,CNO Financial Group Inc. 5.125% Subordinated Debentures due 2060,,,,,,1,2026-10-09
CNP,0001130310,CenterPoint Energy Inc (Holding Co) Common Stock,,Utilities,Electric Utilities: Central,,XLU,1,2026-10-09
CNQ,0001017413,Canadian Natural Resources Limited Common Stock,,Energy,Oil & Gas Production,,XLE,1,2026-10-09
CNR,0001710366,Core Natural Resources Inc. Common Stock,,Energy,Coal Mining,,XLE,1,2026-10-09
CNS,0001284812,Cohen & Steers Inc Common Stock,,Financials,Investment Managers,,XLF,1,2026-10-09
CNSP,0001729427,CNS Pharmaceuticals Inc. Common Stock,,Health Care,Biotechnology: Pharmaceutical Preparations,,XLV,1,2026-10-09
CNSY,0001095981,Cerenome Inc. Common Stock ,,Health Care,Medical/Dental Instruments,,XLV,1,2026-10-09
CNTB,0001835268,Connect Biopharma Holdings Limited Ordinary Shares,,Health Care,Biotechnology: Pharmaceutical Preparations,,XLV,1,2026-10-09
CNTN,0001861657,Canton Strategic Holdings Inc. Common Stock,,Health Care,Biotechnology: Pharmaceutical Preparations,,XLV,1,2026-10-09
CNTX,0001842952,Context Therapeutics Inc. Common Stock,,Health Care,Biotechnology: Pharmaceutical Preparations,,XLV,1,2026-10-09
CNTY,0000911147,Century Casinos Inc. Common Stock,,Consumer Discretionary,Hotels/Resorts,,XLY,1,2026-10-09
CNVS,0001173204,Cineverse Corp. Class A Common Stock,,Consumer Discretionary,Consumer Electronics/Video Chains,,XLY,1,2026-10-09
CNX,0001070412,CNX Resources Corporation Common Stock,,Energy,Oil & Gas Production,,XLE,1,2026-10-09
CNXC,0001803599,Concentrix Corporation Common Stock,,Technology,Computer Software: Prepackaged Software,,XLK,1,2026-10-09
CNXN,0001050377,PC Connection Inc. Common Stock,,Consumer Discretionary,Catalog/Specialty Distribution,,XLY,1,2026-10-09
CNXU,0002066836,Conexeu Sciences Inc. Common Stock,,Health Care,Industrial Specialties,,XLV,1,2026-10-09
COAG,0002114044,Hemab Therapeutics Holdings Inc. Common Stock,,Health Care,Biotechnology: Biological Products (No Diagnostic Substances),,XLV,1,2026-10-09
COCH,0001840877,Envoy Medical Inc. Class A Common Stock,,Health Care,Industrial Specialties,,XLV,1,2026-10-09
COCHW,0001840877,Envoy Medical Inc Warrant,,Health Care,Industrial Specialties,,XLV,1,2026-10-09
COCO,0001482981,The Vita Coco Company Inc. Common Stock,,Consumer Staples,Beverages (Production/Distribution),,XLP,1,2026-10-09
COCP,0001412486,Cocrystal Pharma Inc. Common Stock,,Health Care,Biotechnology: Pharmaceutical Preparations,,XLV,1,2026-10-09
CODA,0001334325,Coda Octopus Group Inc. Common stock,,Industrials,Industrial Machinery/Components,,XLI,1,2026-10-09
CODI,0001345126,D/B/A Compass Diversified Holdings Shares of Beneficial Interest,,Consumer Discretionary,Home Furnishings,,XLY,1,2026-10-09
CODI^A,,Compass Diversified Holdings 7.250% Series A Preferred Shares representing beneficial interest in Compass Diversified Holdings,,,,,,1,2026-10-09
CODI^B,,Compass Diversified Holdings 7.875% Series B Fixed-to-Floating Rate Cumulative Preferred Shares representing beneficial interests in Compass Diversified Holdings,,,,,,1,2026-10-09
CODI^C,,Compass Diversified Holdings 7.875% Series C Cumulative Preferred Shares,,,,,,1,2026-10-09
CODX,0001692415,Co-Diagnostics Inc. Common Stock,,Health Care,Medical/Dental Instruments,,XLV,1,2026-10-09
COE,0001659494,51Talk Online Education Group American depositary shares each representing 60 Class A ordinary shares,,Real Estate,Other Consumer Services,,XLRE,1,2026-10-09
COF,0000927628,Capital One Financial Corporation Common Stock,,Financials,Major Banks,,XLF,1,2026-10-09
COFS,0000803164,ChoiceOne Financial Services Inc. Common Stock,,Financials,Major Banks,,XLF,1,2026-10-09
COF^I,,Capital One Financial Corporation Depositary shares each representing a 1/40th interest in a share of Fixed Rate Non-Cumulative Perpetual Preferred Stock Series I of the Issuer,,,,,,1,2026-10-09
COF^J,,Capital One Financial Corporation Depositary Shares Each Representing a 1/40th Interest in a Share of Fixed Rate Non- Cumulative Perpetual Preferred Stock Series J,,,,,,1,2026-10-09
COF^K,,Capital One Financial Corporation Depositary Shares Each Representing a 1/40th Ownership Interest in a Share of Fixed Rate Non-Cumulative Perpetual Preferred Stock Series K,,,,,,1,2026-10-09
COF^L,,Capital One Financial Corporation Depositary Shares Each Representing a 1/40th Interest in a Share of Fixed Rate Non-Cumulative Perpetual Preferred Stock Series L,,,,,,1,2026-10-09
COF^N,,Capital One Financial Corporation Depositary Shares Each Representing a 1/40th Ownership Interest in a Share of Fixed Rate Non-Cumulative Perpetual Preferred Stock Series N,,,,,,1,2026-10-09
COGT,0001622229,Cogent Biosciences Inc. Common Stock,,Health Care,Biotechnology: Pharmaceutical Preparations,,XLV,1,2026-10-09
COHN,0001270436,Cohen & Company Inc.,,Financials,Investment Bankers/Brokers/Service,,XLF,1,2026-10-09
COHR,0000820318,Coherent Corp. Common Stock,,Technology,Electronic Components,,XLK,1,2026-10-09
COHU,0000021535,Cohu Inc. Common Stock,,Industrials,Electrical Products,,XLI,1,2026-10-09
COIN,0001679788,Coinbase Global Inc. Class A Common Stock,,Financials,Finance: Consumer Services,,XLF,1,2026-10-09
COKE,0000317540,Coca-Cola Consolidated Inc. Common Stock,,Consumer Staples,Beverages (Production/Distribution),,XLP,1,2026-10-09
COLB,0000887343,Columbia Banking System Inc. Common Stock,,Financials,Major Banks,,XLF,1,2026-10-09
COLD,0001455863,Americold Realty Trust Inc. Common Stock,,Real Estate,Real Estate Investment Trusts,,XLRE,1,2026-10-09
COLL,0001267565,Collegium Pharmaceutical Inc. Common Stock,,Health Care,Biotechnology: Pharmaceutical Preparations,,XLV,1,2026-10-09
COLM,0001050797,Columbia Sportswear Company Common Stock,,Consumer Discretionary,Apparel,,XLY,1,2026-10-09
COMP,0001563190,Compass Inc. Class A Common Stock,,Financials,Real Estate,,XLF,1,2026-10-09
CON,0002014596,Concentra Group Holdings Parent Inc. Common Stock,,Health Care,Medical Specialities,,XLV,1,2026-10-09
COO,0000711404,The Cooper Companies Inc. Common Stock,,Health Care,Ophthalmic Goods,,XLV,1,2026-10-09
COOK,0001857853,Traeger Inc. Common Stock,,Consumer Discretionary,Consumer Electronics/Appliances,,XLY,1,2026-10-09
COOT,0001959994,Australian Oilseeds Holdings Limited Ordinary Shares,,Consumer Staples,Packaged Foods,,XLP,1,2026-10-09
COOTW,0001959994,Australian Oilseeds Holdings Limited Warrant,,Consumer Staples,Packaged Foods,,XLP,1,2026-10-09
COP,0001163165,ConocoPhillips Common Stock,,Energy,Integrated oil Companies,,XLE,1,2026-10-09
COPL,0002045473,Copley Acquisition Corp Ordinary Shares,,,,,,1,2026-10-09
COPR,0001263364,Idaho Copper Corporation Common Stock,,Materials,Metal Mining,,XLB,1,2026-10-09
COR,0001140859,Cencora Inc. Common Stock,,Health Care,Other Pharmaceuticals,,XLV,1,2026-10-09
CORT,0001088856,Corcept Therapeutics Incorporated Common Stock,,Health Care,Biotechnology: Pharmaceutical Preparations,,XLV,1,2026-10-09
CORZ,0001839341,Core Scientific Inc. Common Stock,,Financials,Finance: Consumer Services,,XLF,1,2026-10-09
CORZW,0001839341,Core Scientific Inc. Tranche 1 Warrants,,Financials,Finance: Consumer Services,,XLF,1,2026-10-09
CORZZ,0001839341,Core Scientific Inc. Tranche 2 Warrants,,Financials,Finance: Consumer Services,,XLF,1,2026-10-09
COSM,0001474167,Cosmos Health Inc. Common Stock,,Health Care,Other Pharmaceuticals,,XLV,1,2026-10-09
COSO,0001297107,CoastalSouth Bancshares Inc. Common Stock,,Financials,Major Banks,,XLF,1,2026-10-09
COST,0000909832,Costco Wholesale Corporation Common Stock,,Consumer Discretionary,Department/Specialty Retail Stores,,XLY,1,2026-10-09
COTY,0001024305,Coty Inc. Class A Common Stock,,Consumer Discretionary,Package Goods/Cosmetics,,XLY,1,2026-10-09
COUR,0001651562,Coursera Inc. Common Stock,,Technology,Computer Software: Prepackaged Software,,XLK,1,2026-10-09
COYA,0001835022,Coya Therapeutics Inc. Common Stock,,Health Care,Biotechnology: Pharmaceutical Preparations,,XLV,1,2026-10-09
CP,0000016875,Canadian Pacific Kansas City Limited Common Shares,,Industrials,Railroads,,XLI,1,2026-10-09
CPA,0001345105,Copa Holdings S.A. Class A Common Stock,,Consumer Discretionary,Air Freight/Delivery Services,,XLY,1,2026-10-09
CPAC,0001221029,Cementos Pacasmayo S.A.A. American Depositary Shares (Each representing five Common Shares),,Industrials,Building Materials,,XLI,1,2026-10-09
CPAY,0001175454,Corpay Inc. Common Stock,,Consumer Discretionary,Business Services,,XLY,1,2026-10-09
CPB,0000016732,The Campbell's Company Common Stock,,Consumer Staples,Packaged Foods,,XLP,1,2026-10-09
CPBI,0001979332,Central Plains Bancshares Inc. Common Stock,,Financials,Savings Institutions,,XLF,1,2026-10-09
CPF,0000701347,Central Pacific Financial Corp New,,Financials,Major Banks,,XLF,1,2026-10-09
CPHC,0001672909,Canterbury Park Holding Corporation 'New' Common Stock,,Consumer Discretionary,Services-Misc. Amusement & Recreation,,XLY,1,2026-10-09
CPHI,0001106644,China Pharma Holdings Inc. Common Stock,,Health Care,Biotechnology: Pharmaceutical Preparations,,XLV,1,2026-10-09
CPIX,0001087294,Cumberland Pharmaceuticals Inc. Common Stock,,Health Care,Biotechnology: Pharmaceutical Preparations,,XLV,1,2026-10-09
CPK,0000019745,Chesapeake Utilities Corporation Common Stock,,Utilities,Oil & Gas Production,,XLU,1,2026-10-09
CPNG,0001834584,Coupang Inc. Class A Common Stock,,Consumer Discretionary,Catalog/Specialty Distribution,,XLY,1,2026-10-09
CPOP,0001807389,Pop Culture Group Co. Ltd Class A Ordinary Shares,,Consumer Discretionary,Services-Misc. Amusement & Recreation,,XLY,1,2026-10-09
CPRI,0001530721,Capri Holdings Limited Ordinary Shares,,Consumer Discretionary,Apparel,,XLY,1,2026-10-09
CPRT,0000900075,Copart Inc. (DE) Common Stock,,Consumer Discretionary,Retail-Auto Dealers and Gas Stations,,XLY,1,2026-10-09
CPS,0001320461,Cooper-Standard Holdings Inc. Common Stock,,Consumer Discretionary,Auto Parts:O.E.M.,,XLY,1,2026-10-09
CPSH,0000814676,CPS Technologies Corp. Common Stock,,Consumer Discretionary,Building Materials,,XLY,1,2026-10-09
CPSS,0000889609,Consumer Portfolio Services Inc. Common Stock,,Financials,Finance: Consumer Services,,XLF,1,2026-10-09
CPT,0000906345,Camden Property Trust Common Stock,,Real Estate,Real Estate Investment Trusts,,XLRE,1,2026-10-09
CPZ,0001717457,Calamos Long/Short Equity & Dynamic Income Trust Common Stock,,Financials,Trusts Except Educational Religious and Charitable,,XLF,1,2026-10-09
CQP,0001383650,Cheniere Energy Partners LP Common Units,,Utilities,Oil/Gas Transmission,,XLU,1,2026-10-09
CR,0001944013,Crane Company Common Stock,,Industrials,Metal Fabrications,,XLI,1,2026-10-09
CRAC,0002070887,Crown Reserve Acquisition Corp. I Class A Ordinary Shares,,,,,,1,2026-10-09
CRACR,0002070887,Crown Reserve Acquisition Corp. I Rights,,,,,,1,2026-10-09
CRACW,0002070887,Crown Reserve Acquisition Corp. I Warrant,,,,,,1,2026-10-09
CRAI,0001053706,CRA International Inc. Common Stock,,Consumer Discretionary,Other Consumer Services,,XLY,1,2026-10-09
CRAN,0002081358,Crane Harbor Acquisition Corp. II Class A Ordinary Shares,,Financials,Blank Checks,,XLF,1,2026-10-09
CRAQ,0002058359,Cal Redwood Acquisition Corp. Class A Ordinary Shares,,Financials,Blank Checks,,XLF,1,2026-10-09
CRBD,0001889539,Corebridge Financial Inc. 6.375% Junior Subordinated Notes due 2064,,Financials,Life Insurance,,XLF,1,2026-10-09
CRBG,0001889539,Corebridge Financial Inc. Common Stock,,Financials,Life Insurance,,XLF,1,2026-10-09
CRBP,0001595097,Corbus Pharmaceuticals Holdings Inc. Common Stock,,Health Care,Biotechnology: Pharmaceutical Preparations,,XLV,1,2026-10-09
CRBU,0001619856,Caribou Biosciences Inc. Common Stock,,Health Care,Biotechnology: Biological Products (No Diagnostic Substances),,XLV,1,2026-10-09
CRC,0001609253,California Resources Corporation Common Stock,,Energy,Oil & Gas Production,,XLE,1,2026-10-09
CRCL,0001876042,Circle Internet Group Inc. Class A Common Stock,,Financials,Finance: Consumer Services,,XLF,1,2026-10-09
CRCT,0001828962,Cricut Inc. Class A Common Stock,,Technology,Industrial Machinery/Components,,XLK,1,2026-10-09
CRD/A,0000025475,Crawford & Company,,,,,,1,2026-10-09
CRD/B,0000025475,Crawford & Company,,,,,,1,2026-10-09
CRDF,0001213037,Cardiff Oncology Inc. Common Stock,,Health Care,Biotechnology: Biological Products (No Diagnostic Substances),,XLV,1,2026-10-09
CRDL,0001702123,Cardiol Therapeutics Inc. Class A Common Shares,,Health Care,Biotechnology: Biological Products (No Diagnostic Substances),,XLV,1,2026-10-09
CRDO,0001807794,Credo Technology Group Holding Ltd Ordinary Shares,,Technology,Semiconductors,,XLK,1,2026-10-09
CRE,0002003977,Cre8 Enterprise Limited Class A Ordinary Shares,,Consumer Discretionary,Publishing,,XLY,1,2026-10-09
CRESY,0001034957,Cresud S.A.C.I.F. y A. American Depositary Shares,,Financials,Real Estate,,XLF,1,2026-10-09
CREX,0001356093,Creative Realities Inc. Common Stock,,Technology,EDP Services,,XLK,1,2026-10-09
CRF,0000033934,Cornerstone Total Return Fund Inc. (The) Common Stock,,Financials,Finance/Investors Services,,XLF,1,2026-10-09
CRGO,0001927719,Freightos Limited Ordinary shares,,Industrials,Integrated Freight & Logistics,,XLI,1,2026-10-09
CRGOW,0001927719,Freightos Limited Warrants,,Industrials,Integrated Freight & Logistics,,XLI,1,2026-10-09
CRGY,0001866175,Crescent Energy Company Class A Common Stock,,Energy,Oil & Gas Production,,XLE,1,2026-10-09
CRH,0000849395,CRH PLC Ordinary Shares,,Industrials,Building Materials,,XLI,1,2026-10-09
CRI,0001060822,Carter's Inc. Common Stock,,Consumer Discretionary,Apparel,,XLY,1,2026-10-09
CRIS,0001108205,Curis Inc. Common Stock,,Health Care,Biotechnology: Biological Products (No Diagnostic Substances),,XLV,1,2026-10-09
CRK,0000023194,Comstock Resources Inc. Common Stock,,Energy,Oil & Gas Production,,XLE,1,2026-10-09
CRL,0001100682,Charles River Laboratories International Inc. Common Stock,,Health Care,Biotechnology: Commercial Physical & Biological Resarch,,XLV,1,2026-10-09
CRM,0001108524,Salesforce Inc. Common Stock,,Technology,Computer Software: Prepackaged Software,,XLK,1,2026-10-09
CRMD,0001410098,CorMedix Inc. Common Stock,,Health Care,Biotechnology: Pharmaceutical Preparations,,XLV,1,2026-10-09
CRML,0001951089,Critical Metals Corp. Ordinary Shares,,Materials,Metal Mining,,XLB,1,2026-10-09
CRMLW,0001951089,Critical Metals Corp. Warrants,,Materials,Metal Mining,,XLB,1,2026-10-09
CRMT,0000799850,America's Car-Mart Inc Common Stock,,Consumer Discretionary,Retail-Auto Dealers and Gas Stations,,XLY,1,2026-10-09
CRNC,0001768267,Cerence Inc. Common Stock,,Technology,Computer Software: Prepackaged Software,,XLK,1,2026-10-09
CRNT,0001119769,Ceragon Networks Ltd. Ordinary Shares,,Technology,Radio And Television Broadcasting And Communications Equipment,,XLK,1,2026-10-09
CRON,0001656472,Cronos Group Inc. Common Share,,Health Care, Medicinal Chemicals and Botanical Products ,,XLV,1,2026-10-09
CROX,0001334036,Crocs Inc. Common Stock,,Consumer Discretionary,Shoe Manufacturing,,XLY,1,2026-10-09
CRS,0000017843,Carpenter Technology Corporation Common Stock,,Industrials,Steel/Iron Ore,,XLI,1,2026-10-09
CRSP,0001674416,CRISPR Therapeutics AG Common Shares,,Health Care,Biotechnology: Biological Products (No Diagnostic Substances),,XLV,1,2026-10-09
CRSR,0001743759,Corsair Gaming Inc. Common Stock,,Technology,Computer peripheral equipment,,XLK,1,2026-10-09
CRT,0000881787,Cross Timbers Royalty Trust Common Stock,,Energy,Oil & Gas Production,,XLE,1,2026-10-09
CRTO,0001576427,Criteo S.A. Ordinary Shares,,Consumer Discretionary,Advertising,,XLY,1,2026-10-09
CRUS,0000772406,Cirrus Logic Inc. Common Stock,,Technology,Semiconductors,,XLK,1,2026-10-09
CRVL,0000874866,CorVel Corp. Common Stock,,Financials,Specialty Insurers,,XLF,1,2026-10-09
CRVO,0001053691,CervoMed Inc. Common Stock,,Health Care,Biotechnology: Pharmaceutical Preparations,,XLV,1,2026-10-09
CRVS,0001626971,Corvus Pharmaceuticals Inc. Common Stock,,Health Care,Biotechnology: Pharmaceutical Preparations,,XLV,1,2026-10-09
CRWD,0001535527,CrowdStrike Holdings Inc. Class A Common Stock,,Technology,Computer Software: Prepackaged Software,,XLK,1,2026-10-09
CRWS,0000025895,Crown Crafts Inc Common Stock,,Consumer Discretionary,Textiles,,XLY,1,2026-10-09
CRWV,0001769628,CoreWeave Inc. Class A Common Stock,,Technology,Computer Software: Prepackaged Software,,XLK,1,2026-10-09
CSAI,0001709628,Cloudastructure Inc. Class A Common Stock,,Technology,Computer Software: Programming Data Processing,,XLK,1,2026-10-09
CSBR,0000771856,Champions Oncology Inc. Common Stock,,Health Care,Biotechnology: Biological Products (No Diagnostic Substances),,XLV,1,2026-10-09
CSCO,0000858877,Cisco Systems Inc. Common Stock (DE),,Communication Services,Computer Communications Equipment,,XLC,1,2026-10-09
CSGP,0001057352,CoStar Group Inc. Common Stock,,Financials,Real Estate,,XLF,1,2026-10-09
CSHR,0002087587,CoinShares PLC Ordinary Shares,,Financials,Investment Bankers/Brokers/Service,,XLF,1,2026-10-09
CSHRW,0002087587,CoinShares PLC Warrants,,Financials,Investment Bankers/Brokers/Service,,XLF,1,2026-10-09
CSIQ,0001375877,Canadian Solar Inc. Common Shares (ON),,Technology,Semiconductors,,XLK,1,2026-10-09
CSL,0000790051,Carlisle Companies Incorporated Common Stock,,Industrials,Specialty Chemicals,,XLI,1,2026-10-09
CSPI,0000356037,CSP Inc. Common Stock,,Technology,EDP Services,,XLK,1,2026-10-09
CSQ,0001275214,Calamos Strategic Total Return Common Stock,,Financials,Finance Companies,,XLF,1,2026-10-09
CSQR,0002105398,Csquare Inc. Common Stock,,Technology,Computer Software: Programming Data Processing,,XLK,1,2026-10-09
CSR,0000798359,D/B/A Centerspace Common Stock,,Real Estate,Real Estate Investment Trusts,,XLRE,1,2026-10-09
CSTE,0001504379,Caesarstone Ltd. Ordinary Shares,,Industrials,Building Materials,,XLI,1,2026-10-09
CSTL,0001447362,Castle Biosciences Inc. Common Stock,,Health Care,Medical Specialities,,XLV,1,2026-10-09
CSTM,0001563411,Constellium SE Ordinary Shares (France),,Industrials,Metal Fabrications,,XLI,1,2026-10-09
CSV,0001016281,Carriage Services Inc. Common Stock,,Consumer Discretionary,Other Consumer Services,,XLY,1,2026-10-09
CSW,0001624794,CSW Industrials Inc. Common Stock,,Industrials,Home Furnishings,,XLI,1,2026-10-09
CSWC,0000017313,Capital Southwest Corporation Common Stock,,Consumer Discretionary,Textiles,,XLY,1,2026-10-09
CSX,0000277948,CSX Corporation Common Stock,,Industrials,Railroads,,XLI,1,2026-10-09
CTAA,0002094073,ClearThink 1 Acquisition Corp. Class A Ordinary Shares,,Financials,Blank Checks,,XLF,1,2026-10-09
CTAS,0000723254,Cintas Corporation Common Stock,,Industrials,Garments and Clothing,,XLI,1,2026-10-09
CTA^A,,EIDP Inc. Preferred Stock $3.50 Series,,,,,,1,2026-10-09
CTA^B,,EIDP Inc. Preferred Stock $4.50 Series,,,,,,1,2026-10-09
CTBI,0000350852,Community Trust Bancorp Inc. Common Stock,,Financials,Major Banks,,XLF,1,2026-10-09
CTEV,0001793229,Claritev Corporation Class A Common Stock,,Consumer Discretionary,Business Services,,XLY,1,2026-10-09
CTGG,0000068622,Qwest Corporation 6.500% Senior Notes due 2051,,Communication Services,Telecommunications Equipment,,XLC,1,2026-10-09
CTGO,0001502377,Contango Silver & Gold Inc. Common Stock,,Materials,Precious Metals,,XLB,1,2026-10-09
CTHH,0000068622,Qwest Corporation 6.750% Senior Notes due 2052,,Communication Services,Telecommunications Equipment,,XLC,1,2026-10-09
CTKB,0001831915,Cytek Biosciences Inc. Common Stock,,Industrials,Biotechnology: Laboratory Analytical Instruments,,XLI,1,2026-10-09
CTM,0001877939,Castellum Inc. Common Stock,,Consumer Discretionary,Professional Services,,XLY,1,2026-10-09
CTMX,0001501989,CytomX Therapeutics Inc. Common Stock,,Health Care,Biotechnology: Pharmaceutical Preparations,,XLV,1,2026-10-09
CTNM,0001855175,Contineum Therapeutics Inc. Class A Common Stock,,Health Care,Biotechnology: Pharmaceutical Preparations,,XLV,1,2026-10-09
CTNT,0001951667,Cheetah Net Supply Chain Service Inc Class A Common Stock,,Consumer Discretionary,Motor Vehicles,,XLY,1,2026-10-09
CTO,0000023795,CTO Realty Growth Inc. Common Stock,,Real Estate,Real Estate Investment Trusts,,XLRE,1,2026-10-09
CTOR,0001851484,Citius Oncology Inc. Common Stock,,Health Care,Biotechnology: Pharmaceutical Preparations,,XLV,1,2026-10-09
CTOS,0001709682,Custom Truck One Source Inc. Common Stock,,Consumer Discretionary,Diversified Commercial Services,,XLY,1,2026-10-09
CTO^A,,CTO Realty Growth Inc. 6.375% Series A Cumulative Redeemable Preferred Stock,,,,,,1,2026-10-09
CTRE,0001590717,CareTrust REIT Inc. Common Stock,,Real Estate,Real Estate Investment Trusts,,XLRE,1,2026-10-09
CTRI,0001981599,Centuri Holdings Inc. Common Stock,,Utilities,Oil & Gas Production,,XLU,1,2026-10-09
CTRM,0001720161,Castor Maritime Inc. Common Shares,,Consumer Discretionary,Marine Transportation,,XLY,1,2026-10-09
CTRN,0001318484,Citi Trends Inc. Common Stock,,Consumer Discretionary,Clothing/Shoe/Accessory Stores,,XLY,1,2026-10-09
CTS,0000026058,CTS Corporation Common Stock,,Technology,Electrical Products,,XLK,1,2026-10-09
CTSH,0001058290,Cognizant Technology Solutions Corporation Class A Common Stock,,Technology,EDP Services,,XLK,1,2026-10-09
CTSO,0001175151,Cytosorbents Corporation Common Stock,,Health Care,Medical/Dental Instruments,,XLV,1,2026-10-09
CTVA,0001755672,Corteva Inc. Common Stock ,,Consumer Staples,Farming/Seeds/Milling,,XLP,1,2026-10-09
CTW,0002047148,CTW Class A Ordinary Shares,,Technology,EDP Services,,XLK,1,2026-10-09
CTXR,0001506251,Citius Pharmaceuticals Inc. Common Stock,,Health Care,Biotechnology: Pharmaceutical Preparations,,XLV,1,2026-10-09
CUB,0002015955,Lionheart Holdings Class A Ordinary Shares,,Industrials,Industrial Machinery/Components,,XLI,1,2026-10-09
CUBB,0001488813,Customers Bancorp Inc 5.375% Subordinated Notes Due 2034,,Financials,Major Banks,,XLF,1,2026-10-09
CUBE,0001298675,CubeSmart Common Shares,,Real Estate,Real Estate Investment Trusts,,XLRE,1,2026-10-09
CUBI,0001488813,Customers Bancorp Inc Common Stock,,Financials,Major Banks,,XLF,1,2026-10-09
CUBWU,0002015955,Lionheart Holdings Unit,,Financials,Blank Checks,,XLF,1,2026-10-09
CUBWW,0002015955,Lionheart Holdings Warrant,,Industrials,Industrial Machinery/Components,,XLI,1,2026-10-09
CUE,0001645460,Cue Biopharma Inc. Common Stock,,Health Care,Biotechnology: Pharmaceutical Preparations,,XLV,1,2026-10-09
CULP,0000723603,Culp Inc. Common Stock,,Consumer Discretionary,Textiles,,XLY,1,2026-10-09
CUPR,0001995704,Cuprina Holdings (Cayman) Limited Class A Ordinary Shares,,Health Care,Industrial Specialties,,XLV,1,2026-10-09
CURB,0002027317,Curbline Properties Corp. Common Stock,,Financials,Real Estate,,XLF,1,2026-10-09
CURI,0001776909,CuriosityStream Inc. Class A Common Stock,,Consumer Discretionary,Movies/Entertainment,,XLY,1,2026-10-09
CURR,0001862935,Currenc Group Inc. Ordinary Shares,,Consumer Discretionary,Business Services,,XLY,1,2026-10-09
CURV,0001792781,Torrid Holdings Inc. Common Stock,,Consumer Discretionary,Clothing/Shoe/Accessory Stores,,XLY,1,2026-10-09
CURX,0002025942,Curanex Pharmaceuticals Inc Common Stock,,Health Care,Biotechnology: Pharmaceutical Preparations,,XLV,1,2026-10-09
CUVL,0001290877,Clinuvel Pharmaceuticals Limited American Depositary Shares,,Miscellaneous,Miscellaneous,,,1,2026-10-09
CUZ,0000025232,Cousins Properties Incorporated Common Stock,,Real Estate,Real Estate Investment Trusts,,XLRE,1,2026-10-09
CV,0001378325,CapsoVision Inc. Common Stock,,Health Care,Biotechnology: Electromedical & Electrotherapeutic Apparatus,,XLV,1,2026-10-09
CVBF,0000354647,CVB Financial Corporation Common Stock,,Financials,Major Banks,,XLF,1,2026-10-09
CVCO,0000278166,Cavco Industries Inc. Common Stock When Issued,,Consumer Discretionary,Homebuilding,,XLY,1,2026-10-09
CVE,0001475260,Cenovus Energy Inc Common Stock,,Energy,Oil & Gas Production,,XLE,1,2026-10-09
CVEO,0001590584,Civeo Corporation (Canada) Common Shares,,Consumer Discretionary,Hotels/Resorts,,XLY,1,2026-10-09
CVGI,0001290900,Commercial Vehicle Group Inc. Common Stock,,Consumer Discretionary,Auto Parts:O.E.M.,,XLY,1,2026-10-09
CVI,0001376139,CVR Energy Inc. Common Stock,,Energy,Integrated oil Companies,,XLE,1,2026-10-09
CVKD,0001937993,Cadrenal Therapeutics Inc. Common Stock,,Health Care,Biotechnology: Pharmaceutical Preparations,,XLV,1,2026-10-09
CVLG,0000928658,Covenant Logistics Group Inc. Class A Common Stock,,Industrials,Trucking Freight/Courier Services,,XLI,1,2026-10-09
CVLT,0001169561,Commvault Systems Inc. Common Stock,,Technology,Computer Software: Prepackaged Software,,XLK,1,2026-10-09
CVM,0000725363,Cel-Sci Corporation Common Stock,,Health Care,Biotechnology: Biological Products (No Diagnostic Substances),,XLV,1,2026-10-09
CVNA,0001690820,Carvana Co. Class A Common Stock,,Consumer Discretionary,Retail-Auto Dealers and Gas Stations,,XLY,1,2026-10-09
CVR,0000019871,Chicago Rivet & Machine Co. Common Stock,,Industrials,Industrial Machinery/Components,,XLI,1,2026-10-09
CVRX,0001235912,CVRx Inc. Common Stock,,Health Care,Medical/Dental Instruments,,XLV,1,2026-10-09
CVS,0000064803,CVS Health Corporation Common Stock,,Consumer Staples,Retail-Drug Stores and Proprietary Stores,,XLP,1,2026-10-09
CVSA,0000730464,Covista Inc. Common Shares,,Real Estate,Other Consumer Services,,XLRE,1,2026-10-09
CVU,0000889348,CPI Aerostructures Inc. Common Stock,,Industrials,Military/Government/Technical,,XLI,1,2026-10-09
CVV,0000766792,CVD Equipment Corporation Common Stock,,Technology,Industrial Machinery/Components,,XLK,1,2026-10-09
CVX,0000093410,Chevron Corporation Common Stock,,Energy,Integrated oil Companies,,XLE,1,2026-10-09
CW,0000026324,Curtiss-Wright Corporation Common Stock,,Technology,Industrial Machinery/Components,,XLK,1,2026-10-09
CWBC,0001127371,Community West Bancshares Common Stock,,Financials,Major Banks,,XLF,1,2026-10-09
CWCO,0000928340,Consolidated Water Co. Ltd. Ordinary Shares,,Utilities,Water Supply,,XLU,1,2026-10-09
CWD,0001627282,CaliberCos Inc. Class A Common Stock,,Financials,Real Estate,,XLF,1,2026-10-09
CWEN,0001567683,Clearway Energy Inc. Class C Common Stock,,Utilities,Electric Utilities: Central,,XLU,1,2026-10-09
CWH,0001669779,Camping World Holdings Inc. Class A Common Stock,,Consumer Discretionary,Retail-Auto Dealers and Gas Stations,,XLY,1,2026-10-09
CWK,0001628369,Cushman & Wakefield Ltd. Common Shares,,Financials,Real Estate,,XLF,1,2026-10-09
CWST,0000911177,Casella Waste Systems Inc. Class A Common Stock,,Utilities,Environmental Services,,XLU,1,2026-10-09
CWT,0001035201,California Water Service Group Common Stock,,Utilities,Water Supply,,XLU,1,2026-10-09
CX,0001076378,Cemex S.A.B. de C.V. Sponsored ADR,,Industrials,Building Materials,,XLI,1,2026-10-09
CXAI,0001820875,CXApp Inc. Class A Common Stock,,Technology,EDP Services,,XLK,1,2026-10-09
CXAIW,0001820875,CXApp Inc. Warrant,,Technology,EDP Services,,XLK,1,2026-10-09
CXDO,0001075736,Crexendo Inc. Common Stock,,Communication Services,Telecommunications Equipment,,XLC,1,2026-10-09
CXII,0002114227,Churchill Capital Corp XII Class A Ordinary Shares,,Financials,Blank Checks,,XLF,1,2026-10-09
CXIIU,0002114227,Churchill Capital Corp XII Units,,Financials,Blank Checks,,XLF,1,2026-10-09
CXIIW,0002114227,Churchill Capital Corp XII Warrants,,Financials,Blank Checks,,XLF,1,2026-10-09
CXM,0001569345,Sprinklr Inc. Class A Common Stock,,Technology,Computer Software: Prepackaged Software,,XLK,1,2026-10-09
CXT,0000025445,Crane NXT Co. Common Stock,,Industrials,Metal Fabrications,,XLI,1,2026-10-09
CXW,0001070985,CoreCivic Inc. Common Stock,,Real Estate,Real Estate Investment Trusts,,XLRE,1,2026-10-09
CYAB,0002032341,Cyabra Inc. Common Stock,,Technology,Computer Software: Prepackaged Software,,XLK,1,2026-10-09
CYCU,0001868419,Cycurion Inc. Common Stock,,Technology,EDP Services,,XLK,1,2026-10-09
CYCUW,0001868419,Cycurion Inc. Warrant,,Technology,EDP Services,,XLK,1,2026-10-09
CYD,0000932695,China Yuchai International Limited Common Stock,,Industrials,Industrial Machinery/Components,,XLI,1,2026-10-09
CYH,0001108109,Community Health Systems Inc. Common Stock,,Health Care,Hospital/Nursing Management,,XLV,1,2026-10-09
CYN,0001874097,Cyngn Inc. Common Stock,,Technology,EDP Services,,XLK,1,2026-10-09
CYPH,0001509745,Cypherpunk Technologies Inc. Common Stock,,Health Care,Biotechnology: Pharmaceutical Preparations,,XLV,1,2026-10-09
CYRX,0001124524,CryoPort Inc. Common Stock,,Health Care,Biotechnology: Pharmaceutical Preparations,,XLV,1,2026-10-09
CYTK,0001061983,Cytokinetics Incorporated Common Stock,,Health Care,Biotechnology: Pharmaceutical Preparations,,XLV,1,2026-10-09
CZFS,0000739421,Citizens Financial Services Inc. Common Stock,,Financials,Major Banks,,XLF,1,2026-10-09
CZNC,0000810958,Citizens & Northern Corp Common Stock,,Financials,Major Banks,,XLF,1,2026-10-09
CZR,0001590895,Caesars Entertainment Inc. Common Stock,,Consumer Discretionary,Hotels/Resorts,,XLY,1,2026-10-09
CZWI,0001367859,Citizens Community Bancorp Inc. Common Stock,,Financials,Savings Institutions,,XLF,1,2026-10-09
C^N,,Citigroup Capital XIII 7.875% Fixed rate Floating Rate trust Preferred Securities (TruPS),,,,,,1,2026-10-09
C^R,,Citigroup Inc. Depositary Shares Each Representing a 1/1000th Interest in a Share of 6.250% Noncumulative Preferred Stock Series II,,,,,,1,2026-10-09
D,0000715957,Dominion Energy Inc. Common Stock,,Utilities,Electric Utilities: Central,,XLU,1,2026-10-09
DAAQ,0002052162,Digital Asset Acquisition Corp. Class A Ordinary shares,,Financials,Blank Checks,,XLF,1,2026-10-09
DAAQU,0002052162,Digital Asset Acquisition Corp. Units,,Financials,Blank Checks,,XLF,1,2026-10-09
DAAQW,0002052162,Digital Asset Acquisition Corp. Warrant,,Financials,Blank Checks,,XLF,1,2026-10-09
DAC,0001369241,Danaos Corporation Common Stock,,Consumer Discretionary,Marine Transportation,,XLY,1,2026-10-09
DAIC,0002033770,CID HoldCo Inc. Common Stock,,Technology,EDP Services,,XLK,1,2026-10-09
DAICW,0002033770,CID HoldCo Inc. Warrants,,Technology,EDP Services,,XLK,1,2026-10-09
DAIO,0000351998,Data I/O Corporation Common Stock,,Industrials,Electrical Products,,XLI,1,2026-10-09
DAKT,0000915779,Daktronics Inc. Common Stock,,Consumer Discretionary,Miscellaneous manufacturing industries,,XLY,1,2026-10-09
DAL,0000027904,Delta Air Lines Inc. Common Stock,,Consumer Discretionary,Air Freight/Delivery Services,,XLY,1,2026-10-09
DAN,0000026780,Dana Incorporated Common Stock ,,Consumer Discretionary,Auto Parts:O.E.M.,,XLY,1,2026-10-09
DAO,0001781753,Youdao Inc. American Depositary Shares each representing one Class A Ordinary Share,,Real Estate,Other Consumer Services,,XLRE,1,2026-10-09
DAR,0000916540,Darling Ingredients Inc. Common Stock,,Consumer Staples,Packaged Foods,,XLP,1,2026-10-09
DARE,0001401914,Dare Bioscience Inc. Common Stock,,Health Care,Biotechnology: Pharmaceutical Preparations,,XLV,1,2026-10-09
DASH,0001792789,DoorDash Inc. Class A Common Stock,,Consumer Discretionary,Business Services,,XLY,1,2026-10-09
DAVA,0001656081,Endava plc American Depositary Shares (each representing one Class A Ordinary Share),,Technology,EDP Services,,XLK,1,2026-10-09
DAVE,0001841408,Dave Inc. Class A Common Stock,,Financials,Finance: Consumer Services,,XLF,1,2026-10-09
DAVEW,0001841408,Dave Inc. Warrants,,Financials,Finance: Consumer Services,,XLF,1,2026-10-09
DB,0001159508,Deutsche Bank AG Common Stock,,Financials,Major Banks,,XLF,1,2026-10-09
DBCA,0002095161,D. Boral Acquisition I Corp. Class A Ordinary Shares,,Financials,Blank Checks,,XLF,1,2026-10-09
DBD,0000028823,Diebold Nixdorf Incorporated Common stock,,Miscellaneous,Office Equipment/Supplies/Services,,,1,2026-10-09
DBGI,0001668010,Digital Brands Group Inc. Common Stock,,Consumer Discretionary,Clothing/Shoe/Accessory Stores,,XLY,1,2026-10-09
DBI,0001319947,Designer Brands Inc. Class A Common Stock,,Consumer Discretionary,Clothing/Shoe/Accessory Stores,,XLY,1,2026-10-09
DBL,0001525201,DoubleLine Opportunistic Credit Fund Common Shares of Beneficial Interest,,,,,,1,2026-10-09
DBVT,0001613780,DBV Technologies S.A. American Depositary Shares,,Health Care,Biotechnology: Biological Products (No Diagnostic Substances),,XLV,1,2026-10-09
DBX,0001467623,Dropbox Inc. Class A Common Stock,,Technology,Computer Software: Prepackaged Software,,XLK,1,2026-10-09
DC,0001852353,Dakota Gold Corp. Common Stock,,Materials,Metal Mining,,XLB,1,2026-10-09
DCBG,0000846617,Dime Commercial Bancshares Inc. 9.000% Junior Subordinated Notes,,Financials,Major Banks,,XLF,1,2026-10-09
DCBO,0001829959,Docebo Inc. Common Shares,,Technology,Computer Software: Prepackaged Software,,XLK,1,2026-10-09
DCGO,0001822359,DocGo Inc. Common Stock,,Health Care,Medical/Nursing Services,,XLV,1,2026-10-09
DCH,0001062231,Dauch Corporation Common Stock,,Consumer Discretionary,Auto Parts:O.E.M.,,XLY,1,2026-10-09
DCI,0000029644,Donaldson Company Inc. Common Stock,,Industrials,Pollution Control Equipment,,XLI,1,2026-10-09
DCO,0000030305,Ducommun Incorporated Common Stock,,Industrials,Military/Government/Technical,,XLI,1,2026-10-09
DCOM,0000846617,Dime Commercial Bancshares Inc. Common Stock,,Financials,Major Banks,,XLF,1,2026-10-09
DCOM^,,Dime Commercial Bancshares Inc. Preferred Stock Series A,,,,,,1,2026-10-09
DCOY,0001615219,Decoy Therapeutics Inc. Common Stock,,Health Care,Biotechnology: Pharmaceutical Preparations,,XLV,1,2026-10-09
DCTH,0000872912,Delcath Systems Inc. Common Stock,,Health Care,Medical/Dental Instruments,,XLV,1,2026-10-09
DCX,0001957413,Digital Currency X Technology Inc. Class A Ordinary Shares,,Industrials,Auto Manufacturing,,XLI,1,2026-10-09
DD,0001666700,DuPont de Nemours Inc. Common Stock,,Industrials,Major Chemicals,,XLI,1,2026-10-09
DDC,0001808110,DDC Enterprise Limited Class A Ordinary Shares,,Consumer Staples,Packaged Foods,,XLP,1,2026-10-09
DDD,0000910638,3D Systems Corporation Common Stock,,Technology,Computer Software: Prepackaged Software,,XLK,1,2026-10-09
DDI,0001799567,DoubleDown Interactive Co. Ltd. American Depository Shares,,Technology,EDP Services,,XLK,1,2026-10-09
DDL,0001854545,Dingdong (Cayman) Limited American Depositary Shares (each two representing three Ordinary Shares),,Consumer Discretionary,Catalog/Specialty Distribution,,XLY,1,2026-10-09
DDOG,0001561550,Datadog Inc. Class A Common Stock,,Technology,Computer Software: Prepackaged Software,,XLK,1,2026-10-09
DE,0000315189,Deere & Company Common Stock,,Industrials,Industrial Machinery/Components,,XLI,1,2026-10-09
DEA,0001622194,Easterly Government Properties Inc. Common Stock,,Real Estate,Real Estate Investment Trusts,,XLRE,1,2026-10-09
DEC,0001922446,Diversified Energy Company Common Stock,,,,,,1,2026-10-09
DECK,0000910521,Deckers Outdoor Corporation Common Stock,,Consumer Discretionary,Shoe Manufacturing,,XLY,1,2026-10-09
DEFT,0001888274,Defi Technologies Inc. Common Stock,,Financials,Finance: Consumer Services,,XLF,1,2026-10-09
DEI,0001364250,Douglas Emmett Inc. Common Stock,,Real Estate,Real Estate Investment Trusts,,XLRE,1,2026-10-09
DELL,0001571996,Dell Technologies Inc. Class C Common Stock ,,Technology,Computer Manufacturing,,XLK,1,2026-10-09
DEO,0000835403,Diageo plc Common Stock,,Consumer Staples,Beverages (Production/Distribution),,XLP,1,2026-10-09
DERM,0001867066,Journey Medical Corporation Common Stock,,Health Care,Biotechnology: Pharmaceutical Preparations,,XLV,1,2026-10-09
DETX,0001919776,Liberty Defense Holdings Ltd. Common Shares,,Industrials,Industrial Machinery/Components,,XLI,1,2026-10-09
DFDV,0001805526,DeFi Development Corp. Common Stock,,Financials,Finance: Consumer Services,,XLF,1,2026-10-09
DFDVW,0001805526,DeFi Development Corp. Warrant,,Financials,Finance: Consumer Services,,XLF,1,2026-10-09
DFH,0001825088,Dream Finders Homes Inc. Class A Common Stock,,Consumer Discretionary,Homebuilding,,XLY,1,2026-10-09
DFIN,0001669811,Donnelley Financial Solutions Inc. Common Stock ,,Consumer Discretionary,Other Consumer Services,,XLY,1,2026-10-09
DFLI,0001847986,Dragonfly Energy Holdings Corp. Common Stock (NV),,Miscellaneous,Industrial Machinery/Components,,,1,2026-10-09
DFLIW,0001847986,Dragonfly Energy Holdings Corp. Warrant,,Miscellaneous,Industrial Machinery/Components,,,1,2026-10-09
DFNS,0001787518,T3 Defense Inc. Common Stock,,Consumer Discretionary,Professional Services,,XLY,1,2026-10-09
DFNSW,0001787518,T3 Defense Inc. Warrants,,Consumer Discretionary,Professional Services,,XLY,1,2026-10-09
DFP,0001559991,Flaherty & Crumrine Dynamic Preferred and Income Fund Inc. Common Stock,,Financials,Investment Managers,,XLF,1,2026-10-09
DFSC,0001889823,DEFSEC Technologies Inc. Common Stock,,Technology,Computer Software: Prepackaged Software,,XLK,1,2026-10-09
DFSCW,0001889823,DEFSEC Technologies Inc. Warrant,,Technology,Computer Software: Prepackaged Software,,XLK,1,2026-10-09
DFTX,0001813814,Definium Therapeutics Inc. Common Shares,,Health Care, Medicinal Chemicals and Botanical Products ,,XLV,1,2026-10-09
DG,0000029534,Dollar General Corporation Common Stock,,Consumer Discretionary,Department/Specialty Retail Stores,,XLY,1,2026-10-09
DGAC,0002111038,Disciplined Growth Acquisition Corporation Class A Ordinary Shares,,,,,,1,2026-10-09
DGICA,0000800457,Donegal Group Inc. Class A Common Stock,,Financials,Property-Casualty Insurers,,XLF,1,2026-10-09
DGICB,0000800457,Donegal Group Inc. Class B Common Stock,,Financials,Property-Casualty Insurers,,XLF,1,2026-10-09
DGII,0000854775,Digi International Inc. Common Stock,,Communication Services,Computer Communications Equipment,,XLC,1,2026-10-09
DGNX,0002010499,Diginex Limited Ordinary Shares,,Technology,EDP Services,,XLK,1,2026-10-09
DGX,0001022079,Quest Diagnostics Incorporated Common Stock,,Health Care,Medical Specialities,,XLV,1,2026-10-09
DGXX,0001854368,Digi Power X Inc. Subordinate Voting Shares,,Financials,Finance: Consumer Services,,XLF,1,2026-10-09
DH,0001861795,Definitive Healthcare Corp. Class A Common Stock,,Technology,Computer Software: Prepackaged Software,,XLK,1,2026-10-09
DHC,0001075415,Diversified Healthcare Trust Common Shares of Beneficial Interest,,Real Estate,Real Estate Investment Trusts,,XLRE,1,2026-10-09
DHCNI,0001075415,Diversified Healthcare Trust 5.625% Senior Notes due 2042,,Real Estate,Real Estate Investment Trusts,,XLRE,1,2026-10-09
DHCNL,0001075415,Diversified Healthcare Trust 6.25% Senior Notes Due 2046,,Real Estate,Real Estate Investment Trusts,,XLRE,1,2026-10-09
DHF,0001057861,BNY Mellon High Yield Strategies Fund Common Stock,,Financials,Finance Companies,,XLF,1,2026-10-09
DHI,0000882184,D.R. Horton Inc. Common Stock,,Consumer Discretionary,Homebuilding,,XLY,1,2026-10-09
DHR,0000313616,Danaher Corporation Common Stock,,Industrials,Industrial Machinery/Components,,XLI,1,2026-10-09
DHT,0001331284,DHT Holdings Inc.,,Consumer Discretionary,Marine Transportation,,XLY,1,2026-10-09
DHX,0001393883,DHI Group Inc. Common Stock,,Consumer Discretionary,Business Services,,XLY,1,2026-10-09
DHY,0001061353,UBS Asset Management High Yield Credit Fund Common Stock,,Financials,Finance/Investors Services,,XLF,1,2026-10-09
DIBS,0001600641,1stdibs.com Inc. Common Stock,,Consumer Discretionary,Catalog/Specialty Distribution,,XLY,1,2026-10-09
DIN,0000049754,Dine Brands Global Inc. Common Stock,,Consumer Discretionary,Restaurants,,XLY,1,2026-10-09
DINO,0001915657,HF Sinclair Corporation Common Stock,,Energy,Natural Gas Distribution,,XLE,1,2026-10-09
DIOD,0000029002,Diodes Incorporated Common Stock,,Technology,Semiconductors,,XLK,1,2026-10-09
DIS,0001744489,Walt Disney Company (The) Common Stock,,Consumer Discretionary,Services-Misc. Amusement & Recreation,,XLY,1,2026-10-09
DIT,0000928465,AMCON Distributing Company Common Stock,,Consumer Discretionary,Food Distributors,,XLY,1,2026-10-09
DJCO,0000783412,Daily Journal Corp. (S.C.) Common Stock,,Consumer Discretionary,Newspapers/Magazines,,XLY,1,2026-10-09
DJT,0001849635,Trump Media & Technology Group Corp. Common Stock,,Technology,Computer Software: Programming Data Processing,,XLK,1,2026-10-09
DJTWW,0001849635,Trump Media & Technology Group Corp. Warrants,,Technology,Computer Software: Programming Data Processing,,XLK,1,2026-10-09
DK,0001694426,Delek US Holdings Inc. Common Stock,,Energy,Integrated oil Companies,,XLE,1,2026-10-09
DKI,0002058584,DarkIris Inc. Class A Ordinary Shares,,Technology,Computer Software: Prepackaged Software,,XLK,1,2026-10-09
DKL,0001552797,Delek Logistics Partners L.P. Common Units representing Limited Partner Interests,,Energy,Natural Gas Distribution,,XLE,1,2026-10-09
DKNG,0001883685,DraftKings Inc. Class A Common Stock,,Consumer Discretionary,Services-Misc. Amusement & Recreation,,XLY,1,2026-10-09
DKS,0001089063,Dick's Sporting Goods Inc Common Stock,,Consumer Discretionary,Other Specialty Stores,,XLY,1,2026-10-09
DLB,0001308547,Dolby Laboratories Common Stock,,Miscellaneous,Multi-Sector Companies,,,1,2026-10-09
DLHC,0000785557,DLH Holdings Corp.,,Consumer Discretionary,Professional Services,,XLY,1,2026-10-09
DLNG,0001578453,Dynagas LNG Partners LP Common Units,,Consumer Discretionary,Marine Transportation,,XLY,1,2026-10-09
DLNG^A,,Dynagas LNG Partners LP 9.00% Series A Cumulative Redeemable Preferred Units,,,,,,1,2026-10-09
DLO,0001846832,DLocal Limited Class A Common Shares,,Consumer Discretionary,Business Services,,XLY,1,2026-10-09
DLPN,0001282224,Dolphin Entertainment Inc. Common Stock,,Consumer Discretionary,Other Consumer Services,,XLY,1,2026-10-09
DLR,0001297996,Digital Realty Trust Inc. Common Stock,,Real Estate,Real Estate Investment Trusts,,XLRE,1,2026-10-09
DLR^J,,Digital Realty Trust Inc. 5.250% Series J Cumulative Redeemable Preferred Stock,,,,,,1,2026-10-09
DLR^K,,Digital Realty Trust Inc. 5.850% Series K Cumulative Redeemable Preferred Stock par value $0.01 per share,,,,,,1,2026-10-09
DLR^L,,Digital Realty Trust Inc. 5.200% Series L Cumulative Redeemable Preferred Stock,,,,,,1,2026-10-09
DLTH,0001649744,Duluth Holdings Inc. Class B Common Stock,,Consumer Discretionary,Clothing/Shoe/Accessory Stores,,XLY,1,2026-10-09
DLTR,0000935703,Dollar Tree Inc. Common Stock,,Consumer Discretionary,Department/Specialty Retail Stores,,XLY,1,2026-10-09
DLX,0000027996,Deluxe Corporation Common Stock,,Consumer Discretionary,Publishing,,XLY,1,2026-10-09
DLXY,0002025218,Delixy Holdings Limited Class A Ordinary Shares,,Energy,Oil Refining/Marketing,,XLE,1,2026-10-09
DLY,0001788399,DoubleLine Yield Opportunities Fund Common Shares of Beneficial Interest,,Financials,Investment Managers,,XLF,1,2026-10-09
DMA,0001523289,Destra Multi-Alternative Fund Common Stock,,Financials,Trusts Except Educational Religious and Charitable,,XLF,1,2026-10-09
DMAA,0002028614,Drugs Made In America Acquisition Corp. Ordinary Shares,,,,,,1,2026-10-09
DMAAR,0002028614,Drugs Made In America Acquisition Corp. Rights,,Financials,Blank Checks,,XLF,1,2026-10-09
DMAC,0001401040,DiaMedica Therapeutics Inc. Common Stock,,Health Care,Biotechnology: Pharmaceutical Preparations,,XLV,1,2026-10-09
DMB,0001565381,BNY Mellon Municipal Bond Infrastructure Fund Inc. Common Stock,,Financials,Trusts Except Educational Religious and Charitable,,XLF,1,2026-10-09
DMC,0001047340,Del Monte Corporation Ordinary Shares,,Consumer Staples,Farming/Seeds/Milling,,XLP,1,2026-10-09
DMII,0002040475,Drugs Made In America Acquisition II Corp. Ordinary Shares,,Financials,Blank Checks,,XLF,1,2026-10-09
DMIIR,0002040475,Drugs Made In America Acquisition II Corp. Right,,Financials,Blank Checks,,XLF,1,2026-10-09
DMIIU,0002040475,Drugs Made In America Acquisition II Corp. Unit,,,,,,1,2026-10-09
DMLP,0001172358,Dorchester Minerals L.P. Common Units Representing Limited Partnership Interests,,Energy,Oil & Gas Production,,XLE,1,2026-10-09
DMO,0001478102,Western Asset Mortgage Opportunity Fund Inc. Common Stock,,Financials,Trusts Except Educational Religious and Charitable,,XLF,1,2026-10-09
DMRA,0001800315,Damora Therapeutics Inc. Ordinary Shares,,Health Care,Biotechnology: Pharmaceutical Preparations,,XLV,1,2026-10-09
DMRC,0002119322,Digimarc Corporation Common Stock,,Technology,EDP Services,,XLK,1,2026-10-09
DNA,0001830214,Ginkgo Bioworks Holdings Inc. Class A Common Stock,,Health Care,Biotechnology: Biological Products (No Diagnostic Substances),,XLV,1,2026-10-09
DNLI,0001714899,Denali Therapeutics Inc. Common Stock,,Health Care,Biotechnology: Biological Products (No Diagnostic Substances),,XLV,1,2026-10-09
DNMX,0002081125,Dynamix Corporation III Class A Ordinary Shares,,Financials,Blank Checks,,XLF,1,2026-10-09
DNN,0001063259,Denison Mines Corp Ordinary Shares (Canada),,Materials,Other Metals and Minerals,,XLB,1,2026-10-09
DNOW,0001599617,DNOW Inc. Common Stock,,Consumer Discretionary,Oil and Gas Field Machinery,,XLY,1,2026-10-09
DNP,0000806628,DNP Select Income Fund Inc. Common Stock,,Financials,Investment Managers,,XLF,1,2026-10-09
DNTH,0001690585,Dianthus Therapeutics Inc. Common Stock,,Health Care,Biotechnology: Pharmaceutical Preparations,,XLV,1,2026-10-09
DNUT,0001857154,Krispy Kreme Inc. Common Stock,,Consumer Staples,Food Chains,,XLP,1,2026-10-09
DOC,0000765880,Healthpeak Properties Inc. Common Stock,,Real Estate,Real Estate Investment Trusts,,XLRE,1,2026-10-09
DOCN,0001582961,DigitalOcean Holdings Inc. Common Stock,,Technology,Computer Software: Programming Data Processing,,XLK,1,2026-10-09
DOCS,0001516513,Doximity Inc. Class A Common Stock,,Technology,EDP Services,,XLK,1,2026-10-09
DOCU,0001261333,DocuSign Inc. Common Stock,,Technology,Computer Software: Prepackaged Software,,XLK,1,2026-10-09
DOGZ,0001707303,Dogness (International) Corporation Class A Common Stock,,Consumer Discretionary,Miscellaneous manufacturing industries,,XLY,1,2026-10-09
DOLE,0001857475,Dole plc Ordinary Shares,,Consumer Staples,Farming/Seeds/Milling,,XLP,1,2026-10-09
DOMH,0000012239,Dominari Holdings Inc. Common Stock,,Financials,Investment Bankers/Brokers/Service,,XLF,1,2026-10-09
DOO,0001748797,BRP Inc. Common Subordinate Voting Shares,,Consumer Discretionary,Industrial Specialties,,XLY,1,2026-10-09
DORM,0000868780,Dorman Products Inc. Common Stock,,Consumer Discretionary,Auto Parts:O.E.M.,,XLY,1,2026-10-09
DOUG,0001878897,Douglas Elliman Inc. Common Stock,,Financials,Real Estate,,XLF,1,2026-10-09
DOV,0000029905,Dover Corporation Common Stock,,Industrials,Industrial Machinery/Components,,XLI,1,2026-10-09
DOW,0001751788,Dow Inc. Common Stock ,,Industrials,Major Chemicals,,XLI,1,2026-10-09
DOX,0001062579,Amdocs Limited Ordinary Shares,,Technology,EDP Services,,XLK,1,2026-10-09
DOYU,0001762417,DouYu International Holdings Limited ADS,,Technology,Computer Software: Programming Data Processing,,XLK,1,2026-10-09
DPC,0002107018,DPC Holdings PLC Ordinary Shares,,Communication Services,Metal Fabrications,,XLC,1,2026-10-09
DPG,0001515671,Duff & Phelps Utility and Infrastructure Fund Inc.,,Financials,Trusts Except Educational Religious and Charitable,,XLF,1,2026-10-09
DPRO,0001786286,Draganfly Inc. Common Shares,,Industrials,Aerospace,,XLI,1,2026-10-09
DPU,0001938865,Nexpu Ltd. Class A Ordinary Shares,,Consumer Discretionary,Business Services,,XLY,1,2026-10-09
DPZ,0001286681,Domino's Pizza Inc Common Stock,,Consumer Discretionary,Food Distributors,,XLY,1,2026-10-09
DQ,0001477641,DAQO New Energy Corp. American Depositary Shares each representing five ordinary shares,,Technology,Semiconductors,,XLK,1,2026-10-09
DRD,0001023512,DRDGOLD Limited American Depositary Shares,,Materials,Precious Metals,,XLB,1,2026-10-09
DRDB,0002032528,Roman DBDR Acquisition Corp. II Ordinary shares,,,,,,1,2026-10-09
DRDBW,0002032528,Roman DBDR Acquisition Corp. II Warrants,,,,,,1,2026-10-09
DRH,0001298946,Diamondrock Hospitality Company Common Stock,,Real Estate,Real Estate Investment Trusts,,XLRE,1,2026-10-09
DRI,0000940944,Darden Restaurants Inc. Common Stock,,Consumer Discretionary,Restaurants,,XLY,1,2026-10-09
DRIO,0001533998,DarioHealth Corp. Common Stock,,Health Care,Medical/Dental Instruments,,XLV,1,2026-10-09
DRK,0001591956,DarkHorse Technologies Inc. Common Shares,,Financials,Finance: Consumer Services,,XLF,1,2026-10-09
DRMA,0001853816,Dermata Therapeutics Inc. Common Stock,,Health Care,Biotechnology: Pharmaceutical Preparations,,XLV,1,2026-10-09
DRS,0001833756,Leonardo DRS Inc. Common Stock,,Industrials,Industrial Machinery/Components,,XLI,1,2026-10-09
DRTS,0001871321,Alpha Tau Medical Ltd. Ordinary Shares,,Health Care,Medical/Dental Instruments,,XLV,1,2026-10-09
DRTSW,0001871321,Alpha Tau Medical Ltd. Warrant,,Health Care,Medical/Dental Instruments,,XLV,1,2026-10-09
DRUG,0001827401,Bright Minds Biosciences Inc. Common Stock,,Health Care,Biotechnology: Pharmaceutical Preparations,,XLV,1,2026-10-09
DRVN,0001804745,Driven Brands Holdings Inc. Common Stock,,Consumer Discretionary,Automotive Aftermarket,,XLY,1,2026-10-09
DSAC,0002082149,Daedalus Special Acquisition Corp. Class A Ordinary Shares,,Financials,Blank Checks,,XLF,1,2026-10-09
DSC,0001966041,DSC Holdings Ltd. American Depositary Shares,,Technology,Computer Software: Programming Data Processing,,XLK,1,2026-10-09
DSGN,0001807120,Design Therapeutics Inc. Common Stock,,Health Care,Biotechnology: Pharmaceutical Preparations,,XLV,1,2026-10-09
DSGR,0000703604,Distribution Solutions Group Inc. Common Stock,,Consumer Discretionary,Industrial Specialties,,XLY,1,2026-10-09
DSGX,0001050140,Descartes Systems Group Inc. (The) Common Stock,,Technology,Computer Software: Prepackaged Software,,XLK,1,2026-10-09
DSL,0001566388,DoubleLine Income Solutions Fund Common Shares of Beneficial Interests,,Financials,Trusts Except Educational Religious and Charitable,,XLF,1,2026-10-09
DSM,0000855887,BNY Mellon Strategic Municipal Bond Fund Inc. Common Stock,,Financials,Investment Managers,,XLF,1,2026-10-09
DSP,0001828791,Viant Technology Inc. Class A Common Stock,,Technology,Computer Software: Programming Data Processing,,XLK,1,2026-10-09
DSS,0000771999,DSS Inc. Common Stock,,Consumer Discretionary,Containers/Packaging,,XLY,1,2026-10-09
DSU,0001051003,Blackrock Debt Strategies Fund Inc. Common Stock,,Financials,Finance Companies,,XLF,1,2026-10-09
DSWL,0000946936,Deswell Industries Inc. Common Shares,,Industrials,Plastic Products,,XLI,1,2026-10-09
DSX,0001318885,Diana Shipping inc. common stock,,Consumer Discretionary,Marine Transportation,,XLY,1,2026-10-09
DSX^B,,Diana Shipping Inc. Perpetual Preferred Shares Series B (Marshall Islands),,,,,,1,2026-10-09
DSY,0001999297,Big Tree Cloud Holdings Limited Class A Ordinary Shares,,Consumer Discretionary,Containers/Packaging,,XLY,1,2026-10-09
DSYWW,0001999297,Big Tree Cloud Holdings Limited Warrants,,Consumer Discretionary,Containers/Packaging,,XLY,1,2026-10-09
DT,0001773383,Dynatrace Inc. Common Stock,,Technology,Computer Software: Prepackaged Software,,XLK,1,2026-10-09
DTB,0000936340,DTE Energy Company 2020 Series G 4.375% Junior Subordinated Debentures due 2080,,Utilities,Electric Utilities: Central,,XLU,1,2026-10-09
DTCX,0001853825,Datacentrex Inc. Common Stock,,Technology,EDP Services,,XLK,1,2026-10-09
DTE,0000936340,DTE Energy Company Common Stock,,Utilities,Electric Utilities: Central,,XLU,1,2026-10-09
DTF,0000879535,DTF Tax-Free Income 2028 Term Fund Inc. Common Stock,,Financials,Investment Managers,,XLF,1,2026-10-09
DTG,0000936340,DTE Energy Company 2021 Series E 4.375% Junior Subordinated Debentures,,Utilities,Electric Utilities: Central,,XLU,1,2026-10-09
DTI,0001884516,Drilling Tools International Corporation Common Stock,,Consumer Discretionary,Oil and Gas Field Machinery,,XLY,1,2026-10-09
DTIL,0001357874,Precision BioSciences Inc. Common Stock,,Health Care,Biotechnology: Biological Products (No Diagnostic Substances),,XLV,1,2026-10-09
DTK,0000936340,DTE Energy Company 2025 Series H 6.25% Junior Subordinated Debentures due 2085,,Utilities,Electric Utilities: Central,,XLU,1,2026-10-09
DTM,0001842022,DT Midstream Inc. Common Stock ,,Utilities,Natural Gas Distribution,,XLU,1,2026-10-09
DTSQ,0002017950,DT Cloud Star Acquisition Corporation Ordinary Shares,,,,,,1,2026-10-09
DTSQR,0002017950,DT Cloud Star Acquisition Corporation Right,,Financials,Blank Checks,,XLF,1,2026-10-09
DTSQU,0002017950,DT Cloud Star Acquisition Corporation Units,,Financials,Blank Checks,,XLF,1,2026-10-09
DTSS,0002110423,Datasea Intelligent Technology Ltd. Class A Ordinary Shares,,Technology,Computer Software: Prepackaged Software,,XLK,1,2026-10-09
DTST,0001419951,Data Storage Corporation Common Stock,,Technology,EDP Services,,XLK,1,2026-10-09
DTW,0000936340,DTE Energy Company 2017 Series E 5.25% Junior Subordinated Debentures due 2077,,Utilities,Electric Utilities: Central,,XLU,1,2026-10-09
DUK,0001326160,Duke Energy Corporation (Holding Company) Common Stock,,Utilities,Power Generation,,XLU,1,2026-10-09
DUKB,0001326160,Duke Energy Corporation 5.625% Junior Subordinated Debentures due 2078,,Utilities,Power Generation,,XLU,1,2026-10-09
DUKR,0001638911,DUKE Robotics Corp. Common Stock,,Industrials,Aerospace,,XLI,1,2026-10-09
DUKRW,0001638911,DUKE Robotics Corp. Warrant,,Industrials,Aerospace,,XLI,1,2026-10-09
DUKU,0001326160,Duke Energy Corporation Corporate Units,,Utilities,Power Generation,,XLU,1,2026-10-09
DUK^A,,Duke Energy Corporation Depositary Shares each representing a 1/1000th interest in a share of 5.75% Series A Cumulative Redeemable Perpetual Preferred Stock,,,,,,1,2026-10-09
DUO,0001750593,Fangdd Network Group Ltd. Class A Ordinary Shares,,Financials,Real Estate,,XLF,1,2026-10-09
DUOL,0001562088,Duolingo Inc. Class A Common Stock,,Technology,Computer Software: Prepackaged Software,,XLK,1,2026-10-09
DUOT,0001396536,Duos Technologies Group Inc. Common Stock,,Technology,Computer Software: Prepackaged Software,,XLK,1,2026-10-09
DV,0001819928,DoubleVerify Holdings Inc. Common Stock,,Technology,Computer Software: Programming Data Processing,,XLK,1,2026-10-09
DVA,0000927066,DaVita Inc. Common Stock,,Health Care,Misc Health and Biotechnology Services,,XLV,1,2026-10-09
DVLT,0001682149,Datavault AI Inc. Common Stock,,Consumer Discretionary,Business Services,,XLY,1,2026-10-09
DVN,0001090012,Devon Energy Corporation Common Stock,,Energy,Oil & Gas Production,,XLE,1,2026-10-09
DWSN,0000799165,Dawson Geophysical Company Common Stock,,Energy,Oil & Gas Production,,XLE,1,2026-10-09
DWTX,0001818844,Dogwood Therapeutics Inc. Common Stock,,Health Care,Biotechnology: Pharmaceutical Preparations,,XLV,1,2026-10-09
DX,0000826675,Dynex Capital Inc. Common Stock,,Real Estate,Real Estate Investment Trusts,,XLRE,1,2026-10-09
DXC,0001688568,DXC Technology Company Common Stock ,,Technology,EDP Services,,XLK,1,2026-10-09
DXCM,0001093557,DexCom Inc. Common Stock,,Health Care,Medical/Dental Instruments,,XLV,1,2026-10-09
DXF,0001499494,Eason Technology Limited American Depositary Shares (each representing sixty-thousand (60000) Ordinary Shares),,Financials,Finance: Consumer Services,,XLF,1,2026-10-09
DXLG,0000813298,Destination XL Group Inc. Common Stock,,Consumer Discretionary,Clothing/Shoe/Accessory Stores,,XLY,1,2026-10-09
DXPE,0001020710,DXP Enterprises Inc. Common Stock,,Industrials,Industrial Machinery/Components,,XLI,1,2026-10-09
DXR,0000027367,Daxor Corporation Common Stock,,Health Care,Medical/Dental Instruments,,XLV,1,2026-10-09
DXST,0001958133,Decent Holding Inc Class A Ordinary Shares,,Industrials,Miscellaneous,,XLI,1,2026-10-09
DXYZ,0001843974,Destiny Tech100 Inc. Common Stock,,,,,,1,2026-10-09
DX^C,,Dynex Capital Inc. 6.900% Series C Fixed-to-Floating Rate Cumulative Redeemable Preferred Stock,,,,,,1,2026-10-09
DX^D,,Dynex Capital Inc. 9.375% Series D Fixed-Rate Cumulative Redeemable Preferred Stock,,,,,,1,2026-10-09
DY,0000067215,Dycom Industries Inc. Common Stock,,Industrials,Water Sewer Pipeline Comm & Power Line Construction,,XLI,1,2026-10-09
DYAI,0001213809,Dyadic International Inc. Common Stock,,Health Care,Biotechnology: Biological Products (No Diagnostic Substances),,XLV,1,2026-10-09
DYN,0001818794,Dyne Therapeutics Inc. Common Stock,,Health Care,Biotechnology: Pharmaceutical Preparations,,XLV,1,2026-10-09
DYNC,0002028699,Dynamix Corporation Class A Ordinary Shares,,,,,,1,2026-10-09
DYNCW,0002028699,Dynamix Corporation Warrant,,,,,,1,2026-10-09
DYOR,0002079292,Insight Digital Partners II Class A Ordinary Shares,,Financials,Blank Checks,,XLF,1,2026-10-09
E,0001002242,ENI S.p.A. Common Stock,,Energy,Oil & Gas Production,,XLE,1,2026-10-09
EAD,0001210123,Allspring Income Opportunities Fund Common Shares,,Financials,Finance/Investors Services,,XLF,1,2026-10-09
EAF,0000931148,GrafTech International Ltd. Common Stock,,Energy,Industrial Machinery/Components,,XLE,1,2026-10-09
EAI,0000007323,Entergy Arkansas LLC First Mortgage Bonds 4.875% Series Due September 1 2066,,Utilities,Electric Utilities: Central,,XLU,1,2026-10-09
EARN,0001560672,Ellington Credit Company Common Shares of Beneficial Interest,,Real Estate,Real Estate Investment Trusts,,XLRE,1,2026-10-09
EAT,0000703351,Brinker International Inc. Common Stock,,Consumer Discretionary,Restaurants,,XLY,1,2026-10-09
EBAY,0001065088,eBay Inc. Common Stock,,Consumer Discretionary,Business Services,,XLY,1,2026-10-09
EBC,0001810546,Eastern Bankshares Inc. Common Stock,,Financials,Savings Institutions,,XLF,1,2026-10-09
EBF,0000033002,Ennis Inc. Common Stock,,Consumer Discretionary,Office Equipment/Supplies/Services,,XLY,1,2026-10-09
EBMT,0001478454,Eagle Bancorp Montana Inc. Common Stock,,Financials,Major Banks,,XLF,1,2026-10-09
EBON,0001799290,Ebang International Holdings Inc. Class A Ordinary Shares,,Financials,Investment Bankers/Brokers/Service,,XLF,1,2026-10-09
EBS,0001367644,Emergent BioSolutions Inc. Common Stock,,Health Care,Biotechnology: Pharmaceutical Preparations,,XLV,1,2026-10-09
EC,0001444406,Ecopetrol S.A. American Depositary Shares,,Energy,Oil & Gas Production,,XLE,1,2026-10-09
ECAT,0001864843,BlackRock ESG Capital Allocation Term Trust Common Shares of Beneficial Interest,,Financials,Finance/Investors Services,,XLF,1,2026-10-09
ECBK,0001914605,ECB Bancorp Inc. Common Stock,,Financials,Banks,,XLF,1,2026-10-09
ECC,0001604174,Eagle Point Credit Company Common Share of Beneficial Interest,,Financials,Trusts Except Educational Religious and Charitable,,XLF,1,2026-10-09
ECCC,0001604174,Eagle Point Credit Company 6.50% Series C Term Preferred Stock due 2031,,Financials,Trusts Except Educational Religious and Charitable,,XLF,1,2026-10-09
ECCU,0001604174,Eagle Point Credit Company 7.75% Notes due 2030,,,,,,1,2026-10-09
ECCV,0001604174,Eagle Point Credit Company 5.375% Notes due 2029,,Financials,Trusts Except Educational Religious and Charitable,,XLF,1,2026-10-09
ECC^D,,Eagle Point Credit Company 6.75% Series D Preferred Stock,,,,,,1,2026-10-09
ECF,0000793040,Ellsworth Growth and Income Fund Ltd.,,Financials,Finance/Investors Services,,XLF,1,2026-10-09
ECF^A,,Ellsworth Growth and Income Fund Ltd. 5.25% Series A Cumulative Preferred Shares (Liquidation Preference $25.00 per share),,,,,,1,2026-10-09
ECG,0002015845,Everus Construction Group Inc. Common Stock,,Consumer Discretionary,Homebuilding,,XLY,1,2026-10-09
ECHO,0001415404,EchoStar  Corporation Common Stock,,Consumer Discretionary,Telecommunications Equipment,,XLY,1,2026-10-09
ECL,0000031462,Ecolab Inc. Common Stock,,Consumer Discretionary,Package Goods/Cosmetics,,XLY,1,2026-10-09
ECO,0001964954,Okeanis Eco Tankers Corp. Common Stock,,Consumer Discretionary,Marine Transportation,,XLY,1,2026-10-09
ECOR,0001560258,electroCore Inc. Common Stock,,Health Care,Biotechnology: Electromedical & Electrotherapeutic Apparatus,,XLV,1,2026-10-09
ECPG,0001084961,Encore Capital Group Inc Common Stock,,Financials,Finance Companies,,XLF,1,2026-10-09
ECVT,0001708035,Ecovyst Inc. Common Stock,,Industrials,Major Chemicals,,XLI,1,2026-10-09
ECX,0001861974,ECARX Holdings Inc. Class A Ordinary shares,,Technology,EDP Services,,XLK,1,2026-10-09
ECXWW,0001861974,ECARX Holdings Inc. Warrants,,Technology,EDP Services,,XLK,1,2026-10-09
ED,0001047862,Consolidated Edison Inc. Common Stock,,Utilities,Power Generation,,XLU,1,2026-10-09
EDBL,0001809750,Edible Garden AG Incorporated Common Stock,,Consumer Staples,Farming/Seeds/Milling,,XLP,1,2026-10-09
EDBLW,0001809750,Edible Garden AG Incorporated Warrant,,Consumer Staples,Farming/Seeds/Milling,,XLP,1,2026-10-09
EDD,0001388141,Morgan Stanley Emerging Markets Domestic Debt Fund Inc. Common Stock,,Financials,Finance Companies,,XLF,1,2026-10-09
EDF,0001501103,Virtus Stone Harbor Emerging Markets Income Fund Common Shares of Beneficial Interest,,Financials,Investment Managers,,XLF,1,2026-10-09
EDHL,0002024876,Everbright Digital Holding Limited Ordinary Shares,,Consumer Discretionary,Advertising,,XLY,1,2026-10-09
EDIT,0001650664,Editas Medicine Inc. Common Stock,,Health Care,Biotechnology: Biological Products (No Diagnostic Substances),,XLV,1,2026-10-09
EDN,0001395213,Empresa Distribuidora Y Comercializadora Norte S.A. (Edenor) American Depositary Shares,,Utilities,Electric Utilities: Central,,XLU,1,2026-10-09
EDRY,0001731388,EuroDry Ltd. Common Shares ,,Consumer Discretionary,Marine Transportation,,XLY,1,2026-10-09
EDSA,0001540159,Edesa Biotech Inc. Common Shares,,Health Care,Biotechnology: Pharmaceutical Preparations,,XLV,1,2026-10-09
EDTK,0001782309,Skillful Craftsman Education Technology Limited Ordinary Share,,Real Estate,Other Consumer Services,,XLRE,1,2026-10-09
EDU,0001372920,New Oriental Education & Technology Group Inc. Sponsored ADR representing 10 Ordinary Share (Cayman Islands),,Real Estate,Other Consumer Services,,XLRE,1,2026-10-09
EDUC,0000031667,Educational Development Corporation Common Stock,,Consumer Discretionary,Consumer Specialties,,XLY,1,2026-10-09
EDVA,0001553788,Endovia Health Sciences Inc. Common Stock,,Consumer Staples,Beverages (Production/Distribution),,XLP,1,2026-10-09
EE,0001888447,Excelerate Energy Inc. Class A Common Stock,,Utilities,Oil/Gas Transmission,,XLU,1,2026-10-09
EEA,0000791718,The European Equity Fund Inc. Common Stock,,Financials,Trusts Except Educational Religious and Charitable,,XLF,1,2026-10-09
EEFT,0001029199,Euronet Worldwide Inc. Common Stock,,Financials,Investment Bankers/Brokers/Service,,XLF,1,2026-10-09
EEIQ,0001781397,EpicQuest Education Group International Limited Common Stock,,Real Estate,Other Consumer Services,,XLRE,1,2026-10-09
EFC,0001411342,Ellington Financial Inc. Common Stock ,,Financials,Real Estate,,XLF,1,2026-10-09
EFC^B,,Ellington Financial Inc. 6.250% Series B Fixed-Rate Reset Cumulative Redeemable Preferred Stock,,,,,,1,2026-10-09
EFC^C,,Ellington Financial Inc. 8.625% Series C Fixed-Rate Reset Cumulative Redeemable Preferred Stock,,,,,,1,2026-10-09
EFC^D,,Ellington Financial Inc. 7.00% Series D Cumulative Perpetual Redeemable Preferred Stock,,,,,,1,2026-10-09
EFOI,0000924168,Energy Focus Inc. Common Stock,,Consumer Discretionary,Building Products,,XLY,1,2026-10-09
EFOR,0000890564,Everforth Inc. Common Stock,,Consumer Discretionary,Professional Services,,XLY,1,2026-10-09
EFR,0001258623,Eaton Vance Senior Floating-Rate Fund Common Shares of Beneficial Interest,,Financials,Trusts Except Educational Religious and Charitable,,XLF,1,2026-10-09
EFSC,0001025835,Enterprise Financial Services Corporation Common Stock,,Financials,Major Banks,,XLF,1,2026-10-09
EFSCP,0001025835,Enterprise Financial Services Corporation Depositary Shares Each Representing a 1/40th Interest in a Share of 5% Fixed Rate Non-Cumulative Perpetual Preferred Stock Series A,,Financials,Major Banks,,XLF,1,2026-10-09
EFSI,0000880641,Eagle Financial Services Inc Common Stock,,Financials,Major Banks,,XLF,1,2026-10-09
EFT,0001288992,Eaton Vance Floating Rate Income Trust Common Shares of Beneficial Interest,,Financials,Finance Companies,,XLF,1,2026-10-09
EFX,0000033185,Equifax Inc. Common Stock,,Financials,Finance: Consumer Services,,XLF,1,2026-10-09
EFXT,0001904856,Enerflex Ltd Common Shares,,Industrials,Industrial Machinery/Components,,XLI,1,2026-10-09
EG,0001095073,Everest Group Ltd. Common Stock,,Financials,Property-Casualty Insurers,,XLF,1,2026-10-09
EGAN,0001066194,eGain Corporation Common Stock,,Technology,Computer Software: Prepackaged Software,,XLK,1,2026-10-09
EGBN,0001050441,Eagle Bancorp Inc. Common Stock,,Financials,Major Banks,,XLF,1,2026-10-09
EGG,0001982961,Enigmatig Limited Class A Ordinary Shares,,Consumer Discretionary,Professional Services,,XLY,1,2026-10-09
EGHA,0002052547,EGH Acquisition Corp. Class A Ordinary Shares,,Financials,Finance/Investors Services,,XLF,1,2026-10-09
EGHAR,0002052547,EGH Acquisition Corp. Rights,,Financials,Finance/Investors Services,,XLF,1,2026-10-09
EGHT,0001023731,8x8 Inc Common Stock,,Technology,EDP Services,,XLK,1,2026-10-09
EGO,0000918608,Eldorado Gold Corporation Ordinary Shares,,Materials,Precious Metals,,XLB,1,2026-10-09
EGP,0000049600,EastGroup Properties Inc. Common Stock,,Real Estate,Real Estate Investment Trusts,,XLRE,1,2026-10-09
EGY,0000894627,VAALCO Energy Inc.  Common Stock,,Energy,Oil & Gas Production,,XLE,1,2026-10-09
EH,0001759783,EHang Holdings Limited ADS,,Industrials,Aerospace,,XLI,1,2026-10-09
EHC,0000785161,Encompass Health Corporation Common Stock,,Health Care,Hospital/Nursing Management,,XLV,1,2026-10-09
EHGO,0001879754,Eshallgo Inc. Class A Ordinary Shares,,Consumer Discretionary,Diversified Commercial Services,,XLY,1,2026-10-09
EHI,0001228509,Western Asset Global High Income Fund Inc Common Stock,,Financials,Investment Managers,,XLF,1,2026-10-09
EHLD,0002032779,Euroholdings Ltd. Common Stock ,,Consumer Discretionary,Marine Transportation,,XLY,1,2026-10-09
EHTH,0001333493,eHealth Inc. Common Stock,,Financials,Specialty Insurers,,XLF,1,2026-10-09
EIC,0001754836,Eagle Point Income Company Common Shares of Beneficial Interest,,Financials,Finance/Investors Services,,XLF,1,2026-10-09
EICA,0001754836,Eagle Point Income Company 5.00% Series A Term Preferred Shares due 2026,,Financials,Finance/Investors Services,,XLF,1,2026-10-09
EIG,0001379041,Employers Holdings Inc Common Stock,,Financials,Property-Casualty Insurers,,XLF,1,2026-10-09
EIIA,0001896036,Eagle Point Institutional Income Fund 8.125% Series A Term Preferred Shares Due 2029,,,,,,1,2026-10-09
EIKN,0001861123,Eikon Therapeutics Inc. Common Stock,,Health Care,Biotechnology: Biological Products (No Diagnostic Substances),,XLV,1,2026-10-09
EIM,0001176984,Eaton Vance Municipal Bond Fund Common Shares of Beneficial Interest $.01 par value,,Financials,Finance/Investors Services,,XLF,1,2026-10-09
EIX,0000827052,Edison International Common Stock,,Utilities,Electric Utilities: Central,,XLU,1,2026-10-09
EJH,0001769768,E-Home Household Service Holdings Limited Ordinary Shares,,Consumer Discretionary,Other Consumer Services,,XLY,1,2026-10-09
EL,0001001250,Estee Lauder Companies Inc. (The) Common Stock,,Consumer Discretionary,Package Goods/Cosmetics,,XLY,1,2026-10-09
ELA,0000701719,Envela Corporation Common Stock,,Consumer Discretionary,Consumer Specialties,,XLY,1,2026-10-09
ELAB,0001840563,PMGC Holdings Inc. Common Stock,,Health Care,Biotechnology: Pharmaceutical Preparations,,XLV,1,2026-10-09
ELAN,0001739104,Elanco Animal Health Incorporated Common Stock,,Health Care,Biotechnology: Pharmaceutical Preparations,,XLV,1,2026-10-09
ELBM,0001907184,Electra Battery Materials Corporation Common Stock,,Miscellaneous,Industrial Machinery/Components,,,1,2026-10-09
ELC,0001348952,Entergy Louisiana Inc. Collateral Trust Mortgage Bonds 4.875 % Series due September 1 2066,,Utilities,Electric Utilities: Central,,XLU,1,2026-10-09
ELDN,0001404281,Eledon Pharmaceuticals Inc. Common Stock,,Health Care,Biotechnology: Pharmaceutical Preparations,,XLV,1,2026-10-09
ELE,0002086771,Elemental Royalty Corporation Common Stock,,Materials,Precious Metals,,XLB,1,2026-10-09
ELF,0001600033,e.l.f. Beauty Inc. Common Stock,,Consumer Discretionary,Package Goods/Cosmetics,,XLY,1,2026-10-09
ELLA,0001560672,Ellington Credit Company 8.50% Notes due 2031,,Real Estate,Real Estate Investment Trusts,,XLRE,1,2026-10-09
ELLO,0000946394,Ellomay Capital Ltd Ordinary Shares (Israel),,Utilities,Electric Utilities: Central,,XLU,1,2026-10-09
ELMD,0001488917,Electromed Inc. Common Stock,,Health Care,Biotechnology: Electromedical & Electrotherapeutic Apparatus,,XLV,1,2026-10-09
ELME,0000104894,Elme Communities Common Stock,,Real Estate,Real Estate Investment Trusts,,XLRE,1,2026-10-09
ELMT,0002101698,The Elmet Group Co. Common Stock,,Industrials,Metal Fabrications,,XLI,1,2026-10-09
ELOG,0002013320,Eastern International Ltd. Ordinary Shares,,Industrials,Integrated Freight & Logistics,,XLI,1,2026-10-09
ELOX,0001035354,Eloxx Pharmaceuticals Inc. Common Stock,,Health Care,Biotechnology: Biological Products (No Diagnostic Substances),,XLV,1,2026-10-09
ELPC,0001041792,Companhia Paranaense de Energia (COPEL) American Depositary Shares (each representing four (4) Common Shares),,Utilities,Electric Utilities: Central,,XLU,1,2026-10-09
ELPW,0002015691,Elong Power Holding Limited Class A Ordinary Shares,,Miscellaneous,Industrial Machinery/Components,,,1,2026-10-09
ELS,0000895417,Equity Lifestyle Properties Inc. Common Stock,,Real Estate,Real Estate Investment Trusts,,XLRE,1,2026-10-09
ELTK,0001024672,Eltek Ltd. Ordinary Shares,,Technology,Electrical Products,,XLK,1,2026-10-09
ELTX,0001601485,Elicio Therapeutics Inc. Common Stock,,Health Care,Biotechnology: Pharmaceutical Preparations,,XLV,1,2026-10-09
ELUT,0001708527,Elutia Inc. Class A Common Stock,,Health Care,Biotechnology: Biological Products (No Diagnostic Substances),,XLV,1,2026-10-09
ELV,0001156039,Elevance Health Inc. Common Stock,,Health Care,Medical Specialities,,XLV,1,2026-10-09
ELVA,0001844450,Electrovaya Inc. Common Shares,,Miscellaneous,Industrial Machinery/Components,,,1,2026-10-09
ELVN,0001672619,Enliven Therapeutics Inc. Common Stock,,Health Care,Biotechnology: Pharmaceutical Preparations,,XLV,1,2026-10-09
ELVR,0001739016,Elevra Lithium Limited American Depository Shares,,Industrials,Mining & Quarrying of Nonmetallic Minerals (No Fuels),,XLI,1,2026-10-09
ELWT,0002063863,Elauwit Connection Inc. Common Stock,,Consumer Discretionary,Telecommunications Equipment,,XLY,1,2026-10-09
EMA,0001127248,Emera Incorporated Common Shares,,Utilities,Electric Utilities: Central,,XLU,1,2026-10-09
EMAT,0001866226,Evolution Metals & Technologies Corp. Common Stock,,Miscellaneous,Industrial Machinery/Components,,,1,2026-10-09
EMBC,0001872789,Embecta Corp. Common Stock,,Health Care,Medical/Dental Instruments,,XLV,1,2026-10-09
EMBJ,0001355444,Embraer S.A. Common Stock,,Industrials,Aerospace,,XLI,1,2026-10-09
EMD,0001227862,Western Asset Emerging Markets Debt Fund Inc Common Stock,,Financials,Finance/Investors Services,,XLF,1,2026-10-09
EME,0000105634,EMCOR Group Inc. Common Stock,,Industrials,Engineering & Construction,,XLI,1,2026-10-09
EMF,0000809708,Templeton Emerging Markets Fund Common Stock,,Financials,Finance/Investors Services,,XLF,1,2026-10-09
EMIS,0002075816,Emmis Acquisition Corp. Class A Ordinary Shares,,Health Care,Biotechnology: Pharmaceutical Preparations,,XLV,1,2026-10-09
EML,0000031107,Eastern Company (The) Common Stock,,Consumer Discretionary,Industrial Machinery/Components,,XLY,1,2026-10-09
EMN,0000915389,Eastman Chemical Company Common Stock,,Industrials,Major Chemicals,,XLI,1,2026-10-09
EMO,0001517518,ClearBridge Energy Midstream Opportunity Fund Inc. Common Stock,,Financials,Investment Managers,,XLF,1,2026-10-09
EMP,0000066901,Entergy Mississippi LLC First Mortgage Bonds 4.90% Series Due October 1 2066,,Utilities,Electric Utilities: Central,,XLU,1,2026-10-09
EMPD,0001829794,Empery Digital Inc. Common stock,,Industrials,Auto Manufacturing,,XLI,1,2026-10-09
EMR,0000032604,Emerson Electric Company Common Stock,,Technology,Consumer Electronics/Appliances,,XLK,1,2026-10-09
ENB,0000895728,Enbridge Inc Common Stock,,Energy,Natural Gas Distribution,,XLE,1,2026-10-09
ENGN,0001980845,enGene Therapeutics Inc. Common Stock,,Health Care,Biotechnology: Biological Products (No Diagnostic Substances),,XLV,1,2026-10-09
ENGS,0001971828,Energys Group Limited Ordinary Shares,,Industrials,Engineering & Construction,,XLI,1,2026-10-09
ENHA,0001956439,Enhanced Group Inc. Class A Common Stock,,Consumer Discretionary,Services-Misc. Amusement & Recreation,,XLY,1,2026-10-09
ENIC,0001659939,Enel Chile S.A. American Depositary Shares (Each representing 50 shares of Common Stock),,Utilities,Electric Utilities: Central,,XLU,1,2026-10-09
ENJ,0000071508,Entergy New Orleans LLC First Mortgage Bonds 5.0% Series due December 1 2052,,Utilities,Power Generation,,XLU,1,2026-10-09
ENLT,0001922641,Enlight Renewable Energy Ltd. Ordinary Shares,,Utilities,Electric Utilities: Central,,XLU,1,2026-10-09
ENLV,0001596812,Enlivex Ltd. Ordinary Shares,,Health Care,Biotechnology: Pharmaceutical Preparations,,XLV,1,2026-10-09
ENO,0000071508,Entergy New Orleans LLC First Mortgage Bonds 5.50% Series due April 1 2066,,Utilities,Power Generation,,XLU,1,2026-10-09
ENOV,0001420800,Enovis Corporation Common Stock,,Health Care,Industrial Specialties,,XLV,1,2026-10-09
ENPH,0001463101,Enphase Energy Inc. Common Stock,,Technology,Semiconductors,,XLK,1,2026-10-09
ENR,0001632790,Energizer Holdings Inc. Common Stock,,Miscellaneous,Industrial Machinery/Components,,,1,2026-10-09
ENRD,0002095096,Einride AB American Depositary Shares,,Technology,EDP Services,,XLK,1,2026-10-09
ENRDW,0002095096,Einride AB Warrants,,Technology,EDP Services,,XLK,1,2026-10-09
ENS,0001289308,EnerSys Common Stock,,Miscellaneous,Industrial Machinery/Components,,,1,2026-10-09
ENSC,0001716947,Ensysce Biosciences Inc. Common Stock,,Health Care,Biotechnology: Pharmaceutical Preparations,,XLV,1,2026-10-09
ENSG,0001125376,The Ensign Group Inc. Common Stock,,Health Care,Hospital/Nursing Management,,XLV,1,2026-10-09
ENTA,0001177648,Enanta Pharmaceuticals Inc. Common Stock,,Health Care,Biotechnology: Pharmaceutical Preparations,,XLV,1,2026-10-09
ENTG,0001101302,Entegris Inc. Common Stock,,Industrials,Plastic Products,,XLI,1,2026-10-09
ENTX,0001638097,Entera Bio Ltd. Ordinary Shares,,Health Care,Biotechnology: Biological Products (No Diagnostic Substances),,XLV,1,2026-10-09
ENVA,0001529864,Enova International Inc. Common Stock,,Financials,Finance: Consumer Services,,XLF,1,2026-10-09
ENVB,0000890821,Enveric Biosciences Inc. Common Stock,,Health Care,Biotechnology: Pharmaceutical Preparations,,XLV,1,2026-10-09
ENVX,0001828318,Enovix Corporation Common Stock,,Miscellaneous,Industrial Machinery/Components,,,1,2026-10-09
EOCN,0001595353,Eocene Ltd. Ordinary Shares,,Health Care,Biotechnology: Pharmaceutical Preparations,,XLV,1,2026-10-09
EOD,0001386067,Allspring Global Dividend Opportunity Fund Common Shares of Beneficial Interest,,Financials,Investment Managers,,XLF,1,2026-10-09
EOG,0000821189,EOG Resources Inc. Common Stock,,Energy,Oil & Gas Production,,XLE,1,2026-10-09
EOI,0001300391,Eaton Vance Enhance Equity Income Fund Eaton Vance Enhanced Equity Income Fund Shares of Beneficial Interest,,Financials,Finance/Investors Services,,XLF,1,2026-10-09
EOLS,0001570562,Evolus Inc. Common Stock,,Health Care,Biotechnology: Pharmaceutical Preparations,,XLV,1,2026-10-09
EONR,0001842556,EON Resources Inc. Class A Common Stock,,Energy,Oil & Gas Production,,XLE,1,2026-10-09
EOS,0001308335,Eaton Vance Enhance Equity Income Fund II Common Stock,,Financials,Trusts Except Educational Religious and Charitable,,XLF,1,2026-10-09
EOSE,0001805077,Eos Energy Enterprises Inc. Class A Common Stock,,Miscellaneous,Industrial Machinery/Components,,,1,2026-10-09
EOSEW,0001805077,Eos Energy Enterprises Inc. Warrant,,Miscellaneous,Industrial Machinery/Components,,,1,2026-10-09
EOT,0001454741,Eaton Vance Municipal Income Trust EATON VANCE NATIONAL MUNICIPAL OPPORTUNITIES TRUST,,Financials,Investment Bankers/Brokers/Service,,XLF,1,2026-10-09
EP,0000887396,Empire Petroleum Corporation Common Stock,,Energy,Oil & Gas Production,,XLE,1,2026-10-09
EPAC,0000006955,Enerpac Tool Group Corp. Common Stock,,Technology,Industrial Machinery/Components,,XLK,1,2026-10-09
EPAM,0001352010,EPAM Systems Inc. Common Stock,,Technology,EDP Services,,XLK,1,2026-10-09
EPC,0001096752,Edgewell Personal Care Company Common Stock,,Consumer Discretionary,Package Goods/Cosmetics,,XLY,1,2026-10-09
EPD,0001061219,Enterprise Products Partners L.P. Common Stock,,Utilities,Natural Gas Distribution,,XLU,1,2026-10-09
EPM,0001006655,Evolution Petroleum Corporation Inc. Common Stock,,Energy,Oil & Gas Production,,XLE,1,2026-10-09
EPOW,0001780731,E-Power Inc. Class A Ordinary Shares,,Miscellaneous,Industrial Machinery/Components,,,1,2026-10-09
EPR,0001045450,EPR Properties Common Stock,,Real Estate,Real Estate Investment Trusts,,XLRE,1,2026-10-09
EPRT,0001728951,Essential Properties Realty Trust Inc. Common Stock,,Real Estate,Real Estate Investment Trusts,,XLRE,1,2026-10-09
EPRX,0001581178,Eupraxia Pharmaceuticals Inc. Common Stock,,Health Care,Pharmaceuticals and Biotechnology,,XLV,1,2026-10-09
EPR^C,,EPR Properties 5.75% Series C Cumulative Convertible Preferred Shares,,,,,,1,2026-10-09
EPR^E,,EPR Properties Series E Cumulative Conv Pfd Shs Ser E,,,,,,1,2026-10-09
EPR^G,,EPR Properties 5.750% Series G Cumulative Redeemable Preferred Shares,,,,,,1,2026-10-09
EPSM,0001883437,Epsium Enterprise Limited Class A Ordinary Shares,,Consumer Staples,Beverages (Production/Distribution),,XLP,1,2026-10-09
EPSN,0001726126,Epsilon Energy Ltd. Common Share,,Energy,Oil & Gas Production,,XLE,1,2026-10-09
EP^C,,El Paso Corporation Preferred Stock,,,,,,1,2026-10-09
EQ,0001746466,Equillium Inc. Common Stock,,Health Care,Biotechnology: Pharmaceutical Preparations,,XLV,1,2026-10-09
EQBK,0001227500,Equity Bancshares Inc. Class A Common Stock,,Financials,Major Banks,,XLF,1,2026-10-09
EQH,0001333986,Equitable Holdings Inc. Common Stock,,Financials,Specialty Insurers,,XLF,1,2026-10-09
EQH^A,,Equitable Holdings Inc. Depositary Shares,,,,,,1,2026-10-09
EQH^C,,Equitable Holdings Inc. Depositary Shares each representing a 1/1000th interest in a share of Fixed Rate Noncumulative Perpetual Preferred Stock Series C,,,,,,1,2026-10-09
EQIX,0001101239,Equinix Inc. Common Stock REIT,,Real Estate,Real Estate Investment Trusts,,XLRE,1,2026-10-09
EQNR,0001140625,Equinor ASA,,Energy,Integrated oil Companies,,XLE,1,2026-10-09
EQPT,0001693736,EquipmentShare.com Inc Class A Common Stock,,Consumer Discretionary,Diversified Commercial Services,,XLY,1,2026-10-09
EQS,0000878932,Equus Total Return Inc. Common Stock,,Financials,Finance/Investors Services,,XLF,1,2026-10-09
EQT,0000033213,EQT Corporation Common Stock,,Energy,Oil & Gas Production,,XLE,1,2026-10-09
EQX,0001756607,Equinox Gold Corp. Common Shares,,Materials,Precious Metals,,XLB,1,2026-10-09
ERAS,0001761918,Erasca Inc. Common Stock,,Health Care,Biotechnology: Pharmaceutical Preparations,,XLV,1,2026-10-09
ERC,0001227073,Allspring Multi-Sector Income Fund Common Stock,,Financials,Finance/Investors Services,,XLF,1,2026-10-09
ERH,0001279014,Allspring Utilities and High Income Fund Common Shares,,Financials,Finance/Investors Services,,XLF,1,2026-10-09
ERIC,0000717826,Ericsson American Depositary Shares,,Technology,Radio And Television Broadcasting And Communications Equipment,,XLK,1,2026-10-09
ERIE,0000922621,Erie Indemnity Company Class A Common Stock,,Financials,Specialty Insurers,,XLF,1,2026-10-09
ERII,0001421517,Energy Recovery Inc. Common Stock,,Technology,Industrial Machinery/Components,,XLK,1,2026-10-09
ERNA,0000748592,Ernexa Therapeutics Inc. Common Stock,,Health Care,Biotechnology: Pharmaceutical Preparations,,XLV,1,2026-10-09
ERNAW,0000748592,Ernexa Therapeutics Inc. Warrants,,Health Care,Biotechnology: Pharmaceutical Preparations,,XLV,1,2026-10-09
ERO,0001853860,Ero Copper Corp. Common Shares,,Materials,Metal Mining,,XLB,1,2026-10-09
EROC,0002110029,ERock Inc. Class A Common Stock,,Energy,Industrial Machinery/Components,,XLE,1,2026-10-09
EROK,0002104882,EagleRock Land LLC Class A shares representing limited liability company interests,,Energy,Oil & Gas Production,,XLE,1,2026-10-09
ES,0000072741,Eversource Energy (D/B/A) Common Stock,,Utilities,Electric Utilities: Central,,XLU,1,2026-10-09
ESAB,0001877322,ESAB Corporation Common Stock,,Industrials,Industrial Machinery/Components,,XLI,1,2026-10-09
ESCA,0000033488,Escalade Incorporated Common Stock,,Consumer Discretionary,Recreational Games/Products/Toys,,XLY,1,2026-10-09
ESE,0000866706,ESCO Technologies Inc. Common Stock,,Communication Services,Telecommunications Equipment,,XLC,1,2026-10-09
ESEA,0001341170,Euroseas Ltd. Common Stock (Marshall Islands),,Consumer Discretionary,Marine Transportation,,XLY,1,2026-10-09
ESI,0001590714,Element Solutions Inc. Common Stock,,Industrials,Major Chemicals,,XLI,1,2026-10-09
ESLA,0001844417,Estrella Immunopharma Inc. Common Stock,,Health Care,Biotechnology: Biological Products (No Diagnostic Substances),,XLV,1,2026-10-09
ESLT,0001027664,Elbit Systems Ltd. Ordinary Shares,,Industrials,Military/Government/Technical,,XLI,1,2026-10-09
ESNT,0001448893,Essent Group Ltd. Common Shares,,Financials,Property-Casualty Insurers,,XLF,1,2026-10-09
ESOA,0001357971,Energy Services of America Corporation Common Stock,,Industrials,Water Sewer Pipeline Comm & Power Line Construction,,XLI,1,2026-10-09
ESP,0000033533,Espey Mfg. & Electronics Corp. Common Stock,,Technology,Industrial Machinery/Components,,XLK,1,2026-10-09
ESQ,0001531031,Esquire Financial Holdings Inc. Common Stock,,Financials,Commercial Banks,,XLF,1,2026-10-09
ESRT,0001541401,Empire State Realty Trust Inc. Class A Common Stock,,Real Estate,Real Estate Investment Trusts,,XLRE,1,2026-10-09
ESS,0000920522,Essex Property Trust Inc. Common Stock,,Real Estate,Real Estate Investment Trusts,,XLRE,1,2026-10-09
ESTA,0001688757,Establishment Labs Holdings Inc. Common Shares,,Health Care,Industrial Specialties,,XLV,1,2026-10-09
ESTC,0001707753,Elastic N.V. Ordinary Shares,,Technology,Computer Software: Prepackaged Software,,XLK,1,2026-10-09
ESYN,0001897245,EnerSyn Global Inc. Common Stock,,Health Care,Other Pharmaceuticals,,XLV,1,2026-10-09
ETB,0001308927,Eaton Vance Tax-Managed Buy-Write Income Fund Eaton Vance Tax-Managed Buy-Write Income Fund Common Shares of Beneficial Interest,,Financials,Investment Bankers/Brokers/Service,,XLF,1,2026-10-09
ETD,0000896156,Ethan Allen Interiors Inc. Common Stock,,Consumer Discretionary,Home Furnishings,,XLY,1,2026-10-09
ETG,0001270523,Eaton Vance Tax-Advantaged Global Dividend Income Fund Common Shares of Beneficial Interest,,Financials,Investment Managers,,XLF,1,2026-10-09
ETI^,,Entergy Texas Inc 5.375% Series A Preferred Stock Cumulative No Par Value,,,,,,1,2026-10-09
ETJ,0001395325,Eaton Vance Risk-Managed Diversified Equity Income Fund Common Shares of Beneficial Interest,,Financials,Finance Companies,,XLF,1,2026-10-09
ETN,0001551182,Eaton Corporation PLC Ordinary Shares,,Technology,Industrial Machinery/Components,,XLK,1,2026-10-09
ETO,0001281926,Eaton Vance Tax-Advantage Global Dividend Opp Common Stock,,Financials,Investment Managers,,XLF,1,2026-10-09
ETON,0001710340,Eton Pharmaceuticals Inc. Common Stock,,Health Care,Biotechnology: Pharmaceutical Preparations,,XLV,1,2026-10-09
ETOR,0001493318,eToro Group Ltd. Class A Common Shares,,Financials,Investment Bankers/Brokers/Service,,XLF,1,2026-10-09
ETR,0000065984,Entergy Corporation Common Stock,,Utilities,Electric Utilities: Central,,XLU,1,2026-10-09
ETRA,0002088082,Electra Therapeutics Inc. Common stock,,Health Care,Biotechnology: Biological Products (No Diagnostic Substances),,XLV,1,2026-10-09
ETS,0002053641,Elite Express Holding Inc. Class A Common Stock,,Industrials,Trucking Freight/Courier Services,,XLI,1,2026-10-09
ETSS,0002085932,Energy Transition Special Opportunities Class A Ordinary Shares,,Financials,Blank Checks,,XLF,1,2026-10-09
ETSY,0001370637,Etsy Inc. Common Stock,,Consumer Discretionary,Business Services,,XLY,1,2026-10-09
ETV,0001322436,Eaton Vance Corporation Eaton Vance Tax-Managed Buy-Write Opportunities Fund Common Shares of Beneficial Interest,,Financials,Investment Bankers/Brokers/Service,,XLF,1,2026-10-09
ETW,0001322435,Eaton Vance Corporation Eaton Vance Tax-Managed Global Buy-Write Opportunites Fund Common Shares of Beneficial Interest,,Financials,Investment Managers,,XLF,1,2026-10-09
ETX,0001563696,Eaton Vance Municipal Income 2028 Term Trust Common Shares of Beneficial Interest,,Financials,Investment Managers,,XLF,1,2026-10-09
ETY,0001340736,Eaton Vance Tax-Managed Diversified Equity Income Fund Common Shares of Beneficial Interest,,Financials,Finance Companies,,XLF,1,2026-10-09
EU,0001500881,enCore Energy Corp. Common Shares,,Materials,Other Metals and Minerals,,XLB,1,2026-10-09
EUDA,0001847846,EUDA Health Holdings Limited Ordinary Shares,,Health Care,Medical/Nursing Services,,XLV,1,2026-10-09
EURK,0002000410,Eureka Acquisition Corp Class A Ordinary Share,,,,,,1,2026-10-09
EURKR,0002000410,Eureka Acquisition Corp Right,,Consumer Discretionary,Marine Transportation,,XLY,1,2026-10-09
EURKU,0002000410,Eureka Acquisition Corp Unit,,Consumer Discretionary,Marine Transportation,,XLY,1,2026-10-09
EVAC,0002042902,EQV Ventures Acquisition Corp. II Class A Ordinary Shares,,Industrials,Fluid Controls,,XLI,1,2026-10-09
EVAX,0001828253,Evaxion A/S American Depositary Share,,Health Care,Biotechnology: Biological Products (No Diagnostic Substances),,XLV,1,2026-10-09
EVC,0001109116,Entravision Communications Corporation Common Stock,,Industrials,Broadcasting,,XLI,1,2026-10-09
EVCM,0001853145,EverCommerce Inc. Common Stock,,Technology,Computer Software: Prepackaged Software,,XLK,1,2026-10-09
EVER,0001640428,EverQuote Inc. Class A Common Stock,,Technology,Computer Software: Programming Data Processing,,XLK,1,2026-10-09
EVEX,0001823652,Eve Holding Inc. Common Stock,,Industrials,Aerospace,,XLI,1,2026-10-09
EVF,0001070732,Eaton Vance Senior Income Trust Common Stock,,Financials,Investment Bankers/Brokers/Service,,XLF,1,2026-10-09
EVG,0001287498,Eaton Vance Short Diversified Income Fund Eaton Vance Short Duration Diversified Income Fund Common Shares of Beneficial Interest,,Financials,Investment Managers,,XLF,1,2026-10-09
EVGN,0001574565,Evogene Ltd Ordinary Shares,,Industrials,Agricultural Chemicals,,XLI,1,2026-10-09
EVGO,0001821159,EVgo Inc. Class A Common Stock,,Consumer Discretionary,Automotive Aftermarket,,XLY,1,2026-10-09
EVH,0001628908,Evolent Health Inc Class A Common Stock,,Consumer Discretionary,Other Consumer Services,,XLY,1,2026-10-09
EVI,0000065312,EVI Industries Inc.  Common Stock,,Consumer Discretionary,Other Consumer Services,,XLY,1,2026-10-09
EVLV,0001805385,Evolv Technologies Holdings Inc. Class A Common Stock,,Technology,Computer peripheral equipment,,XLK,1,2026-10-09
EVMN,0002044725,Evommune Inc. Common Stock,,Health Care,Biotechnology: Pharmaceutical Preparations,,XLV,1,2026-10-09
EVN,0001074540,Eaton Vance Municipal Income Trust Common Stock,,Financials,Investment Managers,,XLF,1,2026-10-09
EVO,0001412558,Evotec SE American Depositary Shares,,Health Care,Biotechnology: Pharmaceutical Preparations,,XLV,1,2026-10-09
EVOX,0002077954,Evolution Global Acquisition Corp Class A Ordinary Shares,,Financials,Blank Checks,,XLF,1,2026-10-09
EVR,0001360901,Evercore Inc. Class A Common Stock,,Financials,Investment Managers,,XLF,1,2026-10-09
EVRG,0001711269,Evergy Inc. Common Stock,,Utilities,Power Generation,,XLU,1,2026-10-09
EVT,0001253327,Eaton Vance Tax Advantaged Dividend Income Fund Common Shares of Beneficial Interest,,Financials,Finance Companies,,XLF,1,2026-10-09
EVTC,0001559865,Evertec Inc. Common Stock,,Technology,EDP Services,,XLK,1,2026-10-09
EVTL,0001867102,Vertical Aerospace Ltd. Ordinary Shares,,Industrials,Aerospace,,XLI,1,2026-10-09
EVV,0001222922,Eaton Vance Limited Duration Income Fund Common Shares of Beneficial Interest,,Financials,Finance/Investors Services,,XLF,1,2026-10-09
EW,0001099800,Edwards Lifesciences Corporation Common Stock,,Health Care,Industrial Specialties,,XLV,1,2026-10-09
EWAV,0002100704,East West Ave Acquisition Corp. Common Stock,,Financials,Blank Checks,,XLF,1,2026-10-09
EWAVR,0002100704,East West Ave Acquisition Corp. Rights,,Financials,Blank Checks,,XLF,1,2026-10-09
EWBC,0001069157,East West Bancorp Inc. Common Stock,,Financials,Major Banks,,XLF,1,2026-10-09
EWTX,0001710072,Edgewise Therapeutics Inc. Common Stock,,Health Care,Biotechnology: Pharmaceutical Preparations,,XLV,1,2026-10-09
EXC,0001109357,Exelon Corporation Common Stock,,Utilities,Power Generation,,XLU,1,2026-10-09
EXE,0000895126,Expand Energy Corporation Common Stock,,Energy,Oil & Gas Production,,XLE,1,2026-10-09
EXEL,0000939767,Exelixis Inc. Common Stock,,Health Care,Biotechnology: Biological Products (No Diagnostic Substances),,XLV,1,2026-10-09
EXFY,0001476840,Expensify Inc. Class A Common Stock,,Technology,Computer Software: Prepackaged Software,,XLK,1,2026-10-09
EXG,0001379438,Eaton Vance Tax-Managed Global Diversified Equity Income Fund Common Shares of Beneficial Interest,,Financials,Finance Companies,,XLF,1,2026-10-09
EXK,0001277866,Endeavour Silver Corporation Ordinary Shares (Canada),,Materials,Precious Metals,,XLB,1,2026-10-09
EXLS,0001297989,ExlService Holdings Inc. Common Stock,,Consumer Discretionary,Business Services,,XLY,1,2026-10-09
EXOD,0001821534,Exodus Movement Inc. Class A Common Stock,,Financials,Finance: Consumer Services,,XLF,1,2026-10-09
EXOZ,0002010788,eXoZymes Inc. Common Stock,,Health Care,Biotechnology: Biological Products (No Diagnostic Substances),,XLV,1,2026-10-09
EXP,0000918646,Eagle Materials Inc Common Stock,,Industrials,Building Materials,,XLI,1,2026-10-09
EXPD,0000746515,Expeditors International of Washington Inc. Common Stock,,Industrials,Integrated Freight & Logistics,,XLI,1,2026-10-09
EXPE,0001324424,Expedia Group Inc. Common Stock,,Consumer Discretionary,Transportation Services,,XLY,1,2026-10-09
EXPO,0000851520,Exponent Inc. Common Stock,,Consumer Discretionary,Professional Services,,XLY,1,2026-10-09
EXR,0001289490,Extra Space Storage Inc Common Stock,,Real Estate,Real Estate Investment Trusts,,XLRE,1,2026-10-09
EXTR,0001078271,Extreme Networks Inc. Common Stock,,Communication Services,Computer Communications Equipment,,XLC,1,2026-10-09
EXYN,0001960355,Exyn Technologies Inc. Common Stock,,Technology,Computer Software: Prepackaged Software,,XLK,1,2026-10-09
EYE,0001710155,National Vision Holdings Inc. Common Stock,,Health Care,Ophthalmic Goods,,XLV,1,2026-10-09
EYPT,0001314102,EyePoint Inc. Common Stock,,Industrials,Biotechnology: Laboratory Analytical Instruments,,XLI,1,2026-10-09
EZGO,0001806904,EZGO Technologies Ltd. Ordinary Shares,,Consumer Discretionary,Motor Vehicles,,XLY,1,2026-10-09
EZPW,0000876523,EZCORP Inc. Class A Non Voting Common Stock,,Consumer Discretionary,Other Specialty Stores,,XLY,1,2026-10-09
EZRA,0001812727,Reliance Global Group Inc. Common Stock,,Financials,Specialty Insurers,,XLF,1,2026-10-09
F,0000037996,Ford Motor Company Common Stock,,Industrials,Auto Manufacturing,,XLI,1,2026-10-09
FA,0001210677,First Advantage Corporation Common Stock,,Technology,EDP Services,,XLK,1,2026-10-09
FABC,0001086745,Fabric.AI Inc. Common Stock,,Consumer Discretionary,Telecommunications Equipment,,XLY,1,2026-10-09
FAC,0002049662,Factorial Energy Inc. Class A Common Stock,,Miscellaneous,Industrial Machinery/Components,,,1,2026-10-09
FACT,0002028935,FACT II Acquisition Corp. Class A Ordinary Shares,,,,,,1,2026-10-09
FACTU,0002028935,FACT II Acquisition Corp. Unit,,Financials,Blank Checks,,XLF,1,2026-10-09
FACTW,0002028935,FACT II Acquisition Corp. Warrant,,Financials,Blank Checks,,XLF,1,2026-10-09
FACWW,0002049662,Factorial Energy Inc. Warrant,,Miscellaneous,Industrial Machinery/Components,,,1,2026-10-09
FAF,0001472787,First American Corporation (New) Common Stock,,Financials,Specialty Insurers,,XLF,1,2026-10-09
FAMI,0001701261,Farmmi Inc. Class A Ordinary Shares,,Consumer Staples,Packaged Foods,,XLP,1,2026-10-09
FANG,0001539838,Diamondback Energy Inc. Common Stock,,Energy,Oil & Gas Production,,XLE,1,2026-10-09
FAST,0000815556,Fastenal Company Common Stock,,Consumer Discretionary,RETAIL: Building Materials,,XLY,1,2026-10-09
FATE,0001434316,Fate Therapeutics Inc. Common Stock,,Health Care,Biotechnology: Biological Products (No Diagnostic Substances),,XLV,1,2026-10-09
FATN,0001993400,FatPipe Inc. Common Stock,,Technology,Computer Software: Prepackaged Software,,XLK,1,2026-10-09
FAX,0000790500,abrdn Asia-Pacific Income Fund Inc. Common Stock,,Financials,Investment Managers,,XLF,1,2026-10-09
FBDT,0001892704,First Breach Inc. Common Stock,,Industrials,Ordnance And Accessories,,XLI,1,2026-10-09
FBGL,0001938534,FBS Global Limited Ordinary Shares,,Consumer Discretionary,Homebuilding,,XLY,1,2026-10-09
FBIN,0001519751,Fortune Brands Innovations Inc. Common Stock,,Materials,Forest Products,,XLB,1,2026-10-09
FBIO,0001429260,Fortress Biotech Inc. Common Stock,,Health Care,Biotechnology: Pharmaceutical Preparations,,XLV,1,2026-10-09
FBIOP,0001429260,Fortress Biotech Inc. 9.375% Series A Cumulative Redeemable Perpetual Preferred Stock,,Health Care,Biotechnology: Pharmaceutical Preparations,,XLV,1,2026-10-09
FBIZ,0001521951,First Business Financial Services Inc. Common Stock,,Financials,Major Banks,,XLF,1,2026-10-09
FBK,0001649749,FB Financial Corporation Common Stock,,Financials,Major Banks,,XLF,1,2026-10-09
FBLA,0002013639,FB Bancorp Inc. Common Stock,,Financials,Banks,,XLF,1,2026-10-09
FBLG,0001958777,FibroBiologics Inc. Common Stock,,Health Care,Biotechnology: Pharmaceutical Preparations,,XLV,1,2026-10-09
FBNC,0000811589,First Bancorp Common Stock,,Financials,Major Banks,,XLF,1,2026-10-09
FBP,0001057706,First BanCorp. New Common Stock,,Financials,Major Banks,,XLF,1,2026-10-09
FBRT,0001562528,Franklin BSP Realty Trust Inc. Common Stock,,Real Estate,Real Estate Investment Trusts,,XLRE,1,2026-10-09
FBRT^E,,Franklin BSP Realty Trust Inc. 7.50% Series E Cumulative Redeemable Preferred Stock,,,,,,1,2026-10-09
FBYD,0001937987,Falcon's Beyond Global Inc. Class A Common Stock,,Consumer Discretionary,Services-Misc. Amusement & Recreation,,XLY,1,2026-10-09
FC,0000886206,Franklin Covey Company Common Stock,,Consumer Discretionary,Other Consumer Services,,XLY,1,2026-10-09
FCAP,0001070296,First Capital Inc. Common Stock,,Financials,Savings Institutions,,XLF,1,2026-10-09
FCBC,0000859070,First Community Bankshares Inc. (VA) Common Stock,,Financials,Major Banks,,XLF,1,2026-10-09
FCBM,0001531193,First Carolina Financial Services Inc. Common Stock,,Financials,Major Banks,,XLF,1,2026-10-09
FCCO,0000932781,First Community Corporation Common Stock,,Financials,Major Banks,,XLF,1,2026-10-09
FCEL,0000886128,FuelCell Energy Inc. Common Stock,,Energy,Industrial Machinery/Components,,XLE,1,2026-10-09
FCF,0000712537,First Commonwealth Financial Corporation Common Stock,,Financials,Major Banks,,XLF,1,2026-10-09
FCFS,0000840489,FirstCash Holdings Inc. Common Stock,,Consumer Discretionary,Other Specialty Stores,,XLY,1,2026-10-09
FCHL,0002023796,Fitness Champs Holdings Limited Common Stock,,Consumer Discretionary,Services-Misc. Amusement & Recreation,,XLY,1,2026-10-09
FCN,0000887936,FTI Consulting Inc. Common Stock,,Consumer Discretionary,Professional Services,,XLY,1,2026-10-09
FCNCA,0000798941,First Citizens BancShares Inc. Class A Common Stock,,Financials,Major Banks,,XLF,1,2026-10-09
FCNCN,0000798941,First Citizens BancShares Inc. Depositary Shares each representing a 1/40th interest in a share of 6.625% Non-Cumulative Perpetual Preferred Stock Series E,,Financials,Major Banks,,XLF,1,2026-10-09
FCNCO,0000798941,First Citizens BancShares Inc. 5.625% Non-Cumulative Perpetual Preferred Stock Series C,,Financials,Major Banks,,XLF,1,2026-10-09
FCNCP,0000798941,First Citizens BancShares Inc. Depositary Shares,,Financials,Major Banks,,XLF,1,2026-10-09
FCPT,0001650132,Four Corners Property Trust Inc. Common Stock,,Real Estate,Real Estate Investment Trusts,,XLRE,1,2026-10-09
FCRS,0002074697,FutureCrest Acquisition Corp. Class A Ordinary Shares,,Financials,Blank Checks,,XLF,1,2026-10-09
FCUV,0001590418,Focus Universal Inc. Common Stock,,Industrials,Industrial Machinery/Components,,XLI,1,2026-10-09
FCX,0000831259,Freeport-McMoRan Inc. Common Stock,,Materials,Metal Mining,,XLB,1,2026-10-09
FDBC,0001098151,Fidelity D & D Bancorp Inc. Common Stock,,Financials,Major Banks,,XLF,1,2026-10-09
FDMM,0002129659,Freedom Metals Acquisition Corp. Class A Ordinary Shares,,Financials,Blank Checks,,XLF,1,2026-10-09
FDMMW,0002129659,Freedom Metals Acquisition Corp. Warrants,,Financials,Blank Checks,,XLF,1,2026-10-09
FDMT,0001650648,4D Molecular Therapeutics Inc. Common Stock,,Health Care,Biotechnology: Biological Products (No Diagnostic Substances),,XLV,1,2026-10-09
FDS,0001013237,FactSet Research Systems Inc. Common Stock,,Technology,Computer Software: Programming Data Processing,,XLK,1,2026-10-09
FDSB,0002012726,Fifth District Bancorp Inc. Common Stock,,Financials,Savings Institutions,,XLF,1,2026-10-09
FDUS,0001513363,Fidus Investment Corporation Common Stock,,Financials,Finance/Investors Services,,XLF,1,2026-10-09
FDX,0001048911,FedEx Corporation Common Stock,,Consumer Discretionary,Air Freight/Delivery Services,,XLY,1,2026-10-09
FDXF,0002082247,FedEx Freight Holding Company Inc. Common Stock,,Consumer Discretionary,Air Freight/Delivery Services,,XLY,1,2026-10-09
FE,0001031296,FirstEnergy Corp. Common Stock,,Utilities,Electric Utilities: Central,,XLU,1,2026-10-09
FEAM,0001888654,5E Advanced Materials Inc. Common Stock,,Industrials,Mining & Quarrying of Nonmetallic Minerals (No Fuels),,XLI,1,2026-10-09
FEBO,0001957001,Fenbo Holdings Limited Class A Ordinary Shares,,Consumer Discretionary,Home Furnishings,,XLY,1,2026-10-09
FEDU,0001709819,Four Seasons Education (Cayman) Inc. American Depositary Shares each ADS representing 10 ordinary shares,,Real Estate,Other Consumer Services,,XLRE,1,2026-10-09
FEIM,0000039020,Frequency Electronics Inc. Common Stock,,Industrials,Electrical Products,,XLI,1,2026-10-09
FELE,0000038725,Franklin Electric Co. Inc. Common Stock,,Consumer Discretionary,Metal Fabrications,,XLY,1,2026-10-09
FEMY,0001339005,Femasys Inc. Common Stock,,Health Care,Medical/Dental Instruments,,XLV,1,2026-10-09
FENC,0001211583,Fennec Pharmaceuticals Inc. Common Stock,,Health Care,Biotechnology: Biological Products (No Diagnostic Substances),,XLV,1,2026-10-09
FENG,0001509646,Phoenix New Media Limited American Depositary Shares each representing 48 Class A ordinary shares.,,Industrials,Broadcasting,,XLI,1,2026-10-09
FER,0001468522,Ferrovial N.V. Ordinary Shares,,Industrials,Military/Government/Technical,,XLI,1,2026-10-09
FERA,0002025401,Fifth Era Acquisition Corp I Class A Ordinary Shares,,,,,,1,2026-10-09
FERAR,0002025401,Fifth Era Acquisition Corp I Rights,,,,,,1,2026-10-09
FERAU,0002025401,Fifth Era Acquisition Corp I Units,,Financials,Blank Checks,,XLF,1,2026-10-09
FERG,0002011641,Ferguson Enterprises Inc. Common Stock,,Miscellaneous,Miscellaneous,,,1,2026-10-09
FET,0001401257,Forum Energy Technologies Inc. Common Stock,,Consumer Discretionary,Oil and Gas Field Machinery,,XLY,1,2026-10-09
FF,0001337298,FutureFuel Corp.  Common shares,,Industrials,Major Chemicals,,XLI,1,2026-10-09
FFA,0001291334,First Trust Enhanced Equity Income Fund Common Shares of Beneficial Interest,,Financials,Investment Managers,,XLF,1,2026-10-09
FFAI,0001805521,Faraday Future Intelligent Electric Inc. Class A Common Stock,,Industrials,Auto Manufacturing,,XLI,1,2026-10-09
FFBC,0000708955,First Financial Bancorp. Common Stock,,Financials,Major Banks,,XLF,1,2026-10-09
FFC,0001174164,Flaherty & Crumrine Preferred and Income Securities Fund Incorporated,,Financials,Trusts Except Educational Religious and Charitable,,XLF,1,2026-10-09
FFIN,0000036029,First Financial Bankshares Inc. Common Stock,,Financials,Major Banks,,XLF,1,2026-10-09
FFIV,0001048695,F5 Inc. Common Stock,,Communication Services,Computer Communications Equipment,,XLC,1,2026-10-09
FFR,0001460702,FF EAI Robotics Ecosystem Inc. Common Stock,,Financials,Finance: Consumer Services,,XLF,1,2026-10-09
FG,0001934850,F&G Annuities & Life Inc. Common Stock,,Financials,Life Insurance,,XLF,1,2026-10-09
FGBI,0001408534,First Guaranty Bancshares Inc. Common Stock,,Financials,Savings Institutions,,XLF,1,2026-10-09
FGBIP,0001408534,First Guaranty Bancshares Inc. 6.75% Series A Fixed-Rate Non-Cumulative Perpetual Preferred Stock,,Financials,Savings Institutions,,XLF,1,2026-10-09
FGC,0001591890,FG Communities Holdings Inc. Common Stock ,,Financials,Property-Casualty Insurers,,XLF,1,2026-10-09
FGCPP,0001591890,FG Communities Holdings Inc. 8.00% Cumulative Preferred Stock,,Financials,Property-Casualty Insurers,,XLF,1,2026-10-09
FGI,0001864943,FGI Industries Ltd. Ordinary Shares,,Industrials,Industrial Specialties,,XLI,1,2026-10-09
FGII,0002090452,FG Imperii Acquisition Corp. Class A Ordinary Shares,,Financials,Blank Checks,,XLF,1,2026-10-09
FGIIW,0002090452,FG Imperii Acquisition Corp. Warrants,,Financials,Blank Checks,,XLF,1,2026-10-09
FGIWW,0001864943,FGI Industries Ltd. Warrant,,Industrials,Industrial Specialties,,XLI,1,2026-10-09
FGL,0001989930,Founder Group Limited Class A Ordinary Shares,,Consumer Discretionary,Engineering & Construction,,XLY,1,2026-10-09
FGN,0001934850,F&G Annuities & Life Inc. 7.950% Senior Notes due 2053,,Financials,Life Insurance,,XLF,1,2026-10-09
FGSN,0001934850,F&G Annuities & Life Inc. 7.300% Junior Subordinated Notes due 2065,,Financials,Life Insurance,,XLF,1,2026-10-09
FHB,0000036377,First Hawaiian Inc. Common Stock,,Financials,Major Banks,,XLF,1,2026-10-09
FHI,0001056288,Federated Hermes Inc. Common Stock,,Financials,Investment Managers,,XLF,1,2026-10-09
FHN,0000036966,First Horizon Corporation Common Stock,,Financials,Major Banks,,XLF,1,2026-10-09
FHN^E,,First Horizon Corporation Depositary Shares each representing a 1/4000th interest in a share of Non-Cumulative Perpetual Preferred Stock Series E,,,,,,1,2026-10-09
FHN^F,,First Horizon Corporation Depositary Shares each representing 1/4000th Interest in a Share of Non-Cumulative Perpetual Preferred Stock Series F,,,,,,1,2026-10-09
FHN^H,,First Horizon Corporation Depositary Shares each representing a 1/4000th interest in a share of Non-Cumulative Perpetual Preferred Stock Series H,,,,,,1,2026-10-09
FHTX,0001822462,Foghorn Therapeutics Inc. Common Stock,,Health Care,Biotechnology: Pharmaceutical Preparations,,XLV,1,2026-10-09
FIBK,0000860413,First Interstate BancSystem Inc. Common Stock (DE),,Financials,Major Banks,,XLF,1,2026-10-09
FICO,0000814547,Fair Isaac Corporation Common Stock,,Consumer Discretionary,Business Services,,XLY,1,2026-10-09
FIEE,0001467761,FiEE Inc Common Stock,,Utilities,Telecommunications Equipment,,XLU,1,2026-10-09
FIG,0001579878,Figma Inc. Class A Common Stock,,Technology,Computer Software: Prepackaged Software,,XLK,1,2026-10-09
FIGR,0002064124,Figure Technology Solutions Inc. Class A Common Stock,,Financials,Finance: Consumer Services,,XLF,1,2026-10-09
FIGS,0001846576,FIGS Inc. Class A Common Stock,,Consumer Discretionary,Apparel,,XLY,1,2026-10-09
FIGX,0002059033,FIGX Capital Acquisition Corp. Class A Ordinary Share,,Financials,Blank Checks,,XLF,1,2026-10-09
FIGXW,0002059033,FIGX Capital Acquisition Corp. Warrant,,,,,,1,2026-10-09
FINS,0001745059,Angel Oak Financial Strategies Income Term Trust Common Shares of Beneficial Interest,,Financials,Finance/Investors Services,,XLF,1,2026-10-09
FINV,0001691445,FinVolution Group American Depositary Shares,,Financials,Finance: Consumer Services,,XLF,1,2026-10-09
FINW,0001856365,FinWise Bancorp Common Stock,,Financials,Major Banks,,XLF,1,2026-10-09
FIP,0001899883,FTAI Infrastructure Inc. Common Stock ,,Industrials,Railroads,,XLI,1,2026-10-09
FIRY,0001801661,Firy Inc. Class A Common Stock,,Technology,EDP Services,,XLK,1,2026-10-09
FIS,0001136893,Fidelity National Information Services Inc. Common Stock,,Consumer Discretionary,Business Services,,XLY,1,2026-10-09
FISI,0000862831,Financial Institutions Inc. Common Stock,,Financials,Major Banks,,XLF,1,2026-10-09
FISN,0001918102,Deep Fission Inc. Common Stock,,Utilities,Electric Utilities: Central,,XLU,1,2026-10-09
FISV,0000798354,Fiserv Inc. Common Stock,,Consumer Discretionary,Business Services,,XLY,1,2026-10-09
FITB,0000035527,Fifth Third Bancorp Common Stock,,Financials,Major Banks,,XLF,1,2026-10-09
FITB^A,,Fifth Third Bancorp Depositary Shares each representing 1/40th share of Fifth Third 6.00% Non-Cumulative Perpetual Class B Preferred Stock Series A,,,,,,1,2026-10-09
FITB^I,,Fifth Third Bancorp Depositary Share repstg 1/1000th Ownership Interest Perp Pfd Series I,,,,,,1,2026-10-09
FITB^K,,Fifth Third Bancorp Depositary Shares each representing a 1/1000th ownership interest in a share of Non-Cumulative Perpetual Preferred Stock Series K,,,,,,1,2026-10-09
FITB^M,,Fifth Third Bancorp Depositary Shares Representing a 1/40th Ownership Interest in a Share of 6.875% Fixed-Rate Reset Non-Cumulative Perpetual Preferred Stock Series M,,,,,,1,2026-10-09
FIVE,0001177609,Five Below Inc. Common Stock,,Consumer Discretionary,Department/Specialty Retail Stores,,XLY,1,2026-10-09
FIVN,0001288847,Five9 Inc. Common Stock,,Technology,EDP Services,,XLK,1,2026-10-09
FIX,0001035983,Comfort Systems USA Inc. Common Stock,,Industrials,Engineering & Construction,,XLI,1,2026-10-09
FIZZ,0000069891,National Beverage Corp. Common Stock,,Consumer Staples,Beverages (Production/Distribution),,XLP,1,2026-10-09
FJDI,0002094712,ARC Group Securities Acquisition I Class A Ordinary Shares,,,,,,1,2026-10-09
FJDIU,0002094712,ARC Group Securities Acquisition I Units,,,,,,1,2026-10-09
FJET,0001947016,Starfighters Space Inc. Common Stock,,Consumer Discretionary,Air Freight/Delivery Services,,XLY,1,2026-10-09
FKWL,0000722572,Franklin Wireless Corp. Common Stock,,Utilities,Telecommunications Equipment,,XLU,1,2026-10-09
FLC,0001245648,Flaherty & Crumrine Total Return Fund Inc Common Stock,,Financials,Trusts Except Educational Religious and Charitable,,XLF,1,2026-10-09
FLD,0001889123,Fold Holdings Inc. Class A Common Stock,,Financials,Finance: Consumer Services,,XLF,1,2026-10-09
FLDDW,0001889123,Fold Holdings Inc. Warrant,,Financials,Finance: Consumer Services,,XLF,1,2026-10-09
FLEX,0000866374,Flex Ltd. Ordinary Shares,,Technology,Electrical Products,,XLK,1,2026-10-09
FLG,0000910073,Flagstar Bank N.A. Common Stock,,Financials,Banks,,XLF,1,2026-10-09
FLGT,0001674930,Fulgent Genetics Inc. Common Stock,,Health Care,Medical Specialities,,XLV,1,2026-10-09
FLG^A,,Flagstar Bank N.A. Depositary shares each representing a 1/40th interest in a share of Fixed-to-Floating Rate Series A Noncumulative Perpetual Preferred Stock,,,,,,1,2026-10-09
FLG^U,,Flagstar Bank N.A. Bifurcated Option Note Unit SecuritiES,,,,,,1,2026-10-09
FLL,0000891482,Full House Resorts Inc. Common Stock,,Consumer Discretionary,Hotels/Resorts,,XLY,1,2026-10-09
FLNA,0001069530,Filana Therapeutics Inc. Common Stock,,Health Care,Biotechnology: Pharmaceutical Preparations,,XLV,1,2026-10-09
FLNC,0001868941,Fluence Energy Inc. Class A Common Stock,,Miscellaneous,Industrial Machinery/Components,,,1,2026-10-09
FLNG,0001772253,FLEX LNG Ltd. Ordinary Shares,,Consumer Discretionary,Marine Transportation,,XLY,1,2026-10-09
FLNT,0001460329,Fluent Inc. Common Stock,,Consumer Discretionary,Advertising,,XLY,1,2026-10-09
FLO,0001128928,Flowers Foods Inc. Common Stock,,Consumer Staples,Packaged Foods,,XLP,1,2026-10-09
FLOC,0002035149,Flowco Holdings Inc. Class A Common Stock,,Consumer Discretionary,Oil and Gas Field Machinery,,XLY,1,2026-10-09
FLR,0001124198,Fluor Corporation Common Stock,,Industrials,Military/Government/Technical,,XLI,1,2026-10-09
FLS,0000030625,Flowserve Corporation Common Stock,,Industrials,Fluid Controls,,XLI,1,2026-10-09
FLUT,0001635327,Flutter Entertainment plc Ordinary Shares,,Technology,Computer Software: Programming Data Processing,,XLK,1,2026-10-09
FLUX,0001083743,Flux Power Holdings Inc. Common Stock,,Miscellaneous,Industrial Machinery/Components,,,1,2026-10-09
FLWS,0001084869,1-800-FLOWERS.COM Inc. Common Stock,,Consumer Discretionary,Other Specialty Stores,,XLY,1,2026-10-09
FLX,0001858724,BingEx Limited American Depositary Shares,,Industrials,Trucking Freight/Courier Services,,XLI,1,2026-10-09
FLXS,0000037472,Flexsteel Industries Inc. Common Stock,,Consumer Discretionary,Home Furnishings,,XLY,1,2026-10-09
FLY,0001860160,Firefly Aerospace Inc. Common Stock,,Industrials,Military/Government/Technical,,XLI,1,2026-10-09
FLYE,0001975940,Fly-E Group Inc. Common Stock,,Industrials,Aerospace,,XLI,1,2026-10-09
FLYW,0001580560,Flywire Corporation Voting Common Stock,,Consumer Discretionary,Business Services,,XLY,1,2026-10-09
FLYX,0001843973,flyExclusive Inc. Class A Common Stock,,Consumer Discretionary,Transportation Services,,XLY,1,2026-10-09
FMAC,0002099232,Future Money Acquisition Corporation Ordinary Shares,,Financials,Blank Checks,,XLF,1,2026-10-09
FMAO,0000792966,Farmers & Merchants Bancorp Inc. Common Stock,,Financials,Savings Institutions,,XLF,1,2026-10-09
FMBH,0000700565,First Mid Bancshares Inc. Common Stock,,Financials,Major Banks,,XLF,1,2026-10-09
FMC,0000037785,FMC Corporation Common Stock,,Industrials,Major Chemicals,,XLI,1,2026-10-09
FMFC,0002024656,Kandal M Venture Limited Class A Ordinary Shares,,Consumer Discretionary,Apparel,,XLY,1,2026-10-09
FMN,0001199004,Federated Hermes Premier Municipal Income Fund,,Financials,Investment Managers,,XLF,1,2026-10-09
FMNB,0000709337,Farmers National Banc Corp. Common Stock,,Financials,Major Banks,,XLF,1,2026-10-09
FMS,0001333141,Fresenius Medical Care AG American Depositary Shares (Each representing 1/2 of an Ordinary Share),,Health Care,Misc Health and Biotechnology Services,,XLV,1,2026-10-09
FMST,0001935418,Foremost Clean Energy Ltd. Common Shares,,Materials,Other Metals and Minerals,,XLB,1,2026-10-09
FMX,0001061736,Fomento Economico Mexicano S.A.B. de C.V. Common Stock,,Consumer Staples,Beverages (Production/Distribution),,XLP,1,2026-10-09
FMY,0001319183,First Trust Mortgage Income Fund Common Shares of Beneficial Interest,,Financials,Finance/Investors Services,,XLF,1,2026-10-09
FN,0001408710,Fabrinet Ordinary Shares,,Utilities,Telecommunications Equipment,,XLU,1,2026-10-09
FNB,0000037808,F.N.B. Corporation Common Stock,,Financials,Major Banks,,XLF,1,2026-10-09
FND,0001507079,Floor & Decor Holdings Inc. Common Stock,,Consumer Discretionary,RETAIL: Building Materials,,XLY,1,2026-10-09
FNF,0001331875,Fidelity National Financial Inc. Common Stock,,Financials,Specialty Insurers,,XLF,1,2026-10-09
FNGR,0001602409,FingerMotion Inc. Common Stock,,Technology,Computer Software: Prepackaged Software,,XLK,1,2026-10-09
FNKO,0001704711,Funko Inc. Class A Common Stock,,Consumer Discretionary,Recreational Games/Products/Toys,,XLY,1,2026-10-09
FNLC,0000765207,First Bancorp Inc  (ME) Common Stock,,Financials,Major Banks,,XLF,1,2026-10-09
FNRN,0001114927,First Northern Community Bancorp Common stock,,Financials,Savings Institutions,,XLF,1,2026-10-09
FNUC,0001769697,Frontier Nuclear and Minerals Inc. Common Shares,,Materials,Other Metals and Minerals,,XLB,1,2026-10-09
FNV,0001456346,Franco-Nevada Corporation,,Materials,Precious Metals,,XLB,1,2026-10-09
FNWB,0001556727,First Northwest Bancorp Common Stock,,Financials,Banks,,XLF,1,2026-10-09
FNWD,0000919864,Finward Bancorp Common Stock,,Financials,Savings Institutions,,XLF,1,2026-10-09
FOA,0001828937,Finance of America Companies Inc. Class A Common Stock,,Financials,Finance: Consumer Services,,XLF,1,2026-10-09
FOCL,0001041934,EDAP TMS S.A. American Depositary Shares,,Health Care,Biotechnology: Electromedical & Electrotherapeutic Apparatus,,XLV,1,2026-10-09
FOF,0001375340,Cohen & Steers Closed-End Opportunity Fund Inc. Common Stock,,Financials,Investment Managers,,XLF,1,2026-10-09
FOFO,0002060083,Hang Feng Technology Innovation Co. Ltd. Ordinary Shares,,Consumer Discretionary,Professional Services,,XLY,1,2026-10-09
FOIL,0002006960,Londian Wason New Energy Tech Inc. American Depositary Shares each representing five Ordinary Shares,,Industrials,Industrial Specialties,,XLI,1,2026-10-09
FOR,0001406587,Forestar Group Inc Common Stock ,,Financials,Real Estate,,XLF,1,2026-10-09
FORM,0001039399,FormFactor Inc. FormFactor Inc. Common Stock,,Technology,Semiconductors,,XLK,1,2026-10-09
FORR,0001023313,Forrester Research Inc. Common Stock,,Industrials,Diversified Commercial Services,,XLI,1,2026-10-09
FORTY,0001045986,Formula Systems (1985) Ltd. American Depositary Shares,,Technology,EDP Services,,XLK,1,2026-10-09
FOSL,0000883569,Fossil Group Inc. Common Stock,,Consumer Discretionary,Consumer Specialties,,XLY,1,2026-10-09
FOUR,0001794669,Shift4 Payments Inc. Class A Common Stock,,Consumer Discretionary,Business Services,,XLY,1,2026-10-09
FOUR^A,,Shift4 Payments Inc. 6.00% Series A Mandatory Convertible Preferred Stock,,,,,,1,2026-10-09
FOX,0001754301,Fox Corporation Class B Common Stock,,Industrials,Broadcasting,,XLI,1,2026-10-09
FOXA,0001754301,Fox Corporation Class A Common Stock,,Industrials,Broadcasting,,XLI,1,2026-10-09
FOXF,0001424929,Fox Factory Holding Corp. Common Stock,,Consumer Discretionary,Motor Vehicles,,XLY,1,2026-10-09
FOXX,0002013807,Foxx Development Holdings Inc. Common Stock,,Communication Services,Computer Communications Equipment,,XLC,1,2026-10-09
FPF,0001567569,First Trust Intermediate Duration Preferred & Income Fund Common Shares of Beneficial Interest,,Financials,Trusts Except Educational Religious and Charitable,,XLF,1,2026-10-09
FPH,0001574197,Five Point Holdings LLC Class A Common Shares,,Financials,Real Estate,,XLF,1,2026-10-09
FPI,0001591670,Farmland Partners Inc. Common Stock,,Real Estate,Real Estate Investment Trusts,,XLRE,1,2026-10-09
FPS,0002080126,Forgent Power Solutions Inc. Class A Common Stock,,Energy,Industrial Machinery/Components,,XLE,1,2026-10-09
FR,0000921825,First Industrial Realty Trust Inc. Common Stock,,Real Estate,Real Estate Investment Trusts,,XLRE,1,2026-10-09
FRA,0001259708,Blackrock Floating Rate Income Strategies Fund Inc  Common Stock,,Financials,Investment Bankers/Brokers/Service,,XLF,1,2026-10-09
FRAF,0000723646,Franklin Financial Services Corporation Common Stock,,Financials,Major Banks,,XLF,1,2026-10-09
FRBA,,First Bank Common Stock,,Financials,Major Banks,,XLF,1,2026-10-09
FRBT,0001925062,Forbright Inc. Class A Common Stock,,Financials,Major Banks,,XLF,1,2026-10-09
FRD,0000039092,Friedman Industries Inc. Common Stock,,Industrials,Steel/Iron Ore,,XLI,1,2026-10-09
FRGT,0001687542,Freight Technologies Inc. Ordinary Shares,,Industrials,Integrated Freight & Logistics,,XLI,1,2026-10-09
FRHC,0000924805,Freedom Holding Corp. Common Stock,,Financials,Investment Bankers/Brokers/Service,,XLF,1,2026-10-09
FRME,0000712534,First Merchants Corporation Common Stock,,Financials,Major Banks,,XLF,1,2026-10-09
FRMEP,0000712534,First Merchants Corporation Depository Shares,,Financials,Major Banks,,XLF,1,2026-10-09
FRMI,0002071778,Fermi Inc. Common Stock,,Real Estate,Real Estate Investment Trusts,,XLRE,1,2026-10-09
FRMM,0001690080,Forum Markets Incorporated Common Stock,,Financials,Finance: Consumer Services,,XLF,1,2026-10-09
FRNM,0002017526,Freenome Inc. Common stock,,Health Care,Medical Specialities,,XLV,1,2026-10-09
FRO,0000913290,Frontline Plc Ordinary Shares,,Consumer Discretionary,Marine Transportation,,XLY,1,2026-10-09
FROG,0001800667,JFrog Ltd. Ordinary Shares,,Technology,Computer Software: Prepackaged Software,,XLK,1,2026-10-09
FRPH,0000844059,FRP Holdings Inc. Common Stock,,Financials,Real Estate,,XLF,1,2026-10-09
FRPT,0001611647,Freshpet Inc. Common Stock,,Consumer Staples,Packaged Foods,,XLP,1,2026-10-09
FRSH,0001544522,Freshworks Inc. Class A Common Stock,,Technology,Computer Software: Prepackaged Software,,XLK,1,2026-10-09
FRST,0001325670,Primis Financial Corp. Common Stock,,Financials,Major Banks,,XLF,1,2026-10-09
FRSX,0001691221,Foresight Autonomous Holdings Ltd. American Depositary Shares,,Technology,Computer Software: Prepackaged Software,,XLK,1,2026-10-09
FRT,0000034903,Federal Realty Investment Trust Common Stock,,Real Estate,Real Estate Investment Trusts,,XLRE,1,2026-10-09
FRTT,0002092967,Fort Technology Inc. Common Shares,,Industrials,Agricultural Chemicals,,XLI,1,2026-10-09
FRT^C,,Federal Realty Investment Trust Depositary Shares each representing a 1/1000th interest in a 5.000% Series C Cumulative Redeemable Preferred Share,,,,,,1,2026-10-09
FRVO,0001853868,Fervo Energy Company Class A common stock,,Utilities,Electric Utilities: Central,,XLU,1,2026-10-09
FSBC,0001275168,Five Star Bancorp Common Stock,,Financials,Major Banks,,XLF,1,2026-10-09
FSBW,0001530249,FS Bancorp Inc. Common Stock,,Financials,Banks,,XLF,1,2026-10-09
FSCO,0001568194,FS Credit Opportunities Corp. Common Stock,,Financials,Trusts Except Educational Religious and Charitable,,XLF,1,2026-10-09
FSHP,0001850059,Flag Ship Acquisition Corp. Ordinary Shares,,,,,,1,2026-10-09
FSHPR,0001850059,Flag Ship Acquisition Corp. Right,,,,,,1,2026-10-09
FSHPU,0001850059,Flag Ship Acquisition Corp. Unit,,,,,,1,2026-10-09
FSI,0001069394,Flexible Solutions International Inc. Common Stock (CDA),,Industrials,Major Chemicals,,XLI,1,2026-10-09
FSK,0001422183,FS KKR Capital Corp. Common Stock,,Financials,Investment Managers,,XLF,1,2026-10-09
FSLR,0001274494,First Solar Inc. Common Stock,,Technology,Semiconductors,,XLK,1,2026-10-09
FSLY,0001517413,Fastly Inc. Class A Common Stock,,Technology,Computer Software: Prepackaged Software,,XLK,1,2026-10-09
FSM,0001341335,Fortuna Mining Corp. Common Shares,,Materials,Precious Metals,,XLB,1,2026-10-09
FSP,0001031316,Franklin Street Properties Corp. Common Stock,,Real Estate,Real Estate Investment Trusts,,XLRE,1,2026-10-09
FSS,0000277509,Federal Signal Corporation Common Stock,,Industrials,Auto Manufacturing,,XLI,1,2026-10-09
FSSL,0002065812,FS Specialty Lending Fund Common Shares of Beneficial Interest,,Financials,Finance/Investors Services,,XLF,1,2026-10-09
FSTR,0000352825,L.B. Foster Company Common Stock,,Industrials,Metal Fabrications,,XLI,1,2026-10-09
FSUN,0001709442,FirstSun Capital Bancorp Common Stock,,Financials,Major Banks,,XLF,1,2026-10-09
FSV,0001637810,FirstService Corporation Common Shares,,Financials,Real Estate,,XLF,1,2026-10-09
FT,0000833040,Franklin Universal Trust Common Stock,,Financials,Trusts Except Educational Religious and Charitable,,XLF,1,2026-10-09
FTAI,0001590364,FTAI Aviation Ltd. Common Stock,,Industrials,Misc Corporate Leasing Services,,XLI,1,2026-10-09
FTAIM,0001590364,FTAI Aviation Ltd. 9.500% Fixed-Rate Reset Series D Cumulative Perpetual Redeemable Preferred Shares,,Industrials,Misc Corporate Leasing Services,,XLI,1,2026-10-09
FTCI,0001828161,FTC Solar Inc. Common Stock,,Technology,Semiconductors,,XLK,1,2026-10-09
FTDR,0001727263,Frontdoor Inc. Common Stock,,Consumer Discretionary,Diversified Commercial Services,,XLY,1,2026-10-09
FTEK,0000846913,Fuel Tech Inc. Common Stock,,Industrials,Pollution Control Equipment,,XLI,1,2026-10-09
FTF,0001233087,Franklin Limited Duration Income Trust Common Shares of Beneficial Interest,,Financials,Finance/Investors Services,,XLF,1,2026-10-09
FTFT,0001066923,Future FinTech Group Inc. Common Stock,,Consumer Discretionary,Business Services,,XLY,1,2026-10-09
FTH,0001829802,Faeth Therapeutics Inc. Common Stock,,Health Care,Biotechnology: Pharmaceutical Preparations,,XLV,1,2026-10-09
FTHA,0002097986,Forefront Tech Holdings Acquisition Corp Class A Ordinary Shares,,Financials,Blank Checks,,XLF,1,2026-10-09
FTHAW,0002097986,Forefront Tech Holdings Acquisition Corp Warrant,,Financials,Blank Checks,,XLF,1,2026-10-09
FTHM,0001753162,Fathom Holdings Inc. Common Stock,,Financials,Real Estate,,XLF,1,2026-10-09
FTHY,0001810523,First Trust High Yield Opportunities 2027 Term Fund Common Stock,,Financials,Investment Managers,,XLF,1,2026-10-09
FTI,0001681459,TechnipFMC plc Ordinary Share,,Consumer Discretionary,Oil and Gas Field Machinery,,XLY,1,2026-10-09
FTK,0000928054,Flotek Industries Inc. Common Stock,,Industrials,Major Chemicals,,XLI,1,2026-10-09
FTLF,0001374328,FitLife Brands Inc. Common Stock,,Health Care, Medicinal Chemicals and Botanical Products ,,XLV,1,2026-10-09
FTNT,0001262039,Fortinet Inc. Common Stock,,Technology,Computer peripheral equipment,,XLK,1,2026-10-09
FTRA,0002131853,FutureCorp Space Acquisition 1 Class A Ordinary Shares,,,,,,1,2026-10-09
FTRE,0001965040,Fortrea Holdings Inc. Common Stock,,Health Care,Medical Specialities,,XLV,1,2026-10-09
FTS,0001666175,Fortis Inc. Common Shares,,Utilities,Electric Utilities: Central,,XLU,1,2026-10-09
FTV,0001659166,Fortive Corporation Common Stock ,,Industrials,Industrial Machinery/Components,,XLI,1,2026-10-09
FTW,0002083125,Presidio Production Company Class A Common Stock,,Energy,Oil & Gas Production,,XLE,1,2026-10-09
FUBO,0001484769,FuboTV Inc. Class A Common Stock,,Consumer Discretionary,Movies/Entertainment,,XLY,1,2026-10-09
FUFU,0001921158,BitFuFu Inc. Class A Ordinary Shares,,Financials,Finance: Consumer Services,,XLF,1,2026-10-09
FUL,0000039368,H. B. Fuller Company Common Stock,,Industrials,Home Furnishings,,XLI,1,2026-10-09
FULC,0001680581,Fulcrum Therapeutics Inc. Common Stock,,Health Care,Biotechnology: Pharmaceutical Preparations,,XLV,1,2026-10-09
FULT,0000700564,Fulton Financial Corporation Common Stock,,Financials,Major Banks,,XLF,1,2026-10-09
FULTP,0000700564,Fulton Financial Corporation Depositary Shares Each Representing a 1/40th Interest in a Share of Fixed Rate Non-Cumulative Perpetual Preferred Stock Series A,,Financials,Major Banks,,XLF,1,2026-10-09
FUN,0001999001,Six Flags Entertainment Corporation Common Stock New,,Consumer Discretionary,Services-Misc. Amusement & Recreation,,XLY,1,2026-10-09
FUNC,0000763907,First United Corporation Common Stock,,Financials,Major Banks,,XLF,1,2026-10-09
FUND,0000825202,Sprott Focus Trust Inc. Common Stock,,Financials,Investment Managers,,XLF,1,2026-10-09
FURY,0001514597,Fury Gold Mines Limited Common Shares,,Materials,Precious Metals,,XLB,1,2026-10-09
FUSB,0000717806,First US Bancshares Inc. Common Stock,,Financials,Major Banks,,XLF,1,2026-10-09
FUSE,0002033383,Fusemachines Inc. Common stock,,Technology,EDP Services,,XLK,1,2026-10-09
FUSEW,0002033383,Fusemachines Inc. Warrants,,Technology,EDP Services,,XLK,1,2026-10-09
FUTU,0001754581,Futu Holdings Limited American Depositary Shares,,Financials,Investment Bankers/Brokers/Service,,XLF,1,2026-10-09
FVAV,0001850733,Fortress Value Acquisition Corp. V Class A Ordinary Shares,,,,,,1,2026-10-09
FVCB,0001675644,FVCBankcorp Inc. Common Stock,,Financials,Major Banks,,XLF,1,2026-10-09
FVN,0002010653,Future Vision II Acquisition Corporation Ordinary shares,,,,,,1,2026-10-09
FVNNR,0002010653,Future Vision II Acquisition Corporation Right,,Financials,Blank Checks,,XLF,1,2026-10-09
FVNNU,0002010653,Future Vision II Acquisition Corporation Units,,,,,,1,2026-10-09
FVR,0001988494,FrontView REIT Inc. Common Stock,,Real Estate,Real Estate Investment Trusts,,XLRE,1,2026-10-09
FVRR,0001762301,Fiverr International Ltd. Ordinary Shares no par value,,Consumer Discretionary,Business Services,,XLY,1,2026-10-09
FWAC,0002116105,Futurewave Acquisition Corporation Ordinary Shares,,Financials,Blank Checks,,XLF,1,2026-10-09
FWACW,0002116105,Futurewave Acquisition Corporation Warrants,,Financials,Blank Checks,,XLF,1,2026-10-09
FWDI,0000038264,Forward Industries Inc. Common Stock,,Financials,Finance: Consumer Services,,XLF,1,2026-10-09
FWONA,0001560385,Liberty Media Corporation Series A Common Stock,,Industrials,Broadcasting,,XLI,1,2026-10-09
FWONK,0001560385,Liberty Media Corporation Series C Common Stock,,Industrials,Broadcasting,,XLI,1,2026-10-09
FWRD,0000912728,Forward Air Corporation Common Stock,,Industrials,Integrated Freight & Logistics,,XLI,1,2026-10-09
FWRG,0001789940,First Watch Restaurant Group Inc. Common Stock,,Consumer Discretionary,Restaurants,,XLY,1,2026-10-09
FXAC,0002121703,FortuneX Acquisition Corporation Ordinary shares,,Financials,Blank Checks,,XLF,1,2026-10-09
FXACU,0002121703,FortuneX Acquisition Corporation Units,,Financials,Blank Checks,,XLF,1,2026-10-09
FXACW,0002121703,FortuneX Acquisition Corporation Warrant,,Financials,Blank Checks,,XLF,1,2026-10-09
FXHO,0001789299,UTime Limited Class A Ordinary Shares,,Technology,Consumer Electronics/Appliances,,XLK,1,2026-10-09
FXNC,0000719402,First National Corporation Common Stock,,Financials,Major Banks,,XLF,1,2026-10-09
F^B,,Ford Motor Company 6.20% Notes due June 1 2059,,,,,,1,2026-10-09
F^C,,Ford Motor Company 6% Notes due December 1 2059,,,,,,1,2026-10-09
F^D,,Ford Motor Company 6.500% Notes due August 15 2062,,,,,,1,2026-10-09
G,0001398659,Genpact Limited Common Stock,,Consumer Discretionary,Professional Services,,XLY,1,2026-10-09
GAB,0000794685,Gabelli Equity Trust Inc. (The) Common Stock,,Financials,Investment Managers,,XLF,1,2026-10-09
GABC,0000714395,German American Bancorp Inc. Common Stock,,Financials,Major Banks,,XLF,1,2026-10-09
GAB^G,,Gabelli Equity Trust Inc. (The) Series G Cumulative Preferred Stock,,,,,,1,2026-10-09
GAB^H,,Gabelli Equity Trust Inc. (The) Pfd Ser H,,,,,,1,2026-10-09
GAB^K,,Gabelli Equity Trust Inc. (The) 5.00% Series K Cumulative Preferred Stock,,,,,,1,2026-10-09
GAIA,0001089872,Gaia Inc. Class A Common Stock,,Consumer Discretionary,Movies/Entertainment,,XLY,1,2026-10-09
GAIN,0001321741,Gladstone Investment Corporation Business Development Company,,Financials,Finance: Consumer Services,,XLF,1,2026-10-09
GAING,0001321741,Gladstone Investment Corporation 7.125% Notes due 2031,,Financials,Finance: Consumer Services,,XLF,1,2026-10-09
GAINI,0001321741,Gladstone Investment Corporation 7.875% Notes due 2030,,Financials,Finance: Consumer Services,,XLF,1,2026-10-09
GAINZ,0001321741,Gladstone Investment Corporation 4.875% Notes due 2028,,Financials,Finance: Consumer Services,,XLF,1,2026-10-09
GALT,0001133416,Galectin Therapeutics Inc. Common Stock,,Health Care,Biotechnology: Pharmaceutical Preparations,,XLV,1,2026-10-09
GAM,0000040417,General American Investors Inc. Common Stock,,Financials,Investment Managers,,XLF,1,2026-10-09
GAME,0001714562,GameSquare Holdings Inc. Common Stock,,Consumer Discretionary,Services-Misc. Amusement & Recreation,,XLY,1,2026-10-09
GAM^B,,General American Investors Company Inc. Cumulative Preferred Stock,,,,,,1,2026-10-09
GANX,0001819411,Gain Therapeutics Inc. Common Stock,,Health Care,Biotechnology: Pharmaceutical Preparations,,XLV,1,2026-10-09
GAP,0000039911,Gap Inc. (The) Common Stock,,Consumer Discretionary,Clothing/Shoe/Accessory Stores,,XLY,1,2026-10-09
GASS,0001328919,StealthGas Inc. Common Stock,,Consumer Discretionary,Marine Transportation,,XLY,1,2026-10-09
GATX,0000040211,GATX Corporation Common Stock,,Consumer Discretionary,Transportation Services,,XLY,1,2026-10-09
GAU,0001377757,Galiano Gold Inc.,,Industrials,Mining & Quarrying of Nonmetallic Minerals (No Fuels),,XLI,1,2026-10-09
GAUZ,0001781446,Gauzy Ltd. Ordinary Shares,,Miscellaneous,Industrial Machinery/Components,,,1,2026-10-09
GBAB,0001495825,Guggenheim Taxable Municipal Bond & Investment Grade Debt Trust Common Shares of Beneficial Interest,,Financials,Investment Managers,,XLF,1,2026-10-09
GBCI,0000868671,Glacier Bancorp Inc. Common Stock,,Financials,Major Banks,,XLF,1,2026-10-09
GBDC,0001476765,Golub Capital BDC Inc. Common Stock,,Financials,Finance: Consumer Services,,XLF,1,2026-10-09
GBFH,0001791145,GBank Financial Holdings Inc. Common Stock,,Financials,Major Banks,,XLF,1,2026-10-09
GBLI,0001494904,Global Indemnity Group LLC Class A Common Stock ,,Financials,Property-Casualty Insurers,,XLF,1,2026-10-09
GBR,0000105744,New Concept Energy Inc Common Stock,,Energy,Oil & Gas Production,,XLE,1,2026-10-09
GBX,0000923120,Greenbrier Companies Inc. (The) Common Stock,,Industrials,Railroads,,XLI,1,2026-10-09
GCBC,0001070524,Greene County Bancorp Inc. Common Stock,,Financials,Banks,,XLF,1,2026-10-09
GCDT,0001926293,Green Circle Decarbonize Technology Limited Class A Ordinary Shares,,Industrials,Industrial Machinery/Components,,XLI,1,2026-10-09
GCGR,0002108962,General Catalyst Global Resilience Merger Corp. Class A Ordinary Shares,,,,,,1,2026-10-09
GCL,0002002045,GCL Global Holdings Ltd Ordinary Shares,,Technology,Computer Software: Prepackaged Software,,XLK,1,2026-10-09
GCLWW,0002002045,GCL Global Holdings Ltd Warrants,,Technology,Computer Software: Prepackaged Software,,XLK,1,2026-10-09
GCMG,0001819796,GCM Grosvenor Inc. Class A Common Stock,,Financials,Investment Managers,,XLF,1,2026-10-09
GCO,0000018498,Genesco Inc. Common Stock,,Consumer Discretionary,Clothing/Shoe/Accessory Stores,,XLY,1,2026-10-09
GCT,0001857816,GigaCloud Technology Inc Class A Ordinary Shares,,Consumer Discretionary,Catalog/Specialty Distribution,,XLY,1,2026-10-09
GCTK,0001506983,GlucoTrack Inc. Common Stock,,Health Care,Medical/Dental Instruments,,XLV,1,2026-10-09
GCTS,0001851961,GCT Semiconductor Holding Inc. Common Stock,,Technology,Semiconductors,,XLK,1,2026-10-09
GCV,0000845611,Gabelli Convertible and Income Securities Fund Inc. (The) Common Stock,,Financials,Finance/Investors Services,,XLF,1,2026-10-09
GD,0000040533,General Dynamics Corporation Common Stock,,Industrials,Marine Transportation,,XLI,1,2026-10-09
GDC,0001641398,GD Culture Group Limited Common Stock,,Industrials,Steel/Iron Ore,,XLI,1,2026-10-09
GDDY,0001609711,GoDaddy Inc. Class A Common Stock,,Technology,EDP Services,,XLK,1,2026-10-09
GDEV,0001848739,GDEV Inc. Ordinary Shares,,Technology,EDP Services,,XLK,1,2026-10-09
GDHG,0001928340,Golden Heaven Group Holdings Ltd. Class A Ordinary Shares,,Consumer Discretionary,Services-Misc. Amusement & Recreation,,XLY,1,2026-10-09
GDL,0001378701,GDL Fund The Common Shares of Beneficial Interest,,Financials,Investment Managers,,XLF,1,2026-10-09
GDO,0001472341,Western Asset Global Corporate Opportunity Fund Inc. Common Stock,,Financials,Finance Companies,,XLF,1,2026-10-09
GDOT,0001386278,Green Dot Corporation Class A Common Stock $0.001 par value,,Financials,Finance: Consumer Services,,XLF,1,2026-10-09
GDRX,0001809519,GoodRx Holdings Inc. Class A Common Stock,,Technology,EDP Services,,XLK,1,2026-10-09
GDS,0001526125,GDS Holdings Limited ADS,,Technology,Computer Software: Programming Data Processing,,XLK,1,2026-10-09
GDTC,0001873093,CytoMed Therapeutics Limited Ordinary Shares,,Health Care,Biotechnology: Pharmaceutical Preparations,,XLV,1,2026-10-09
GDV,0001260729,Gabelli Dividend & Income Trust Common Shares of Beneficial Interest,,Financials,Investment Managers,,XLF,1,2026-10-09
GDV^H,,The Gabelli Dividend & Income Trust 5.375% Series H Cumulative Preferred Shares,,,,,,1,2026-10-09
GDV^K,,The Gabelli Dividend & Income Trust 4.250% Series K Cumulative Preferred Shares,,,,,,1,2026-10-09
GDYN,0001743725,Grid Dynamics Holdings Inc. Class A Common Stock,,Technology,Computer Software: Prepackaged Software,,XLK,1,2026-10-09
GE,0000040545,GE Aerospace Common Stock,,Technology,Consumer Electronics/Appliances,,XLK,1,2026-10-09
GECC,0001675033,Great Elm Capital Corp. Common Stock,,Financials,Finance: Consumer Services,,XLF,1,2026-10-09
GECCG,0001675033,Great Elm Capital Corp. 7.75% Notes Due 2030,,Financials,Finance: Consumer Services,,XLF,1,2026-10-09
GECCH,0001675033,Great Elm Capital Corp. 8.125% Notes Due 2029,,,,,,1,2026-10-09
GECCI,0001675033,Great Elm Capital Corp. 8.50% NOTES DUE 2029,,Financials,Finance Companies,,XLF,1,2026-10-09
GEF,0000043920,Greif Inc. Class A Common Stock,,,,,,1,2026-10-09
GEG,0001831096,Great Elm Group Inc. Common Stock,,Technology,Computer Software: Prepackaged Software,,XLK,1,2026-10-09
GEGGL,0001831096,Great Elm Group Inc.  7.25% Notes due 2027,,Technology,Computer Software: Prepackaged Software,,XLK,1,2026-10-09
GEHC,0001932393,GE HealthCare Technologies Inc. Common Stock ,,Health Care,Medical Electronics,,XLV,1,2026-10-09
GEL,0001022321,Genesis Energy L.P. Common Units,,Energy,Oil Refining/Marketing,,XLE,1,2026-10-09
GELS,0001920092,Gelteq Limited Ordinary Shares,,Health Care,Biotechnology: Pharmaceutical Preparations,,XLV,1,2026-10-09
GEMI,0002055592,Gemini Space Station Inc. Class A Common Stock,,Financials,Finance: Consumer Services,,XLF,1,2026-10-09
GEN,0000849399,Gen Digital Inc. Common Stock,,Technology,Computer Software: Prepackaged Software,,XLK,1,2026-10-09
GENB,0002100782,Generate Biomedicines Inc. Common Stock,,Health Care,Biotechnology: Pharmaceutical Preparations,,XLV,1,2026-10-09
GENC,0000064472,Gencor Industries Inc. Common Stock,,Industrials,Construction/Ag Equipment/Trucks,,XLI,1,2026-10-09
GENI,0001834489,Genius Sports Limited Ordinary Shares,,Consumer Discretionary,Services-Misc. Amusement & Recreation,,XLY,1,2026-10-09
GENK,0001891856,GEN Restaurant Group Inc. Class A Common Stock,,Consumer Discretionary,Restaurants,,XLY,1,2026-10-09
GENVR,0000849399,Gen Digital Inc. Contingent Value Rights,,Technology,Computer Software: Prepackaged Software,,XLK,1,2026-10-09
GEO,0000923796,Geo Group Inc (The) REIT,,Consumer Discretionary,Homebuilding,,XLY,1,2026-10-09
GEOS,0001001115,Geospace Technologies Corporation Common Stock (Texas),,Industrials,Industrial Machinery/Components,,XLI,1,2026-10-09
GERN,0000886744,Geron Corporation Common Stock,,Health Care,Biotechnology: Pharmaceutical Preparations,,XLV,1,2026-10-09
GEV,0001996810,GE Vernova Inc. Common Stock,,Technology,Consumer Electronics/Appliances,,XLK,1,2026-10-09
GEVO,0001392380,Gevo Inc. Common Stock,,Industrials,Major Chemicals,,XLI,1,2026-10-09
GF,0000858706,New Germany Fund Inc. (The) Common Stock,,Financials,Investment Managers,,XLF,1,2026-10-09
GFAI,0001804469,Guardforce AI Co. Limited Ordinary Shares,,Consumer Discretionary,Diversified Commercial Services,,XLY,1,2026-10-09
GFF,0000050725,Griffon Corporation Common Stock,,Industrials,Building Products,,XLI,1,2026-10-09
GFI,0001172724,Gold Fields Limited American Depositary Shares,,Materials,Precious Metals,,XLB,1,2026-10-09
GFL,0001780232,GFL Environmental Inc. Subordinate voting shares no par value,,Utilities,Environmental Services,,XLU,1,2026-10-09
GFR,0001966287,Greenfire Resources Ltd. Common Shares,,Energy,Oil & Gas Production,,XLE,1,2026-10-09
GFS,0001709048,GlobalFoundries Inc. Ordinary Shares,,Technology,Semiconductors,,XLK,1,2026-10-09
GFUZ,0002074850,General Fusion Group Ltd. Common Shares,,Utilities,Electric Utilities: Central,,XLU,1,2026-10-09
GFUZW,0002074850,General Fusion Group Ltd. Warrant,,Utilities,Electric Utilities: Central,,XLU,1,2026-10-09
GGAL,0001114700,Grupo Financiero Galicia S.A. American Depositary Shares,,Financials,Commercial Banks,,XLF,1,2026-10-09
GGB,0001073404,Gerdau S.A. Common Stock,,Industrials,Steel/Iron Ore,,XLI,1,2026-10-09
GGG,0000042888,Graco Inc. Common Stock,,Industrials,Fluid Controls,,XLI,1,2026-10-09
GGN,0001313510,GAMCO Global Gold Natural Resources & Income Trust,,Financials,Finance/Investors Services,,XLF,1,2026-10-09
GGN^B,,GAMCO Global Gold Natural Reources & Income Trust 5.00% Series B Cumulative 25.00 Liquidation Preference,,,,,,1,2026-10-09
GGR,0001886190,Gogoro Inc. Ordinary Shares,,Industrials,Auto Manufacturing,,XLI,1,2026-10-09
GGROW,0001886190,Gogoro Inc. Warrant,,Industrials,Auto Manufacturing,,XLI,1,2026-10-09
GGT,0000921671,Gabelli Multi-Media Trust Inc. (The) Common Stock,,Financials,Trusts Except Educational Religious and Charitable,,XLF,1,2026-10-09
GGT^E,,Gabelli Multi-Media Trust Inc. (The) 5.125% Series E Cumulative Preferred Stock,,,,,,1,2026-10-09
GGT^G,,Gabelli Multi-Media Trust Inc. (The) 5.125% Series G Cumulative Preferred Shares,,,,,,1,2026-10-09
GGZ,0001585855,Gabelli Global Small and Mid Cap Value Trust (The) Common Shares of Beneficial Interest,,Financials,Investment Managers,,XLF,1,2026-10-09
GH,0001576280,Guardant Health Inc. Common Stock,,Health Care,Medical Specialities,,XLV,1,2026-10-09
GHC,0000104889,Graham Holdings Company Common Stock,,Real Estate,Other Consumer Services,,XLRE,1,2026-10-09
GHG,0001724755,GreenTree Hospitality Group Ltd. American depositary shares each representing one Class A ordinary share,,Consumer Discretionary,Hotels/Resorts,,XLY,1,2026-10-09
GHI,0001059142,Greystone Housing Impact Investors LP Beneficial Unit Certificates representing assignments of limited partnership interests,,Financials,Finance: Consumer Services,,XLF,1,2026-10-09
GHM,0000716314,Graham Corporation Common Stock,,Industrials,Industrial Machinery/Components,,XLI,1,2026-10-09
GHRS,0001855129,GH Research PLC Ordinary Shares,,Health Care,Biotechnology: Pharmaceutical Preparations,,XLV,1,2026-10-09
GHXI,0002086438,Gores Holdings XI Inc. Class A Ordinary Shares,,,,,,1,2026-10-09
GHXIU,0002086438,Gores Holdings XI Inc. Units,,,,,,1,2026-10-09
GHY,0001554697,PGIM Global High Yield Fund Inc.,,Financials,Trusts Except Educational Religious and Charitable,,XLF,1,2026-10-09
GIB,0001061574,CGI Inc. Common Stock,,Consumer Discretionary,Professional Services,,XLY,1,2026-10-09
GIBO,0002034520,GIBO Holdings Limited Class A Ordinary Shares,,Technology,Computer Software: Prepackaged Software,,XLK,1,2026-10-09
GIC,0000945114,Global Industrial Company Common Stock,,Industrials,Industrial Machinery/Components,,XLI,1,2026-10-09
GIFT,0001760233,Giftify Inc. Common Stock,,Consumer Discretionary,Catalog/Specialty Distribution,,XLY,1,2026-10-09
GIGM,0001105101,GigaMedia Limited Ordinary Shares,,Technology,Computer Software: Programming Data Processing,,XLK,1,2026-10-09
GIII,0000821002,G-III Apparel Group LTD. Common Stock,,Consumer Discretionary,Apparel,,XLY,1,2026-10-09
GIL,0001061894,Gildan Activewear Inc. Class A Sub. Vot. Common Stock,,Consumer Discretionary,Apparel,,XLY,1,2026-10-09
GILD,0000882095,Gilead Sciences Inc. Common Stock,,Health Care,Biotechnology: Biological Products (No Diagnostic Substances),,XLV,1,2026-10-09
GILT,0000897322,Gilat Satellite Networks Ltd. Ordinary Shares,,Technology,Radio And Television Broadcasting And Communications Equipment,,XLK,1,2026-10-09
GIPR,0001651721,Generation Income Properties Inc. Common Stock,,Real Estate,Real Estate Investment Trusts,,XLRE,1,2026-10-09
GIS,0000040704,General Mills Inc. Common Stock,,Consumer Staples,Packaged Foods,,XLP,1,2026-10-09
GITS,0001911545,Global Interactive Technologies Inc. Common Stock,,Technology,Computer Software: Programming Data Processing,,XLK,1,2026-10-09
GIW,0002080019,GigCapital8 Corp. Class A Ordinary Shares,,Financials,Blank Checks,,XLF,1,2026-10-09
GIX,0002098712,GigCapital9 Corp. Class A Ordinary Share,,Financials,Blank Checks,,XLF,1,2026-10-09
GIXI,0001782265,Gix Internet Ltd. Ordinary Shares,,Technology,Computer Software: Prepackaged Software,,XLK,1,2026-10-09
GJH,0001286405,Synthetic Fixed-Income Securities Inc 6.375% (STRATS) Cl A-1,,Financials,Finance: Consumer Services,,XLF,1,2026-10-09
GJO,0001340909,Synthetic Fixed-Income Securities Inc. on behalf of STRATS(SM) Trust for Wal-Mart Stores Inc. Securities Series 2004-5,,Financials,Finance: Consumer Services,,XLF,1,2026-10-09
GJS,0001356284,Goldman Sachs Group Securities STRATS Trust for Goldman Sachs Group Securities Series 2006-2,,Financials,Finance: Consumer Services,,XLF,1,2026-10-09
GKOS,0001192448,Glaukos Corporation Common Stock,,Health Care,Medical/Dental Instruments,,XLV,1,2026-10-09
GL,0000320335,Globe Life Inc. Common Stock,,Financials,Life Insurance,,XLF,1,2026-10-09
GLAD,0001143513,Gladstone Capital Corporation Common Stock,,Consumer Discretionary,Textiles,,XLY,1,2026-10-09
GLAS,0001848731,Glass House Brands Inc. Subordinate Voting Shares,,Health Care, Medicinal Chemicals and Botanical Products ,,XLV,1,2026-10-09
GLBE,0001835963,Global-E Online Ltd. Ordinary Shares,,Technology,Computer Software: Prepackaged Software,,XLK,1,2026-10-09
GLBS,0001499780,Globus Maritime Limited Common Stock,,Consumer Discretionary,Marine Transportation,,XLY,1,2026-10-09
GLDG,0001538847,GoldMining Inc. Common Shares,,Materials,Precious Metals,,XLB,1,2026-10-09
GLE,0001908705,Global Engine Group Holding Limited Class A Ordinary Shares,,Technology,EDP Services,,XLK,1,2026-10-09
GLED,0002091484,GalaxyEdge Acquisition Corporation Ordinary Shares,,Financials,Blank Checks,,XLF,1,2026-10-09
GLIBA,0002057463,Liberty Capital Corporation Series A GCI Group Common Stock,,Communication Services,Cable & Other Pay Television Services,,XLC,1,2026-10-09
GLIBK,0002057463,Liberty Capital Corporation Series C GCI Group Common Stock,,Communication Services,Cable & Other Pay Television Services,,XLC,1,2026-10-09
GLND,0002093507,Greenland Energy Company Common Stock,,Energy,Oil & Gas Production,,XLE,1,2026-10-09
GLNDW,0002093507,Greenland Energy Company Warrant,,Energy,Oil & Gas Production,,XLE,1,2026-10-09
GLNG,0001207179,Golar Lng Ltd,,Consumer Discretionary,Marine Transportation,,XLY,1,2026-10-09
GLO,0001350869,Clough Global Opportunities Fund Common Stock,,Financials,Finance/Investors Services,,XLF,1,2026-10-09
GLOB,0001557860,Globant S.A. Common Shares,,Technology,EDP Services,,XLK,1,2026-10-09
GLOO,0002069785,Gloo Holdings Inc. Class A Common Stock,,Technology,EDP Services,,XLK,1,2026-10-09
GLOP^A,,GasLog Partners LP 8.625% Series A Cumulative Redeemable Perpetual Fixed to Floating Rate Preference Units,,,,,,1,2026-10-09
GLOP^B,,GasLog Partners LP 8.200% Series B Cumulative Redeemable Perpetual Fixed to Floating Rate Preference Units,,,,,,1,2026-10-09
GLOP^C,,GasLog Partners LP 8.500% Series C Cumulative Redeemable Perpetual Fixed to Floating Rate Preference Units,,,,,,1,2026-10-09
GLP,0001323468,Global Partners LP Common Units representing Limited Partner Interests,,Energy,Oil Refining/Marketing,,XLE,1,2026-10-09
GLPI,0001575965,Gaming and Leisure Properties Inc. Common Stock,,Real Estate,Real Estate Investment Trusts,,XLRE,1,2026-10-09
GLQ,0001316463,Clough Global Equity Fund Clough Global Equity Fund Common Shares of Beneficial Interest,,Financials,Finance/Investors Services,,XLF,1,2026-10-09
GLRE,0001385613,Greenlight Capital Re Ltd. Class A Ordinary Shares,,Financials,Property-Casualty Insurers,,XLF,1,2026-10-09
GLSI,0001799788,Greenwich LifeSciences Inc. Common Stock,,Health Care,Biotechnology: Pharmaceutical Preparations,,XLV,1,2026-10-09
GLU,0001282957,Gabelli Global Utility Common Shares of Beneficial Ownership,,Financials,Finance/Investors Services,,XLF,1,2026-10-09
GLUE,0001826457,Monte Rosa Therapeutics Inc. Common Stock,,Health Care,Biotechnology: Biological Products (No Diagnostic Substances),,XLV,1,2026-10-09
GLU^A,,The Gabelli Global Utility and Income Trust Series A Cumulative Puttable and Callable Preferred Shares,,,,,,1,2026-10-09
GLU^B,,The Gabelli Global Utility and Income Trust Series B Cumulative Puttable and Callable Preferred Shares,,,,,,1,2026-10-09
GLV,0001288795,Clough Global Dividend and Income Fund Common Shares of beneficial interest,,Financials,Finance/Investors Services,,XLF,1,2026-10-09
GLW,0000024741,Corning Incorporated Common Stock,,Industrials,Telecommunications Equipment,,XLI,1,2026-10-09
GLXG,0001905920,Galaxy Payroll Group Limited Class A Ordinary Shares,,Industrials,Diversified Commercial Services,,XLI,1,2026-10-09
GLXY,0001859392,Galaxy Digital Inc. Class A Common Stock,,Financials,Investment Bankers/Brokers/Service,,XLF,1,2026-10-09
GL^D,,Globe Life Inc. 4.25% Junior Subordinated Debentures due 2061,,,,,,1,2026-10-09
GM,0001467858,General Motors Company Common Stock,,Industrials,Auto Manufacturing,,XLI,1,2026-10-09
GMAB,0001434265,Genmab A/S ADS,,Health Care,Biotechnology: Pharmaceutical Preparations,,XLV,1,2026-10-09
GME,0001326380,GameStop Corporation Common Stock,,Consumer Discretionary,Electronics Distribution,,XLY,1,2026-10-09
GMED,0001237831,Globus Medical Inc. Class A Common Stock,,Health Care,Medical/Dental Instruments,,XLV,1,2026-10-09
GMEX,0001928581,GMEX ROBOTICS CORPORATION Class A Ordinary Shares,,Consumer Discretionary,Recreational Games/Products/Toys,,XLY,1,2026-10-09
GMHS,0002000530,Gamehaus Holdings Inc. Class A Ordinary Shares,,Technology,EDP Services,,XLK,1,2026-10-09
GMM,0001913749,Global Mofy AI Limited Class A Ordinary Shares,,Technology,Computer Software: Programming Data Processing,,XLK,1,2026-10-09
GMRS,0001898718,GMR Solutions Inc. Class A Common Stock,,Consumer Discretionary,Transportation Services,,XLY,1,2026-10-09
GMTL,0002039972,Guardian Metal Resources PLC ADS,,Materials,Metal Mining,,XLB,1,2026-10-09
GNE,0001528356,Genie Energy Ltd. Class B Common Stock Stock,,Utilities,Power Generation,,XLU,1,2026-10-09
GNK,0001326200,Genco Shipping & Trading Limited Ordinary Shares New (Marshall Islands),,Consumer Discretionary,Marine Transportation,,XLY,1,2026-10-09
GNL,0001526113,Global Net Lease Inc. Common Stock,,Real Estate,Real Estate Investment Trusts,,XLRE,1,2026-10-09
GNLN,0001743745,Greenlane Holdings Inc. Class A Common Stock,,Consumer Discretionary,Durable Goods,,XLY,1,2026-10-09
GNLX,0001231457,Genelux Corporation Common Stock,,Health Care,Biotechnology: Pharmaceutical Preparations,,XLV,1,2026-10-09
GNL^A,,Global Net Lease Inc. 7.25% Series A Cumulative Redeemable Preferred Stock $0.01 par value per share,,,,,,1,2026-10-09
GNL^B,,Global Net Lease Inc. 6.875% Series B Cumulative Redeemable Perpetual Preferred Stock,,,,,,1,2026-10-09
GNL^D,,Global Net Lease Inc. 7.50% Series D Cumulative Redeemable Perpetual Preferred Stock,,,,,,1,2026-10-09
GNL^E,,Global Net Lease Inc. 7.375% Series E Cumulative Redeemable Perpetual Preferred Stock,,,,,,1,2026-10-09
GNPX,0001595248,Genprex Inc. Common Stock,,Health Care,Biotechnology: Pharmaceutical Preparations,,XLV,1,2026-10-09
GNRC,0001474735,Generac Holdlings Inc. Common Stock,,Consumer Discretionary,Metal Fabrications,,XLY,1,2026-10-09
GNS,0001847806,Genius Group Limited Ordinary Shares,,Technology,Computer Software: Prepackaged Software,,XLK,1,2026-10-09
GNSS,0000924383,Genasys Inc. Common Stock,,Consumer Staples,Consumer Electronics/Appliances,,XLP,1,2026-10-09
GNT,0001438893,GAMCO Natural Resources Gold & Income Trust,,Financials,Finance/Investors Services,,XLF,1,2026-10-09
GNTA,0001838716,Genenta Science S.p.A. American Depositary Shares,,Health Care,Biotechnology: Biological Products (No Diagnostic Substances),,XLV,1,2026-10-09
GNTX,0000355811,Gentex Corporation Common Stock,,Consumer Discretionary,Auto Parts:O.E.M.,,XLY,1,2026-10-09
GNT^A,,GAMCO Natural Resources Gold & Income Tust  5.20% Series A Cumulative Preferred Shares (Liquidation Preference $25.00 per share),,,,,,1,2026-10-09
GNW,0001276520,Genworth Financial Inc Common Stock,,Financials,Life Insurance,,XLF,1,2026-10-09
GO,0001771515,Grocery Outlet Holding Corp. Common Stock,,Consumer Staples,Food Chains,,XLP,1,2026-10-09
GOAI,0001983736,Eva Live Inc. Common Stock,,Technology,Computer Software: Programming Data Processing,,XLK,1,2026-10-09
GOF,0001380936,Guggenheim Strategic Opportunities Fund Common Shares of Beneficial Interest,,Financials,Finance/Investors Services,,XLF,1,2026-10-09
GOGO,0001537054,Gogo Inc. Common Stock,,Consumer Discretionary,Telecommunications Equipment,,XLY,1,2026-10-09
GOLD,0001591588,Gold.com Inc. Common Stock,,Industrials,Other Specialty Stores,,XLI,1,2026-10-09
GOLF,0001672013,Acushnet Holdings Corp. Common Stock,,Consumer Discretionary,Recreational Games/Products/Toys,,XLY,1,2026-10-09
GOOD,0001234006,Gladstone Commercial Corporation Real Estate Investment Trust,,Real Estate,Real Estate,,XLRE,1,2026-10-09
GOODN,0001234006,Gladstone Commercial Corporation 6.625% Series E Cumulative Redeemable Preferred Stock,,Real Estate,Real Estate,,XLRE,1,2026-10-09
GOODO,0001234006,Gladstone Commercial Corporation 6.00% Series G Cumulative Redeemable Preferred Stock par value $0.001 per share,,Real Estate,Real Estate,,XLRE,1,2026-10-09
GOOG,0001652044,Alphabet Inc. Class C Capital Stock,,Technology,Computer Software: Programming Data Processing,,XLK,1,2026-10-09
GOOGL,0001652044,Alphabet Inc. Class A Common Stock,,Technology,Computer Software: Programming Data Processing,,XLK,1,2026-10-09
GOOGM,0001652044,Alphabet Inc. Depositary Shares representing a 1/20th Interest in a Share of Series A Mandatory Convertible Preferred Stock,,Technology,Computer Software: Programming Data Processing,,XLK,1,2026-10-09
GOOGN,0001652044,Alphabet Inc. Depositary Shares representing a 1/20th Interest in a Share of Series B Mandatory Convertible Preferred Stock,,Technology,Computer Software: Programming Data Processing,,XLK,1,2026-10-09
GOOS,0001690511,Canada Goose Holdings Inc. Subordinate Voting Shares,,Consumer Discretionary,Apparel,,XLY,1,2026-10-09
GORO,0001515964,Goldgroup Mining Inc. Common Shares,,Materials,Precious Metals,,XLB,1,2026-10-09
GOSS,0001728117,Gossamer Bio Inc. Common Stock,,Health Care,Biotechnology: Pharmaceutical Preparations,,XLV,1,2026-10-09
GOTU,0001768259,Gaotu Techedu Inc. American Depositary Shares,,Real Estate,Other Consumer Services,,XLRE,1,2026-10-09
GOVX,0000832489,GeoVax Labs Inc. Common Stock,,Health Care,Biotechnology: Pharmaceutical Preparations,,XLV,1,2026-10-09
GOW,0002097702,GOWell Energy Technology Ordinary shares,,Consumer Discretionary,Oil and Gas Field Machinery,,XLY,1,2026-10-09
GP,0001584547,GreenPower Motor Company Inc. Common Shares,,Consumer Discretionary,Construction/Ag Equipment/Trucks,,XLY,1,2026-10-09
GPAC,0002085408,General Purpose Acquisition Corp. Class A Ordinary Shares,,,,,,1,2026-10-09
GPACW,0002085408,General Purpose Acquisition Corp. Warrant,,Industrials,Major Chemicals,,XLI,1,2026-10-09
GPAT,0001834526,GP-Act III Acquisition Corp. Class A Ordinary Share,,,,,,1,2026-10-09
GPATW,0001834526,GP-Act III Acquisition Corp. Warrants,,,,,,1,2026-10-09
GPC,0000040987,Genuine Parts Company Common Stock,,Consumer Discretionary,Automotive Aftermarket,,XLY,1,2026-10-09
GPCR,0001888886,Structure Therapeutics Inc. American Depositary Shares,,Health Care,Biotechnology: Pharmaceutical Preparations,,XLV,1,2026-10-09
GPGI,0001823144,GPGI Inc. Class A Common Stock,,Financials,Finance: Consumer Services,,XLF,1,2026-10-09
GPI,0001031203,Group 1 Automotive Inc. Common Stock,,Consumer Discretionary,Retail-Auto Dealers and Gas Stations,,XLY,1,2026-10-09
GPJA,0000041091,Georgia Power Company Series 2017A 5.00% Junior Subordinated Notes due October 1 2077,,Utilities,Electric Utilities: Central,,XLU,1,2026-10-09
GPK,0001408075,Graphic Packaging Holding Company,,Consumer Discretionary,Containers/Packaging,,XLY,1,2026-10-09
GPMT,0001703644,Granite Point Mortgage Trust Inc. Common Stock,,Real Estate,Real Estate Investment Trusts,,XLRE,1,2026-10-09
GPMT^A,,Granite Point Mortgage Trust Inc. 7.00% Series A Fixed-to-Floating Rate Cumulative Redeemable Preferred Stock,,,,,,1,2026-10-09
GPN,0001123360,Global Payments Inc. Common Stock,,Consumer Discretionary,Business Services,,XLY,1,2026-10-09
GPOR,0000874499,Gulfport Energy Corporation Common Shares,,Energy,Oil & Gas Production,,XLE,1,2026-10-09
GPRE,0001309402,Green Plains Inc. Common Stock,,Industrials,Major Chemicals,,XLI,1,2026-10-09
GPRK,0001464591,Geopark Ltd Common Shares,,Energy,Oil & Gas Production,,XLE,1,2026-10-09
GPRO,0001500435,GoPro Inc. Class A Common Stock,,Consumer Discretionary,Industrial Machinery/Components,,XLY,1,2026-10-09
GPUS,0000896493,Hyperscale Data Inc. Common Stock,,Technology,Industrial Machinery/Components,,XLK,1,2026-10-09
GPUS^D,,Hyperscale Data Inc. 13.00% Series D Cumulative Redeemable Perpetual Preferred Stock,,,,,,1,2026-10-09
GRAB,0001855612,Grab Holdings Limited Class A Ordinary Shares,,Consumer Discretionary,Business Services,,XLY,1,2026-10-09
GRABW,0001855612,Grab Holdings Limited Warrant,,Consumer Discretionary,Business Services,,XLY,1,2026-10-09
GRAL,0001699031,GRAIL Inc. Common Stock ,,Health Care,Medical Specialities,,XLV,1,2026-10-09
GRAN,0002027722,Grande Group Limited Class A Ordinary Shares,,Financials,Finance: Consumer Services,,XLF,1,2026-10-09
GRBK,0001373670,Green Brick Partners Inc. Common Stock,,Consumer Discretionary,Homebuilding,,XLY,1,2026-10-09
GRBK^A,,Green Brick Partners Inc. Depositary Shares (each representing a 1/1000th fractional interest in a share of 5.75% Series A Cumulative Perpetual Preferred Stock),,,,,,1,2026-10-09
GRC,0000042682,Gorman-Rupp Company (The) Common Stock,,Industrials,Fluid Controls,,XLI,1,2026-10-09
GRCE,0001444192,Grace Therapeutics Inc. Common Stock,,Health Care,Biotechnology: Pharmaceutical Preparations,,XLV,1,2026-10-09
GRDN,0001802255,Guardian Pharmacy Services Inc. Class A Common Stock,,Consumer Staples,Retail-Drug Stores and Proprietary Stores,,XLP,1,2026-10-09
GRDX,0001604191,GridAI Technologies Corp. Common Stock,,Health Care,Biotechnology: Pharmaceutical Preparations,,XLV,1,2026-10-09
GREEL,0001844971,Vulcan Infrastructure and Power Inc. 8.50% Senior Notes due 2026,,Financials,Finance: Consumer Services,,XLF,1,2026-10-09
GRF,0000850027,Eagle Capital Growth Fund Inc. Common Stock,,Financials,Finance/Investors Services,,XLF,1,2026-10-09
GRFS,0001438569,Grifols S.A. American Depositary Shares,,Health Care,Biotechnology: Pharmaceutical Preparations,,XLV,1,2026-10-09
GRI,0001824293,GRI Bio Inc. Common Stock,,Health Care,Biotechnology: Pharmaceutical Preparations,,XLV,1,2026-10-09
GRML,0001907223,Greenland Mines Ltd. Common Stock,,Health Care,Biotechnology: Biological Products (No Diagnostic Substances),,XLV,1,2026-10-09
GRMLW,0001907223,Greenland Mines Ltd Warrant,,Health Care,Biotechnology: Biological Products (No Diagnostic Substances),,XLV,1,2026-10-09
GRMN,0001121788,Garmin Ltd. Common Stock (Switzerland),,Industrials,Industrial Machinery/Components,,XLI,1,2026-10-09
GRND,0001820144,Grindr Inc. Common Stock,,Technology,Computer Software: Programming Data Processing,,XLK,1,2026-10-09
GRNQ,0001597846,Greenpro Capital Corp. Common Stock,,Consumer Discretionary,Professional Services,,XLY,1,2026-10-09
GRNT,0001928446,Granite Ridge Resources Inc. Common Stock,,Energy,Oil & Gas Production,,XLE,1,2026-10-09
GRO,0001472326,Brazil Potash Corp. Common Shares,,Industrials,Mining & Quarrying of Nonmetallic Minerals (No Fuels),,XLI,1,2026-10-09
GROV,0001841761,Grove Collaborative Holdings Inc. Class A Common Stock,,Consumer Discretionary,Catalog/Specialty Distribution,,XLY,1,2026-10-09
GROW,0000754811,U.S. Global Investors Inc. Class A Common Stock,,Financials,Investment Managers,,XLF,1,2026-10-09
GROY,0001834026,Gold Royalty Corp. Common Shares,,Materials,Precious Metals,,XLB,1,2026-10-09
GRPN,0001490281,Groupon Inc. Common Stock,,Consumer Discretionary,Advertising,,XLY,1,2026-10-09
GRRR,0001903145,Gorilla Technology Group Inc. Ordinary shares,,Technology,Computer Software: Prepackaged Software,,XLK,1,2026-10-09
GRRRW,0001903145,Gorilla Technology Group Inc. Warrant,,Technology,Computer Software: Prepackaged Software,,XLK,1,2026-10-09
GRSD,0001839799,Grandstand Limited Ordinary Shares,,Consumer Discretionary,Services-Misc. Amusement & Recreation,,XLY,1,2026-10-09
GRVY,0001313310,GRAVITY Co. Ltd. American Depository Shares,,Technology,EDP Services,,XLK,1,2026-10-09
GRWG,0001604868,GrowGeneration Corp. Common Stock,,Consumer Discretionary,RETAIL: Building Materials,,XLY,1,2026-10-09
GRX,0001391437,The Gabelli Healthcare & Wellness Trust Common Shares of Beneficial Interest,,Financials,Finance/Investors Services,,XLF,1,2026-10-09
GS,0000886982,Goldman Sachs Group Inc. (The) Common Stock,,Financials,Investment Bankers/Brokers/Service,,XLF,1,2026-10-09
GSAT,0001366868,Globalstar Inc. Common Stock,,Consumer Discretionary,Telecommunications Equipment,,XLY,1,2026-10-09
GSBC,0000854560,Great Southern Bancorp Inc. Common Stock,,Financials,Major Banks,,XLF,1,2026-10-09
GSBD,0001572694,Goldman Sachs BDC Inc. Common Stock,,Financials,Investment Managers,,XLF,1,2026-10-09
GSHD,0001726978,Goosehead Insurance Inc. Class A Common Stock,,Financials,Specialty Insurers,,XLF,1,2026-10-09
GSHR,0002044635,Gesher Acquisition Corp. II Class A Ordinary Shares,,,,,,1,2026-10-09
GSIT,0001126741,GSI Technology Common Stock,,Technology,Semiconductors,,XLK,1,2026-10-09
GSIW,0001954269,Garden Stage Limited Class A Ordinary Shares,,Financials,Investment Bankers/Brokers/Service,,XLF,1,2026-10-09
GSK,0001131399,GSK plc American Depositary Shares (Each representing two Ordinary Shares),,Health Care,Biotechnology: Pharmaceutical Preparations,,XLV,1,2026-10-09
GSL,0001430725,Global Ship Lease Inc New Class A Common Shares,,Consumer Discretionary,Marine Transportation,,XLY,1,2026-10-09
GSL^B,,Global Ship Lease Inc. Depository Shares Representing 1/100th Perpetual Preferred Series B% (Marshall Island),,,,,,1,2026-10-09
GSM,0001639877,Ferroglobe PLC Ordinary Shares,,Materials,Metal Mining,,XLB,1,2026-10-09
GSRF,0002072404,GSR IV Acquisition Corp. Class A ordinary share,,,,,,1,2026-10-09
GSRFR,0002072404,GSR IV Acquisition Corp. Rights,,,,,,1,2026-10-09
GSRFU,0002072404,GSR IV Acquisition Corp. Units,,,,,,1,2026-10-09
GSRV,0002111762,GSR V Acquisition Corp. Class A ordinary shares,,Financials,Blank Checks,,XLF,1,2026-10-09
GSRVR,0002111762,GSR V Acquisition Corp. Rights,,Financials,Blank Checks,,XLF,1,2026-10-09
GSRVU,0002111762,GSR V Acquisition Corp. Units,,Financials,Blank Checks,,XLF,1,2026-10-09
GSUN,0001826376,Golden Sun Technology Group Limited Class A Ordinary Shares,,Real Estate,Other Consumer Services,,XLRE,1,2026-10-09
GS^A,,Goldman Sachs Group Inc. (The) Depositary Shares each representing 1/1000th Interest in a Share of Floating Rate Non-Cumulative Preferred Stock Series A,,,,,,1,2026-10-09
GS^C,,Goldman Sachs Group Inc. (The) Depositary Share repstg 1/1000th Preferred Series C,,,,,,1,2026-10-09
GS^D,,Goldman Sachs Group Inc. (The) Dep Shs repstg 1/1000 Pfd Ser D Fltg,,,,,,1,2026-10-09
GT,0000042582,The Goodyear Tire & Rubber Company Common Stock,,Consumer Discretionary,Automotive Aftermarket,,XLY,1,2026-10-09
GTBP,0000109657,GT Biopharma Inc. Common Stock,,Health Care,Biotechnology: Pharmaceutical Preparations,,XLV,1,2026-10-09
GTE,0001273441,Gran Tierra Energy Inc. Common Stock,,Energy,Oil & Gas Production,,XLE,1,2026-10-09
GTEC,0001735041,Greenland Technologies Holding Corporation Class A Ordinary Shares,,Industrials,Industrial Machinery/Components,,XLI,1,2026-10-09
GTEN,0001986817,Gores Holdings X Inc. Class A ordinary shares,,,,,,1,2026-10-09
GTENU,0001986817,Gores Holdings X Inc. Units,,,,,,1,2026-10-09
GTERA,0002043766,Globa Terra Acquisition Corporation Class A Ordinary Shares,,Financials,Blank Checks,,XLF,1,2026-10-09
GTERR,0002043766,Globa Terra Acquisition Corporation Rights,,Financials,Blank Checks,,XLF,1,2026-10-09
GTERU,0002043766,Globa Terra Acquisition Corporation Units,,Financials,Blank Checks,,XLF,1,2026-10-09
GTERW,0002043766,Globa Terra Acquisition Corporation Warrants,,Financials,Blank Checks,,XLF,1,2026-10-09
GTES,0001718512,Gates Industrial Corporation Ltd. Common Shares,,Industrials,Industrial Machinery/Components,,XLI,1,2026-10-09
GTIM,0000825324,Good Times Restaurants Inc. Common Stock,,Consumer Discretionary,Restaurants,,XLY,1,2026-10-09
GTLB,0001653482,GitLab Inc. Class A Common Stock,,Technology,Computer Software: Prepackaged Software,,XLK,1,2026-10-09
GTM,0001794515,ZoomInfo Technologies Inc Common Stock,,Technology,Computer Software: Prepackaged Software,,XLK,1,2026-10-09
GTN,0000043196,Gray Media Inc. Common Stock,,Industrials,Broadcasting,,XLI,1,2026-10-09
GTX,0001735707,Garrett Motion Inc. Common Stock,,Consumer Discretionary,Auto Parts:O.E.M.,,XLY,1,2026-10-09
GTY,0001052752,Getty Realty Corporation Common Stock,,Financials,Real Estate,,XLF,1,2026-10-09
GUAC,0002081515,Berto Acquisition Corp. II Ordinary Shares,,Financials,Blank Checks,,XLF,1,2026-10-09
GUACU,0002081515,Berto Acquisition Corp. II Unit,,Financials,Blank Checks,,XLF,1,2026-10-09
GUG,0001864208,Guggenheim Active Allocation Fund Common Shares of Beneficial Interest,,Financials,Trusts Except Educational Religious and Charitable,,XLF,1,2026-10-09
GURE,0000885462,Gulf Resources Inc. (NV) Common Stock,,Industrials,Major Chemicals,,XLI,1,2026-10-09
GUT,0001080720,Gabelli Utility Trust (The) Common Stock,,Financials,Trusts Except Educational Religious and Charitable,,XLF,1,2026-10-09
GUTS,0001572616,Fractyl Health Inc. Common Stock,,Health Care,Medical/Dental Instruments,,XLV,1,2026-10-09
GUT^C,,Gabelli Utility Trust (The) 5.375% Series C Cumulative Preferred Shares,,,,,,1,2026-10-09
GVA,0000861459,Granite Construction Incorporated Common Stock,,Industrials,Military/Government/Technical,,XLI,1,2026-10-09
GVH,0001978527,Globavend Holdings Limited Ordinary Shares,,Industrials,Integrated Freight & Logistics,,XLI,1,2026-10-09
GWAV,0001589149,Greenwave Technology Solutions Inc. Common Stock,,Industrials,Metal Fabrications,,XLI,1,2026-10-09
GWRE,0001528396,Guidewire Software Inc. Common Stock,,Technology,Computer Software: Prepackaged Software,,XLK,1,2026-10-09
GWRS,0001434728,Global Water Resources Inc. Common Stock,,Utilities,Water Supply,,XLU,1,2026-10-09
GWW,0000277135,W.W. Grainger Inc. Common Stock,,Industrials,Office Equipment/Supplies/Services,,XLI,1,2026-10-09
GXAI,0001895618,Gaxos.ai Inc. Common Stock,,Technology,Computer Software: Prepackaged Software,,XLK,1,2026-10-09
GXO,0001852244,GXO Logistics Inc. Common Stock ,,Consumer Discretionary,Transportation Services,,XLY,1,2026-10-09
GYGY,0002111846,Game Your Game Inc. Common Stock,,Technology,Computer Software: Prepackaged Software,,XLK,1,2026-10-09
GYRE,0001124105,Gyre Therapeutics Inc. Common Stock,,Health Care,Biotechnology: Pharmaceutical Preparations,,XLV,1,2026-10-09
GYRO,0001589061,Gyrodyne LLC Common Stock,,Real Estate,Building operators,,XLRE,1,2026-10-09
H,0001468174,Hyatt Hotels Corporation Class A Common Stock,,Consumer Discretionary,Hotels/Resorts,,XLY,1,2026-10-09
HACQ,0002089982,HCM IV Acquisition Corp. Class A Ordinary Share,,Financials,Blank Checks,,XLF,1,2026-10-09
HACQW,0002089982,HCM IV Acquisition Corp. Warrants,,Financials,Blank Checks,,XLF,1,2026-10-09
HAE,0000313143,Haemonetics Corporation Common Stock,,Health Care,Medical/Dental Instruments,,XLV,1,2026-10-09
HAFC,0001109242,Hanmi Financial Corporation Common Stock,,Financials,Major Banks,,XLF,1,2026-10-09
HAFN,0001815779,Hafnia Limited Common Shares,,Consumer Discretionary,Transportation Services,,XLY,1,2026-10-09
HAIN,0000910406,Hain Celestial Group Inc. (The) Common Stock,,Consumer Staples,Packaged Foods,,XLP,1,2026-10-09
HAL,0000045012,Halliburton Company Common Stock,,Energy,Oilfield Services/Equipment,,XLE,1,2026-10-09
HALO,0001159036,Halozyme Therapeutics Inc. Common Stock,,Health Care,Biotechnology: Biological Products (No Diagnostic Substances),,XLV,1,2026-10-09
HAO,0001954594,Haoxi Health Technology Limited Class A Ordinary Shares,,Consumer Discretionary,Advertising,,XLY,1,2026-10-09
HAPN,0001409970,Happen Inc. Common Stock,,Financials,Finance: Consumer Services,,XLF,1,2026-10-09
HAS,0000046080,Hasbro Inc. Common Stock,,Consumer Discretionary,Recreational Games/Products/Toys,,XLY,1,2026-10-09
HASI,0001561894,HA Sustainable Infrastructure Capital Inc. Common Stock,,Financials,Finance/Investors Services,,XLF,1,2026-10-09
HAVA,0002042460,Harvard Ave Acquisition Corporation Class A Ordinary Share,,Financials,Blank Checks,,XLF,1,2026-10-09
HAWK,0001750704,HawkEye 360 Inc. Common Stock,,Technology,EDP Services,,XLK,1,2026-10-09
HAYW,0001834622,Hayward Holdings Inc. Common Stock,,Industrials,Industrial Machinery/Components,,XLI,1,2026-10-09
HBAN,0000049196,Huntington Bancshares Incorporated Common Stock,,Financials,Major Banks,,XLF,1,2026-10-09
HBANL,0000049196,Huntington Bancshares Incorporated Depositary Shares Each Representing a 1/40th Interest in a Share of 6.875% Series J Non-Cumulative Perpetual Preferred Stock,,Financials,Major Banks,,XLF,1,2026-10-09
HBANM,0000049196,Huntington Bancshares Incorporated Depositary Shares each representing a 1/1000th interest in a share of Huntington Series I Preferred Stock,,Financials,Major Banks,,XLF,1,2026-10-09
HBANP,0000049196,Huntington Bancshares Incorporated Depositary Shares 4.500% Series H Non-Cumulative Perpetual Preferred Stock,,Financials,Major Banks,,XLF,1,2026-10-09
HBANZ,0000049196,Huntington Bancshares Incorporated Depositary Shares Each Representing a 1/1000th Interest in a Share of 5.50% Series L Non-Cumulative Perpetual Preferred Stock,,Financials,Major Banks,,XLF,1,2026-10-09
HBB,0001709164,Hamilton Beach Brands Holding Company Class A Common Stock ,,Consumer Discretionary,Home Furnishings,,XLY,1,2026-10-09
HBCP,0001436425,Home Bancorp Inc. Common Stock,,Financials,Banks,,XLF,1,2026-10-09
HBIO,0001123494,Harvard Bioscience Inc. Common Stock,,Industrials,Biotechnology: Laboratory Analytical Instruments,,XLI,1,2026-10-09
HBM,0001322422,Hudbay Minerals Inc. Ordinary Shares (Canada),,Materials,Metal Mining,,XLB,1,2026-10-09
HBNB,0002054507,Hotel101 Global Holdings Corp. Class A Ordinary Shares,,Consumer Discretionary,Hotels/Resorts,,XLY,1,2026-10-09
HBNC,0000706129,Horizon Bancorp Inc. Common Stock,,Financials,Major Banks,,XLF,1,2026-10-09
HBT,0000775215,HBT Financial Inc. Common Stock,,Financials,Major Banks,,XLF,1,2026-10-09
HCA,0000860730,HCA Healthcare Inc. Common Stock,,Health Care,Hospital/Nursing Management,,XLV,1,2026-10-09
HCAC,0002079013,Hall Chadwick Acquisition Corp Class A Ordinary Shares,,Financials,Blank Checks,,XLF,1,2026-10-09
HCAI,0001958399,Huachen AI Parking Management Technology Holding Co. Ltd. Class A Ordinary Shares,,Consumer Discretionary,Miscellaneous manufacturing industries,,XLY,1,2026-10-09
HCAT,0001636422,Health Catalyst Inc Common Stock,,Technology,Computer Software: Programming Data Processing,,XLK,1,2026-10-09
HCC,0001691303,Warrior Met Coal Inc. Common Stock,,Energy,Coal Mining,,XLE,1,2026-10-09
HCI,0001400810,HCI Group Inc. Common Stock,,Financials,Property-Casualty Insurers,,XLF,1,2026-10-09
HCIC,0002099093,Hennessy Capital Investment Corp. VIII Class A Ordinary Shares,,,,,,1,2026-10-09
HCKT,0001057379,Hackett Group Inc (The). Common Stock,,Consumer Discretionary,Professional Services,,XLY,1,2026-10-09
HCM,0001648257,HUTCHMED (China) Limited American Depositary Shares,,Health Care,Biotechnology: Pharmaceutical Preparations,,XLV,1,2026-10-09
HCMA,0002069856,HCM III Acquisition Corp. Class A Ordinary Share,,Consumer Discretionary,Hotels/Resorts,,XLY,1,2026-10-09
HCSG,0000731012,Healthcare Services Group Inc. Common Stock,,Health Care,Hospital/Nursing Management,,XLV,1,2026-10-09
HCTI,0001839285,Healthcare Triangle Inc. Common Stock,,Technology,EDP Services,,XLK,1,2026-10-09
HCWB,0001828673,HCW Biologics Inc. Common Stock,,Health Care,Biotechnology: Pharmaceutical Preparations,,XLV,1,2026-10-09
HCXY,0001280784,Hercules Capital Inc. 6.25% Notes due 2033,,Financials,Investment Managers,,XLF,1,2026-10-09
HD,0000354950,Home Depot Inc. (The) Common Stock,,Consumer Discretionary,RETAIL: Building Materials,,XLY,1,2026-10-09
HDB,0001144967,HDFC Bank Limited Common Stock,,Financials,Commercial Banks,,XLF,1,2026-10-09
HDL,0001995306,SUPER HI INTERNATIONAL HOLDING LTD. American Depositary Shares,,Consumer Discretionary,Restaurants,,XLY,1,2026-10-09
HDRN,0002023730,Hadron Energy Inc. Common Stock  ,,Utilities,Electric Utilities: Central,,XLU,1,2026-10-09
HDRNW,0002023730,Hadron Energy Inc. Warrant,,Utilities,Electric Utilities: Central,,XLU,1,2026-10-09
HDSN,0000925528,Hudson Technologies Inc. Common Stock,,Consumer Discretionary,Industrial Specialties,,XLY,1,2026-10-09
HE,0000354707,Hawaiian Electric Industries Inc. Common Stock,,Utilities,Electric Utilities: Central,,XLU,1,2026-10-09
HEI,0000046619,Heico Corporation Common Stock,,Industrials,Aerospace,,XLI,1,2026-10-09
HEI/A,0000046619,Heico Corporation,,,,,,1,2026-10-09
HELE,0000916789,Helen of Troy Limited Common Stock,,Consumer Discretionary,Home Furnishings,,XLY,1,2026-10-09
HELP,0001833141,Helus Pharma Inc. Common Stock,,Health Care,Biotechnology: Pharmaceutical Preparations,,XLV,1,2026-10-09
HEPS,0001850235,D-Market Electronic Services & Trading American Depositary Shares,,Consumer Discretionary,Catalog/Specialty Distribution,,XLY,1,2026-10-09
HEQ,0001496749,John Hancock Diversified Income Fund Common Shares of Beneficial Interest,,Financials,Investment Managers,,XLF,1,2026-10-09
HERE,0001932770,Here Group Limited American Depositary Shares,,Consumer Discretionary,Recreational Games/Products/Toys,,XLY,1,2026-10-09
HERZ,0000880406,Herzfeld Credit Income Fund Inc. Common Stock,,Financials,Investment Managers,,XLF,1,2026-10-09
HESM,0001789832,Hess Midstream LP Class A Representing Limited Partner Interests,,Energy,Oil & Gas Production,,XLE,1,2026-10-09
HFBL,0001500375,Home Federal Bancorp Inc. of Louisiana Common Stock,,Financials,Savings Institutions,,XLF,1,2026-10-09
HFFG,0001680873,HF Foods Group Inc. Common Stock,,Consumer Discretionary,Food Distributors,,XLY,1,2026-10-09
HFRO,0001710680,Highland Opportunities and Income Fund Common Shares of Beneficial Interest,,Financials,Finance/Investors Services,,XLF,1,2026-10-09
HFRO^A,,Highland Opportunities and Income Fund 5.375% Series A Cumulative Preferred Shares,,,,,,1,2026-10-09
HFRO^B,,Highland Opportunities and Income Fund 5.375% Series B Cumulative Preferred Shares,,,,,,1,2026-10-09
HFWA,0001046025,Heritage Financial Corporation Common Stock,,Financials,Banks,,XLF,1,2026-10-09
HG,0001593275,Hamilton Insurance Group Ltd. Class B Common Shares,,Financials,Property-Casualty Insurers,,XLF,1,2026-10-09
HGBL,0000849145,Heritage Global Inc. Common Stock,,Consumer Discretionary,Business Services,,XLY,1,2026-10-09
HGLB,0001622148,Highland Global Allocation Fund Common Stock,,Financials,Trusts Except Educational Religious and Charitable,,XLF,1,2026-10-09
HGTY,0001840776,Hagerty Inc. Class A Common Stock,,Financials,Specialty Insurers,,XLF,1,2026-10-09
HGV,0001674168,Hilton Grand Vacations Inc. Common Stock ,,Consumer Discretionary,Hotels/Resorts,,XLY,1,2026-10-09
HHH,0001981792,Howard Hughes Holdings Inc. Common Stock,,Real Estate,Real Estate Investment Trusts,,XLRE,1,2026-10-09
HHS,0000045919,Harte Hanks Inc. Common Stock,,Consumer Discretionary,Advertising,,XLY,1,2026-10-09
HIFS,,Hingham Institution for Savings Common Stock,,Financials,Banks,,XLF,1,2026-10-09
HIG,0000874766,The Hartford Insurance Group Inc. Common Stock,,Financials,Property-Casualty Insurers,,XLF,1,2026-10-09
HIG^G,,The Hartford Insurance Group Inc. Depositary Shares each representing a 1/1000th interest in a share of 6.000% Non-Cumulative Preferred Stock Series G,,,,,,1,2026-10-09
HIHO,0001026785,Highway Holdings Limited Common Stock,,Industrials,Metal Fabrications,,XLI,1,2026-10-09
HII,0001501585,Huntington Ingalls Industries Inc. Common Stock,,Industrials,Marine Transportation,,XLI,1,2026-10-09
HIMS,0001773751,Hims & Hers Health Inc. Class A Common Stock,,Health Care,Medical/Nursing Services,,XLV,1,2026-10-09
HIMX,0001342338,Himax Technologies Inc. American Depositary Shares,,Technology,Semiconductors,,XLK,1,2026-10-09
HIND,0001427570,Vyome Holdings Inc. Common Stock,,Health Care,Biotechnology: Pharmaceutical Preparations,,XLV,1,2026-10-09
HIO,0000910068,Western Asset High Income Opportunity Fund Inc. Common Stock,,Financials,Finance/Investors Services,,XLF,1,2026-10-09
HIPO,0001828105,Hippo Holdings Inc. Common Stock,,Financials,Property-Casualty Insurers,,XLF,1,2026-10-09
HIT,0002019505,Health In Tech Inc. Class A Common Stock,,Financials,Specialty Insurers,,XLF,1,2026-10-09
HITI,0001847409,High Tide Inc. Common Shares,,Consumer Discretionary,Other Specialty Stores,,XLY,1,2026-10-09
HIVE,0001720424,HIVE Digital Technologies Ltd. Common Shares,,Financials,Finance: Consumer Services,,XLF,1,2026-10-09
HIW,0000921082,Highwoods Properties Inc. Common Stock,,Real Estate,Real Estate Investment Trusts,,XLRE,1,2026-10-09
HIX,0001058239,Western Asset High Income Fund II Inc. Common Stock,,Financials,Finance/Investors Services,,XLF,1,2026-10-09
HKD,0001809691,AMTD Digital Inc. American Depositary Shares (every five of which represent two Class A Ordinary Shares),,Financials,Finance: Consumer Services,,XLF,1,2026-10-09
HKPD,0002007702,Cellyan Biotechnology Co. Ltd Class A Ordinary Shares,,Health Care,Other Pharmaceuticals,,XLV,1,2026-10-09
HL,0000719413,Hecla Mining Company Common Stock,,Industrials,Mining & Quarrying of Nonmetallic Minerals (No Fuels),,XLI,1,2026-10-09
HLF,0001180262,Herbalife Ltd. Common Shares,,Health Care,Other Pharmaceuticals,,XLV,1,2026-10-09
HLI,0001302215,Houlihan Lokey Inc. Class A Common Stock,,Financials,Investment Managers,,XLF,1,2026-10-09
HLIO,0001024795,Helios Technologies Inc. Common Stock,,Industrials,Metal Fabrications,,XLI,1,2026-10-09
HLIT,0000851310,Harmonic Inc. Common Stock,,Technology,Radio And Television Broadcasting And Communications Equipment,,XLK,1,2026-10-09
HLLY,0001822928,Holley Inc. Common Stock,,Consumer Discretionary,Auto Parts:O.E.M.,,XLY,1,2026-10-09
HLMN,0001822492,Hillman Solutions Corp. Common Stock,,Consumer Discretionary,Industrial Machinery/Components,,XLY,1,2026-10-09
HLN,0001900304,Haleon plc American Depositary Shares (Each representing two Ordinary Shares),,Consumer Discretionary,Package Goods/Cosmetics,,XLY,1,2026-10-09
HLNE,0001433642,Hamilton Lane Incorporated Class A Common Stock,,Financials,Investment Managers,,XLF,1,2026-10-09
HLP,0001855557,Hongli Group Inc. Class A Ordinary Shares,,Industrials,Industrial Machinery/Components,,XLI,1,2026-10-09
HLSQ,0001739174,Tessera Defense and Homeland Security Inc. Common Stock,,Health Care,Biotechnology: Biological Products (No Diagnostic Substances),,XLV,1,2026-10-09
HLT,0001585689,Hilton Worldwide Holdings Inc. Common Stock ,,Consumer Discretionary,Hotels/Resorts,,XLY,1,2026-10-09
HLXC,0002099656,Helix Acquisition Corp. III Class A Ordinary Shares,,,,,,1,2026-10-09
HL^B,,Hecla Mining Company Preferred Stock,,,,,,1,2026-10-09
HMC,0000715153,Honda Motor Company Ltd. Common Stock,,Industrials,Auto Manufacturing,,XLI,1,2026-10-09
HMH,0002021880,HMH Holding Inc. Class A Common Stock,,Consumer Discretionary,Oil and Gas Field Machinery,,XLY,1,2026-10-09
HMN,0000850141,Horace Mann Educators Corporation Common Stock,,Financials,Property-Casualty Insurers,,XLF,1,2026-10-09
HMR,0002029471,Heidmar Maritime Holdings Corp. Common Stock,,Consumer Discretionary,Marine Transportation,,XLY,1,2026-10-09
HMY,0001023514,Harmony Gold Mining Company Limited,,Materials,Precious Metals,,XLB,1,2026-10-09
HNGE,0001673743,Hinge Health Inc. Class A Common Stock,,Technology,EDP Services,,XLK,1,2026-10-09
HNI,0000048287,HNI Corporation Common Stock,,Consumer Discretionary,Office Equipment/Supplies/Services,,XLY,1,2026-10-09
HNNA,0001145255,Hennessy Advisors Inc. Common Stock,,Financials,Investment Managers,,XLF,1,2026-10-09
HNRG,0000788965,Hallador Energy Company Common Stock,,Utilities,Electric Utilities: Central,,XLU,1,2026-10-09
HNST,0001530979,The Honest Company Inc. Common Stock,,Consumer Discretionary,Catalog/Specialty Distribution,,XLY,1,2026-10-09
HNVR,0001828588,Hanover Bancorp Inc. Common Stock,,Financials,Major Banks,,XLF,1,2026-10-09
HODO,0001903595,House of Doge Inc. Common Stock,,Financials,Finance: Consumer Services,,XLF,1,2026-10-09
HOFT,0001077688,Hooker Furnishings Corporation Common Stock,,Consumer Discretionary,Home Furnishings,,XLY,1,2026-10-09
HOG,0000793952,Harley-Davidson Inc. Common Stock,,Consumer Discretionary,Motor Vehicles,,XLY,1,2026-10-09
HOLO,0001841209,MicroCloud Hologram Inc. Ordinary Shares,,Technology,Computer Software: Programming Data Processing,,XLK,1,2026-10-09
HOLOW,0001841209,MicroCloud Hologram Inc. Warrant,,Technology,Computer Software: Programming Data Processing,,XLK,1,2026-10-09
HOMB,0001331520,Home BancShares Inc. Common Stock,,Financials,Major Banks,,XLF,1,2026-10-09
HON,0000773840,Honeywell International Inc. Common Stock,,Industrials,Aerospace,,XLI,1,2026-10-09
HONA,0002089271,Honeywell Aerospace Inc. Common Stock ,,Industrials,Aerospace,,XLI,1,2026-10-09
HOOD,0001783879,Robinhood Markets Inc. Class A Common Stock,,Financials,Investment Bankers/Brokers/Service,,XLF,1,2026-10-09
HOPE,0001128361,Hope Bancorp Inc. Common Stock,,Financials,Major Banks,,XLF,1,2026-10-09
HOS,0000866829,Hornbeck Offshore Services Inc. Common Stock,,Energy,Oilfield Services/Equipment,,XLE,1,2026-10-09
HOST,0001948864,Host Digital Inc. Class A Common Stock,,Consumer Staples,Food Chains,,XLP,1,2026-10-09
HOUR,0001874875,Hour Loop Inc. Common Stock,,Consumer Discretionary,Catalog/Specialty Distribution,,XLY,1,2026-10-09
HOV,0000357294,Hovnanian Enterprises Inc. Class A Common Stock,,Consumer Discretionary,Homebuilding,,XLY,1,2026-10-09
HOVNP,0000357294,Hovnanian Enterprises Inc Dep Shr Srs A Pfd,,Consumer Discretionary,Homebuilding,,XLY,1,2026-10-09
HOVR,0001930021,New Horizon Aircraft Ltd. Class A Ordinary Share,,Industrials,Aerospace,,XLI,1,2026-10-09
HOVRW,0001930021,New Horizon Aircraft Ltd. Warrant,,Industrials,Aerospace,,XLI,1,2026-10-09
HOWL,0001785530,Werewolf Therapeutics Inc. Common Stock,,Health Care,Biotechnology: Pharmaceutical Preparations,,XLV,1,2026-10-09
HP,0000046765,Helmerich & Payne Inc. Common Stock,,Energy,Oil & Gas Production,,XLE,1,2026-10-09
HPAI,0002001699,Helport AI Limited Ordinary Shares,,Technology,Computer Software: Prepackaged Software,,XLK,1,2026-10-09
HPAIW,0002001699,Helport AI Limited Warrants,,Technology,Computer Software: Prepackaged Software,,XLK,1,2026-10-09
HPE,0001645590,Hewlett Packard Enterprise Company Common Stock,,Technology,Retail: Computer Software & Peripheral Equipment,,XLK,1,2026-10-09
HPE^C,,Hewlett Packard Enterprise Company 7.625% Series C Mandatory Convertible Preferred Stock,,,,,,1,2026-10-09
HPF,0001189740,John Hancock Pfd Income Fund II Pfd Income Fund II,,Financials,Finance Companies,,XLF,1,2026-10-09
HPI,0001176199,John Hancock Preferred Income Fund Common Shares of Beneficial Interest,,Financials,Trusts Except Educational Religious and Charitable,,XLF,1,2026-10-09
HPK,0001792849,HighPeak Energy Inc. Common Stock,,Energy,Oil & Gas Production,,XLE,1,2026-10-09
HPP,0001482512,Hudson Pacific Properties Inc. Common Stock,,Financials,Real Estate,,XLF,1,2026-10-09
HPP^C,,Hudson Pacific Properties Inc. 4.750% Series C Cumulative Redeemable Preferred Stock,,,,,,1,2026-10-09
HPQ,0000047217,HP Inc. Common Stock,,Technology,Computer Manufacturing,,XLK,1,2026-10-09
HPS,0001215913,John Hancock Preferred Income Fund III Preferred Income Fund III,,Financials,Investment Managers,,XLF,1,2026-10-09
HQ,0002088256,Horizon Quantum Holdings Ltd. Class A Ordinary Shares,,Technology,EDP Services,,XLK,1,2026-10-09
HQH,0000805267,abrdn Healthcare Investors Shares of Beneficial Interest,,Financials,Finance Companies,,XLF,1,2026-10-09
HQI,0001140102,HireQuest Inc. Common Stock (DE),,Consumer Discretionary,Professional Services,,XLY,1,2026-10-09
HQL,0000884121,abrdn Life Sciences Investors Shares of Beneficial Interest,,Financials,Investment Managers,,XLF,1,2026-10-09
HQWWW,0002088256,Horizon Quantum Holdings Ltd. Warrant,,Technology,EDP Services,,XLK,1,2026-10-09
HQY,0001428336,HealthEquity Inc. Common Stock,,Consumer Discretionary,Business Services,,XLY,1,2026-10-09
HR,0001360604,Healthcare Realty Trust Incorporated Common Stock,,Real Estate,Real Estate Investment Trusts,,XLRE,1,2026-10-09
HRB,0000012659,H&R Block Inc. Common Stock,,Consumer Discretionary,Other Consumer Services,,XLY,1,2026-10-09
HRI,0001364479,Herc Holdings Inc. Common Stock ,,Industrials,Misc Corporate Leasing Services,,XLI,1,2026-10-09
HRL,0000048465,Hormel Foods Corporation Common Stock,,Consumer Staples,Meat/Poultry/Fish,,XLP,1,2026-10-09
HRMY,0001802665,Harmony Biosciences Holdings Inc. Common Stock,,Health Care,Biotechnology: Pharmaceutical Preparations,,XLV,1,2026-10-09
HROW,0001360214,Harrow Inc. Common Stock,,Health Care,Biotechnology: Pharmaceutical Preparations,,XLV,1,2026-10-09
HRTG,0001598665,Heritage Insurance Holdings Inc. Common Stock,,Financials,Property-Casualty Insurers,,XLF,1,2026-10-09
HRTX,0000818033,Heron Therapeutics Inc. Common Stock,,Health Care,Biotechnology: Pharmaceutical Preparations,,XLV,1,2026-10-09
HRZN,0001487428,Horizon Technology Finance Corporation Common Stock,,Financials,Finance: Consumer Services,,XLF,1,2026-10-09
HSAI,0001861737,Hesai Group American Depositary Share,,Industrials,Industrial Machinery/Components,,XLI,1,2026-10-09
HSBC,0001089113,HSBC Holdings plc. Common Stock,,Financials,Savings Institutions,,XLF,1,2026-10-09
HSCS,0001468492,HeartSciences Inc. Common Stock,,Health Care,Industrial Specialties,,XLV,1,2026-10-09
HSCSW,0001468492,HeartSciences Inc. Warrant,,Health Care,Industrial Specialties,,XLV,1,2026-10-09
HSDT,0001610853,Solana Company Class A Common Stock (DE),,Health Care,Biotechnology: Electromedical & Electrotherapeutic Apparatus,,XLV,1,2026-10-09
HSHP,0001959455,Himalaya Shipping Ltd. Common Shares,,Consumer Discretionary,Marine Transportation,,XLY,1,2026-10-09
HSIC,0001000228,Henry Schein Inc. Common Stock,,Health Care,Medical Specialities,,XLV,1,2026-10-09
HSLV,0002013223,Highlander Silver Corp. Common Shares,,,,,,1,2026-10-09
HST,0001070750,Host Hotels & Resorts Inc. Common Stock,,Real Estate,Real Estate Investment Trusts,,XLRE,1,2026-10-09
HSTM,0001095565,HealthStream Inc. Common Stock,,Technology,Computer Software: Programming Data Processing,,XLK,1,2026-10-09
HSY,0000047111,The Hershey Company Common Stock,,Consumer Staples,Specialty Foods,,XLP,1,2026-10-09
HTB,0001538263,HomeTrust Bancshares Inc. Common Stock,,Financials,Savings Institutions,,XLF,1,2026-10-09
HTCO,0001928948,High-Trend International Group Class A Ordinary Shares,,Consumer Discretionary,Marine Transportation,,XLY,1,2026-10-09
HTCR,0001892322,Heartcore Enterprises Inc. Common Stock,,Technology,EDP Services,,XLK,1,2026-10-09
HTD,0001260041,John Hancock Tax Advantaged Dividend Income Fund Common Shares of Beneficial Interest,,Financials,Finance Companies,,XLF,1,2026-10-09
HTFC,0001487428,Horizon Technology Finance Corporation 6.25% Notes due 2027,,Financials,Finance: Consumer Services,,XLF,1,2026-10-09
HTFL,0001464521,Heartflow Inc. Common Stock,,Health Care,Medical/Dental Instruments,,XLV,1,2026-10-09
HTGC,0001280784,Hercules Capital Inc. Common Stock,,Financials,Investment Managers,,XLF,1,2026-10-09
HTH,0001265131,Hilltop Holdings Inc.,,Financials,Major Banks,,XLF,1,2026-10-09
HTHT,0001483994,H World Group Limited American Depositary Shares,,Consumer Discretionary,Hotels/Resorts,,XLY,1,2026-10-09
HTLD,0000799233,Heartland Express Inc. Common Stock,,Industrials,Trucking Freight/Courier Services,,XLI,1,2026-10-09
HTLM,0002023153,HomesToLife Ltd Ordinary Shares,,Consumer Discretionary,Other Specialty Stores,,XLY,1,2026-10-09
HTO,0000766829,H2O America Common Stock,,Utilities,Water Supply,,XLU,1,2026-10-09
HTOO,0001819794,Fusion Fuel Green PLC Class A Ordinary Shares,,Technology,Industrial Machinery/Components,,XLK,1,2026-10-09
HTT,0001692705,High Templar Tech Limited American depositary shares each representing one Class A ordinary share,,Financials,Finance: Consumer Services,,XLF,1,2026-10-09
HTZ,0001657853,Hertz Global Holdings Inc Common Stock,,Consumer Discretionary,Rental/Leasing Companies,,XLY,1,2026-10-09
HTZWW,0001657853,Hertz Global Holdings Inc Warrant,,Consumer Discretionary,Rental/Leasing Companies,,XLY,1,2026-10-09
HUBB,0000048898,Hubbell Inc Common Stock,,Technology,Electrical Products,,XLK,1,2026-10-09
HUBC,0001905660,Hub Cyber Security Ltd. Ordinary Shares,,Communication Services,Computer Communications Equipment,,XLC,1,2026-10-09
HUBCW,0001905660,Hub Cyber Security Ltd. Warrant 2/27/28,,Communication Services,Computer Communications Equipment,,XLC,1,2026-10-09
HUBG,0000940942,Hub Group Inc. Class A Common Stock,,Industrials,Integrated Freight & Logistics,,XLI,1,2026-10-09
HUBS,0001404655,HubSpot Inc. Common Stock,,Technology,Computer Software: Prepackaged Software,,XLK,1,2026-10-09
HUCK,0001505952,Huckleberry.ai Inc. Class B Common Stock,,Technology,Computer Software: Prepackaged Software,,XLK,1,2026-10-09
HUDI,0001791725,Huadi International Group Co. Ltd. Ordinary Shares,,Industrials,Steel/Iron Ore,,XLI,1,2026-10-09
HUHU,0001945415,HUHUTECH International Group Inc. Ordinary Shares,,Communication Services,Metal Fabrications,,XLC,1,2026-10-09
HUIZ,0001778982,Huize Holding Limited American Depositary Shares,,Financials,Specialty Insurers,,XLF,1,2026-10-09
HUM,0000049071,Humana Inc. Common Stock,,Health Care,Medical Specialities,,XLV,1,2026-10-09
HUMA,0001818382,Humacyte Inc. Common Stock,,Health Care,Biotechnology: Biological Products (No Diagnostic Substances),,XLV,1,2026-10-09
HUN,0001307954,Huntsman Corporation Common Stock,,Industrials,Major Chemicals,,XLI,1,2026-10-09
HURA,0001498382,TuHURA Biosciences Inc. Common Stock,,Health Care,Biotechnology: Pharmaceutical Preparations,,XLV,1,2026-10-09
HURC,0000315374,Hurco Companies Inc. Common Stock,,Industrials,Industrial Machinery/Components,,XLI,1,2026-10-09
HURN,0001289848,Huron Consulting Group Inc. Common Stock,,Consumer Discretionary,Professional Services,,XLY,1,2026-10-09
HUT,0001964789,Hut 8 Corp. Common Stock,,Financials,Finance: Consumer Services,,XLF,1,2026-10-09
HUYA,0001728190,HUYA Inc. American depositary shares each  representing one Class A ordinary share,,Technology,Computer Software: Programming Data Processing,,XLK,1,2026-10-09
HVMC,0002070602,Highview Merger Corp. Class A Ordinary Share,,,,,,1,2026-10-09
HVT,0000216085,Haverty Furniture Companies Inc. Common Stock,,Consumer Discretionary,Other Specialty Stores,,XLY,1,2026-10-09
HVT/A,0000216085,Haverty Furniture Companies Inc.,,,,,,1,2026-10-09
HWBK,0000893847,Hawthorn Bancshares Inc. Common Stock,,Financials,Major Banks,,XLF,1,2026-10-09
HWC,0000750577,Hancock Whitney Corporation Common Stock,,Financials,Major Banks,,XLF,1,2026-10-09
HWCPZ,0000750577,Hancock Whitney Corporation 6.25% Subordinated Notes due 2060,,Financials,Major Banks,,XLF,1,2026-10-09
HWKN,0000046250,Hawkins Inc. Common Stock,,Consumer Discretionary,Specialty Chemicals,,XLY,1,2026-10-09
HWM,0000004281,Howmet Aerospace Inc. Common Stock,,Industrials,Metal Fabrications,,XLI,1,2026-10-09
HXHX,0001936817,Haoxin Holdings Limited Class A Ordinary Shares,,Industrials,Trucking Freight/Courier Services,,XLI,1,2026-10-09
HXL,0000717605,Hexcel Corporation Common Stock,,Industrials,Major Chemicals,,XLI,1,2026-10-09
HY,0001173514,Hyster-Yale Inc. Class A common stock,,Industrials,Construction/Ag Equipment/Trucks,,XLI,1,2026-10-09
HYFM,0001695295,Hydrofarm Holdings Group Inc. Common Stock,,Consumer Discretionary,Consumer Specialties,,XLY,1,2026-10-09
HYFT,0001715925,MindWalk Holdings Corp. Common Stock,,Health Care,Biotechnology: Pharmaceutical Preparations,,XLV,1,2026-10-09
HYI,0001497186,Western Asset High Yield Opportunity Fund Inc. Common Stock,,Financials,Investment Managers,,XLF,1,2026-10-09
HYLN,0001759631,Hyliion Holdings Corp. Class A Common Stock,,Consumer Discretionary,Construction/Ag Equipment/Trucks,,XLY,1,2026-10-09
HYMC,0001718405,Hycroft Mining Holding Corporation Class A Common Stock,,Materials,Precious Metals,,XLB,1,2026-10-09
HYNE,0002073153,Hoyne Bancorp Inc. Common Stock,,Financials,Banks,,XLF,1,2026-10-09
HYPD,0001682639,Hyperion DeFi Inc. Common Stock,,Health Care,Biotechnology: Pharmaceutical Preparations,,XLV,1,2026-10-09
HYPR,0001833769,Hyperfine Inc. Class A Common Stock,,Health Care,Biotechnology: Electromedical & Electrotherapeutic Apparatus,,XLV,1,2026-10-09
HYT,0001222401,Blackrock Corporate High Yield Fund Inc. Common Stock,,Financials,Finance Companies,,XLF,1,2026-10-09
HZO,0001057060,MarineMax Inc.  (FL) Common Stock,,Consumer Discretionary,Auto & Home Supply Stores,,XLY,1,2026-10-09
IA,0000836690,Innovative Solutions and Support Inc. Common Stock,,Technology,EDP Services,,XLK,1,2026-10-09
IACO,0002091176,Idea Acquisition Corp. Class A Ordinary Shares,,Financials,Blank Checks,,XLF,1,2026-10-09
IACOW,0002091176,Idea Acquisition Corp. Warrants,,Financials,Blank Checks,,XLF,1,2026-10-09
IACQ,0002122505,Irenic Acquisition Corp. Class A Ordinary Shares,,Financials,Blank Checks,,XLF,1,2026-10-09
IACQU,0002122505,Irenic Acquisition Corp. Unit,,Financials,Blank Checks,,XLF,1,2026-10-09
IACQW,0002122505,Irenic Acquisition Corp. Warrants,,Financials,Blank Checks,,XLF,1,2026-10-09
IAE,0001385632,Voya Asia Pacific High Dividend Equity Income Fund ING Asia Pacific High Dividend Equity Income Fund Common Shares of Beneficial Interest,,Financials,Trusts Except Educational Religious and Charitable,,XLF,1,2026-10-09
IAF,0000779336,abrdn Australia Equity Fund Inc. Common Stock,,Financials,Finance/Investors Services,,XLF,1,2026-10-09
IAG,0001203464,Iamgold Corporation Ordinary Shares,,Materials,Precious Metals,,XLB,1,2026-10-09
IART,0000917520,Integra LifeSciences Holdings Corporation Common Stock,,Health Care,Medical/Dental Instruments,,XLV,1,2026-10-09
IAUX,0001853962,i-80 Gold Corp. Common Shares,,Materials,Precious Metals,,XLB,1,2026-10-09
IBAC,0001998781,IB Acquisition Corp. Common Stock,,Financials,Blank Checks,,XLF,1,2026-10-09
IBCP,0000039311,Independent Bank Corporation Common Stock,,Financials,Major Banks,,XLF,1,2026-10-09
IBEX,0001720420,IBEX Limited Common Shares,,Technology,EDP Services,,XLK,1,2026-10-09
IBG,0001924482,Innovation Beverage Group Limited Ordinary Shares,,Consumer Staples,Beverages (Production/Distribution),,XLP,1,2026-10-09
IBIO,0001420720,iBio Inc. Common Stock,,Health Care,Biotechnology: Pharmaceutical Preparations,,XLV,1,2026-10-09
IBKR,0001381197,Interactive Brokers Group Inc. Class A Common Stock,,Financials,Investment Bankers/Brokers/Service,,XLF,1,2026-10-09
IBM,0000051143,International Business Machines Corporation Common Stock,,Technology,Computer Manufacturing,,XLK,1,2026-10-09
IBN,0001103838,ICICI Bank Limited Common Stock,,Financials,Commercial Banks,,XLF,1,2026-10-09
IBO,0001834105,Impact BioMedical Inc. Common Stock,,Health Care,Biotechnology: Pharmaceutical Preparations,,XLV,1,2026-10-09
IBOC,0000315709,International Bancshares Corporation Common Stock,,Financials,Major Banks,,XLF,1,2026-10-09
IBP,0001580905,Installed Building Products Inc. Common Stock,,Consumer Discretionary,Homebuilding,,XLY,1,2026-10-09
IBRX,0001326110,ImmunityBio Inc. Common Stock,,Health Care,Biotechnology: Biological Products (No Diagnostic Substances),,XLV,1,2026-10-09
IBTA,0001538379,Ibotta Inc. Class A Common Stock,,Consumer Discretionary,Advertising,,XLY,1,2026-10-09
ICCC,0000811641,ImmuCell Corporation Common Stock,,Health Care,Biotechnology: In Vitro & In Vivo Diagnostic Substances,,XLV,1,2026-10-09
ICCM,0001584371,IceCure Medical Ltd. Ordinary Shares,,Health Care,Medical/Dental Instruments,,XLV,1,2026-10-09
ICE,0001571949,Intercontinental Exchange Inc. Common Stock,,Financials,Investment Bankers/Brokers/Service,,XLF,1,2026-10-09
ICFI,0001362004,ICF International Inc. Common Stock,,Consumer Discretionary,Professional Services,,XLY,1,2026-10-09
ICG,0001895597,Intchains Group Limited American Depositary Shares,,Technology,Semiconductors,,XLK,1,2026-10-09
ICHR,0001652535,Ichor Holdings Ordinary Shares,,Technology,Semiconductors,,XLK,1,2026-10-09
ICL,0000941221,ICL Group Ltd. Ordinary Shares,,Industrials,Agricultural Chemicals,,XLI,1,2026-10-09
ICLR,0001060955,ICON plc Ordinary Shares,,Health Care,Biotechnology: Commercial Physical & Biological Resarch,,XLV,1,2026-10-09
ICMB,0001578348,Investcorp Credit Management BDC Inc. Common Stock,,Financials,Finance: Consumer Services,,XLF,1,2026-10-09
ICON,0001995574,Icon Energy Corp. Common stock,,Consumer Discretionary,Marine Transportation,,XLY,1,2026-10-09
ICR^A,,InPoint Commercial Real Estate Income Inc. 6.75% Series A Cumulative Redeemable Preferred Stock,,,,,,1,2026-10-09
ICU,0001831868,SeaStar Medical Holding Corporation Common Stock,,Health Care,Medical/Dental Instruments,,XLV,1,2026-10-09
ICUCW,0001831868,SeaStar Medical Holding Corporation Warrant,,Health Care,Medical/Dental Instruments,,XLV,1,2026-10-09
ICUI,0000883984,ICU Medical Inc. Common Stock,,Health Care,Medical/Dental Instruments,,XLV,1,2026-10-09
IDA,0001057877,IDACORP Inc. Common Stock,,Utilities,Electric Utilities: Central,,XLU,1,2026-10-09
IDAC,0002090441,Iron Dome Acquisition I Corp. Class A Ordinary Shares,,,,,,1,2026-10-09
IDACU,0002090441,Iron Dome Acquisition I Corp. Units,,,,,,1,2026-10-09
IDACW,0002090441,Iron Dome Acquisition I Corp. Warrant,,,,,,1,2026-10-09
IDAI,0001718939,T Stamp Inc. Class A Common Stock,,Technology,Computer Software: Prepackaged Software,,XLK,1,2026-10-09
IDCC,0001405495,InterDigital Inc. Common Stock,,Miscellaneous,Multi-Sector Companies,,,1,2026-10-09
IDE,0001417802,Voya Infrastructure Industrials and Materials Fund Common Shares of Beneficial Interest,,Financials,Finance/Investors Services,,XLF,1,2026-10-09
IDN,0001040896,Intellicheck Inc. Common Stock,,Technology,Computer Software: Prepackaged Software,,XLK,1,2026-10-09
IDR,0001030192,Idaho Strategic Resources Inc. Common Stock,,Materials,Precious Metals,,XLB,1,2026-10-09
IDT,0001005731,IDT Corporation Class B Common Stock,,Communication Services,Telecommunications Equipment,,XLC,1,2026-10-09
IDXX,0000874716,IDEXX Laboratories Inc. Common Stock,,Health Care,Biotechnology: In Vitro & In Vivo Diagnostic Substances,,XLV,1,2026-10-09
IDYA,0001676725,IDEAYA Biosciences Inc. Common Stock,,Health Care,Biotechnology: Pharmaceutical Preparations,,XLV,1,2026-10-09
IE,0001879016,Ivanhoe Electric Inc. Common Stock,,Materials,Metal Mining,,XLB,1,2026-10-09
IEAG,0002084396,Infinite Eagle Acquisition Corp. Class A Ordinary Shares,,Financials,Blank Checks,,XLF,1,2026-10-09
IEAGU,0002084396,Infinite Eagle Acquisition Corp. Unit,,,,,,1,2026-10-09
IEP,0000813762,Icahn Enterprises L.P. Common Stock,,Energy,Integrated oil Companies,,XLE,1,2026-10-09
IESC,0001048268,IES Holdings Inc. Common Stock,,Industrials,Engineering & Construction,,XLI,1,2026-10-09
IEX,0000832101,IDEX Corporation Common Stock,,Industrials,Fluid Controls,,XLI,1,2026-10-09
IFBD,0001815566,Infobird Co. Ltd Ordinary Shares,,Technology,Computer Software: Prepackaged Software,,XLK,1,2026-10-09
IFF,0000051253,International Flavors & Fragrances Inc. Common Stock,,Industrials,Major Chemicals,,XLI,1,2026-10-09
IFN,0000917100,Aberdeen India Fund Inc. Common Stock,,Financials,Finance/Investors Services,,XLF,1,2026-10-09
IFRX,0001708688,InflaRx N.V. Common Stock,,Health Care,Biotechnology: Pharmaceutical Preparations,,XLV,1,2026-10-09
IFS,0001615903,Intercorp Financial Services Inc. Common Shares,,Financials,Commercial Banks,,XLF,1,2026-10-09
IGA,0001332943,Voya Global Advantage and Premium Opportunity Fund Common Shares of Beneficial Interest,,Financials,Investment Managers,,XLF,1,2026-10-09
IGAC,0002075068,Invest Green Acquisition Corporation Class A Ordinary Shares,,Financials,Blank Checks,,XLF,1,2026-10-09
IGACU,0002075068,Invest Green Acquisition Corporation Units,,Financials,Blank Checks,,XLF,1,2026-10-09
IGC,0001326205,IGC Pharma Inc. Common Stock,,Health Care,Biotechnology: Pharmaceutical Preparations,,XLV,1,2026-10-09
IGD,0001285890,Voya Global Equity Dividend and Premium Opportunity Fund,,Financials,Trusts Except Educational Religious and Charitable,,XLF,1,2026-10-09
IGI,0001462586,Western Asset Investment Grade Opportunity Trust Inc. Common Stock,,Financials,Investment Managers,,XLF,1,2026-10-09
IGIC,0001794338,International General Insurance Holdings Ltd. Ordinary Share,,Financials,Property-Casualty Insurers,,XLF,1,2026-10-09
IGR,0001268884,CBRE Global Real Estate Income Fund Common Shares of Beneficial Interest,,Financials,Finance Companies,,XLF,1,2026-10-09
IH,0001814423,iHuman Inc. American depositary shares each representing five Class A ordinary shares,,Real Estate,Other Consumer Services,,XLRE,1,2026-10-09
IHD,0001496292,Voya Emerging Markets High Income Dividend Equity Fund Common Shares,,Financials,Investment Managers,,XLF,1,2026-10-09
IHG,0000858446,Intercontinental Hotels Group American Depositary Shares (Each representing one Ordinary Share),,Consumer Discretionary,Hotels/Resorts,,XLY,1,2026-10-09
IHRT,0001400891,iHeartMedia Inc. Class A Common Stock,,Consumer Discretionary,Broadcasting,,XLY,1,2026-10-09
IHS,0001876183,IHS Holding Limited Ordinary Shares,,Communication Services,Telecommunications Equipment,,XLC,1,2026-10-09
IHT,0000082473,InnSuites Hospitality Trust Shares of Beneficial Interest,,Real Estate,Real Estate Investment Trusts,,XLRE,1,2026-10-09
IIF,0000916618,Morgan Stanley India Investment Fund Inc. Common Stock,,Financials,Trusts Except Educational Religious and Charitable,,XLF,1,2026-10-09
III,0001371489,Information Services Group Inc. Common Stock,,Consumer Discretionary,Professional Services,,XLY,1,2026-10-09
IIIN,0000764401,Insteel Industries Inc. Common Stock,,Industrials,Steel/Iron Ore,,XLI,1,2026-10-09
IIIV,0001728688,i3 Verticals Inc. Class A Common Stock,,Technology,Computer Software: Prepackaged Software,,XLK,1,2026-10-09
IIM,0000885601,Invesco Value Municipal Income Trust Common Stock,,Financials,Investment Managers,,XLF,1,2026-10-09
IIPR,0001677576,Innovative Industrial Properties Inc. Common Stock,,Financials,Real Estate,,XLF,1,2026-10-09
IIPR^A,,Innovative Industrial Properties Inc. 9.00% Series A Cumulative Redeemable Preferred Stock,,,,,,1,2026-10-09
IKT,0001750149,Inhibikase Therapeutics Inc. Common Stock,,Health Care,Biotechnology: Biological Products (No Diagnostic Substances),,XLV,1,2026-10-09
ILAG,0001814963,Intelligent Living Application Group Inc. Ordinary Shares,,Consumer Discretionary,Office Equipment/Supplies/Services,,XLY,1,2026-10-09
ILLU,0002101135,Illumination Acquisition Corp I Class A Ordinary Shares,,Financials,Blank Checks,,XLF,1,2026-10-09
ILMN,0001110803,Illumina Inc. Common Stock,,Health Care,Medical Specialities,,XLV,1,2026-10-09
ILPT,0001717307,Industrial Logistics Properties Trust Common Shares of Beneficial Interest,,Real Estate,Real Estate Investment Trusts,,XLRE,1,2026-10-09
IMA,0001835579,ImageneBio Inc. Common Stock,,Health Care,Biotechnology: Biological Products (No Diagnostic Substances),,XLV,1,2026-10-09
IMAX,0000921582,Imax Corporation Common Stock,,Consumer Discretionary,Industrial Machinery/Components,,XLY,1,2026-10-09
IMC,0002098395,IMC Rare Earths Ltd Ordinary Shares,,Materials,Metal Mining,,XLB,1,2026-10-09
IMCC,0001792030,IM Cannabis Corp. Common Shares,,Health Care, Medicinal Chemicals and Botanical Products ,,XLV,1,2026-10-09
IMCR,0001671927,Immunocore Holdings plc American Depositary Shares,,Health Care,Biotechnology: Biological Products (No Diagnostic Substances),,XLV,1,2026-10-09
IMDX,0001642380,Insight Molecular Diagnostics Inc. Common Stock,,Health Care,Biotechnology: In Vitro & In Vivo Diagnostic Substances,,XLV,1,2026-10-09
IMKTA,0000050493,Ingles Markets Incorporated Class A Common Stock,,Consumer Staples,Food Chains,,XLP,1,2026-10-09
IMMP,0001506184,Immutep Limited American Depositary Shares,,Health Care,Biotechnology: Pharmaceutical Preparations,,XLV,1,2026-10-09
IMMR,0001058811,Immersion Corporation Common Stock,,Technology,Computer peripheral equipment,,XLK,1,2026-10-09
IMMX,0001873835,Immix Biopharma Inc. Common Stock,,Health Care,Biotechnology: Pharmaceutical Preparations,,XLV,1,2026-10-09
IMNM,0001472012,Immunome Inc. Common Stock,,Health Care,Biotechnology: Pharmaceutical Preparations,,XLV,1,2026-10-09
IMNN,0000749647,Imunon Inc. Common Stock,,Health Care,Biotechnology: Pharmaceutical Preparations,,XLV,1,2026-10-09
IMO,0000049938,Imperial Oil Limited Common Stock,,Energy,Integrated oil Companies,,XLE,1,2026-10-09
IMOS,0001123134,ChipMOS TECHNOLOGIES INC. American Depositary Shares,,Technology,Semiconductors,,XLK,1,2026-10-09
IMPP,0001876581,Imperial Petroleum Inc. Common Shares,,Consumer Discretionary,Marine Transportation,,XLY,1,2026-10-09
IMPPP,0001876581,Imperial Petroleum Inc. 8.75% Series A Cumulative Redeemable Perpetual Preferred Shares,,Consumer Discretionary,Marine Transportation,,XLY,1,2026-10-09
IMRN,0001660046,Immuron Limited American Depositary Shares,,Health Care,Biotechnology: Pharmaceutical Preparations,,XLV,1,2026-10-09
IMRX,0001790340,Immuneering Corporation Class A Common Stock,,Health Care,Biotechnology: Pharmaceutical Preparations,,XLV,1,2026-10-09
IMSR,0002019804,Terrestrial Energy Inc. Common Stock  ,,Industrials,Metal Fabrications,,XLI,1,2026-10-09
IMSRW,0002019804,Terrestrial Energy Inc. Warrant,,Industrials,Metal Fabrications,,XLI,1,2026-10-09
IMTE,0001668438,Integrated Media Technology Limited Ordinary Shares,,Consumer Staples,Consumer Electronics/Appliances,,XLP,1,2026-10-09
IMTX,0001809196,Immatics N.V. Ordinary Shares,,Health Care,Biotechnology: Biological Products (No Diagnostic Substances),,XLV,1,2026-10-09
IMUX,0001280776,Immunic Inc. Common Stock,,Health Care,Biotechnology: Pharmaceutical Preparations,,XLV,1,2026-10-09
IMVT,0001764013,Immunovant Inc. Common Stock,,Health Care,Biotechnology: Biological Products (No Diagnostic Substances),,XLV,1,2026-10-09
IMXI,0001683695,International Money Express Inc. Common Stock,,Consumer Discretionary,Business Services,,XLY,1,2026-10-09
INAB,0001740279,IN8bio Inc. Common Stock,,Health Care,Biotechnology: Biological Products (No Diagnostic Substances),,XLV,1,2026-10-09
INAC,0002063816,Indigo Acquisition Corp. Ordinary Shares,,,,,,1,2026-10-09
INACR,0002063816,Indigo Acquisition Corp. Right,,,,,,1,2026-10-09
INACU,0002063816,Indigo Acquisition Corp. Unit,,,,,,1,2026-10-09
INBK,0001562463,First Internet Bancorp Common Stock,,Financials,Major Banks,,XLF,1,2026-10-09
INBKZ,0001562463,First Internet Bancorp 6.0% Fixed-to-Floating Rate Subordinated Notes Due 2029,,Financials,Major Banks,,XLF,1,2026-10-09
INBS,0001725430,Intelligent Bio Solutions Inc. Common Stock,,Health Care,Medical/Dental Instruments,,XLV,1,2026-10-09
INBX,0002007919,Inhibrx Biosciences Inc. Common Stock,,Health Care,Biotechnology: Biological Products (No Diagnostic Substances),,XLV,1,2026-10-09
INCR,0001857030,Intercure Ltd. Ordinary Shares,,Health Care,Biotechnology: Pharmaceutical Preparations,,XLV,1,2026-10-09
INCY,0000879169,Incyte Corp. Common Stock,,Health Care,Biotechnology: Commercial Physical & Biological Resarch,,XLV,1,2026-10-09
INDB,0000776901,Independent Bank Corp. Common Stock,,Financials,Major Banks,,XLF,1,2026-10-09
INDI,0001841925,indie Semiconductor Inc. Class A Common Stock,,Technology,Semiconductors,,XLK,1,2026-10-09
INDO,0001757840,Indonesia Energy Corporation Limited Ordinary Shares,,Energy,Oil & Gas Production,,XLE,1,2026-10-09
INDP,0001857044,Indaptus Therapeutics Inc. Common Stock,,Health Care,Biotechnology: Pharmaceutical Preparations,,XLV,1,2026-10-09
INDV,0001625297,Indivior Pharmaceuticals Inc. Common Stock,,Health Care,Biotechnology: Pharmaceutical Preparations,,XLV,1,2026-10-09
INEO,0001933951,INNEOVA Holdings Limited Class A Ordinary Shares,,Consumer Discretionary,Motor Vehicles,,XLY,1,2026-10-09
INFQ,0002007825,Infleqtion Inc. Common Stock,,Technology,EDP Services,,XLK,1,2026-10-09
INFU,0001337013,InfuSystems Holdings Inc. Common Stock,,Health Care,Medical/Dental Instruments,,XLV,1,2026-10-09
INFY,0001067491,Infosys Limited American Depositary Shares,,Technology,EDP Services,,XLK,1,2026-10-09
ING,0001039765,ING Group N.V. Common Stock,,Financials,Commercial Banks,,XLF,1,2026-10-09
INGM,0001897762,Ingram Micro Holding Corporation Common Stock,,Technology,Retail: Computer Software & Peripheral Equipment,,XLK,1,2026-10-09
INGN,0001294133,Inogen Inc Common Stock,,Health Care,Industrial Specialties,,XLV,1,2026-10-09
INGR,0001046257,Ingredion Incorporated Common Stock,,Consumer Staples,Packaged Foods,,XLP,1,2026-10-09
INHD,0001961847,Inno Holdings Inc. Common Stock,,Industrials,Steel/Iron Ore,,XLI,1,2026-10-09
INIO,0002109150,INNIO N.V. Ordinary Shares,,Consumer Discretionary,Metal Fabrications,,XLY,1,2026-10-09
INKT,0001840229,MiNK Therapeutics Inc. Common Stock,,Health Care,Biotechnology: Biological Products (No Diagnostic Substances),,XLV,1,2026-10-09
INLF,0001991592,INLIF LIMITED Class A Ordinary Shares,,Industrials,Industrial Machinery/Components,,XLI,1,2026-10-09
INLX,0001081745,Intellinetics Inc. Common Stock,,Technology,Computer Software: Prepackaged Software,,XLK,1,2026-10-09
INM,0001728328,InMed Pharmaceuticals Inc. Common Shares,,Health Care,Biotechnology: Pharmaceutical Preparations,,XLV,1,2026-10-09
INMB,0001711754,INmune Bio Inc. Common stock,,Health Care,Biotechnology: Biological Products (No Diagnostic Substances),,XLV,1,2026-10-09
INMD,0001742692,InMode Ltd. Ordinary Shares,,Health Care,Biotechnology: Electromedical & Electrotherapeutic Apparatus,,XLV,1,2026-10-09
INN,0001497645,Summit Hotel Properties Inc. Common Stock,,Real Estate,Real Estate Investment Trusts,,XLRE,1,2026-10-09
INNV,0001834376,InnovAge Holding Corp. Common Stock,,Health Care,Medical/Nursing Services,,XLV,1,2026-10-09
INN^E,,Summit Hotel Properties Inc. 6.250% Series E Cumulative Redeemable Preferred Stock,,,,,,1,2026-10-09
INN^F,,Summit Hotel Properties Inc. 5.875% Series F Cumulative Redeemable Preferred Stock $0.01 par value per share,,,,,,1,2026-10-09
INO,0001055726,Inovio Pharmaceuticals Inc. Common Stock,,Health Care,Biotechnology: Pharmaceutical Preparations,,XLV,1,2026-10-09
INOD,0000903651,Innodata Inc. Common Stock,,Technology,EDP Services,,XLK,1,2026-10-09
INR,0002029118,Infinity Natural Resources Inc. Class A Common Stock,,Energy,Oil & Gas Production,,XLE,1,2026-10-09
INSE,0001615063,Inspired Entertainment Inc. Common Stock,,Technology,Computer Software: Prepackaged Software,,XLK,1,2026-10-09
INSG,0001022652,Inseego Corp. Common Stock,,Communication Services,Telecommunications Equipment,,XLC,1,2026-10-09
INSM,0001104506,Insmed Incorporated Common Stock,,Health Care,Biotechnology: Pharmaceutical Preparations,,XLV,1,2026-10-09
INSP,0001609550,Inspire Medical Systems Inc. Common Stock,,Health Care,Medical/Dental Instruments,,XLV,1,2026-10-09
INSW,0001679049,International Seaways Inc. Common Stock ,,Consumer Discretionary,Marine Transportation,,XLY,1,2026-10-09
INTA,0001565687,Intapp Inc. Common Stock,,Technology,Computer Software: Prepackaged Software,,XLK,1,2026-10-09
INTC,0000050863,Intel Corporation Common Stock,,Technology,Semiconductors,,XLK,1,2026-10-09
INTG,0000069422,Intergroup Corporation (The) Common Stock,,Real Estate,Building operators,,XLRE,1,2026-10-09
INTJ,0001916416,Intelligent Group Limited Class A Ordinary Shares ,,Consumer Discretionary,Professional Services,,XLY,1,2026-10-09
INTR,0001864163,Inter & Co. Inc. Class A Common Shares,,Financials,Commercial Banks,,XLF,1,2026-10-09
INTS,0001567264,Intensity Therapeutics Inc. Common stock,,Health Care,Biotechnology: Biological Products (No Diagnostic Substances),,XLV,1,2026-10-09
INTT,0001036262,inTest Corporation Common Stock,,Industrials,Electrical Products,,XLI,1,2026-10-09
INTU,0000896878,Intuit Inc. Common Stock,,Technology,Computer Software: Prepackaged Software,,XLK,1,2026-10-09
INTZ,0000736012,Intrusion Inc. Common Stock,,Communication Services,Computer Communications Equipment,,XLC,1,2026-10-09
INUV,0000829323,Inuvo Inc.,,Consumer Discretionary,Advertising,,XLY,1,2026-10-09
INV,0002001557,Innventure Inc. Common Stock,,Financials,Blank Checks,,XLF,1,2026-10-09
INVA,0001080014,Innoviva Inc. Common Stock,,Health Care,Biotechnology: Pharmaceutical Preparations,,XLV,1,2026-10-09
INVE,0001036044,INVE Technologies Inc. Common Stock,,Technology,Computer peripheral equipment,,XLK,1,2026-10-09
INVH,0001687229,Invitation Homes Inc. Common Stock,,Financials,Real Estate,,XLF,1,2026-10-09
INVX,0001042893,Innovex International Inc. Common Stock,,Consumer Discretionary,Oil and Gas Field Machinery,,XLY,1,2026-10-09
INVZ,0001835654,Innoviz Technologies Ltd. Ordinary shares,,Consumer Discretionary,Auto Parts:O.E.M.,,XLY,1,2026-10-09
IOND,0002007691,Ionic Digital Inc. Class A Common Stock,,Financials,Finance: Consumer Services,,XLF,1,2026-10-09
IONQ,0001824920,IonQ Inc. Common Stock,,Technology,EDP Services,,XLK,1,2026-10-09
IONR,0001896084,ioneer Ltd American Depositary Shares,,Industrials,Mining & Quarrying of Nonmetallic Minerals (No Fuels),,XLI,1,2026-10-09
IONS,0000874015,Ionis Pharmaceuticals Inc. Common Stock,,Health Care,Biotechnology: Pharmaceutical Preparations,,XLV,1,2026-10-09
IOR,0000949961,Income Opportunity Realty Investors Inc. Common Stock,,Real Estate,Real Estate Investment Trusts,,XLRE,1,2026-10-09
IOSP,0001054905,Innospec Inc. Common Stock,,Industrials,Major Chemicals,,XLI,1,2026-10-09
IOT,0001642896,Samsara Inc. Class A Common Stock,,Technology,EDP Services,,XLK,1,2026-10-09
IOTR,0001997637,iOThree Limited Ordinary Shares,,Consumer Discretionary,Telecommunications Equipment,,XLY,1,2026-10-09
IOVA,0001425205,Iovance Biotherapeutics Inc. Common Stock,,Health Care,Biotechnology: Biological Products (No Diagnostic Substances),,XLV,1,2026-10-09
IP,0000051434,International Paper Company Common Stock,,Materials,Paper,,XLB,1,2026-10-09
IPAR,0000822663,Interparfums Inc. Common Stock,,Consumer Discretionary,Package Goods/Cosmetics,,XLY,1,2026-10-09
IPDN,0001546296,Professional Diversity Network Inc. Common Stock,,Technology,Computer Software: Programming Data Processing,,XLK,1,2026-10-09
IPFX,0002102041,Inflection Point Acquisition Corp. VI Class A Ordinary Shares,,Financials,Blank Checks,,XLF,1,2026-10-09
IPFXU,0002102041,Inflection Point Acquisition Corp. VI Units,,Financials,Blank Checks,,XLF,1,2026-10-09
IPFXW,0002102041,Inflection Point Acquisition Corp. VI Warrant,,Financials,Blank Checks,,XLF,1,2026-10-09
IPGP,0001111928,IPG Photonics Corporation Common Stock,,Technology,Semiconductors,,XLK,1,2026-10-09
IPHA,0001598599,Innate Pharma S.A. ADS,,Health Care,Biotechnology: Biological Products (No Diagnostic Substances),,XLV,1,2026-10-09
IPHX,0002146310,Inflection Point Acquisition Corp. VIII Class A Ordinary Shares,,,,,,1,2026-10-09
IPHXU,0002146310,Inflection Point Acquisition Corp. VIII Unit,,,,,,1,2026-10-09
IPI,0001421461,Intrepid Potash Inc Common Stock,,Industrials,Mining & Quarrying of Nonmetallic Minerals (No Fuels),,XLI,1,2026-10-09
IPM,0001355839,Intelligent Protection Management Corp. Common Stock ,,Technology,Computer Software: Programming Data Processing,,XLK,1,2026-10-09
IPSC,0001850119,Century Therapeutics Inc. Common Stock,,Health Care,Biotechnology: Biological Products (No Diagnostic Substances),,XLV,1,2026-10-09
IPST,0001788230,IP Strategy Holdings Inc. Common Stock,,Consumer Staples,Beverages (Production/Distribution),,XLP,1,2026-10-09
IPVV,0002105274,InterPrivate Investment Partners V Inc. Class A Ordinary Shares,,Financials,Blank Checks,,XLF,1,2026-10-09
IPVVW,0002105274,InterPrivate Investment Partners V Inc. Warrants,,Financials,Blank Checks,,XLF,1,2026-10-09
IPW,0001830072,iPower Inc. Common Stock,,Consumer Discretionary,RETAIL: Building Materials,,XLY,1,2026-10-09
IPWR,0001507957,Ideal Power Inc. Common Stock,,Technology,Semiconductors,,XLK,1,2026-10-09
IPX,0001898601,IperionX Limited American Depositary Share,,Materials,Other Metals and Minerals,,XLB,1,2026-10-09
IPXG,0002088805,Inflection Point Acquisition Corp. VII Class A Ordinary Shares,,Financials,Blank Checks,,XLF,1,2026-10-09
IPXGW,0002088805,Inflection Point Acquisition Corp. VII Warrant,,Financials,Blank Checks,,XLF,1,2026-10-09
IQ,0001722608,iQIYI Inc. American Depositary Shares,,Consumer Discretionary,Consumer Electronics/Video Chains,,XLY,1,2026-10-09
IQI,0000885125,Invesco Quality Municipal Income Trust Common Stock,,Financials,Finance Companies,,XLF,1,2026-10-09
IQMX,0002113060,IQM Quantum Computers Oyj American Depositary Shares,,Technology,Computer Software: Prepackaged Software,,XLK,1,2026-10-09
IQMXW,0002113060,IQM Quantum Computers Oyj Warrants to purchase American Depositary Shares,,Technology,Computer Software: Prepackaged Software,,XLK,1,2026-10-09
IQST,0001527702,iQSTEL Inc. Common Stock,,Communication Services,Telecommunications Equipment,,XLC,1,2026-10-09
IQV,0001478242,IQVIA Holdings Inc. Common Stock,,Health Care,Biotechnology: Commercial Physical & Biological Resarch,,XLV,1,2026-10-09
IR,0001699150,Ingersoll Rand Inc. Common Stock,,Industrials,Industrial Machinery/Components,,XLI,1,2026-10-09
IRAB,0002077785,Iris Acquisition Corp II Class A Ordinary Shares,,,,,,1,2026-10-09
IRD,0001228627,Opus Genetics Inc. Common Stock,,Health Care,Biotechnology: Pharmaceutical Preparations,,XLV,1,2026-10-09
IRDM,0001418819,Iridium Communications Inc Common Stock,,Consumer Discretionary,Telecommunications Equipment,,XLY,1,2026-10-09
IREN,0001878848,IREN Limited Ordinary Shares,,Financials,Finance: Consumer Services,,XLF,1,2026-10-09
IRHO,0002051985,Iron Horse Acquisitions II Corp. Common Stock,,Financials,Blank Checks,,XLF,1,2026-10-09
IRIX,0001006045,IRIDEX Corporation Common Stock,,Health Care,Biotechnology: Electromedical & Electrotherapeutic Apparatus,,XLV,1,2026-10-09
IRM,0001020569,Iron Mountain Incorporated (Delaware)Common Stock REIT,,Real Estate,Real Estate Investment Trusts,,XLRE,1,2026-10-09
IRMD,0001325618,iRadimed Corporation Common Stock,,Health Care,Medical/Dental Instruments,,XLV,1,2026-10-09
IRON,0001816736,Disc Medicine Inc. Common Stock,,Health Care,Biotechnology: Pharmaceutical Preparations,,XLV,1,2026-10-09
IRS,0000933267,IRSA Inversiones Y Representaciones S.A. Global Depositary Shares (Each representing ten shares of Common Stock),,Real Estate,Homebuilding,,XLRE,1,2026-10-09
IRT,0001466085,Independence Realty Trust Inc. Common Stock,,Real Estate,Real Estate Investment Trusts,,XLRE,1,2026-10-09
IRTC,0001388658,iRhythm Holdings Inc. Common Stock,,Health Care,Medical/Dental Instruments,,XLV,1,2026-10-09
IRWD,0001446847,Ironwood Pharmaceuticals Inc. Class A Common Stock,,Health Care,Biotechnology: Pharmaceutical Preparations,,XLV,1,2026-10-09
ISBA,0000842517,Isabella Bank Corporation Common stock,,Financials,Major Banks,,XLF,1,2026-10-09
ISD,0001534880,PGIM High Yield Bond Fund Inc.,,Financials,Trusts Except Educational Religious and Charitable,,XLF,1,2026-10-09
ISNR,0002123475,Snow Rothschild Acquisition Corp. Class A Ordinary Shares,,Financials,Blank Checks,,XLF,1,2026-10-09
ISNRU,0002123475,Snow Rothschild Acquisition Corp. Units,,Financials,Blank Checks,,XLF,1,2026-10-09
ISNRW,0002123475,Snow Rothschild Acquisition Corp. Warrants,,Financials,Blank Checks,,XLF,1,2026-10-09
ISOU,0001997377,IsoEnergy Ltd. Common Shares,,,,,,1,2026-10-09
ISPC,0001558569,iSpecimen Inc. Common Stock,,Health Care,Biotechnology: Commercial Physical & Biological Resarch,,XLV,1,2026-10-09
ISPR,0001948455,Ispire Technology Inc. Common Stock,,Health Care, Medicinal Chemicals and Botanical Products ,,XLV,1,2026-10-09
ISRG,0001035267,Intuitive Surgical Inc. Common Stock,,Health Care,Industrial Specialties,,XLV,1,2026-10-09
ISTR,0001602658,Investar Holding Corporation Common Stock,,Financials,Major Banks,,XLF,1,2026-10-09
IT,0000749251,Gartner Inc. Common Stock,,Consumer Discretionary,Other Consumer Services,,XLY,1,2026-10-09
ITG,0002110117,ITG Inc. Class A Common Stock,,Industrials,Water Sewer Pipeline Comm & Power Line Construction,,XLI,1,2026-10-09
ITGR,0001114483,Integer Holdings Corporation Common Stock,,Health Care,Biotechnology: Electromedical & Electrotherapeutic Apparatus,,XLV,1,2026-10-09
ITHA,0002080985,ITHAX Acquisition Corp III Class A Ordinary Shares,,,,,,1,2026-10-09
ITHAW,0002080985,ITHAX Acquisition Corp III Warrants,,,,,,1,2026-10-09
ITIC,0000720858,Investors Title Company Common Stock,,Financials,Specialty Insurers,,XLF,1,2026-10-09
ITOC,0001970544,iTonic Holdings Ltd Class A Ordinary Shares,,Health Care,Biotechnology: Electromedical & Electrotherapeutic Apparatus,,XLV,1,2026-10-09
ITP,0001358190,IT Tech Packaging Inc. Common Stock,,Consumer Discretionary,Containers/Packaging,,XLY,1,2026-10-09
ITRG,0001722387,Integra Resources Corp. Common Shares,,Materials,Precious Metals,,XLB,1,2026-10-09
ITRI,0000780571,Itron Inc. Common Stock,,Industrials,Electrical Products,,XLI,1,2026-10-09
ITRN,0001337117,Ituran Location and Control Ltd. Ordinary Shares,,Technology,Electronic Components,,XLK,1,2026-10-09
ITT,0000216228,ITT Inc. Common Stock ,,Industrials,Fluid Controls,,XLI,1,2026-10-09
ITUB,0001132597,Itau Unibanco Banco Holding SA American Depositary Shares (Each repstg 500 Preferred shares),,Financials,Major Banks,,XLF,1,2026-10-09
ITW,0000049826,Illinois Tool Works Inc. Common Stock,,Industrials,Industrial Machinery/Components,,XLI,1,2026-10-09
IVA,0001756594,Inventiva S.A. American Depository Shares,,Health Care,Biotechnology: Pharmaceutical Preparations,,XLV,1,2026-10-09
IVAI,0002077345,Ives Ultra AI Opportunities Inc. Common Stock,,,,,,1,2026-10-09
IVDA,0001397183,Iveda Solutions Inc. Common Stock,,Technology,Computer Software: Prepackaged Software,,XLK,1,2026-10-09
IVF,0001417926,INVO Fertility Inc. Common Stock,,Health Care,Medical/Dental Instruments,,XLV,1,2026-10-09
IVR,0001437071,INVESCO MORTGAGE CAPITAL INC Common Stock,,Real Estate,Real Estate Investment Trusts,,XLRE,1,2026-10-09
IVR^C,,INVESCO MORTGAGE CAPITAL INC 7.5% Fixed-to-Floating Series C Cumulative Redeemable Preferred Stock Liquation Preference $25.00 per Share,,,,,,1,2026-10-09
IVT,0001307748,InvenTrust Properties Corp. Common Stock,,Real Estate,Real Estate Investment Trusts,,XLRE,1,2026-10-09
IVVD,0001832038,Invivyd Inc. Common Stock,,Health Care,Biotechnology: Biological Products (No Diagnostic Substances),,XLV,1,2026-10-09
IVZ,0000914208,Invesco Ltd Common Stock,,Financials,Investment Managers,,XLF,1,2026-10-09
IX,0001070304,ORIX Corporation American Depositary Shares,,Financials,Diversified Financial Services,,XLF,1,2026-10-09
IXHL,0001873875,Incannex Healthcare Inc. Common Stock,,Health Care,Biotechnology: Pharmaceutical Preparations,,XLV,1,2026-10-09
IZEA,0001495231,IZEA Worldwide Inc. Common Stock,,Consumer Discretionary,Advertising,,XLY,1,2026-10-09
IZM,0001854572,ICZOOM Group Inc. Class A Ordinary Shares,,Consumer Discretionary,Consumer Electronics/Video Chains,,XLY,1,2026-10-09
J,0000052988,Jacobs Solutions Inc. Common Stock,,Industrials,Military/Government/Technical,,XLI,1,2026-10-09
JACK,0000807882,Jack In The Box Inc. Common Stock,,Consumer Discretionary,Restaurants,,XLY,1,2026-10-09
JACS,0002039058,Jackson Acquisition Company II Class A Ordinary Shares,,,,,,1,2026-10-09
JAGU,0002039273,Jaguar Uranium Corp. Class A Common Shares,,Materials,Metal Mining,,XLB,1,2026-10-09
JAGX,0001585608,Jaguar Health Inc. Common Stock,,Health Care,Biotechnology: Pharmaceutical Preparations,,XLV,1,2026-10-09
JAKK,0001009829,JAKKS Pacific Inc. Common Stock,,Consumer Discretionary,Recreational Games/Products/Toys,,XLY,1,2026-10-09
JAN,0002100805,Janus Living Inc. Class A-1 Common Stock,,Real Estate,Real Estate Investment Trusts,,XLRE,1,2026-10-09
JANX,0001817713,Janux Therapeutics Inc. Common Stock,,Health Care,Biotechnology: Pharmaceutical Preparations,,XLV,1,2026-10-09
JATT,0002112446,JATT II Acquisition Corp Ordinary Shares,,Financials,Blank Checks,,XLF,1,2026-10-09
JAZZ,0001232524,Jazz Pharmaceuticals plc Common Stock (Ireland),,Health Care,Biotechnology: Pharmaceutical Preparations,,XLV,1,2026-10-09
JBDI,0001964314,JBDI Holdings Limited Ordinary Shares,,,,,,1,2026-10-09
JBGS,0001689796,JBG SMITH Properties Common Shares ,,Real Estate,Real Estate Investment Trusts,,XLRE,1,2026-10-09
JBHT,0000728535,J.B. Hunt Transport Services Inc. Common Stock,,Industrials,Trucking Freight/Courier Services,,XLI,1,2026-10-09
JBI,0001839839,Janus International Group Inc. Common Stock,,Industrials,Building Products,,XLI,1,2026-10-09
JBIO,0001798749,Jade Biosciences Inc. Common Stock,,Health Care,Biotechnology: Pharmaceutical Preparations,,XLV,1,2026-10-09
JBL,0000898293,Jabil Inc. Common Stock,,Technology,Electrical Products,,XLK,1,2026-10-09
JBLU,0001158463,JetBlue Airways Corporation Common Stock,,Consumer Discretionary,Air Freight/Delivery Services,,XLY,1,2026-10-09
JBS,0001791942,JBS N.V. Class A Common Shares,,Consumer Staples,Meat/Poultry/Fish,,XLP,1,2026-10-09
JBSS,0000880117,John B. Sanfilippo & Son Inc. Common Stock,,Consumer Staples,Specialty Foods,,XLP,1,2026-10-09
JBTM,0001433660,JBT Marel Corporation Common Stock,,Industrials,Industrial Machinery/Components,,XLI,1,2026-10-09
JCAP,0002046042,Jefferson Capital Inc. Common Stock,,Financials,Finance Companies,,XLF,1,2026-10-09
JCE,0001385763,Nuveen Core Equity Alpha Fund Common Shares of Beneficial Interest,,Financials,Trusts Except Educational Religious and Charitable,,XLF,1,2026-10-09
JCI,0000833444,Johnson Controls International plc Ordinary Share,,Industrials,Industrial Machinery/Components,,XLI,1,2026-10-09
JCSE,0001905511,JE Cleantech Holdings Limited Class A Ordinary Shares,,Consumer Discretionary,Miscellaneous manufacturing industries,,XLY,1,2026-10-09
JCTC,0000885307,Jewett-Cameron Trading Company Common Shares,,Consumer Discretionary,RETAIL: Building Materials,,XLY,1,2026-10-09
JD,0001549802,JD.com Inc. American Depositary Shares,,Consumer Discretionary,Other Specialty Stores,,XLY,1,2026-10-09
JDZG,0001976908,JIADE LIMITED Class A Ordinary Shares,,Real Estate,Other Consumer Services,,XLRE,1,2026-10-09
JEF,0000096223,Jefferies Financial Group Inc. Common Stock,,Financials,Investment Bankers/Brokers/Service,,XLF,1,2026-10-09
JELD,0001674335,JELD-WEN Holding Inc. Common Stock,,Materials,Forest Products,,XLB,1,2026-10-09
JEM,0002018222,707 Cayman Holdings Limited Ordinary Shares,,Consumer Discretionary,Clothing/Shoe/Accessory Stores,,XLY,1,2026-10-09
JENA,0002060337,Jena Acquisition Corporation II Class A Ordinary Shares,,Financials,Blank Checks,,XLF,1,2026-10-09
JF,0001716338,J and Friends Holdings Limited American Depositary Shares,,Technology,Computer Software: Programming Data Processing,,XLK,1,2026-10-09
JFIN,0001743102,Jiayin Group Inc. American Depositary Shares,,Financials,Finance: Consumer Services,,XLF,1,2026-10-09
JFR,0001276533,Nuveen Floating Rate Income Fund Common Stock,,Financials,Trusts Except Educational Religious and Charitable,,XLF,1,2026-10-09
JFU,0001619544,9F Inc. American Depositary Shares,,Financials,Finance: Consumer Services,,XLF,1,2026-10-09
JG,0001737339,Aurora Mobile Limited American Depositary Shares,,Technology,Computer Software: Programming Data Processing,,XLK,1,2026-10-09
JGH,0001615905,Nuveen Global High Income Fund Common Shares of Beneficial Interest,,Financials,Investment Managers,,XLF,1,2026-10-09
JHI,0000759828,John Hancock Investors Trust Common Stock,,Financials,Trusts Except Educational Religious and Charitable,,XLF,1,2026-10-09
JHS,0000759866,John Hancock Income Securities Trust Common Stock,,Financials,Finance Companies,,XLF,1,2026-10-09
JHX,0001159152,James Hardie Industries plc. Ordinary Shares,,Industrials,Building Materials,,XLI,1,2026-10-09
JILL,0001687932,J. Jill Inc. Common Stock,,Consumer Discretionary,Apparel,,XLY,1,2026-10-09
JJSF,0000785956,J & J Snack Foods Corp. Common Stock,,Consumer Staples,Specialty Foods,,XLP,1,2026-10-09
JKHY,0000779152,Jack Henry & Associates Inc. Common Stock,,Technology,EDP Services,,XLK,1,2026-10-09
JKS,0001481513,JinkoSolar Holding Company Limited American Depositary Shares (each representing 4 Common Shares),,Technology,Semiconductors,,XLK,1,2026-10-09
JL,0001948436,J-Long Group Limited Class A Ordinary Shares,,Consumer Discretionary,Clothing/Shoe/Accessory Stores,,XLY,1,2026-10-09
JLHL,0002007846,Julong Holding Limited Class A Ordinary Shares,,Consumer Discretionary,Military/Government/Technical,,XLY,1,2026-10-09
JLL,0001037976,Jones Lang LaSalle Incorporated Common Stock,,Financials,Real Estate,,XLF,1,2026-10-09
JLS,0001472215,Nuveen Mortgage and Income Fund,,Financials,Investment Managers,,XLF,1,2026-10-09
JMIA,0001756708,Jumia Technologies AG American Depositary Shares each representing two Ordinary Shares,,Consumer Discretionary,Catalog/Specialty Distribution,,XLY,1,2026-10-09
JMKE,0002127043,Jersey Mike's Subs Inc. Class A Common Stock,,Consumer Discretionary,Restaurants,,XLY,1,2026-10-09
JMM,0000838131,Nuveen Multi-Market Income Fund (MA),,Financials,Trusts Except Educational Religious and Charitable,,XLF,1,2026-10-09
JMSB,0001710482,John Marshall Bancorp Inc. Common Stock,,Financials,Major Banks,,XLF,1,2026-10-09
JNJ,0000200406,Johnson & Johnson Common Stock,,Health Care,Biotechnology: Pharmaceutical Preparations,,XLV,1,2026-10-09
JOB,0000040570,GEE Group Inc. Common Stock,,Consumer Discretionary,Diversified Commercial Services,,XLY,1,2026-10-09
JOBY,0001819848,Joby Aviation Inc. Common Stock,,Industrials,Aerospace,,XLI,1,2026-10-09
JOE,0000745308,St. Joe Company (The) Common Stock,,Real Estate,Homebuilding,,XLRE,1,2026-10-09
JOF,0000859796,Japan Smaller Capitalization Fund Inc Common Stock,,Financials,Trusts Except Educational Religious and Charitable,,XLF,1,2026-10-09
JONE,0002129056,Jones Ventures INTL Acquisition1 Corp Class A Ordinary Shares,,Financials,Blank Checks,,XLF,1,2026-10-09
JONEU,0002129056,Jones Ventures INTL Acquisition1 Corp Units,,,,,,1,2026-10-09
JOUT,0000788329,Johnson Outdoors Inc. Class A Common Stock,,Consumer Discretionary,Recreational Games/Products/Toys,,XLY,1,2026-10-09
JOYY,0001530238,JOYY Inc. American Depositary Shares,,Technology,EDP Services,,XLK,1,2026-10-09
JPC,0001216583,Nuveen Preferred & Income Opportunities Fund,,Financials,Investment Managers,,XLF,1,2026-10-09
JPM,0000019617,JP Morgan Chase & Co. Common Stock,,Financials,Major Banks,,XLF,1,2026-10-09
JPM^C,,J P Morgan Chase & Co Depositary Shares each representing a 1/400th interest in a share of 6.00% Non-Cumulative  Preferred Stock Series EE,,,,,,1,2026-10-09
JPM^D,,J P Morgan Chase & Co Depositary Shares each representing a 1/400th  interest in a share of 5.75% Non-Cumulative  Preferred Stock Series DD,,,,,,1,2026-10-09
JPM^J,,J P Morgan Chase & Co Depositary Shares each representing a 1/400th interest in a share of JPMorgan Chase & Co. 4.75% Non-Cumulative Preferred Stock Series GG,,,,,,1,2026-10-09
JPM^K,,J P Morgan Chase & Co Depositary Shares each representing a 1/400th interest in a share of 4.55% Non-Cumulative Preferred Stock Series JJ,,,,,,1,2026-10-09
JPM^L,,J P Morgan Chase & Co Depositary Shares each representing a 1/400th interest in a share of 4.625% Non-Cumulative Preferred Stock Series LL,,,,,,1,2026-10-09
JPM^M,,J P Morgan Chase & Co Depositary Shares each representing a 1/400th interest in a share of 4.20% Non-Cumulative Preferred Stock Series MM,,,,,,1,2026-10-09
JQC,0001227476,Nuveen Credit Strategies Income Fund Shares of Beneficial Interest,,Financials,Finance Companies,,XLF,1,2026-10-09
JRI,0001539337,Nuveen Real Asset Income and Growth Fund Common Shares of Beneficial Interest,,Financials,Finance Companies,,XLF,1,2026-10-09
JRS,0001158289,Nuveen Real Estate Income Fund Common Shares of Beneficial Interest,,Financials,Finance/Investors Services,,XLF,1,2026-10-09
JRSH,0001696558,Jerash Holdings (US) Inc. Common Stock,,Consumer Discretionary,Apparel,,XLY,1,2026-10-09
JRVR,0001620459,James River Group Holdings Inc. Common Stock,,Financials,Property-Casualty Insurers,,XLF,1,2026-10-09
JSM,0001593538,Navient Corporation 6% Senior Notes due December 15 2043,,Financials,Investment Bankers/Brokers/Service,,XLF,1,2026-10-09
JSPR,0001788028,Jasper Therapeutics Inc. Common Stock,,Health Care,Biotechnology: Biological Products (No Diagnostic Substances),,XLV,1,2026-10-09
JTAI,0001861622,Jet.AI Inc. Common Stock,,Consumer Discretionary,Transportation Services,,XLY,1,2026-10-09
JTTT,0002145659,JATT III Acquisition Corp Ordinary Shares,,Financials,Blank Checks,,XLF,1,2026-10-09
JUNS,0001679628,Jupiter Neurosciences Inc. Common Stock,,Health Care,Biotechnology: Pharmaceutical Preparations,,XLV,1,2026-10-09
JVA,0001007019,Coffee Holding Co. Inc. Common Stock,,Consumer Staples,Packaged Foods,,XLP,1,2026-10-09
JWEL,0001805594,Jowell Global Ltd. Ordinary Shares,,Consumer Discretionary,Other Consumer Services,,XLY,1,2026-10-09
JXG,0001546383,JX Luxventure Group Inc. Common Stock,,Industrials,Office Equipment/Supplies/Services,,XLI,1,2026-10-09
JXN,0001822993,Jackson Financial Inc. Class A Common Stock ,,Financials,Life Insurance,,XLF,1,2026-10-09
JXN^A,,Jackson Financial Inc. Depositary Shares each representing a 1/1000th interest in a share of Fixed-Rate Reset Noncumulative Perpetual Preferred Stock Series A,,,,,,1,2026-10-09
JYD,0001938186,Jayud Global Logistics Limited Class A Ordinary Shares,,Industrials,Integrated Freight & Logistics,,XLI,1,2026-10-09
JYNT,0001612630,The Joint Corp. Common Stock,,Miscellaneous,Multi-Sector Companies,,,1,2026-10-09
JZ,0001852440,Jianzhi Education Technology Group Company Limited American Depositary Shs,,Real Estate,Other Consumer Services,,XLRE,1,2026-10-09
JZXN,0001816172,Jiuzi Holdings Inc. Ordinary Shares,,Consumer Discretionary,Retail-Auto Dealers and Gas Stations,,XLY,1,2026-10-09
KAI,0000886346,Kadant Inc Common Stock,,Industrials,Industrial Machinery/Components,,XLI,1,2026-10-09
KALA,0001479419,KALA BIO Inc. Common Stock,,Health Care,Biotechnology: Pharmaceutical Preparations,,XLV,1,2026-10-09
KALU,0000811596,Kaiser Aluminum Corporation Common Stock,,Industrials,Metal Fabrications,,XLI,1,2026-10-09
KAPA,0001962011,Kairos Pharma Ltd. Common Stock,,Health Care,Biotechnology: Pharmaceutical Preparations,,XLV,1,2026-10-09
KARD,0002123613,Kardigan Inc. Common Stock,,Health Care,Biotechnology: Pharmaceutical Preparations,,XLV,1,2026-10-09
KARO,0001828102,Karooooo Ltd. Ordinary Shares,,Technology,Computer Software: Prepackaged Software,,XLK,1,2026-10-09
KAZR,0002031009,Skyline Builders Group Holding Limited Class A Ordinary Shares,,Consumer Discretionary,Engineering & Construction,,XLY,1,2026-10-09
KB,0001445930,KB Financial Group Inc,,Financials,Commercial Banks,,XLF,1,2026-10-09
KBDC,0001747172,Kayne Anderson BDC Inc. Common Stock,,,,,,1,2026-10-09
KBH,0000795266,KB Home Common Stock,,Consumer Discretionary,Homebuilding,,XLY,1,2026-10-09
KBON,0002088749,Karbon Capital Partners Corp. Class A Ordinary Shares,,Financials,Blank Checks,,XLF,1,2026-10-09
KBONU,0002088749,Karbon Capital Partners Corp. Units,,Financials,Blank Checks,,XLF,1,2026-10-09
KBONW,0002088749,Karbon Capital Partners Corp. Warrant,,Financials,Blank Checks,,XLF,1,2026-10-09
KBR,0001357615,KBR Inc. Common Stock,,Industrials,Military/Government/Technical,,XLI,1,2026-10-09
KBSX,0002014254,FST Corp. Ordinary Shares,,Consumer Discretionary,Recreational Games/Products/Toys,,XLY,1,2026-10-09
KC,0001795589,Kingsoft Cloud Holdings Limited American Depositary Shares,,Technology,Computer Software: Prepackaged Software,,XLK,1,2026-10-09
KCHV,0002053799,Kochav Defense Acquisition Corp. Class A Ordinary Shares,,,,,,1,2026-10-09
KCHVR,0002053799,Kochav Defense Acquisition Corp. Right,,Financials,Blank Checks,,XLF,1,2026-10-09
KD,0001867072,Kyndryl Holdings Inc. Common Stock,,Technology,EDP Services,,XLK,1,2026-10-09
KDK,0001853138,Kodiak AI Inc. Common Stock ,,Technology,EDP Services,,XLK,1,2026-10-09
KDKRW,0001853138,Kodiak AI Inc. Warrants,,Technology,EDP Services,,XLK,1,2026-10-09
KDP,0001418135,Keurig Dr Pepper Inc. Common Stock,,Consumer Staples,Beverages (Production/Distribution),,XLP,1,2026-10-09
KE,0001606757,Kimball Electronics Inc. Common Stock,,Technology,Electrical Products,,XLK,1,2026-10-09
KEEL,0001812477,Keel Infrastructure Corp. Common Stock,,Financials,Finance: Consumer Services,,XLF,1,2026-10-09
KELYA,0000055135,Kelly Services Inc. Class A Common Stock,,Consumer Discretionary,Professional Services,,XLY,1,2026-10-09
KELYB,0000055135,Kelly Services Inc. Class B Common Stock,,Consumer Discretionary,Professional Services,,XLY,1,2026-10-09
KEN,0001611005,Kenon Holdings Ltd. Ordinary Shares,,Utilities,Electric Utilities: Central,,XLU,1,2026-10-09
KEP,0000887225,Korea Electric Power Corporation Common Stock,,Utilities,Electric Utilities: Central,,XLU,1,2026-10-09
KEQU,0000055529,Kewaunee Scientific Corporation Common Stock,,Industrials,Medical Specialities,,XLI,1,2026-10-09
KEX,0000056047,Kirby Corporation Common Stock,,Consumer Discretionary,Marine Transportation,,XLY,1,2026-10-09
KEY,0000091576,KeyCorp Common Stock,,Financials,Major Banks,,XLF,1,2026-10-09
KEYS,0001601046,Keysight Technologies Inc. Common Stock,,Industrials,Industrial Machinery/Components,,XLI,1,2026-10-09
KEYY,0002102771,Keystone Acquisition Corp. Class A Ordinary Shares,,Financials,Blank Checks,,XLF,1,2026-10-09
KEY^I,,KeyCorp Depositary Shares Each Representing a 1/40th Ownership Interest in a Share of Fixed-to-Floating Rate Perpetual Non-Cumulative Preferred Stock Series E,,,,,,1,2026-10-09
KEY^J,,KeyCorp Depositary Shares each representing a 1/40th ownership interest in a share of Fixed Rate Perpetual Non-Cumulative Preferred Stock Series F,,,,,,1,2026-10-09
KEY^K,,KeyCorp Depositary Shares each representing a 1/40th ownership interest in a share of Fixed Rate Perpetual Non-Cumulative Preferred Stock Series G,,,,,,1,2026-10-09
KEY^L,,KeyCorp Depositary Shares each representing a 1/40th ownership interest in a share of Fixed Rate Perpetual Non-Cumulative Preferred Stock Series H,,,,,,1,2026-10-09
KF,0000748691,Korea Fund Inc. (The) New Common Stock,,Financials,Investment Managers,,XLF,1,2026-10-09
KFFB,0001297341,Kentucky First Federal Bancorp Common Stock,,Financials,Savings Institutions,,XLF,1,2026-10-09
KFII,0002029976,K&F Growth Acquisition Corp. II Class A Ordinary shares,,Financials,Blank Checks,,XLF,1,2026-10-09
KFRC,0000930420,Kforce Inc. Common Stock,,Consumer Discretionary,Professional Services,,XLY,1,2026-10-09
KFY,0000056679,Korn Ferry Common Stock,,Consumer Discretionary,Diversified Commercial Services,,XLY,1,2026-10-09
KG,0002055116,Kestrel Group Ltd.,,Financials,Property-Casualty Insurers,,XLF,1,2026-10-09
KGC,0000701818,Kinross Gold Corporation Common Stock,,Materials,Precious Metals,,XLB,1,2026-10-09
KGEI,0001477081,Kolibri Global Energy Inc. Common stock,,Energy,Oil & Gas Production,,XLE,1,2026-10-09
KGS,0001767042,Kodiak Gas Services Inc. Common Stock,,Utilities,Natural Gas Distribution,,XLU,1,2026-10-09
KHC,0001637459,The Kraft Heinz Company Common Stock,,Consumer Staples,Packaged Foods,,XLP,1,2026-10-09
KIDS,0001425450,OrthoPediatrics Corp. Common Stock,,Health Care,Medical/Dental Instruments,,XLV,1,2026-10-09
KIDZ,0002022308,KIDZ AI Inc. Class B Common Stock,,Real Estate,Other Consumer Services,,XLRE,1,2026-10-09
KIDZW,0002022308,KIDZ AI Inc. Warrants,,Real Estate,Other Consumer Services,,XLRE,1,2026-10-09
KIM,0000879101,Kimco Realty Corporation (HC) Common Stock,,Real Estate,Real Estate Investment Trusts,,XLRE,1,2026-10-09
KIM^L,,Kimco Realty Corporation Class L Depositary Shares each of which represents a one-one thousandth fractional interest in a share of 5.125% Class L Cumulative Redeemable Preferred Stock liquidation preference $25000.00 per share,,,,,,1,2026-10-09
KIM^M,,Kimco Realty Corporation Class M Depositary Shares each of which represents a one-one thousandth fractional interest in a share of 5.25% Class M Cumulative Redeemable Preferred Stock liquidation preference $25000.00 per share,,,,,,1,2026-10-09
KIM^N,,Kimco Realty Corporation Depositary Shares each representing 1/1000th interest in a share of 7.25% Class N Cumulative Convertible Perpetual Preferred Stock,,,,,,1,2026-10-09
KINS,0000033992,Kingstone Companies Inc. Common Stock,,Financials,Property-Casualty Insurers,,XLF,1,2026-10-09
KIO,0001515940,KKR Income Opportunities Fund Common Shares,,Financials,Investment Managers,,XLF,1,2026-10-09
KITT,0001849820,Nauticus Robotics Inc. Common stock,,Industrials,Industrial Machinery/Components,,XLI,1,2026-10-09
KITTW,0001849820,Nauticus Robotics Inc. Warrant,,Industrials,Industrial Machinery/Components,,XLI,1,2026-10-09
KKR,0001404912,KKR & Co. Inc. Common Stock,,Financials,Investment Managers,,XLF,1,2026-10-09
KKRS,0001404912,KKR Group Finance Co. IX LLC 4.625% Subordinated Notes due 2061,,Financials,Investment Managers,,XLF,1,2026-10-09
KKRT,0001404912,KKR & Co. Inc. 6.875% Subordinated Notes due 2065,,Financials,Investment Managers,,XLF,1,2026-10-09
KKR^D,,KKR & Co. Inc. 6.25% Series D Mandatory Convertible Preferred Stock,,,,,,1,2026-10-09
KLAC,0000319201,KLA Corporation Common Stock,,Technology,Electronic Components,,XLK,1,2026-10-09
KLAR,0002003292,Klarna Group plc Ordinary Shares,,Financials,Finance: Consumer Services,,XLF,1,2026-10-09
KLC,0001873529,KinderCare Learning Companies Inc. Common Stock,,Consumer Discretionary,Other Consumer Services,,XLY,1,2026-10-09
KLIC,0000056978,Kulicke and Soffa Industries Inc. Common Stock,,Technology,Semiconductors,,XLK,1,2026-10-09
KLRA,0002096997,Kailera Therapeutics Inc. Common Stock,,Health Care,Biotechnology: Pharmaceutical Preparations,,XLV,1,2026-10-09
KLRS,0001754068,Kalaris Therapeutics Inc. Common Stock,,Health Care,Biotechnology: Biological Products (No Diagnostic Substances),,XLV,1,2026-10-09
KLTR,0001432133,Kaltura Inc. Common Stock,,Technology,Computer Software: Prepackaged Software,,XLK,1,2026-10-09
KLXE,0001738827,KLX Energy Services Holdings Inc. Common Stock,,Energy,Oilfield Services/Equipment,,XLE,1,2026-10-09
KMB,0000055785,Kimberly-Clark Corporation Common Stock,,Consumer Discretionary,Containers/Packaging,,XLY,1,2026-10-09
KMDA,0001567529,Kamada Ltd. Ordinary Shares,,Health Care,Biotechnology: Pharmaceutical Preparations,,XLV,1,2026-10-09
KMI,0001506307,Kinder Morgan Inc. Common Stock,,Utilities,Natural Gas Distribution,,XLU,1,2026-10-09
KMPB,0000860748,Kemper Corporation 5.875% Fixed-Rate Reset Junior Subordinated Debentures due 2062,,Financials,Property-Casualty Insurers,,XLF,1,2026-10-09
KMPR,0000860748,Kemper Corporation,,Financials,Property-Casualty Insurers,,XLF,1,2026-10-09
KMRK,0002049187,K-Tech Solutions Company Limited Class A Ordinary Shares,,Consumer Discretionary,Recreational Games/Products/Toys,,XLY,1,2026-10-09
KMT,0000055242,Kennametal Inc. Common Stock,,Industrials,Industrial Machinery/Components,,XLI,1,2026-10-09
KMTS,0001877184,Kestra Medical Technologies Ltd. Common Stock,,Health Care,Medical/Dental Instruments,,XLV,1,2026-10-09
KMX,0001170010,CarMax Inc,,Consumer Discretionary,Retail-Auto Dealers and Gas Stations,,XLY,1,2026-10-09
KN,0001587523,Knowles Corporation Common Stock,,Consumer Staples,Consumer Electronics/Appliances,,XLP,1,2026-10-09
KNDI,0001720250,Kandi Technologies Group Inc. Ordinary Shares,,Industrials,Auto Manufacturing,,XLI,1,2026-10-09
KNF,0001955520,Knife Riv Holding Co. Common Stock,,Industrials,Mining & Quarrying of Nonmetallic Minerals (No Fuels),,XLI,1,2026-10-09
KNOP,0001564180,KNOT Offshore Partners LP Common Units representing Limited Partner Interests,,Consumer Discretionary,Marine Transportation,,XLY,1,2026-10-09
KNRX,0001982960,KNOREX LTD. Class A Ordinary Shares,,Technology,Computer Software: Programming Data Processing,,XLK,1,2026-10-09
KNSA,0001730430,Kiniksa Pharmaceuticals International plc Class A Ordinary Shares,,Health Care,Biotechnology: Pharmaceutical Preparations,,XLV,1,2026-10-09
KNSL,0001669162,Kinsale Capital Group Inc. Common Stock,,Financials,Property-Casualty Insurers,,XLF,1,2026-10-09
KNTK,0001692787,Kinetik Holdings Inc. Class A Common Stock,,Utilities,Natural Gas Distribution,,XLU,1,2026-10-09
KNX,0001492691,Knight-Swift Transportation Holdings Inc.,,Industrials,Trucking Freight/Courier Services,,XLI,1,2026-10-09
KO,0000021344,Coca-Cola Company (The) Common Stock,,Consumer Staples,Beverages (Production/Distribution),,XLP,1,2026-10-09
KOD,0001468748,Kodiak Sciences Inc Common Stock,,Health Care,Biotechnology: Biological Products (No Diagnostic Substances),,XLV,1,2026-10-09
KODK,0000031235,Eastman Kodak Company Common New,,Consumer Discretionary,Industrial Machinery/Components,,XLY,1,2026-10-09
KOF,0000910631,Coca Cola Femsa S.A.B. de C.V.  American Depositary Shares each representing 10 Units (each Unit consists of 3 Series B Shares and 5 Series L Shares),,Consumer Staples,Beverages (Production/Distribution),,XLP,1,2026-10-09
KOP,0001315257,Koppers Holdings Inc. Common Stock,,Materials,Forest Products,,XLB,1,2026-10-09
KOPN,0000771266,Kopin Corporation Common Stock,,Technology,Semiconductors,,XLK,1,2026-10-09
KOS,0001509991,Kosmos Energy Ltd. Common Shares (DE),,Energy,Oil & Gas Production,,XLE,1,2026-10-09
KOSS,0000056701,Koss Corporation Common Stock,,Consumer Staples,Consumer Electronics/Appliances,,XLP,1,2026-10-09
KOYN,0002068454,CSLM Digital Asset Acquisition Corp III Class A Ordinary Shares,,,,,,1,2026-10-09
KOYNU,0002068454,CSLM Digital Asset Acquisition Corp III Units,,,,,,1,2026-10-09
KOYNW,0002068454,CSLM Digital Asset Acquisition Corp III Warrants,,,,,,1,2026-10-09
KPET,0002095297,KPET Ultra Paceline Corporation Class A Ordinary Shares,,,,,,1,2026-10-09
KPLT,0001785424,Katapult Holdings Inc. Common Stock,,Consumer Discretionary,Diversified Commercial Services,,XLY,1,2026-10-09
KPRX,0001372514,Kiora Pharmaceuticals Inc.  Common Stock,,Health Care,Biotechnology: Pharmaceutical Preparations,,XLV,1,2026-10-09
KPTI,0001503802,Karyopharm Therapeutics Inc. Common Stock,,Health Care,Biotechnology: Pharmaceutical Preparations,,XLV,1,2026-10-09
KR,0000056873,Kroger Company (The) Common Stock,,Consumer Staples,Food Chains,,XLP,1,2026-10-09
KRAQ,0002082119,KRAKacquisition Corp Class A Ordinary Shares,,,,,,1,2026-10-09
KRAQU,0002082119,KRAKacquisition Corp Unit,,,,,,1,2026-10-09
KRAQW,0002082119,KRAKacquisition Corp Warrants,,,,,,1,2026-10-09
KRC,0001025996,Kilroy Realty Corporation Common Stock,,Real Estate,Real Estate Investment Trusts,,XLRE,1,2026-10-09
KREF,0001631596,KKR Real Estate Finance Trust Inc. Common Stock,,Real Estate,Real Estate Investment Trusts,,XLRE,1,2026-10-09
KREF^A,,KKR Real Estate Finance Trust Inc. 6.50% Series A Cumulative Redeemable Preferred Stock,,,,,,1,2026-10-09
KRG,0001286043,Kite Realty Group Trust Common Stock,,Real Estate,Real Estate Investment Trusts,,XLRE,1,2026-10-09
KRKR,0001779476,36Kr Holdings Inc. American Depositary Shares,,Consumer Discretionary,Business Services,,XLY,1,2026-10-09
KRMD,0000704440,KORU Medical Systems Inc. Common Stock (DE),,Health Care,Medical/Dental Instruments,,XLV,1,2026-10-09
KRMN,0002040127,Karman Holdings Inc. Common Stock,,Industrials,Military/Government/Technical,,XLI,1,2026-10-09
KRNT,0001625791,Kornit Digital Ltd. Ordinary Shares,,Industrials,Industrial Machinery/Components,,XLI,1,2026-10-09
KRNY,0001617242,Kearny Financial Corp Common Stock,,Financials,Savings Institutions,,XLF,1,2026-10-09
KRO,0001257640,Kronos Worldwide Inc Common Stock,,Materials,Major Chemicals,,XLB,1,2026-10-09
KROS,0001664710,Keros Therapeutics Inc. Common Stock,,Health Care,Biotechnology: Pharmaceutical Preparations,,XLV,1,2026-10-09
KRP,0001657788,Kimbell Royalty Partners Common Units Representing Limited Partner Interests,,Energy,Oil & Gas Production,,XLE,1,2026-10-09
KRRO,0001703647,Korro Bio Inc. Common Stock,,Health Care,Biotechnology: Pharmaceutical Preparations,,XLV,1,2026-10-09
KRSA,0001755237,Korsana Biosciences Inc. Common Stock,,Health Care,Biotechnology: Pharmaceutical Preparations,,XLV,1,2026-10-09
KRSP,0002074872,Rice Acquisition Corporation 3 Class A Ordinary Shares,,,,,,1,2026-10-09
KRT,0001758021,Karat Packaging Inc. Common Stock,,Industrials,Plastic Products,,XLI,1,2026-10-09
KRUS,0001772177,Kura Sushi USA Inc. Class A Common Stock,,Consumer Discretionary,Restaurants,,XLY,1,2026-10-09
KRYS,0001711279,Krystal Biotech Inc. Common Stock,,Health Care,Biotechnology: Biological Products (No Diagnostic Substances),,XLV,1,2026-10-09
KSCP,0001600983,Knightscope Inc. Class A Common Stock,,Communication Services,Telecommunications Equipment,,XLC,1,2026-10-09
KSPI,0001985487,Joint Stock Company Kaspi.kz American Depository Shares,,,,,,1,2026-10-09
KSS,0000885639,Kohl's Corporation Common Stock,,Consumer Discretionary,Department/Specialty Retail Stores,,XLY,1,2026-10-09
KT,0000892450,KT Corporation Common Stock,,Communication Services,Telecommunications Equipment,,XLC,1,2026-10-09
KTB,0001760965,Kontoor Brands Inc. Common Stock ,,Industrials,Garments and Clothing,,XLI,1,2026-10-09
KTCC,0000719733,Key Tronic Corporation Common Stock,,Technology,Electrical Products,,XLK,1,2026-10-09
KTF,0000839533,DWS Municipal Income Trust,,Financials,Finance Companies,,XLF,1,2026-10-09
KTH,0001283464,Structures Products Cp 8% CorTS Issued by Peco Energy Cap Tr II Preferred Stock,,Financials,Finance: Consumer Services,,XLF,1,2026-10-09
KTN,0001283337,Structured Products Corp 8.205% CorTS 8.205% Corporate Backed Trust Securities (CorTS),,Financials,Finance: Consumer Services,,XLF,1,2026-10-09
KTOS,0001069258,Kratos Defense & Security Solutions Inc. Common Stock,,Industrials,Military/Government/Technical,,XLI,1,2026-10-09
KTTA,0001841330,Pasithea Therapeutics Corp. Common Stock,,Health Care,Biotechnology: Pharmaceutical Preparations,,XLV,1,2026-10-09
KTWO,0002086524,K2 Capital Acquisition Corporation Class A Ordinary Share,,Health Care,Medical/Dental Instruments,,XLV,1,2026-10-09
KTWOR,0002086524,K2 Capital Acquisition Corporation Rights,,,,,,1,2026-10-09
KULR,0001662684,KULR Technology Group Inc. Common Stock,,Technology,Electrical Products,,XLK,1,2026-10-09
KURA,0001422143,Kura Oncology Inc. Common Stock,,Health Care,Biotechnology: Pharmaceutical Preparations,,XLV,1,2026-10-09
KUST,0001342958,Kustom Entertainment Inc. Common Stock,,Technology,Radio And Television Broadcasting And Communications Equipment,,XLK,1,2026-10-09
KVHI,0001007587,KVH Industries Inc. Common Stock,,Consumer Discretionary,Telecommunications Equipment,,XLY,1,2026-10-09
KVUE,0001944048,Kenvue Inc. Common Stock,,Consumer Discretionary,Package Goods/Cosmetics,,XLY,1,2026-10-09
KVYO,0001835830,Klaviyo Inc. Series A Common Stock,,Technology,Computer Software: Prepackaged Software,,XLK,1,2026-10-09
KWR,0000081362,Quaker Houghton Common Stock,,Industrials,Major Chemicals,,XLI,1,2026-10-09
KWY,0001072627,Kingsway Corporation Common Stock,,Financials,Property-Casualty Insurers,,XLF,1,2026-10-09
KXIN,0001713539,Kaixin Holdings Ordinary Shares,,Consumer Discretionary,Retail-Auto Dealers and Gas Stations,,XLY,1,2026-10-09
KYIV,0002062440,Kyivstar Group Ltd. Common Shares,,Communication Services,Telecommunications Equipment,,XLC,1,2026-10-09
KYMR,0001815442,Kymera Therapeutics Inc. Common Stock,,Health Care,Biotechnology: Biological Products (No Diagnostic Substances),,XLV,1,2026-10-09
KYN,0001293613,Kayne Anderson Energy Infrastructure Fund Inc.,,Financials,Finance/Investors Services,,XLF,1,2026-10-09
KYNB,0000921299,Kyntra Bio Inc. Common Stock,,Health Care,Biotechnology: Pharmaceutical Preparations,,XLV,1,2026-10-09
KYTX,0001994702,Kyverna Therapeutics Inc. Common Stock,,Health Care,Biotechnology: Biological Products (No Diagnostic Substances),,XLV,1,2026-10-09
KZIA,0001075880,Kazia Therapeutics Limited American Depositary Shares,,Health Care,Biotechnology: Pharmaceutical Preparations,,XLV,1,2026-10-09
L,0000060086,Loews Corporation Common Stock,,Financials,Property-Casualty Insurers,,XLF,1,2026-10-09
LAB,0001162194,Standard BioTools Inc. Common Stock,,Industrials,Biotechnology: Laboratory Analytical Instruments,,XLI,1,2026-10-09
LABT,0002079272,Lakewood-Amedex Biotherapeutics Inc. Common Stock,,Health Care,Biotechnology: Pharmaceutical Preparations,,XLV,1,2026-10-09
LAC,0001966983,Lithium Americas Corp. Common Shares,,Materials,Metal Mining,,XLB,1,2026-10-09
LAD,0001023128,Lithia Motors Inc. Common Stock,,Consumer Discretionary,Retail-Auto Dealers and Gas Stations,,XLY,1,2026-10-09
LADR,0001577670,Ladder Capital Corp Class A Common Stock,,Real Estate,Real Estate Investment Trusts,,XLRE,1,2026-10-09
LAES,0001951222,SEALSQ Corp Ordinary Shares,,Technology,Semiconductors,,XLK,1,2026-10-09
LAFA,0002079106,LaFayette Acquisition Corp. Ordinary Share,,,,,,1,2026-10-09
LAKE,0000798081,Lakeland Industries Inc. Common Stock,,Health Care,Industrial Specialties,,XLV,1,2026-10-09
LAMR,0001090425,Lamar Advertising Company Class A Common Stock,,Real Estate,Real Estate Investment Trusts,,XLRE,1,2026-10-09
LAND,0001495240,Gladstone Land Corporation Common Stock,,Real Estate,Real Estate Investment Trusts,,XLRE,1,2026-10-09
LANDO,0001495240,Gladstone Land Corporation 6.00% Series B Cumulative Redeemable Preferred Stock,,Real Estate,Real Estate Investment Trusts,,XLRE,1,2026-10-09
LANDP,0001495240,Gladstone Land Corporation 6.00% Series C Cumulative Redeemable Preferred Stock,,Real Estate,Real Estate Investment Trusts,,XLRE,1,2026-10-09
LANV,0001922097,Lanvin Group Holdings Limited Ordinary Shares,,Consumer Discretionary,Apparel,,XLY,1,2026-10-09
LAR,0001440972,Lithium Argentina AG Common Shares,,Materials,Metal Mining,,XLB,1,2026-10-09
LARK,0001141688,Landmark Bancorp Inc. Common Stock,,Financials,Major Banks,,XLF,1,2026-10-09
LASE,0001807887,Laser Photonics Corporation Common Stock,,Miscellaneous,Industrial Machinery/Components,,,1,2026-10-09
LASR,0001124796,nLIGHT Inc. Common Stock,,Technology,Semiconductors,,XLK,1,2026-10-09
LATA,0002076427,Galata Acquisition Corp. II Class A Ordinary Shares,,Financials,Blank Checks,,XLF,1,2026-10-09
LAUR,0000912766,Laureate Education Inc. Common Stock,,Real Estate,Other Consumer Services,,XLRE,1,2026-10-09
LAW,0001625641,CS Disco Inc. Common Stock,,Technology,Computer Software: Prepackaged Software,,XLK,1,2026-10-09
LAZ,0001311370,Lazard Inc. Common Stock,,Financials,Investment Managers,,XLF,1,2026-10-09
LB,0001995807,LandBridge Company LLC Class A Shares Representing Limited Liability Company Interests,,Energy,Oil & Gas Production,,XLE,1,2026-10-09
LBGJ,0001896425,Li Bang International Corporation Class A Ordinary Shares,,Industrials,Industrial Machinery/Components,,XLI,1,2026-10-09
LBRT,0001694028,Liberty Energy Inc. Class A common stock,,Energy,Oilfield Services/Equipment,,XLE,1,2026-10-09
LBRX,0001691082,LB Pharmaceuticals Inc Common Stock,,Health Care,Biotechnology: Pharmaceutical Preparations,,XLV,1,2026-10-09
LBTYA,0001570585,Liberty Global Ltd. Class A Common Shares,,Communication Services,Cable & Other Pay Television Services,,XLC,1,2026-10-09
LBTYB,0001570585,Liberty Global Ltd. Class B Common Shares,,Communication Services,Cable & Other Pay Television Services,,XLC,1,2026-10-09
LBTYK,0001570585,Liberty Global Ltd. Class C Common Shares,,Communication Services,Cable & Other Pay Television Services,,XLC,1,2026-10-09
LCCC,0002049248,Lakeshore Acquisition III Corp. Ordinary Shares,,Financials,Blank Checks,,XLF,1,2026-10-09
LCCCR,0002049248,Lakeshore Acquisition III Corp. Rights,,Financials,Blank Checks,,XLF,1,2026-10-09
LCCCU,0002049248,Lakeshore Acquisition III Corp. Unit,,Financials,Blank Checks,,XLF,1,2026-10-09
LCFY,0001875547,Locafy Limited Ordinary Share,,Technology,Computer Software: Programming Data Processing,,XLK,1,2026-10-09
LCFYW,0001875547,Locafy Limited Warrant,,Technology,Computer Software: Programming Data Processing,,XLK,1,2026-10-09
LCID,0001811210,Lucid Group Inc. Common Stock,,Industrials,Auto Manufacturing,,XLI,1,2026-10-09
LCII,0000763744,LCI Industries,,Consumer Discretionary,Auto Parts:O.E.M.,,XLY,1,2026-10-09
LCLN,0001925283,Lincoln International Inc. Class A Common Stock,,Financials,Investment Managers,,XLF,1,2026-10-09
LCNB,0001074902,LCNB Corporation Common Stock,,Financials,Major Banks,,XLF,1,2026-10-09
LCTX,0000876343,Lineage Cell Therapeutics Inc. Common Stock,,Health Care,Biotechnology: Biological Products (No Diagnostic Substances),,XLV,1,2026-10-09
LCUT,0000874396,Lifetime Brands Inc. Common Stock,,Consumer Discretionary,Industrial Machinery/Components,,XLY,1,2026-10-09
LDI,0001831631,loanDepot Inc. Class A Common Stock,,Financials,Finance: Consumer Services,,XLF,1,2026-10-09
LDOS,0001336920,Leidos Holdings Inc. Common Stock,,Technology,EDP Services,,XLK,1,2026-10-09
LDP,0001548717,Cohen & Steers Limited Duration Preferred and Income Fund Inc.,,Financials,Finance Companies,,XLF,1,2026-10-09
LE,0000799288,Lands' End Inc. Common Stock,,Consumer Discretionary,Clothing/Shoe/Accessory Stores,,XLY,1,2026-10-09
LEA,0000842162,Lear Corporation Common Stock,,Consumer Discretionary,Auto Parts:O.E.M.,,XLY,1,2026-10-09
LECO,0000059527,Lincoln Electric Holdings Inc. Common Shares,,Industrials,Industrial Machinery/Components,,XLI,1,2026-10-09
LEDRU,0002109823,Leader's Advantage Acquisition Corp. Units,,Financials,Blank Checks,,XLF,1,2026-10-09
LEDS,0001333822,SemiLEDS Corporation Common Stock,,Technology,Semiconductors,,XLK,1,2026-10-09
LEE,0000058361,Lee Enterprises Incorporated Common Stock,,Consumer Discretionary,Newspapers/Magazines,,XLY,1,2026-10-09
LEGH,0001436208,Legacy Housing Corporation Common Stock (TX),,Consumer Discretionary,Homebuilding,,XLY,1,2026-10-09
LEGN,0001801198,Legend Biotech Corporation American Depositary Shares,,Health Care,Biotechnology: Pharmaceutical Preparations,,XLV,1,2026-10-09
LEGO,0002087450,Legato Merger Corp. IV Ordinary Shares,,Industrials,Military/Government/Technical,,XLI,1,2026-10-09
LEN,0000920760,Lennar Corporation Class A Common Stock,,Consumer Discretionary,Homebuilding,,XLY,1,2026-10-09
LENZ,0001815776,LENZ Therapeutics Inc. Common Stock,,Health Care,Biotechnology: Biological Products (No Diagnostic Substances),,XLV,1,2026-10-09
LEO,0000818972,BNY Mellon Strategic Municipals Inc. Common Stock,,Financials,Trusts Except Educational Religious and Charitable,,XLF,1,2026-10-09
LEU,0001065059,Centrus Energy Corp. Class A Common Stock,,Industrials,Mining & Quarrying of Nonmetallic Minerals (No Fuels),,XLI,1,2026-10-09
LEVI,0000094845,Levi Strauss & Co Class A Common Stock,,Consumer Discretionary,Apparel,,XLY,1,2026-10-09
LEXX,0001348362,Lexaria Bioscience Corp. Common Stock,,Health Care,Biotechnology: Pharmaceutical Preparations,,XLV,1,2026-10-09
LFAC,0002084563,Leapfrog Acquisition Corporation Class A Ordinary Shares,,Financials,Blank Checks,,XLF,1,2026-10-09
LFACW,0002084563,Leapfrog Acquisition Corporation Warrants,,Financials,Blank Checks,,XLF,1,2026-10-09
LFCR,0001005286,Lifecore Biomedical Inc. Common Stock,,Health Care,Biotechnology: Pharmaceutical Preparations,,XLV,1,2026-10-09
LFMD,0000948320,LifeMD Inc. Common Stock,,Health Care,Medical/Nursing Services,,XLV,1,2026-10-09
LFMDP,0000948320,LifeMD Inc. 8.875% Series A Cumulative Perpetual Preferred Stock,,Health Care,Medical/Nursing Services,,XLV,1,2026-10-09
LFS,0002030277,LEIFRAS Co. Ltd. American Depositary Shares  ,,Real Estate,Other Consumer Services,,XLRE,1,2026-10-09
LFST,0001845257,LifeStance Health Group Inc. Common Stock,,Health Care,Medical/Nursing Services,,XLV,1,2026-10-09
LFT,0001547546,Lument Finance Trust Inc. Common Stock,,Real Estate,Real Estate Investment Trusts,,XLRE,1,2026-10-09
LFTO,0001850351,Liftoff Mobile Inc. Common Stock,,Technology,EDP Services,,XLK,1,2026-10-09
LFT^A,,Lument Finance Trust Inc. 7.875% Series A Cumulative Redeemable Preferred Stock,,,,,,1,2026-10-09
LFUS,0000889331,Littelfuse Inc. Common Stock,,Energy,Electrical Products,,XLE,1,2026-10-09
LFVN,0000849146,Lifevantage Corporation Common Stock (Delaware),,Health Care,Biotechnology: Pharmaceutical Preparations,,XLV,1,2026-10-09
LFWD,0001607962,Lifeward Ltd. Ordinary Shares,,Health Care,Industrial Specialties,,XLV,1,2026-10-09
LGCL,0001954694,Lucas GC Limited Class A Ordinary Shares,,Technology,Computer Software: Programming Data Processing,,XLK,1,2026-10-09
LGCY,0001836754,Legacy Education Inc. Common Stock,,Real Estate,Other Consumer Services,,XLRE,1,2026-10-09
LGHL,0001806524,Lion Group Holding Ltd. American Depositary Share,,Financials,Investment Bankers/Brokers/Service,,XLF,1,2026-10-09
LGI,0001278211,Lazard Global Total Return and Income Fund Common Stock,,,,,,1,2026-10-09
LGIH,0001580670,LGI Homes Inc. Common Stock,,Consumer Discretionary,Homebuilding,,XLY,1,2026-10-09
LGL,0000061004,LGL Group Inc. (The) Common Stock,,Technology,Industrial Machinery/Components,,XLK,1,2026-10-09
LGN,0002052568,Legence Corp. Class A Common stock,,Consumer Discretionary,Engineering & Construction,,XLY,1,2026-10-09
LGND,0000886163,Ligand Pharmaceuticals Incorporated Common Stock,,Health Care,Biotechnology: Pharmaceutical Preparations,,XLV,1,2026-10-09
LGO,0001400438,Largo Inc. Common Shares,,Industrials,Mining & Quarrying of Nonmetallic Minerals (No Fuels),,XLI,1,2026-10-09
LGPS,0002040290,LogProstyle Inc. Common Shares,,Consumer Discretionary,Homebuilding,,XLY,1,2026-10-09
LGVN,0001721484,Longeveron Inc. Class A Common Stock,,Health Care,Biotechnology: Pharmaceutical Preparations,,XLV,1,2026-10-09
LH,0000920148,Labcorp Holdings Inc. Common Stock,,Health Care,Medical Specialities,,XLV,1,2026-10-09
LHAI,0002017758,Linkhome Holdings Inc. Common stock,,Financials,Real Estate,,XLF,1,2026-10-09
LHSW,0002004024,Lianhe Sowell International Group Ltd Class A Ordinary Shares,,Technology,Computer Software: Prepackaged Software,,XLK,1,2026-10-09
LHX,0000202058,L3Harris Technologies Inc. Common Stock,,Industrials,Industrial Machinery/Components,,XLI,1,2026-10-09
LI,0001791706,Li Auto Inc. American Depositary Shares,,Industrials,Auto Manufacturing,,XLI,1,2026-10-09
LICN,0001876766,Lichen International Limited Class A Ordinary Shares,,Consumer Discretionary,Professional Services,,XLY,1,2026-10-09
LIDR,0001818644,AEye Inc. Class A Common Stock,,Consumer Discretionary,Auto Parts:O.E.M.,,XLY,1,2026-10-09
LIEN,0001843162,Chicago Atlantic BDC Inc. Common Stock,,Financials,Finance: Consumer Services,,XLF,1,2026-10-09
LIF,0001581760,Life360 Inc. Common Stock,,Technology,EDP Services,,XLK,1,2026-10-09
LIFE,0001788451,Ethos Technologies Inc. Class A Common Stock,,Financials,Specialty Insurers,,XLF,1,2026-10-09
LII,0001069202,Lennox International Inc. Common Stock,,Industrials,Industrial Machinery/Components,,XLI,1,2026-10-09
LILA,0001712184,Liberty Latin America Ltd. Class A Common Stock,,Communication Services,Cable & Other Pay Television Services,,XLC,1,2026-10-09
LILAK,0001712184,Liberty Latin America Ltd. Class C Common Stock,,Communication Services,Cable & Other Pay Television Services,,XLC,1,2026-10-09
LILAP,0001712184,Liberty Latin America Ltd. 9.0% Fixed Rate Cumulative Perpetual Redeemable Series A Preference Shares,,Communication Services,Cable & Other Pay Television Services,,XLC,1,2026-10-09
LIME,0001699963,Neutron Holdings Inc. Common Stock,,Technology,Computer Software: Prepackaged Software,,XLK,1,2026-10-09
LIMN,0001971387,Liminatus Pharma Inc. Class A Common Stock,,Health Care,Biotechnology: Biological Products (No Diagnostic Substances),,XLV,1,2026-10-09
LIMNW,0001971387,Liminatus Pharma Inc. Warrants,,Health Care,Biotechnology: Biological Products (No Diagnostic Substances),,XLV,1,2026-10-09
LIN,0001707925,Linde plc Ordinary Shares,,Materials,Major Chemicals,,XLB,1,2026-10-09
LINC,0001286613,Lincoln Educational Services Corporation Common Stock,,Real Estate,Other Consumer Services,,XLRE,1,2026-10-09
LIND,0001512499,Lindblad Expeditions Holdings Inc. Common Stock,,Consumer Discretionary,Transportation Services,,XLY,1,2026-10-09
LINE,0001868159,Lineage Inc. Common Stock,,Real Estate,Real Estate Investment Trusts,,XLRE,1,2026-10-09
LINK,0000828146,Interlink Electronics Inc. Common Stock,,Technology,Computer peripheral equipment,,XLK,1,2026-10-09
LION,0002052959,Lionsgate Studios Corp Common Shares,,Consumer Discretionary,Movies/Entertainment,,XLY,1,2026-10-09
LIQT,0001307579,LiqTech International Inc. Common Stock,,Technology,Industrial Machinery/Components,,XLK,1,2026-10-09
LITB,0001523836,LightInTheBox Holding Co. Ltd. American Depositary Shares each representing twelve ordinary shares,,Consumer Discretionary,Catalog/Specialty Distribution,,XLY,1,2026-10-09
LITE,0001633978,Lumentum Holdings Inc. Common Stock,,Communication Services,Telecommunications Equipment,,XLC,1,2026-10-09
LITS,0001262104,Lite Strategy Inc. Common Stock,,Health Care,Biotechnology: Pharmaceutical Preparations,,XLV,1,2026-10-09
LIVE,0001045742,Live Ventures Incorporated Common Stock,,Consumer Discretionary,Other Specialty Stores,,XLY,1,2026-10-09
LIVN,0001639691,LivaNova PLC Ordinary Shares,,Health Care,Biotechnology: Electromedical & Electrotherapeutic Apparatus,,XLV,1,2026-10-09
LKFN,0000721994,Lakeland Financial Corporation Common Stock,,Financials,Major Banks,,XLF,1,2026-10-09
LKFT,0001421876,Lakefront Biotherapeutics American Depositary Shares,,Health Care,Biotechnology: Pharmaceutical Preparations,,XLV,1,2026-10-09
LKQ,0001065696,LKQ Corporation Common Stock,,Consumer Discretionary,Motor Vehicles,,XLY,1,2026-10-09
LKSP,0002043508,Lake Superior Acquisition Corp. Class A Ordinary Shares,,,,,,1,2026-10-09
LKSPR,0002043508,Lake Superior Acquisition Corp. Rights,,,,,,1,2026-10-09
LKSPU,0002043508,Lake Superior Acquisition Corp. Units,,,,,,1,2026-10-09
LLY,0000059478,Eli Lilly and Company Common Stock,,Health Care,Biotechnology: Pharmaceutical Preparations,,XLV,1,2026-10-09
LLYVA,0002078416,Liberty Live Holdings Inc. Series A Liberty Live Group Common Stock,,Consumer Discretionary,Services-Misc. Amusement & Recreation,,XLY,1,2026-10-09
LLYVK,0002078416,Liberty Live Holdings Inc. Series C Liberty Live Group Common Stock,,Consumer Discretionary,Services-Misc. Amusement & Recreation,,XLY,1,2026-10-09
LMAT,0001158895,LeMaitre Vascular Inc. Common Stock,,Health Care,Medical/Dental Instruments,,XLV,1,2026-10-09
LMB,0001606163,Limbach Holdings Inc. Common Stock,,Consumer Discretionary,Engineering & Construction,,XLY,1,2026-10-09
LMND,0001691421,Lemonade Inc. Common Stock,,Financials,Property-Casualty Insurers,,XLF,1,2026-10-09
LMNR,0001342423,Limoneira Co Common Stock,,Consumer Staples,Farming/Seeds/Milling,,XLP,1,2026-10-09
LMRI,0002071288,Lumexa Imaging Holdings Inc. Common Stock,,Health Care,Medical Specialities,,XLV,1,2026-10-09
LMT,0000936468,Lockheed Martin Corporation Common Stock,,Industrials,Military/Government/Technical,,XLI,1,2026-10-09
LNAI,0001527728,Lunai Bioworks Inc. Common Stock,,Health Care,Biotechnology: Pharmaceutical Preparations,,XLV,1,2026-10-09
LNC,0000059558,Lincoln National Corporation Common Stock,,Financials,Life Insurance,,XLF,1,2026-10-09
LNC^D,,Lincoln National Corporation Depositary Shares Each Representing a 1/1000th Interest in a Share of 9.000% Non-Cumulative Preferred Stock Series D,,,,,,1,2026-10-09
LND,0001499849,Brasilagro Brazilian Agric Real Estate Co Sponsored ADR (Brazil),,Consumer Staples,Farming/Seeds/Milling,,XLP,1,2026-10-09
LNG,0000003570,Cheniere Energy Inc. Common Stock,,Utilities,Oil/Gas Transmission,,XLU,1,2026-10-09
LNKS,0001972074,Linkers Industries Limited Class A Ordinary Shares,,Technology,Electrical Products,,XLK,1,2026-10-09
LNN,0000836157,Lindsay Corporation Common Stock,,Industrials,Industrial Machinery/Components,,XLI,1,2026-10-09
LNSR,0001320350,LENSAR Inc. Common Stock,,Health Care,Medical/Dental Instruments,,XLV,1,2026-10-09
LNT,0000352541,Alliant Energy Corporation Common Stock,,Utilities,Power Generation,,XLU,1,2026-10-09
LNTH,0001521036,Lantheus Holdings Inc. Common Stock,,Health Care,Biotechnology: In Vitro & In Vivo Diagnostic Substances,,XLV,1,2026-10-09
LNZA,0001843724,LanzaTech Global Inc. Common Stock,,Industrials,Major Chemicals,,XLI,1,2026-10-09
LNZAW,0001843724,LanzaTech Global Inc. Warrant,,Industrials,Major Chemicals,,XLI,1,2026-10-09
LOAN,0001080340,Manhattan Bridge Capital Inc,,Real Estate,Real Estate Investment Trusts,,XLRE,1,2026-10-09
LOAR,0002000178,Loar Holdings Inc. Common Stock,,Industrials,Military/Government/Technical,,XLI,1,2026-10-09
LOB,0001462120,Live Oak Bancshares Inc. Common Stock,,Financials,Major Banks,,XLF,1,2026-10-09
LOBO,0001932072,LOBO TECHNOLOGIES LTD. Class A Ordinary Shares,,Consumer Discretionary,Motor Vehicles,,XLY,1,2026-10-09
LOB^A,,Live Oak Bancshares Inc. Depositary Shares Each Representing a 1/40th Interest in a Share of 8.375% Fixed Rate Series A Non-Cumulative Perpetual Preferred Stock,,,,,,1,2026-10-09
LOCL,0001840780,Local Bounti Corporation Common Stock,,Consumer Staples,Farming/Seeds/Milling,,XLP,1,2026-10-09
LOCO,0001606366,El Pollo Loco Holdings Inc. Common Stock,,Consumer Discretionary,Restaurants,,XLY,1,2026-10-09
LODE,0001120970,Comstock Inc. Common Stock,,Industrials,Major Chemicals,,XLI,1,2026-10-09
LOGI,0001032975,Logitech International S.A. Ordinary Shares,,Technology,Computer peripheral equipment,,XLK,1,2026-10-09
LOMA,0001711375,Loma Negra Compania Industrial Argentina Sociedad Anonima ADS,,Industrials,Building Materials,,XLI,1,2026-10-09
LONA,0001620463,LeonaBio Inc. Common Stock,,Health Care,Biotechnology: Biological Products (No Diagnostic Substances),,XLV,1,2026-10-09
LOOP,0001504678,Loop Industries Inc. Common Stock,,Industrials,Major Chemicals,,XLI,1,2026-10-09
LOPE,0001434588,Grand Canyon Education Inc. Common Stock,,Real Estate,Other Consumer Services,,XLRE,1,2026-10-09
LOT,0001962746,Lotus Technology Inc. American Depositary Shares,,Industrials,Auto Manufacturing,,XLI,1,2026-10-09
LOTWW,0001962746,Lotus Technology Inc. Warrants,,Industrials,Auto Manufacturing,,XLI,1,2026-10-09
LOVE,0001701758,The Lovesac Company Common Stock,,Consumer Discretionary,Other Specialty Stores,,XLY,1,2026-10-09
LOVIU,0002115191,Live Oak Acquisition Corp. VI Units,,Financials,Blank Checks,,XLF,1,2026-10-09
LOW,0000060667,Lowe's Companies Inc. Common Stock,,Consumer Discretionary,RETAIL: Building Materials,,XLY,1,2026-10-09
LPA,0001997711,Logistic Properties of the Americas Ordinary Shares,,Financials,Real Estate,,XLF,1,2026-10-09
LPAA,0002015502,Launch One Acquisition Corp. Class A Ordinary shares,,,,,,1,2026-10-09
LPAAU,0002015502,Launch One Acquisition Corp. Unit,,Financials,Blank Checks,,XLF,1,2026-10-09
LPAAW,0002015502,Launch One Acquisition Corp. Warrant,,Financials,Blank Checks,,XLF,1,2026-10-09
LPBB,0002023676,Launch Two Acquisition Corp. Class A Ordinary Shares,,,,,,1,2026-10-09
LPBBW,0002023676,Launch Two Acquisition Corp. Warrant,,Financials,Blank Checks,,XLF,1,2026-10-09
LPCN,0001535955,Lipocine Inc. Common Stock,,Health Care,Biotechnology: Pharmaceutical Preparations,,XLV,1,2026-10-09
LPCV,0002083728,Launchpad Cadenza Acquisition Corp I Class A Ordinary Share,,,,,,1,2026-10-09
LPCVW,0002083728,Launchpad Cadenza Acquisition Corp I Warrant,,,,,,1,2026-10-09
LPG,0001596993,Dorian LPG Ltd. Common Stock,,Consumer Discretionary,Marine Transportation,,XLY,1,2026-10-09
LPL,0001290109,LG Display Co Ltd AMERICAN DEPOSITORY SHARES,,Technology,Industrial Machinery/Components,,XLK,1,2026-10-09
LPLA,0001397911,LPL Financial Holdings Inc. Common Stock,,Financials,Investment Bankers/Brokers/Service,,XLF,1,2026-10-09
LPTH,0000889971,LightPath Technologies Inc. Class A Common Stock,,Technology,Semiconductors,,XLK,1,2026-10-09
LPX,0000060519,Louisiana-Pacific Corporation Common Stock,,Materials,Forest Products,,XLB,1,2026-10-09
LQDA,0001819576,Liquidia Corporation Common Stock,,Health Care,Biotechnology: Pharmaceutical Preparations,,XLV,1,2026-10-09
LQDT,0001235468,Liquidity Services Inc. Common Stock,,Consumer Discretionary,Business Services,,XLY,1,2026-10-09
LRCX,0000707549,Lam Research Corporation Common Stock,,Technology,Industrial Machinery/Components,,XLK,1,2026-10-09
LRE,0001888980,Lead Real Estate Co. Ltd American Depositary Shares,,Consumer Discretionary,Homebuilding,,XLY,1,2026-10-09
LRHC,0001879403,La Rosa Holdings Corp. Common Stock,,Financials,Real Estate,,XLF,1,2026-10-09
LRMR,0001374690,Larimar Therapeutics Inc. Common Stock,,Health Care,Biotechnology: Pharmaceutical Preparations,,XLV,1,2026-10-09
LRN,0001157408,Stride Inc. Common Stock,,Real Estate,Other Consumer Services,,XLRE,1,2026-10-09
LSAK,0001041514,Lesaka Technologies Inc. Common Stock,,Financials,Investment Bankers/Brokers/Service,,XLF,1,2026-10-09
LSBK,0002059653,Lake Shore Bancorp Inc. Common Stock,,Financials,Savings Institutions,,XLF,1,2026-10-09
LSCC,0000855658,Lattice Semiconductor Corporation Common Stock,,Technology,Semiconductors,,XLK,1,2026-10-09
LSE,0001985139,Leishen Energy Holding Co. Ltd. Class A Ordinary Shares,,Consumer Discretionary,Oil and Gas Field Machinery,,XLY,1,2026-10-09
LSF,0001650696,Laird Superfood Inc. Common Stock,,Consumer Staples,Packaged Foods,,XLP,1,2026-10-09
LSPD,0001823306,Lightspeed Commerce Inc. Subordinate Voting Shares,,Technology,Computer Software: Prepackaged Software,,XLK,1,2026-10-09
LSTA,0000320017,Lisata Therapeutics Inc. Common Stock,,Health Care,Biotechnology: Pharmaceutical Preparations,,XLV,1,2026-10-09
LSTR,0000853816,Landstar System Inc. Common Stock,,Industrials,Trucking Freight/Courier Services,,XLI,1,2026-10-09
LTBR,0001084554,Lightbridge Corporation Common Stock,,Materials,Major Chemicals,,XLB,1,2026-10-09
LTC,0000887905,LTC Properties Inc. Common Stock,,Real Estate,Real Estate Investment Trusts,,XLRE,1,2026-10-09
LTGO,0002056611,Latigo Biotherapeutics Inc. Common Stock,,Health Care,Biotechnology: Pharmaceutical Preparations,,XLV,1,2026-10-09
LTGR,0002104177,Long Table Growth Corp. Class A Ordinary Shares,,Financials,Blank Checks,,XLF,1,2026-10-09
LTGRU,0002104177,Long Table Growth Corp. Units,,Financials,Blank Checks,,XLF,1,2026-10-09
LTH,0001869198,Life Time Group Holdings Inc. Common Stock,,Consumer Discretionary,Hotels/Resorts,,XLY,1,2026-10-09
LTM,0001047716,LATAM Airlines Group S.A. American Depositary Shares (each representing two thousand (2000) shares of Common Stock),,Consumer Discretionary,Air Freight/Delivery Services,,XLY,1,2026-10-09
LTRN,0001763950,Lantern Pharma Inc. Common Stock,,Health Care,Biotechnology: Pharmaceutical Preparations,,XLV,1,2026-10-09
LTRX,0001114925,Lantronix Inc. Common Stock,,Communication Services,Computer Communications Equipment,,XLC,1,2026-10-09
LTRYW,0001673481,Sports Entertainment Gaming Global Corporation Warrants,,Technology,Computer Software: Prepackaged Software,,XLK,1,2026-10-09
LU,0001816007,Lufax Holding Ltd American Depositary Shares each representing two (2) Ordinary Shares,,Financials,Finance: Consumer Services,,XLF,1,2026-10-09
LUCD,0001799011,Lucid Diagnostics Inc. Common Stock,,Health Care,Medical/Dental Instruments,,XLV,1,2026-10-09
LUCK,0001840572,Lucky Strike Entertainment Corporation Class A Common Stock,,Consumer Discretionary,Services-Misc. Amusement & Recreation,,XLY,1,2026-10-09
LUCY,0001808377,Innovative Eyewear Inc. Common Stock,,Health Care,Ophthalmic Goods,,XLV,1,2026-10-09
LUCYW,0001808377,Innovative Eyewear Inc. Series A Warrants 8/16/27,,Health Care,Ophthalmic Goods,,XLV,1,2026-10-09
LUD,0001984124,Luda Technology Group Limited Ordinary Shares,,Industrials,Steel/Iron Ore,,XLI,1,2026-10-09
LULU,0001397187,lululemon athletica inc. Common Stock,,Consumer Discretionary,Apparel,,XLY,1,2026-10-09
LUMN,0000018926,Lumen Technologies Inc. Common Stock,,Communication Services,Telecommunications Equipment,,XLC,1,2026-10-09
LUNG,0001127537,Pulmonx Corporation Common Stock,,Health Care,Medical/Dental Instruments,,XLV,1,2026-10-09
LUNR,0001844452,Intuitive Machines Inc. Class A Common Stock,,Industrials,Industrial Machinery/Components,,XLI,1,2026-10-09
LUV,0000092380,Southwest Airlines Company Common Stock,,Consumer Discretionary,Air Freight/Delivery Services,,XLY,1,2026-10-09
LUXE,0001831907,LuxExperience B.V. American Depositary Shares each representing one Ordinary Share,,Consumer Discretionary,Catalog/Specialty Distribution,,XLY,1,2026-10-09
LVLU,0001780201,Lulu's Fashion Lounge Holdings Inc. Common Stock,,Consumer Discretionary,Catalog/Specialty Distribution,,XLY,1,2026-10-09
LVO,0001491419,LiveOne Inc. Common Stock,,Consumer Discretionary,Restaurants,,XLY,1,2026-10-09
LVS,0001300514,Las Vegas Sands Corp. Common Stock,,Consumer Discretionary,Hotels/Resorts,,XLY,1,2026-10-09
LVWR,0001898795,LiveWire Group Inc. Common Stock,,Consumer Discretionary,Motor Vehicles,,XLY,1,2026-10-09
LW,0001679273,Lamb Weston Holdings Inc. Common Stock ,,Consumer Staples,Packaged Foods,,XLP,1,2026-10-09
LWAC,0002061379,LightWave Acquisition Corp. Class A Ordinary Shares,,Financials,Blank Checks,,XLF,1,2026-10-09
LWACU,0002061379,LightWave Acquisition Corp. Units,,Financials,Blank Checks,,XLF,1,2026-10-09
LWACW,0002061379,LightWave Acquisition Corp. Warrants,,Financials,Blank Checks,,XLF,1,2026-10-09
LWAY,0000814586,Lifeway Foods Inc. Common Stock,,Consumer Staples,Packaged Foods,,XLP,1,2026-10-09
LWLG,0001325964,Lightwave Logic Inc. Common Stock,,Industrials,Containers/Packaging,,XLI,1,2026-10-09
LX,0001708259,LexinFintech Holdings Ltd. American Depositary Shares,,Financials,Finance: Consumer Services,,XLF,1,2026-10-09
LXEH,0001814067,Lixiang Education Holding Co. Ltd. American Depositary Shares,,Real Estate,Other Consumer Services,,XLRE,1,2026-10-09
LXEO,0001907108,Lexeo Therapeutics Inc. Common Stock,,Health Care,Biotechnology: Biological Products (No Diagnostic Substances),,XLV,1,2026-10-09
LXFR,0001096056,Luxfer Holdings PLC Ordinary Shares,,Materials,Major Chemicals,,XLB,1,2026-10-09
LXP,0000910108,LXP Industrial Trust Common Stock (Maryland REIT),,Real Estate,Real Estate Investment Trusts,,XLRE,1,2026-10-09
LXP^C,,LXP Industrial Trust 6.5% Series C Cumulative Convertible Preferred Stock,,,,,,1,2026-10-09
LXRX,0001062822,Lexicon Pharmaceuticals Inc. Common Stock,,Health Care,Biotechnology: Pharmaceutical Preparations,,XLV,1,2026-10-09
LXU,0000060714,LSB Industries Inc. Common Stock,,Materials,Major Chemicals,,XLB,1,2026-10-09
LYB,0001489393,LyondellBasell Industries NV Ordinary Shares Class A (Netherlands),,Industrials,Major Chemicals,,XLI,1,2026-10-09
LYEL,0001806952,Lyell Immunopharma Inc. Common Stock,,Health Care,Biotechnology: Pharmaceutical Preparations,,XLV,1,2026-10-09
LYFT,0001759509,Lyft Inc. Class A Common Stock,,Consumer Discretionary,Business Services,,XLY,1,2026-10-09
LYG,0001160106,Lloyds Banking Group Plc American Depositary Shares,,Financials,Commercial Banks,,XLF,1,2026-10-09
LYNX,0002132582,Lyntris Inc. Common Stock,,Industrials,Industrial Machinery/Components,,XLI,1,2026-10-09
LYTS,0000763532,LSI Industries Inc. Common Stock,,Consumer Discretionary,Building Products,,XLY,1,2026-10-09
LYV,0001335258,Live Nation Entertainment Inc. Common Stock,,Consumer Discretionary,Services-Misc. Amusement & Recreation,,XLY,1,2026-10-09
LZ,0001286139,LegalZoom.com Inc. Common Stock,,Technology,EDP Services,,XLK,1,2026-10-09
LZB,0000057131,La-Z-Boy Incorporated Common Stock,,Consumer Discretionary,Home Furnishings,,XLY,1,2026-10-09
LZM,0001958217,Lifezone Metals Limited Ordinary Shares,,Materials,Metal Mining,,XLB,1,2026-10-09
LZMH,0001967397,LZ Technology Holdings Limited Class B Ordinary Shares,,Technology,EDP Services,,XLK,1,2026-10-09
M,0000794367,Macy's Inc Common Stock,,Consumer Discretionary,Department/Specialty Retail Stores,,XLY,1,2026-10-09
MA,0001141391,Mastercard Incorporated Common Stock,,Consumer Discretionary,Business Services,,XLY,1,2026-10-09
MAA,0000912595,Mid-America Apartment Communities Inc. Common Stock,,Real Estate,Real Estate Investment Trusts,,XLRE,1,2026-10-09
MAAS,0001750264,Maase Inc. Class A Ordinary Shares,,Financials,Investment Managers,,XLF,1,2026-10-09
MAC,0000912242,Macerich Company (The) Common Stock,,Real Estate,Real Estate Investment Trusts,,XLRE,1,2026-10-09
MACI,0002016221,Melar Acquisition Corp. I Class A Ordinary Shares,,,,,,1,2026-10-09
MACIU,0002016221,Melar Acquisition Corp. I Unit,,Financials,Blank Checks,,XLF,1,2026-10-09
MACIW,0002016221,Melar Acquisition Corp. I Warrant,,Financials,Blank Checks,,XLF,1,2026-10-09
MAGN,0000041719,Magnera Corporation Common Stock,,Materials,Paper,,XLB,1,2026-10-09
MAIA,0001878313,MAIA Biotechnology Inc. Common Stock,,Health Care,Biotechnology: Pharmaceutical Preparations,,XLV,1,2026-10-09
MAIN,0001396440,Main Street Capital Corporation Common Stock,,Financials,Finance/Investors Services,,XLF,1,2026-10-09
MAIR,0002098430,Madison Air Solutions Corporation Class A Common Stock,,Industrials,Pollution Control Equipment,,XLI,1,2026-10-09
MAKO,0001784930,Mako Mining Corp Common Stock,,Materials,Precious Metals,,XLB,1,2026-10-09
MAMA,0001520358,Mama's Creations Inc. Common Stock,,Consumer Staples,Specialty Foods,,XLP,1,2026-10-09
MAMO,0001952853,Massimo Group Common Stock,,Consumer Discretionary,Industrial Specialties,,XLY,1,2026-10-09
MAN,0000871763,ManpowerGroup Common Stock,,Consumer Discretionary,Professional Services,,XLY,1,2026-10-09
MANE,0001827635,Veradermics Incorporated Common Stock,,Health Care,Biotechnology: Pharmaceutical Preparations,,XLV,1,2026-10-09
MANH,0001056696,Manhattan Associates Inc. Common Stock,,Technology,Computer Software: Prepackaged Software,,XLK,1,2026-10-09
MANU,0001549107,Manchester United Ltd. Class A Ordinary Shares,,Consumer Discretionary,Services-Misc. Amusement & Recreation,,XLY,1,2026-10-09
MAR,0001048286,Marriott International Class A Common Stock,,Consumer Discretionary,Hotels/Resorts,,XLY,1,2026-10-09
MARA,0001507605,MARA Holdings Inc. Common Stock,,Financials,Finance: Consumer Services,,XLF,1,2026-10-09
MARPS,0000062362,Marine Petroleum Trust Units of Beneficial Interest,,Energy,Oil & Gas Production,,XLE,1,2026-10-09
MAS,0000062996,Masco Corporation Common Stock,,Industrials,Industrial Specialties,,XLI,1,2026-10-09
MASK,0001993097,3 E Network Technology Group Ltd Class A Ordinary Shares,,Technology,EDP Services,,XLK,1,2026-10-09
MASS,0001555279,908 Devices Inc. Common Stock,,Industrials,Industrial Machinery/Components,,XLI,1,2026-10-09
MAT,0000063276,Mattel Inc. Common Stock,,Consumer Discretionary,Recreational Games/Products/Toys,,XLY,1,2026-10-09
MATH,0001682241,Metalpha Technology Holding Limited Ordinary Shares,,Financials,Finance: Consumer Services,,XLF,1,2026-10-09
MATV,0001000623,Mativ Holdings Inc. Common Stock,,Materials,Paper,,XLB,1,2026-10-09
MATW,0000063296,Matthews International Corporation Class A Common Stock,,Communication Services,Metal Fabrications,,XLC,1,2026-10-09
MATX,0000003453,Matson Inc. Common Stock,,Consumer Discretionary,Marine Transportation,,XLY,1,2026-10-09
MAX,0001818383,MediaAlpha Inc. Class A Common Stock,,Consumer Discretionary,Business Services,,XLY,1,2026-10-09
MAYS,0000054187,J. W. Mays Inc. Common Stock,,Real Estate,Building operators,,XLRE,1,2026-10-09
MAZE,0001842295,Maze Therapeutics Inc. Common Stock,,Health Care,Biotechnology: Biological Products (No Diagnostic Substances),,XLV,1,2026-10-09
MB,0002027265,MasterBeef Group Ordinary Shares,,Consumer Discretionary,Restaurants,,XLY,1,2026-10-09
MBAI,0001610590,MBody AI Ltd. Ordinary Share,,Health Care,Medical Electronics,,XLV,1,2026-10-09
MBBC,0001835385,Marathon Bancorp Inc. Common Stock,,Financials,Banks,,XLF,1,2026-10-09
MBC,0001941365,MasterBrand Inc. Common Stock,,Consumer Discretionary,Home Furnishings,,XLY,1,2026-10-09
MBGL,0002090312,Mobility Global Inc. Common Stock,,Consumer Discretionary,Business Services,,XLY,1,2026-10-09
MBI,0000814585,MBIA Inc. Common Stock,,Financials,Property-Casualty Insurers,,XLF,1,2026-10-09
MBIN,0001629019,Merchants Bancorp Common Stock,,Financials,Major Banks,,XLF,1,2026-10-09
MBINL,0001629019,Merchants Bancorp Depositary Shares Each Representing a 1/40thInterest in a Share of 7.25% Fixed Rate Series E Non-CumulativePerpetual Preferred Stock without par value,,Financials,Major Banks,,XLF,1,2026-10-09
MBINM,0001629019,Merchants Bancorp Depositary Shares Each Representing a 1/40th Interest in a Share of 8.25% Fixed-Rate Reset Series D Non-Cumulative Perpetual Preferred Stock,,Financials,Major Banks,,XLF,1,2026-10-09
MBINN,0001629019,Merchants Bancorp Depositary Shares Preferred Series C,,Financials,Major Banks,,XLF,1,2026-10-09
MBIO,0001680048,Mustang Bio Inc. Common Stock,,Health Care,Biotechnology: Pharmaceutical Preparations,,XLV,1,2026-10-09
MBLY,0001910139,Mobileye Global Inc. Class A Common Stock,,Technology,Computer Software: Prepackaged Software,,XLK,1,2026-10-09
MBNKO,0001000209,Medallion Bank Fixed-Rate Reset Non-Cumulative Perpetual Preferred Stock Series G par value $1.00 per share,,Financials,Commercial Banks,,XLF,1,2026-10-09
MBOT,0000883975,Microbot Medical Inc. Common Stock,,Health Care,Medical/Dental Instruments,,XLV,1,2026-10-09
MBRX,0001659617,Moleculin Biotech Inc. Common Stock,,Health Care,Biotechnology: Pharmaceutical Preparations,,XLV,1,2026-10-09
MBUU,0001590976,Malibu Boats Inc. Class A Common Stock,,Industrials,Marine Transportation,,XLI,1,2026-10-09
MBVI,0002073928,M3-Brigade Acquisition VI Corp. Class A Ordinary Shares,,,,,,1,2026-10-09
MBVIU,0002073928,M3-Brigade Acquisition VI Corp. Units,,Financials,Blank Checks,,XLF,1,2026-10-09
MBWM,0001042729,Mercantile Bank Corporation Common Stock,,Financials,Major Banks,,XLF,1,2026-10-09
MBX,0001776111,MBX Biosciences Inc. Common Stock,,Health Care,Biotechnology: Pharmaceutical Preparations,,XLV,1,2026-10-09
MC,0001596967,Moelis & Company Class A Common Stock,,Financials,Investment Managers,,XLF,1,2026-10-09
MCAH,0002109876,Mountain Crest Acquisition 6 Corp. Ordinary Shares,,Financials,Blank Checks,,XLF,1,2026-10-09
MCB,0001476034,Metropolitan Bank Holding Corp. Common Stock,,Financials,Major Banks,,XLF,1,2026-10-09
MCBS,0001747068,MetroCity Bankshares Inc. Common Stock,,Financials,Major Banks,,XLF,1,2026-10-09
MCD,0000063908,McDonald's Corporation Common Stock,,Consumer Discretionary,Restaurants,,XLY,1,2026-10-09
MCFT,0001638290,MasterCraft Boat Holdings Inc. Common Stock,,Industrials,Marine Transportation,,XLI,1,2026-10-09
MCGA,0002064658,Yorkville Acquisition Corp. Class A Ordinary Share,,Utilities,Electric Utilities: Central,,XLU,1,2026-10-09
MCHB,0001518715,Mechanics Bancorp Class A Common Stock,,Financials,Major Banks,,XLF,1,2026-10-09
MCHP,0000827054,Microchip Technology Incorporated Common Stock,,Technology,Semiconductors,,XLK,1,2026-10-09
MCHPP,0000827054,Microchip Technology Incorporated Depositary Shares Each Representing a 1/20th Interest in a Share of 7.50% Series A Mandatory Convertible Preferred Stock,,Technology,Semiconductors,,XLK,1,2026-10-09
MCHX,0001224133,Marchex Inc. Class B Common Stock,,Technology,Computer Software: Prepackaged Software,,XLK,1,2026-10-09
MCI,0000275694,Barings Corporate Investors Common Stock,,Financials,Trusts Except Educational Religious and Charitable,,XLF,1,2026-10-09
MCK,0000927653,McKesson Corporation Common Stock,,Health Care,Other Pharmaceuticals,,XLV,1,2026-10-09
MCN,0001289868,XAI Madison Equity Premium Income Fund Common Shares,,,,,,1,2026-10-09
MCO,0001059556,Moody's Corporation Common Stock,,Financials,Finance: Consumer Services,,XLF,1,2026-10-09
MCRB,0001609809,Seres Therapeutics Inc. Common Stock,,Health Care,Biotechnology: Pharmaceutical Preparations,,XLV,1,2026-10-09
MCRI,0000907242,Monarch Casino & Resort Inc. Common Stock,,Consumer Discretionary,Hotels/Resorts,,XLY,1,2026-10-09
MCRP,0001993431,Micropolis AI Robotics Ordinary Shares,,Consumer Discretionary,Auto Parts:O.E.M.,,XLY,1,2026-10-09
MCS,0000062234,Marcus Corporation (The) Common Stock,,Consumer Discretionary,Movies/Entertainment,,XLY,1,2026-10-09
MCY,0000064996,Mercury General Corporation Common Stock,,Financials,Property-Casualty Insurers,,XLF,1,2026-10-09
MD,0000893949,Pediatrix Medical Group Inc. Common Stock,,Health Care,Hospital/Nursing Management,,XLV,1,2026-10-09
MDA,0001857047,MDA Space Ltd. Common Shares,,Consumer Discretionary,Electronic Components,,XLY,1,2026-10-09
MDAI,0001833498,Spectral AI Inc. Class A Common Stock,,Health Care,Medical/Dental Instruments,,XLV,1,2026-10-09
MDAIW,0001833498,Spectral AI Inc. Warrants,,Health Care,Medical/Dental Instruments,,XLV,1,2026-10-09
MDB,0001441816,MongoDB Inc. Class A Common Stock,,Technology,Computer Software: Prepackaged Software,,XLK,1,2026-10-09
MDBH,0001934642,MDB Capital Holdings LLC Class A common,,Financials,Finance: Consumer Services,,XLF,1,2026-10-09
MDCX,0001997296,Medicus Pharma Ltd. Common Stock  ,,Health Care,Biotechnology: Pharmaceutical Preparations,,XLV,1,2026-10-09
MDGL,0001157601,Madrigal Pharmaceuticals Inc. Common Stock,,Health Care,Biotechnology: Pharmaceutical Preparations,,XLV,1,2026-10-09
MDIA,0001784254,Mediaco Holding Inc. Class A Common Stock ,,Consumer Discretionary,Broadcasting,,XLY,1,2026-10-09
MDLN,0002046386,Medline Inc. Class A Common Stock,,Health Care,Medical/Dental Instruments,,XLV,1,2026-10-09
MDLZ,0001103982,Mondelez International Inc. Class A Common Stock,,Consumer Staples,Packaged Foods,,XLP,1,2026-10-09
MDRR,0001654595,Medalist Diversified Inc. Common Stock,,Real Estate,Real Estate Investment Trusts,,XLRE,1,2026-10-09
MDT,0001613103,Medtronic plc. Ordinary Shares,,Health Care,Biotechnology: Electromedical & Electrotherapeutic Apparatus,,XLV,1,2026-10-09
MDU,0000067716,MDU Resources Group Inc. Common Stock (Holding Company),,Industrials,Mining & Quarrying of Nonmetallic Minerals (No Fuels),,XLI,1,2026-10-09
MDWD,0001593984,MediWound Ltd. Ordinary Shares,,Health Care, Medicinal Chemicals and Botanical Products ,,XLV,1,2026-10-09
MDXG,0001376339,MiMedx Group Inc Common Stock,,Health Care,Medical/Dental Instruments,,XLV,1,2026-10-09
MDXH,0001872529,MDxHealth SA Ordinary Shares,,Health Care,Medical Specialities,,XLV,1,2026-10-09
MEC,0001766368,Mayville Engineering Company Inc. Common Stock,,Industrials,Industrial Specialties,,XLI,1,2026-10-09
MED,0000910329,MEDIFAST INC Common Stock,,Consumer Staples,Packaged Foods,,XLP,1,2026-10-09
MEDP,0001668397,Medpace Holdings Inc. Common Stock,,Health Care,Biotechnology: Commercial Physical & Biological Resarch,,XLV,1,2026-10-09
MEDS,0002030763,DataMeds AI Inc. Common Stock,,Health Care,Other Pharmaceuticals,,XLV,1,2026-10-09
MEGI,0001855066,NYLIM CBRE Global Infrastructure Megatrends Term Fund Common Shares,,Financials,Investment Managers,,XLF,1,2026-10-09
MEGL,0001881472,Magic Empire Global Limited Class A Ordinary Shares,,Financials,Finance: Consumer Services,,XLF,1,2026-10-09
MEI,0000065270,Methode Electronics Inc. Common Stock,,Technology,Electrical Products,,XLK,1,2026-10-09
MELI,0001099590,MercadoLibre Inc. Common Stock,,Consumer Discretionary,Business Services,,XLY,1,2026-10-09
MENS,0001954488,Jyong Biotech Ltd. Ordinary Shares,,Health Care,Biotechnology: Pharmaceutical Preparations,,XLV,1,2026-10-09
MEOH,0000886977,Methanex Corporation Common Stock,,Industrials,Major Chemicals,,XLI,1,2026-10-09
MERC,0001333274,Mercer International Inc. Common Stock,,Materials,Paper,,XLB,1,2026-10-09
MER^K,,Bank of America Corporation Income Capital Obligation Notes initially due December 15 2066,,,,,,1,2026-10-09
MESH,0002081468,Meshflow Acquisition Corp. Class A Ordinary Shares,,,,,,1,2026-10-09
MESHU,0002081468,Meshflow Acquisition Corp. Units,,,,,,1,2026-10-09
MESHW,0002081468,Meshflow Acquisition Corp. Warrants,,,,,,1,2026-10-09
MESO,0001345099,Mesoblast Limited American Depositary Shares,,Health Care,Biotechnology: Biological Products (No Diagnostic Substances),,XLV,1,2026-10-09
MET,0001099219,MetLife Inc. Common Stock,,Financials,Life Insurance,,XLF,1,2026-10-09
META,0001326801,Meta Platforms Inc. Class A Common Stock,,Technology,Computer Software: Programming Data Processing,,XLK,1,2026-10-09
METC,0001687187,Ramaco Resources Inc. Class A Common Stock,,Energy,Coal Mining,,XLE,1,2026-10-09
METCB,0001687187,Ramaco Resources Inc. Class B Common Stock,,Energy,Coal Mining,,XLE,1,2026-10-09
METCI,0001687187,Ramaco Resources Inc. 8.250% Senior Notes due 2030,,Energy,Coal Mining,,XLE,1,2026-10-09
METCZ,0001687187,Ramaco Resources Inc. 8.375% Senior Notes due 2029,,Energy,Coal Mining,,XLE,1,2026-10-09
MET^A,,MetLife Inc. Preferred Series A Floating Rate,,,,,,1,2026-10-09
MET^E,,MetLife Inc. Depositary Shares ,,,,,,1,2026-10-09
MET^F,,MetLife Inc. Depositary Shares each representing a 1/1000th interest in a share of 4.75% Non-Cumulative Preferred Stock Series F,,,,,,1,2026-10-09
MEVO,0002087361,M Evo Global Acquisition Corp II Class A Ordinary Shares,,Financials,Blank Checks,,XLF,1,2026-10-09
MF,0001888525,MindForge Inc. Class A Ordinary Shares,,Technology,Computer Software: Programming Data Processing,,XLK,1,2026-10-09
MFA,0001055160,MFA Financial Inc.,,Real Estate,Real Estate Investment Trusts,,XLRE,1,2026-10-09
MFAN,0001055160,MFA Financial Inc. 8.875% Senior Notes due 2029,,Real Estate,Real Estate Investment Trusts,,XLRE,1,2026-10-09
MFAO,0001055160,MFA Financial Inc. 9.000% Senior Notes due 2029,,Real Estate,Real Estate Investment Trusts,,XLRE,1,2026-10-09
MFA^B,,MFA Financial Inc. Preferred Series B,,,,,,1,2026-10-09
MFA^C,,MFA Financial Inc. 6.50% Series C Fixed-to-Floating Rate Cumulative Redeemable Preferred Stock,,,,,,1,2026-10-09
MFC,0001086888,Manulife Financial Corporation Common Stock,,Financials,Life Insurance,,XLF,1,2026-10-09
MFG,0001335730,Mizuho Financial Group Inc. Sponosred ADR (Japan),,Financials,Major Banks,,XLF,1,2026-10-09
MFI,0001940941,mF International Limited Class A Ordinary Shares,,Technology,EDP Services,,XLK,1,2026-10-09
MFIC,0001278752,MidCap Financial Investment Corporation Common Stock,,Financials,Finance/Investors Services,,XLF,1,2026-10-09
MFICL,0001278752,MidCap Financial Investment Corporation 8.00% Notes due 2028,,Financials,Finance/Investors Services,,XLF,1,2026-10-09
MFIN,0001000209,Medallion Financial Corp. Common Stock,,Financials,Finance: Consumer Services,,XLF,1,2026-10-09
MFM,0000801961,Aberdeen Municipal Income Fund Common Shares of Beneficial Interest,,Financials,Finance Companies,,XLF,1,2026-10-09
MFP,0002088281,Midera Food Processing Inc. Common Stock,,Industrials,Industrial Machinery/Components,,XLI,1,2026-10-09
MG,0001436126,Mistras Group Inc Common Stock,,Consumer Discretionary,Military/Government/Technical,,XLY,1,2026-10-09
MGA,0000749098,Magna International Inc. Common Stock,,Consumer Discretionary,Auto Parts:O.E.M.,,XLY,1,2026-10-09
MGEE,0001161728,MGE Energy Inc,,Energy,Electric Utilities: Central,,XLE,1,2026-10-09
MGF,0000811922,Aberdeen Government Markets Income Fund Common Shares of Beneficial Interest,,Financials,Trusts Except Educational Religious and Charitable,,XLF,1,2026-10-09
MGIH,0001903995,Millennium Group International Holdings Limited Ordinary Shares,,Consumer Discretionary,Publishing,,XLY,1,2026-10-09
MGLD,0001005101,The Marygold Companies Inc. Common Stock,,Financials,Finance: Consumer Services,,XLF,1,2026-10-09
MGM,0000789570,MGM Resorts International Common Stock,,Consumer Discretionary,Hotels/Resorts,,XLY,1,2026-10-09
MGN,0001995075,Megan Holdings Limited Class A Ordinary Shares,,Consumer Staples,Farming/Seeds/Milling,,XLP,1,2026-10-09
MGNI,0001595974,Magnite Inc. Common Stock,,Technology,Computer Software: Programming Data Processing,,XLK,1,2026-10-09
MGNX,0001125345,MacroGenics Inc. Common Stock,,Health Care,Biotechnology: Pharmaceutical Preparations,,XLV,1,2026-10-09
MGPI,0000835011,MGP Ingredients Inc.,,Consumer Staples,Beverages (Production/Distribution),,XLP,1,2026-10-09
MGR,0001004434,Affiliated Managers Group Inc. 5.875% Junior Subordinated Notes due 2059,,Financials,Investment Managers,,XLF,1,2026-10-09
MGRB,0001004434,Affiliated Managers Group Inc. 4.750% Junior Subordinated Notes due 2060,,Financials,Investment Managers,,XLF,1,2026-10-09
MGRC,0000752714,McGrath RentCorp Common Stock,,Consumer Discretionary,Diversified Commercial Services,,XLY,1,2026-10-09
MGRD,0001004434,Affiliated Managers Group Inc. 4.200% Junior Subordinated Notes due 2061,,Financials,Investment Managers,,XLF,1,2026-10-09
MGRE,0001004434,Affiliated Managers Group Inc. 6.750% Junior Subordinated Notes due 2064,,Financials,Investment Managers,,XLF,1,2026-10-09
MGRT,0002033377,Mega Fortune Company Limited Ordinary Shares,,Technology,EDP Services,,XLK,1,2026-10-09
MGRX,0001938046,Mangoceuticals Inc. Common Stock,,Health Care,Misc Health and Biotechnology Services,,XLV,1,2026-10-09
MGTX,0001735438,MeiraGTx Holdings plc Ordinary Shares,,Health Care,Biotechnology: Biological Products (No Diagnostic Substances),,XLV,1,2026-10-09
MGX,0001785279,Metagenomi Therapeutics Inc. Common Stock,,Health Care,Biotechnology: Biological Products (No Diagnostic Substances),,XLV,1,2026-10-09
MGY,0001698990,Magnolia Oil & Gas Corporation Class A Common Stock,,Energy,Oil & Gas Production,,XLE,1,2026-10-09
MGYR,0001337068,Magyar Bancorp Inc. Common Stock,,Financials,Savings Institutions,,XLF,1,2026-10-09
MH,0001951070,McGraw Hill Inc. Common Stock,,Consumer Discretionary,Publishing,,XLY,1,2026-10-09
MHD,0001034665,Blackrock MuniHoldings Fund Inc. Common Stock,,Financials,Investment Bankers/Brokers/Service,,XLF,1,2026-10-09
MHF,0000830487,Western Asset Municipal High Income Fund Inc. Common Stock,,Financials,Finance/Investors Services,,XLF,1,2026-10-09
MHH,0001437226,Mastech Digital Inc Common Stock,,Consumer Discretionary,Professional Services,,XLY,1,2026-10-09
MHK,0000851968,Mohawk Industries Inc. Common Stock,,Consumer Discretionary,Home Furnishings,,XLY,1,2026-10-09
MHLA,0001412100,Maiden Holdings Ltd. 6.625% Notes due 2046,,Financials,Property-Casualty Insurers,,XLF,1,2026-10-09
MHNC,0001412100,Maiden Holdings North America Ltd. 7.75% Notes due 2043,,Financials,Property-Casualty Insurers,,XLF,1,2026-10-09
MHO,0000799292,M/I Homes Inc. Common Stock,,Consumer Discretionary,Homebuilding,,XLY,1,2026-10-09
MI,0001958713,NFT Limited Class A Ordinary Share,,Financials,Finance: Consumer Services,,XLF,1,2026-10-09
MIAC,0002136530,Meridian3 Industrials Acquisition Corp Class A Ordinary Shares,,,,,,1,2026-10-09
MIACU,0002136530,Meridian3 Industrials Acquisition Corp Units,,,,,,1,2026-10-09
MIAX,0001438472,Miami International Holdings Inc. Common Stock,,Financials,Investment Bankers/Brokers/Service,,XLF,1,2026-10-09
MICC,0002071668,The Magnum Ice Cream Company N.V. Ordinary Shares,,Consumer Staples,Specialty Foods,,XLP,1,2026-10-09
MIDD,0000769520,Middleby Corporation (The) Common Stock,,Industrials,Industrial Machinery/Components,,XLI,1,2026-10-09
MIMI,0001998560,Mint Incorporation Limited Class A Ordinary Shares,,Consumer Discretionary,Business Services,,XLY,1,2026-10-09
MIN,0000826735,Aberdeen Intermediate Income Fund Common Shares of Beneficial Interest,,Financials,Trusts Except Educational Religious and Charitable,,XLF,1,2026-10-09
MIND,0000926423,MIND Technology Inc. Common Stock (DE),,Industrials,Industrial Machinery/Components,,XLI,1,2026-10-09
MINE,0001823255,Mayfair Gold Corp. Common Shares,,Energy,Oil & Gas Production,,XLE,1,2026-10-09
MIR,0001809987,Mirion Technologies Inc. Class A Common Stock,,Industrials,Industrial Machinery/Components,,XLI,1,2026-10-09
MIRA,0001904286,MIRA Pharmaceuticals Inc. Common Stock,,Health Care,Biotechnology: Pharmaceutical Preparations,,XLV,1,2026-10-09
MIRM,0001759425,Mirum Pharmaceuticals Inc. Common Stock,,Health Care,Biotechnology: Pharmaceutical Preparations,,XLV,1,2026-10-09
MIST,0001408443,Milestone Pharmaceuticals Inc. Common Shares,,Health Care,Biotechnology: Pharmaceutical Preparations,,XLV,1,2026-10-09
MITK,0000807863,Mitek Systems Inc. Common Stock,,Technology,Computer peripheral equipment,,XLK,1,2026-10-09
MITN,0001514281,TPG Mortgage Investment Trust Inc. 9.500% Senior Notes due 2029,,Real Estate,Real Estate Investment Trusts,,XLRE,1,2026-10-09
MITP,0001514281,TPG Mortgage Investment Trust Inc. 9.500% Senior Notes due 2029,,Real Estate,Real Estate Investment Trusts,,XLRE,1,2026-10-09
MITQ,0001770236,Moving iMage Technologies Inc. Common Stock,,Consumer Discretionary,Industrial Machinery/Components,,XLY,1,2026-10-09
MITT,0001514281,TPG Mortgage Investment Trust Inc. Common Stock,,Real Estate,Real Estate Investment Trusts,,XLRE,1,2026-10-09
MITT^A,,TPG Mortgage Investment Trust Inc. 8.25% Series A Cumulative Redeemable Preferred Stock,,,,,,1,2026-10-09
MITT^B,,TPG Mortgage Investment Trust Inc. 8.00% Series B Cumulative Redeemable Preferred Stock,,,,,,1,2026-10-09
MITT^C,,TPG Mortgage Investment Trust Inc. 8.00% Series C Fixed-to-Floating Rate Cumulative Redeemable Preferred Stock $0.01 par value per share,,,,,,1,2026-10-09
MIY,0000890393,Blackrock MuniYield Michigan Quality Fund Inc. Common Stock,,Financials,Investment Bankers/Brokers/Service,,XLF,1,2026-10-09
MKC,0000063754,McCormick & Company Incorporated Common Stock,,Consumer Staples,Packaged Foods,,XLP,1,2026-10-09
MKDW,0001991332,MKDWELL Tech Inc. Ordinary Share,,Technology,Consumer Electronics/Appliances,,XLK,1,2026-10-09
MKL,0001096343,Markel Group Inc. Common Stock,,Financials,Property-Casualty Insurers,,XLF,1,2026-10-09
MKLY,0002067592,McKinley Acquisition Corporation Class A Ordinary Shares,,Financials,Blank Checks,,XLF,1,2026-10-09
MKLYR,0002067592,McKinley Acquisition Corporation Rights,,Financials,Blank Checks,,XLF,1,2026-10-09
MKLYU,0002067592,McKinley Acquisition Corporation Units,,Financials,Blank Checks,,XLF,1,2026-10-09
MKSI,0001049502,MKS Inc. Common Stock,,Industrials,Industrial Machinery/Components,,XLI,1,2026-10-09
MKTW,0001805651,MarketWise Inc. Class A Common Stock,,Technology,Computer Software: Prepackaged Software,,XLK,1,2026-10-09
MKTX,0001278021,MarketAxess Holdings Inc. Common Stock,,Financials,Investment Bankers/Brokers/Service,,XLF,1,2026-10-09
MKZR,0001550913,MacKenzie Realty Capital Inc. Common Stock,,Real Estate,Real Estate Investment Trusts,,XLRE,1,2026-10-09
MLAA,0002094265,Mountain Lake Acquisition Corp. II Class A Ordinary Shares,,Financials,Blank Checks,,XLF,1,2026-10-09
MLAAW,0002094265,Mountain Lake Acquisition Corp. II Warrants,,Financials,Blank Checks,,XLF,1,2026-10-09
MLAB,0000724004,Mesa Laboratories Inc. Common Stock,,Industrials,Industrial Machinery/Components,,XLI,1,2026-10-09
MLCI,0002051820,Mount Logan Capital Inc. Common Stock,,Financials,Investment Managers,,XLF,1,2026-10-09
MLCIL,0002051820,Mount Logan Capital Inc. 8.00% Notes Due 2031,,Financials,Investment Managers,,XLF,1,2026-10-09
MLCO,0001381640,Melco Resorts & Entertainment Limited American Depositary Shares,,Consumer Discretionary,Hotels/Resorts,,XLY,1,2026-10-09
MLEC,0001937737,Moolec Science SA Ordinary Shares,,Financials,Blank Checks,,XLF,1,2026-10-09
MLECW,0001937737,Moolec Science SA Warrant,,Financials,Blank Checks,,XLF,1,2026-10-09
MLGO,0001800392,MicroAlgo Inc. Class A Ordinary Shares,,Technology,EDP Services,,XLK,1,2026-10-09
MLI,0000089439,Mueller Industries Inc. Common Stock,,Industrials,Metal Fabrications,,XLI,1,2026-10-09
MLKN,0000066382,MillerKnoll Inc. Common Stock,,Consumer Discretionary,Office Equipment/Supplies/Services,,XLY,1,2026-10-09
MLM,0000916076,Martin Marietta Materials Inc. Common Stock,,Industrials,Mining & Quarrying of Nonmetallic Minerals (No Fuels),,XLI,1,2026-10-09
MLP,0000063330,Maui Land & Pineapple Company Inc. Common Stock,,Financials,Real Estate,,XLF,1,2026-10-09
MLR,0000924822,Miller Industries Inc. Common Stock,,Consumer Discretionary,Construction/Ag Equipment/Trucks,,XLY,1,2026-10-09
MLSS,0000855683,Milestone Scientific Inc. Common Stock,,Health Care,Industrial Specialties,,XLV,1,2026-10-09
MLTX,0001821586,MoonLake Immunotherapeutics Class A Ordinary Shares,,Health Care,Biotechnology: Pharmaceutical Preparations,,XLV,1,2026-10-09
MLYS,0001933414,Mineralys Therapeutics Inc. Common Stock,,Health Care,Biotechnology: Pharmaceutical Preparations,,XLV,1,2026-10-09
MMA,0001981519,Mixed Martial Arts Group Limited Ordinary Shares,,Consumer Discretionary,Other Consumer Services,,XLY,1,2026-10-09
MMD,0001518557,NYLIM MacKay DefinedTerm Muni Opportunities Fund Common Shares,,Financials,Investment Managers,,XLF,1,2026-10-09
MMED,0002062583,MiniMed Group Inc. Common Stock,,Health Care,Medical/Dental Instruments,,XLV,1,2026-10-09
MMEDV,0002062583,MiniMed Group Inc. Common Stock When Issued,,Health Care,Medical/Dental Instruments,,XLV,1,2026-10-09
MMI,0001578732,Marcus & Millichap Inc. Common Stock,,Financials,Real Estate,,XLF,1,2026-10-09
MMLP,0001176334,Martin Midstream Partners L.P. Limited Partnership,,Energy,Oil Refining/Marketing,,XLE,1,2026-10-09
MMM,0000066740,3M Company Common Stock,,Health Care,Medical/Dental Instruments,,XLV,1,2026-10-09
MMS,0001032220,Maximus Inc. Common Stock,,Consumer Discretionary,Business Services,,XLY,1,2026-10-09
MMSI,0000856982,Merit Medical Systems Inc. Common Stock,,Health Care,Medical/Dental Instruments,,XLV,1,2026-10-09
MMT,0000809173,Aberdeen Multi-Market Income Fund Common Shares of Beneficial Interest,,Financials,Trusts Except Educational Religious and Charitable,,XLF,1,2026-10-09
MMTX,0002077033,Miluna Acquisition Corp Class A Ordinary Share,,Financials,Blank Checks,,XLF,1,2026-10-09
MMTXU,0002077033,Miluna Acquisition Corp Units,,Financials,Blank Checks,,XLF,1,2026-10-09
MMTXW,0002077033,Miluna Acquisition Corp Warrant,,Financials,Blank Checks,,XLF,1,2026-10-09
MMU,0000886043,Western Asset Managed Municipals Fund Inc. Common Stock,,Financials,Investment Managers,,XLF,1,2026-10-09
MMYT,0001495153,MakeMyTrip Limited Ordinary Shares,,Consumer Discretionary,Transportation Services,,XLY,1,2026-10-09
MNDO,0001119083,MIND C.T.I. Ltd. Ordinary Shares,,Technology,EDP Services,,XLK,1,2026-10-09
MNDR,0001976695,Mobile-health Network Solutions Class A Ordinary Shares,,Technology,Computer Software: Prepackaged Software,,XLK,1,2026-10-09
MNDY,0001845338,monday.com Ltd. Ordinary Shares,,Technology,Computer Software: Prepackaged Software,,XLK,1,2026-10-09
MNKD,0000899460,MannKind Corporation Common Stock,,Health Care,Biotechnology: Pharmaceutical Preparations,,XLV,1,2026-10-09
MNOV,0001226616,Medicinova Inc Common Stock,,Health Care,Biotechnology: Pharmaceutical Preparations,,XLV,1,2026-10-09
MNPR,0001645469,Monopar Therapeutics Inc. Common Stock,,Health Care,Biotechnology: Pharmaceutical Preparations,,XLV,1,2026-10-09
MNR,0001980088,Mach Natural Resources LP Common Units representing Limited Partner Interests,,Energy,Oil & Gas Production,,XLE,1,2026-10-09
MNRO,0000876427,Monro Inc. Common Stock,,Consumer Discretionary,Automotive Aftermarket,,XLY,1,2026-10-09
MNSB,0001693577,MainStreet Bancshares Inc. Common Stock,,Financials,Major Banks,,XLF,1,2026-10-09
MNSBP,0001693577,MainStreet Bancshares Inc. Depositary Shares,,Financials,Major Banks,,XLF,1,2026-10-09
MNSO,0001815846,MINISO Group Holding Limited American Depositary Shares each representing four Ordinary Shares,,Consumer Discretionary,Department/Specialty Retail Stores,,XLY,1,2026-10-09
MNST,0000865752,Monster Beverage Corporation,,Consumer Staples,Beverages (Production/Distribution),,XLP,1,2026-10-09
MNTK,0001826600,Montauk Renewables Inc. Common Stock,,Utilities,Natural Gas Distribution,,XLU,1,2026-10-09
MNTN,0001891027,MNTN Inc. Class A Common Stock,,Consumer Discretionary,Advertising,,XLY,1,2026-10-09
MNTS,0001781162,Momentus Inc. Class A Common Stock,,Industrials,Military/Government/Technical,,XLI,1,2026-10-09
MNY,0001974044,MoneyHero Limited Class A Ordinary Shares,,Consumer Discretionary,Business Services,,XLY,1,2026-10-09
MNYWW,0001974044,MoneyHero Limited Warrants,,Consumer Discretionary,Business Services,,XLY,1,2026-10-09
MO,0000764180,Altria Group Inc.,,Health Care, Medicinal Chemicals and Botanical Products ,,XLV,1,2026-10-09
MOB,0001898643,Mobilicom Limited Ordinary Shares,,Industrials,Aerospace,,XLI,1,2026-10-09
MOBBW,0001898643,Mobilicom Limited Warrants,,Industrials,Aerospace,,XLI,1,2026-10-09
MOBI,0001489993,Mobia Medical Inc. Common Stock,,Health Care,Medical/Dental Instruments,,XLV,1,2026-10-09
MOBX,0001855467,Mobix Labs Inc. Class A Common Stock,,Technology,Semiconductors,,XLK,1,2026-10-09
MOBXW,0001855467,Mobix Labs Inc Warrants,,Technology,Semiconductors,,XLK,1,2026-10-09
MOD,0000067347,Modine Manufacturing Company Common Stock,,Consumer Discretionary,Auto Parts:O.E.M.,,XLY,1,2026-10-09
MODD,0001074871,Modular Medical Inc. Common Stock,,Health Care,Medical/Dental Instruments,,XLV,1,2026-10-09
MOGU,0001743971,MOGU Inc. American Depositary Shares (each  representing 25 Class A Ordinary Shares),,Consumer Discretionary,Business Services,,XLY,1,2026-10-09
MOH,0001179929,Molina Healthcare Inc Common Stock,,Health Care,Medical Specialities,,XLV,1,2026-10-09
MOLN,0001745114,Molecular Partners AG American Depositary Shares,,Health Care,Biotechnology: Biological Products (No Diagnostic Substances),,XLV,1,2026-10-09
MOMO,0001610601,Hello Group Inc. American Depositary Shares,,Technology,Computer Software: Prepackaged Software,,XLK,1,2026-10-09
MORN,0001289419,Morningstar Inc. Common Stock,,Financials,Investment Managers,,XLF,1,2026-10-09
MOS,0001285785,Mosaic Company (The) Common Stock,,Industrials,Agricultural Chemicals,,XLI,1,2026-10-09
MOV,0000072573,Movado Group Inc. Common Stock,,Consumer Discretionary,Consumer Specialties,,XLY,1,2026-10-09
MOVE,0001734750,Corvex Inc. Common Stock,,Technology,EDP Services,,XLK,1,2026-10-09
MP,0001801368,MP Materials Corp. Common Stock,,Materials,Metal Mining,,XLB,1,2026-10-09
MPA,0000891038,Blackrock MuniYield Pennsylvania Quality Fund Common Stock,,Financials,Finance Companies,,XLF,1,2026-10-09
MPAA,0000918251,Motorcar Parts  of America Inc. Common Stock,,Consumer Discretionary,Auto Parts:O.E.M.,,XLY,1,2026-10-09
MPB,0000879635,Mid Penn Bancorp Common Stock,,Financials,Major Banks,,XLF,1,2026-10-09
MPC,0001510295,Marathon Petroleum Corporation Common Stock,,Energy,Integrated oil Companies,,XLE,1,2026-10-09
MPLT,0001770069,MapLight Therapeutics Inc. Common Stock,,Health Care,Biotechnology: Pharmaceutical Preparations,,XLV,1,2026-10-09
MPLX,0001552000,MPLX LP Common Units Representing Limited Partner Interests,,Energy,Natural Gas Distribution,,XLE,1,2026-10-09
MPT,0001287865,Medical Properties Trust Inc. common stock,,Real Estate,Real Estate Investment Trusts,,XLRE,1,2026-10-09
MPTI,0001902314,M-tron Industries Inc. Common Stock,,Technology,Industrial Machinery/Components,,XLK,1,2026-10-09
MPU,0001953021,Mega Matrix Inc. Class A Ordinary Shares,,Consumer Discretionary,Movies/Entertainment,,XLY,1,2026-10-09
MPV,0000831655,Barings Participation Investors Common Stock,,Financials,Finance Companies,,XLF,1,2026-10-09
MPWR,0001280452,Monolithic Power Systems Inc. Common Stock,,Technology,Semiconductors,,XLK,1,2026-10-09
MQ,0001522540,Marqeta Inc. Class A Common Stock,,Technology,Computer Software: Prepackaged Software,,XLK,1,2026-10-09
MQY,0000890196,Blackrock MuniYield Quality Fund Inc. Common Stock,,Financials,Investment Bankers/Brokers/Service,,XLF,1,2026-10-09
MRAM,0001438423,Everspin Technologies Inc. Common Stock,,Technology,Semiconductors,,XLK,1,2026-10-09
MRBK,0001750735,Meridian Corporation Common Stock,,Financials,Major Banks,,XLF,1,2026-10-09
MRCO,0002106436,Mercator Acquisition Corp. Class A Ordinary Shares,,Financials,Blank Checks,,XLF,1,2026-10-09
MRCOU,0002106436,Mercator Acquisition Corp. Units,,Financials,Blank Checks,,XLF,1,2026-10-09
MRCOW,0002106436,Mercator Acquisition Corp. Warrant,,Financials,Blank Checks,,XLF,1,2026-10-09
MRCY,0001049521,Mercury Systems Inc Common Stock,,Technology,Electrical Products,,XLK,1,2026-10-09
MRDN,0001437925,Meridian Holdings Inc. Common Stock,,Technology,Computer Software: Prepackaged Software,,XLK,1,2026-10-09
MREO,0001719714,Mereo BioPharma Group plc American Depositary Shares,,Health Care,Biotechnology: Pharmaceutical Preparations,,XLV,1,2026-10-09
MRK,0000310158,Merck & Company Inc. Common Stock (new),,Health Care,Biotechnology: Pharmaceutical Preparations,,XLV,1,2026-10-09
MRKR,0001094038,Marker Therapeutics Inc. Common Stock,,Health Care,Biotechnology: Pharmaceutical Preparations,,XLV,1,2026-10-09
MRLN,0002028707,Merlin Inc. Common Stock,,Technology,EDP Services,,XLK,1,2026-10-09
MRM,0001819704,MEDIROM Healthcare Technologies Inc. American Depositary Share,,Consumer Discretionary,Other Consumer Services,,XLY,1,2026-10-09
MRNA,0001682852,Moderna Inc. Common Stock,,Health Care,Biotechnology: Biological Products (No Diagnostic Substances),,XLV,1,2026-10-09
MRNO,0001988776,Murano Global Investments PLC Ordinary Shares,,Consumer Discretionary,Hotels/Resorts,,XLY,1,2026-10-09
MRNOW,0001988776,Murano Global Investments PLC Warrants,,Consumer Discretionary,Hotels/Resorts,,XLY,1,2026-10-09
MRP,0002017206,Millrose Properties Inc. Class A Common Stock,,Financials,Real Estate,,XLF,1,2026-10-09
MRSH,0000062709,Marsh Common Stock,,Financials,Specialty Insurers,,XLF,1,2026-10-09
MRT,0001852767,Marti Technologies Inc. Class A Ordinary Shares,,Consumer Discretionary,Rental/Leasing Companies,,XLY,1,2026-10-09
MRTN,0000799167,Marten Transport Ltd. Common Stock,,Industrials,Trucking Freight/Courier Services,,XLI,1,2026-10-09
MRVI,0001823239,Maravai LifeSciences Holdings Inc. Class A Common Stock,,Health Care,Biotechnology: Pharmaceutical Preparations,,XLV,1,2026-10-09
MRVL,0001835632,Marvell Technology Inc. Common Stock,,Technology,Semiconductors,,XLK,1,2026-10-09
MRX,0001997464,Marex Group Limited Ordinary Shares,,Financials,Investment Bankers/Brokers/Service,,XLF,1,2026-10-09
MS,0000895421,Morgan Stanley Common Stock,,Financials,Investment Bankers/Brokers/Service,,XLF,1,2026-10-09
MSA,0000066570,MSA Safety Incorporated Common Stock,,Health Care,Industrial Specialties,,XLV,1,2026-10-09
MSAI,0001863990,MultiSensor AI Holdings Inc. Common Stock,,Technology,Electronic Components,,XLK,1,2026-10-09
MSB,0000065172,Mesabi Trust Common Stock,,Industrials,Precious Metals,,XLI,1,2026-10-09
MSBI,0001466026,Midland States Bancorp Inc. Common Stock,,Financials,Major Banks,,XLF,1,2026-10-09
MSBIP,0001466026,Midland States Bancorp Inc. Depositary Shares Each Representing a 1/40th Interest in a Share of 7.750% Fixed-Rate Reset Non-Cumulative Perpetual Preferred Stock Series A,,Financials,Major Banks,,XLF,1,2026-10-09
MSC,0001713334,Studio City International Holdings Limited American depositary shares each representing four  Class A ordinary shares,,Consumer Discretionary,Hotels/Resorts,,XLY,1,2026-10-09
MSCI,0001408198,MSCI Inc. Common Stock,,Consumer Discretionary,Business Services,,XLY,1,2026-10-09
MSD,0000904112,Morgan Stanley Emerging Markets Debt Fund Inc. Common Stock,,Financials,Trusts Except Educational Religious and Charitable,,XLF,1,2026-10-09
MSDL,0001782524,Morgan Stanley Direct Lending Fund Common Stock,,,,,,1,2026-10-09
MSEX,0000066004,Middlesex Water Company Common Stock,,Utilities,Water Supply,,XLU,1,2026-10-09
MSFT,0000789019,Microsoft Corporation Common Stock,,Technology,Computer Software: Prepackaged Software,,XLK,1,2026-10-09
MSGE,0001952073,Madison Square Garden Entertainment Corp. Class A Common Stock,,Consumer Discretionary,Services-Misc. Amusement & Recreation,,XLY,1,2026-10-09
MSGM,0001821175,Motorsport Games Inc. Class A Common Stock,,Technology,Computer Software: Prepackaged Software,,XLK,1,2026-10-09
MSGS,0001636519,Madison Square Garden Sports Corp. Class A Common Stock (New),,Consumer Discretionary,Services-Misc. Amusement & Recreation,,XLY,1,2026-10-09
MSGY,0002020228,Masonglory Limited Class A Ordinary Shares ,,Consumer Discretionary,Engineering & Construction,,XLY,1,2026-10-09
MSI,0000068505,Motorola Solutions Inc. Common Stock,,Technology,Radio And Television Broadcasting And Communications Equipment,,XLK,1,2026-10-09
MSIF,0001535778,MSC Income Fund Inc. Common Stock,,Financials,Finance/Investors Services,,XLF,1,2026-10-09
MSLE,0001421642,Satellos Bioscience Inc. Common Stock,,Health Care,Biotechnology: Pharmaceutical Preparations,,XLV,1,2026-10-09
MSM,0001003078,MSC Industrial Direct Company Inc. Common Stock,,Industrials,Industrial Machinery/Components,,XLI,1,2026-10-09
MSN,0000032621,Emerson Radio Corporation Common Stock,,Consumer Staples,Consumer Electronics/Appliances,,XLP,1,2026-10-09
MSS,0001892292,Maison Solutions Inc. Class A Common Stock,,Consumer Staples,Food Chains,,XLP,1,2026-10-09
MSTR,0001050446,Strategy Inc Common Stock Class A,,Technology,Computer Software: Prepackaged Software,,XLK,1,2026-10-09
MS^A,,Morgan Stanley Dep Shs repstg 1/1000 Pfd Ser A,,,,,,1,2026-10-09
MS^E,,Morgan Stanley DEPOSITARY SHARES REP 1/1000TH SHARES FIXED/FLTG PREFERRED STOCK SERIES E,,,,,,1,2026-10-09
MS^F,,Morgan Stanley Dep Shs Rpstg 1/1000th Int Prd Ser F Fxd to Flag,,,,,,1,2026-10-09
MS^I,,Morgan Stanley Depository Shares Representing 1/1000th Preferred Series 1 Fixed to Floating Non (Cum),,,,,,1,2026-10-09
MS^K,,Morgan Stanley Depositary Shares each representing 1/1000th of a share of Fixed-to-Floating Rate Non-Cumulative Preferred Stock  Series K,,,,,,1,2026-10-09
MS^L,,Morgan Stanley Depositary Shares each representing 1/1000th of a share of 4.875% Non-Cumulative Preferred Stock Series L,,,,,,1,2026-10-09
MS^O,,Morgan Stanley Depositary Shares each representing 1/1000th of a share of 4.250% Non-Cumulative Preferred Stock Series O,,,,,,1,2026-10-09
MS^P,,Morgan Stanley Depositary Shares each representing 1/1000th of a share of 6.500% Non-Cumulative Preferred Stock Series P,,,,,,1,2026-10-09
MS^Q,,Morgan Stanley Depositary Shares each representing 1/1000th of a share of 6.625% Non-Cumulative Preferred Stock Series Q,,,,,,1,2026-10-09
MT,0001243429,Arcelor Mittal NY Registry Shares NEW,,Industrials,Steel/Iron Ore,,XLI,1,2026-10-09
MTA,0001722606,Metalla Royalty & Streaming Ltd. Common Shares,,Materials,Precious Metals,,XLB,1,2026-10-09
MTAK,0002133136,Market Technology Acquisition Corp Class A Ordinary Shares,,,,,,1,2026-10-09
MTAKU,0002133136,Market Technology Acquisition Corp Unit,,Financials,Blank Checks,,XLF,1,2026-10-09
MTAL,0002107724,Metals Acquisition Corp. II Class A Ordinary Shares,,Materials,Metal Mining,,XLB,1,2026-10-09
MTB,0000036270,M&T Bank Corporation Common Stock,,Financials,Major Banks,,XLF,1,2026-10-09
MTB^H,,M&T Bank Corporation Perpetual Fixed-to-Floating Rate Non-Cumulative Preferred Stock Series H,,,,,,1,2026-10-09
MTB^J,,M&T Bank Corporation Depositary Shares each representing a 1/400th ownership interest in a share of Perpetual 7.500% Non-Cumulative Preferred Stock Series J,,,,,,1,2026-10-09
MTB^K,,M&T Bank Corporation Depositary Shares each representing a 1/400th interest in a share of Perpetual 6.350% Non-Cumulative Preferred Stock Series K,,,,,,1,2026-10-09
MTB^L,,M&T Bank Corporation Depositary Shares each representing a 1/400th ownership interest in a share of Perpetual 6.625% Non-Cumulative Preferred Stock Series L,,,,,,1,2026-10-09
MTC,0001742518,MMTec Inc. Common Shares,,Technology,Computer Software: Prepackaged Software,,XLK,1,2026-10-09
MTCH,0000891103,Match Group Inc. Common Stock,,Technology,Computer Software: Programming Data Processing,,XLK,1,2026-10-09
MTD,0001037646,Mettler-Toledo International Inc. Common Stock,,Industrials,Biotechnology: Laboratory Analytical Instruments,,XLI,1,2026-10-09
MTDR,0001520006,Matador Resources Company Common Stock,,Energy,Oil & Gas Production,,XLE,1,2026-10-09
MTEK,0001872964,Maris-Tech Ltd. Ordinary Shares,,Communication Services,Telecommunications Equipment,,XLC,1,2026-10-09
MTEN,0001948099,Mingteng International Corporation Inc. Class A Ordinary Shares,,Industrials,Building Products,,XLI,1,2026-10-09
MTEX,0001056358,Mannatech Incorporated Common Stock,,Health Care, Medicinal Chemicals and Botanical Products ,,XLV,1,2026-10-09
MTG,0000876437,MGIC Investment Corporation Common Stock,,Financials,Property-Casualty Insurers,,XLF,1,2026-10-09
MTH,0000833079,Meritage Homes Corporation Common Stock,,Consumer Discretionary,Homebuilding,,XLY,1,2026-10-09
MTLS,0001091223,Materialise NV American Depositary Shares,,Technology,Computer Software: Prepackaged Software,,XLK,1,2026-10-09
MTN,0000812011,Vail Resorts Inc. Common Stock,,Consumer Discretionary,Services-Misc. Amusement & Recreation,,XLY,1,2026-10-09
MTNB,0001582554,Matinas Biopharma Holdings Inc. Common Stock,,Health Care,Biotechnology: Pharmaceutical Preparations,,XLV,1,2026-10-09
MTNE,0002044817,CH4 Natural Solutions Corporation Class A Ordinary Shares,,,,,,1,2026-10-09
MTR,0000313364,Mesa Royalty Trust Common Stock,,Energy,Oil & Gas Production,,XLE,1,2026-10-09
MTRN,0001104657,Materion Corporation,,Industrials,Industrial Specialties,,XLI,1,2026-10-09
MTRX,0000866273,Matrix Service Company Common Stock,,Consumer Discretionary,Engineering & Construction,,XLY,1,2026-10-09
MTSI,0001493594,MACOM Technology Solutions Holdings Inc. Common Stock,,Technology,Semiconductors,,XLK,1,2026-10-09
MTUS,0001598428,Metallus Inc. Common Shares,,Industrials,Steel/Iron Ore,,XLI,1,2026-10-09
MTVA,0001638287,MetaVia Inc. Common Stock,,Health Care,Biotechnology: Pharmaceutical Preparations,,XLV,1,2026-10-09
MTW,0000061986,Manitowoc Company Inc. (The) Common Stock,,Industrials,Construction/Ag Equipment/Trucks,,XLI,1,2026-10-09
MTX,0000891014,Minerals Technologies Inc. Common Stock,,Materials,Major Chemicals,,XLB,1,2026-10-09
MTZ,0000015615,MasTec Inc. Common Stock,,Industrials,Water Sewer Pipeline Comm & Power Line Construction,,XLI,1,2026-10-09
MU,0000723125,Micron Technology Inc. Common Stock,,Technology,Semiconductors,,XLK,1,2026-10-09
MUA,0000901243,Blackrock MuniAssets Fund Inc Common Stock,,Financials,Investment Bankers/Brokers/Service,,XLF,1,2026-10-09
MUC,0001051004,Blackrock MuniHoldings California Quality Fund Inc.  Common Stock,,Financials,Investment Bankers/Brokers/Service,,XLF,1,2026-10-09
MUFG,0000067088,Mitsubishi UFJ Financial Group Inc. Common Stock,,Financials,Commercial Banks,,XLF,1,2026-10-09
MUJ,0001053988,Blackrock MuniHoldings New Jersey Quality Fund Inc. Common Stock,,Financials,Investment Bankers/Brokers/Service,,XLF,1,2026-10-09
MUR,0000717423,Murphy Oil Corporation Common Stock,,Energy,Oil & Gas Production,,XLE,1,2026-10-09
MUSA,0001573516,Murphy USA Inc. Common Stock,,Consumer Discretionary,Retail-Auto Dealers and Gas Stations,,XLY,1,2026-10-09
MUX,0000314203,McEwen Inc. Common Stock,,Materials,Precious Metals,,XLB,1,2026-10-09
MUZE,0002093484,Muzero Acquisition Corp Class A Ordinary Shares,,Financials,Blank Checks,,XLF,1,2026-10-09
MVBF,0001277902,MVB Financial Corp. Common Stock,,Financials,Major Banks,,XLF,1,2026-10-09
MVIS,0000065770,MicroVision Inc. Common Stock,,Technology,Industrial Machinery/Components,,XLK,1,2026-10-09
MVST,0001760689,Microvast Holdings Inc. Common Stock,,Miscellaneous,Industrial Machinery/Components,,,1,2026-10-09
MWA,0001350593,MUELLER WATER PRODUCTS Common Stock,,Industrials,Metal Fabrications,,XLI,1,2026-10-09
MWC,0002083526,Micware Co. Ltd. American Depositary Shares,,Technology,EDP Services,,XLK,1,2026-10-09
MWG,0001941500,Multi Ways Holdings Limited Class A Ordinary Shares,,Consumer Discretionary,Miscellaneous manufacturing industries,,XLY,1,2026-10-09
MWH,0002065636,SOLV Energy Inc. Class A Common Stock,,Industrials,Military/Government/Technical,,XLI,1,2026-10-09
MWYN,0002030522,Marwynn Holdings Inc. Common stock,,Consumer Discretionary,Food Distributors,,XLY,1,2026-10-09
MX,0001325702,Magnachip Semiconductor Corporation Common Stock,,Technology,Semiconductors,,XLK,1,2026-10-09
MXC,0000066418,Mexco Energy Corporation Common Stock,,Energy,Oil & Gas Production,,XLE,1,2026-10-09
MXCT,0001287098,MaxCyte Inc. Common Stock,,Health Care,Biotechnology: Commercial Physical & Biological Resarch,,XLV,1,2026-10-09
MXE,0000863900,Mexico Equity and Income Fund Inc. (The) Common Stock,,Financials,Finance Companies,,XLF,1,2026-10-09
MXF,0000065433,Mexico Fund Inc. (The) Common Stock,,Financials,Trusts Except Educational Religious and Charitable,,XLF,1,2026-10-09
MXL,0001288469,MaxLinear Inc. Common Stock,,Technology,Semiconductors,,XLK,1,2026-10-09
MYE,0000069488,Myers Industries Inc. Common Stock,,Industrials,Plastic Products,,XLI,1,2026-10-09
MYFW,0001327607,First Western Financial Inc. Common Stock,,Financials,Major Banks,,XLF,1,2026-10-09
MYGN,0000899923,Myriad Genetics Inc. Common Stock,,Health Care,Biotechnology: In Vitro & In Vivo Diagnostic Substances,,XLV,1,2026-10-09
MYI,0000883412,Blackrock MuniYield Quality Fund III Inc Common Stock,,Financials,Investment Bankers/Brokers/Service,,XLF,1,2026-10-09
MYN,0000882150,Blackrock MuniYield New York Quality Fund Inc.Common Stock,,Financials,Finance Companies,,XLF,1,2026-10-09
MYND,0001708441,Mynd.ai Inc. American Depositary Shares,,Technology,Computer peripheral equipment,,XLK,1,2026-10-09
MYO,0001369290,Myomo Inc. Common Stock,,Health Care,Industrial Specialties,,XLV,1,2026-10-09
MYPS,0001823878,PLAYSTUDIOS Inc.  Class A Common Stock,,Technology,Computer Software: Prepackaged Software,,XLK,1,2026-10-09
MYRG,0000700923,MYR Group Inc. Common Stock,,Industrials,Water Sewer Pipeline Comm & Power Line Construction,,XLI,1,2026-10-09
MYSE,0001648960,Myseum.AI Inc. Common Stock,,Communication Services,Telecommunications Equipment,,XLC,1,2026-10-09
MYSZ,0001211805,My Size Inc. Common Stock,,Technology,Computer Software: Prepackaged Software,,XLK,1,2026-10-09
MYX,0002080087,Maywood Acquisition Corp. 2 Class A Ordinary Share,,Financials,Blank Checks,,XLF,1,2026-10-09
MYXXR,0002080087,Maywood Acquisition Corp. 2 Rights,,Financials,Blank Checks,,XLF,1,2026-10-09
MZTI,0000057515,The Marzetti Company Common Stock,,Consumer Staples,Packaged Foods,,XLP,1,2026-10-09
MZYX,0002097376,MOZAYYX Acquisition Corp. Class A Ordinary Shares,,,,,,1,2026-10-09
NA,0001872302,Nano Labs Ltd Class A Ordinary Shares,,Technology,Semiconductors,,XLK,1,2026-10-09
NAAS,0001712178,NaaS Technology Inc. American Depositary Shares,,Consumer Discretionary,Other Specialty Stores,,XLY,1,2026-10-09
NABL,0001834488,N-able Inc. Common Stock,,Technology,Computer Software: Prepackaged Software,,XLK,1,2026-10-09
NAC,0001074952,Nuveen California Quality Municipal Income Fund,,Financials,Investment Managers,,XLF,1,2026-10-09
NAD,0001083839,Nuveen Quality Municipal Income Fund Common Stock,,Financials,Investment Managers,,XLF,1,2026-10-09
NAGE,0001386570,Niagen Bioscience Inc. Common Stock,,Health Care, Medicinal Chemicals and Botanical Products ,,XLV,1,2026-10-09
NAII,0000787253,Natural Alternatives International Inc. Common Stock,,Health Care, Medicinal Chemicals and Botanical Products ,,XLV,1,2026-10-09
NAK,0001164771,Northern Dynasty Minerals Ltd. Common Stock,,Materials,Precious Metals,,XLB,1,2026-10-09
NAKA,0001946573,Nakamoto Inc. Common Stock,,Health Care,Medical/Nursing Services,,XLV,1,2026-10-09
NAMI,0001967631,Jinxin Technology Holding Company American Depositary Shares,,Real Estate,Other Consumer Services,,XLRE,1,2026-10-09
NAMM,0002026514,Namib Minerals Ordinary Shares,,Materials,Precious Metals,,XLB,1,2026-10-09
NAMMW,0002026514,Namib Minerals Warrants,,Materials,Precious Metals,,XLB,1,2026-10-09
NAMS,0001936258,NewAmsterdam Pharma Company N.V. Ordinary Shares,,Health Care,Biotechnology: Pharmaceutical Preparations,,XLV,1,2026-10-09
NAN,0001074769,Nuveen New York Quality Municipal Income Fund Common Stock,,Financials,Investment Managers,,XLF,1,2026-10-09
NAT,0001000177,Nordic American Tankers Limited Common Stock,,Consumer Discretionary,Marine Transportation,,XLY,1,2026-10-09
NATH,0000069733,Nathan's Famous Inc. Common Stock,,Consumer Discretionary,Restaurants,,XLY,1,2026-10-09
NATL,0001974138,NCR Atleos Corporation Common Stock,,Miscellaneous,Office Equipment/Supplies/Services,,,1,2026-10-09
NATR,0000275053,Nature's Sunshine Products Inc. Common Stock,,Health Care,Biotechnology: Pharmaceutical Preparations,,XLV,1,2026-10-09
NAUT,0001808805,Nautilus Biotechnology Inc. Common Stock,,Industrials,Biotechnology: Laboratory Analytical Instruments,,XLI,1,2026-10-09
NAVI,0001593538,Navient Corporation Common Stock,,Financials,Investment Bankers/Brokers/Service,,XLF,1,2026-10-09
NAVN,0001639723,Navan Inc. Class A Common Stock,,Technology,Computer Software: Prepackaged Software,,XLK,1,2026-10-09
NAZ,0000892992,Nuveen Arizona Quality Municipal Income Fund Common Stock,,Financials,Finance/Investors Services,,XLF,1,2026-10-09
NB,0001512228,NioCorp Developments Ltd. Common Stock,,Materials,Metal Mining,,XLB,1,2026-10-09
NBB,0001478888,Nuveen Taxable Municipal Income Fund Common Shares of Beneficial Interest,,Financials,Finance Companies,,XLF,1,2026-10-09
NBBK,0001979330,NB Bancorp Inc. Common Stock,,Financials,Banks,,XLF,1,2026-10-09
NBH,0001178839,Neuberger Municipal Fund Inc. Common Stock,,Financials,Finance/Investors Services,,XLF,1,2026-10-09
NBHC,0001475841,National Bank Holdings Corporation Common Stock,,Financials,Major Banks,,XLF,1,2026-10-09
NBIS,0001513845,Nebius Group N.V. Class A Ordinary Shares,,Technology,Computer Software: Programming Data Processing,,XLK,1,2026-10-09
NBIX,0000914475,Neurocrine Biosciences Inc. Common Stock,,Health Care,Biotechnology: Biological Products (No Diagnostic Substances),,XLV,1,2026-10-09
NBN,,Northeast Bank Common Stock,,Financials,Major Banks,,XLF,1,2026-10-09
NBP,0001778016,NovaBridge Biosciences American Depositary Shares,,Health Care,Biotechnology: Pharmaceutical Preparations,,XLV,1,2026-10-09
NBR,0001163739,Nabors Industries Ltd.,,Energy,Oil & Gas Production,,XLE,1,2026-10-09
NBRG,0001918414,Newbridge Acquisition Limited Class A Ordinary Share,,Financials,Blank Checks,,XLF,1,2026-10-09
NBRGU,0001918414,Newbridge Acquisition Limited Unit,,Financials,Blank Checks,,XLF,1,2026-10-09
NBTB,0000790359,NBT Bancorp Inc. Common Stock,,Financials,Major Banks,,XLF,1,2026-10-09
NBTX,0001760854,Nanobiotix S.A. American Depositary Shares,,Health Care,Biotechnology: Pharmaceutical Preparations,,XLV,1,2026-10-09
NBXG,0001843181,Neuberger Next Generation Connectivity Fund Inc. Common Stock,,Financials,Trusts Except Educational Religious and Charitable,,XLF,1,2026-10-09
NC,0000789933,NACCO Industries Inc. Common Stock,,Energy,Coal Mining,,XLE,1,2026-10-09
NCA,0000818851,Nuveen California Municipal Value Fund,,Financials,Investment Managers,,XLF,1,2026-10-09
NCDL,0001737924,Nuveen Churchill Direct Lending Corp. Common Stock,,,,,,1,2026-10-09
NCEL,0001783036,NewcelX Ltd. Ordinary Shares,,Health Care,Biotechnology: Pharmaceutical Preparations,,XLV,1,2026-10-09
NCEW,0001968043,New Century Logistics (BVI) Limited Ordinary Shares,,Industrials,Integrated Freight & Logistics,,XLI,1,2026-10-09
NCI,0001916331,Neo-Concept International Group Holdings Limited Class A Ordinary Shares,,Consumer Discretionary,Apparel,,XLY,1,2026-10-09
NCLH,0001513761,Norwegian Cruise Line Holdings Ltd. Ordinary Shares,,Consumer Discretionary,Marine Transportation,,XLY,1,2026-10-09
NCMI,0001377630,National CineMedia Inc. Common Stock,,Consumer Discretionary,Advertising,,XLY,1,2026-10-09
NCNA,0001709626,NuCana plc American Depositary Share,,Health Care,Biotechnology: Pharmaceutical Preparations,,XLV,1,2026-10-09
NCNO,0001902733,nCino Inc. Common Stock,,Technology,Computer Software: Prepackaged Software,,XLK,1,2026-10-09
NCO,0002116230,Southern Cross Acquisition I Corp. Ordinary Shares,,,,,,1,2026-10-09
NCOOU,0002116230,Southern Cross Acquisition I Corp. Units,,Financials,Blank Checks,,XLF,1,2026-10-09
NCPL,0001414767,Netcapital Inc. Common Stock,,Financials,Finance: Consumer Services,,XLF,1,2026-10-09
NCRA,0001756180,Nocera Inc. Common Stock,,Consumer Staples,Farming/Seeds/Milling,,XLP,1,2026-10-09
NCT,0002018529,Intercont (Cayman) Limited Class A Ordinary shares,,Consumer Discretionary,Restaurants,,XLY,1,2026-10-09
NCTY,0001296774,The9 Limited American Depository Shares,,Financials,Finance: Consumer Services,,XLF,1,2026-10-09
NCV,0001214935,Virtus Convertible & Income Fund Common Shares of Beneficial Interest,,Financials,Finance Companies,,XLF,1,2026-10-09
NCV^A,,Virtus Convertible & Income Fund 5.625% Series A Cumulative Preferred Shares,,,,,,1,2026-10-09
NCZ,0001227857,Virtus Convertible & Income Fund II Common Shares of Beneficial Interest,,Financials,Finance Companies,,XLF,1,2026-10-09
NCZ^A,,Virtus Convertible & Income Fund II 5.50% Series A Cumulative Preferred Shares,,,,,,1,2026-10-09
NDAQ,0001120193,Nasdaq Inc. Common Stock,,Financials,Investment Bankers/Brokers/Service,,XLF,1,2026-10-09
NDLS,0001275158,Noodles & Company Class A Common Stock,,Consumer Discretionary,Restaurants,,XLY,1,2026-10-09
NDMO,0001793129,Nuveen Dynamic Municipal Opportunities Fund Common Shares of Beneficial Interest,,Financials,Trusts Except Educational Religious and Charitable,,XLF,1,2026-10-09
NDRA,0001681682,ENDRA Life Sciences Inc. Common Stock,,Health Care,Biotechnology: Electromedical & Electrotherapeutic Apparatus,,XLV,1,2026-10-09
NDSN,0000072331,Nordson Corporation Common Stock,,Industrials,Industrial Machinery/Components,,XLI,1,2026-10-09
NE,0001895262,Noble Corporation plc A Ordinary Shares,,Energy,Oil & Gas Production,,XLE,1,2026-10-09
NEA,0001195737,Nuveen AMT-Free Quality Municipal Income Fund Common Shares of Beneficial Interest Par Value $.01,,Financials,Finance/Investors Services,,XLF,1,2026-10-09
NECB,0001847398,NorthEast Community Bancorp Inc. Common Stock,,Financials,Banks,,XLF,1,2026-10-09
NEE,0000753308,NextEra Energy Inc. Common Stock,,Utilities,Electric Utilities: Central,,XLU,1,2026-10-09
NEE^N,,NextEra Energy Capital Holdings Inc. Series N Junior Subordinated Debentures due March 1 2079,,,,,,1,2026-10-09
NEE^S,,NextEra Energy Inc. 7.299% Corporate Units,,,,,,1,2026-10-09
NEE^T,,NextEra Energy Inc. 7.234% Corporate Units,,,,,,1,2026-10-09
NEE^U,,NextEra Energy Inc. Series U Junior Subordinated Debentures due June 1 2085,,,,,,1,2026-10-09
NEE^V,,NextEra Energy Inc. 7.375% Corporate Units,,,,,,1,2026-10-09
NEE^W,,NextEra Energy Capital Holdings Inc. Series Z Junior Subordinated Debentures due April 15 2086,,,,,,1,2026-10-09
NEGG,0001474627,Newegg Commerce Inc. Common Shares,,Consumer Discretionary,Other Specialty Stores,,XLY,1,2026-10-09
NEM,0001164727,Newmont Corporation,,Materials,Precious Metals,,XLB,1,2026-10-09
NEN,0000746514,New England Realty Associates Limited Partnership Class A Depositary Receipts Evidencing Units of Limited Partnership,,Real Estate,Building operators,,XLRE,1,2026-10-09
NEO,0001077183,NeoGenomics Inc. Common Stock,,Health Care,Precision Instruments,,XLV,1,2026-10-09
NEOG,0000711377,Neogen Corporation Common Stock,,Health Care,Biotechnology: In Vitro & In Vivo Diagnostic Substances,,XLV,1,2026-10-09
NEON,0000087050,Neonode Inc. Common Stock,,Technology,Industrial Machinery/Components,,XLK,1,2026-10-09
NEOV,0001748137,NeoVolta Inc. Common Stock,,Miscellaneous,Industrial Machinery/Components,,,1,2026-10-09
NEOVW,0001748137,NeoVolta Inc. Warrant,,Miscellaneous,Industrial Machinery/Components,,,1,2026-10-09
NEPH,0001196298,Nephros Inc. Common Stock,,Health Care,Medical/Dental Instruments,,XLV,1,2026-10-09
NERV,0001598646,Minerva Neurosciences Inc Common Stock,,Health Care,Biotechnology: Pharmaceutical Preparations,,XLV,1,2026-10-09
NESR,0001698514,National Energy Services Reunited Corp Ordinary Shares,,Energy,Oilfield Services/Equipment,,XLE,1,2026-10-09
NET,0001477333,Cloudflare Inc. Class A Common Stock,,Technology,Computer Software: Prepackaged Software,,XLK,1,2026-10-09
NEU,0001282637,NewMarket Corp Common Stock,,Industrials,Major Chemicals,,XLI,1,2026-10-09
NEUP,0001191070,Neuphoria Therapeutics Inc. Common Stock,,Health Care,Biotechnology: Pharmaceutical Preparations,,XLV,1,2026-10-09
NEWP,0001369085,New Pacific Metals Corp. Common Shares,,Materials,Precious Metals,,XLB,1,2026-10-09
NEWT,0001587987,NewtekOne Inc. Common Stock,,Financials,Major Banks,,XLF,1,2026-10-09
NEWTG,0001587987,NewtekOne Inc. 8.50% Fixed Rate Senior Notes due 2029,,Financials,Major Banks,,XLF,1,2026-10-09
NEWTH,0001587987,NewtekOne Inc. 8.625% Fixed Rate Senior Notes due 2029,,Financials,Major Banks,,XLF,1,2026-10-09
NEWTI,0001587987,NewtekOne Inc. 8.00% Fixed Rate Senior Notes due 2028,,Financials,Major Banks,,XLF,1,2026-10-09
NEWTO,0001587987,NewtekOne Inc. 8.50% Fixed Rate Senior Notes due 2031,,Financials,Major Banks,,XLF,1,2026-10-09
NEWTP,0001587987,NewtekOne Inc. Depositary Shares Non-Cumulative Perpetual Preferred Stock Series B,,Financials,Major Banks,,XLF,1,2026-10-09
NEXA,0001713930,Nexa Resources S.A. Common Shares,,Materials,Metal Mining,,XLB,1,2026-10-09
NEXM,0000795800,NexMetals Mining Corp. Common Shares,,Materials,Metal Mining,,XLB,1,2026-10-09
NEXN,0001849396,Nexxen International Ltd. Ordinary Shares,,Technology,Computer Software: Programming Data Processing,,XLK,1,2026-10-09
NEXR,0001885408,Nexera Technologies Ltd Ordinary Shares,,Consumer Discretionary,Other Specialty Stores,,XLY,1,2026-10-09
NEXT,0001612720,NextDecade Corporation Common Stock,,Utilities,Oil & Gas Production,,XLU,1,2026-10-09
NFE,0001749723,New Fortress Energy Inc. Class A Common Stock,,Utilities,Oil/Gas Transmission,,XLU,1,2026-10-09
NFEGP,0001749723,New Fortress Energy Inc. Series A Mandatorily Convertible Preferred Stock,,Utilities,Oil/Gas Transmission,,XLU,1,2026-10-09
NFG,0000070145,National Fuel Gas Company Common Stock,,Utilities,Oil/Gas Transmission,,XLU,1,2026-10-09
NFGC,0001840616,New Found Gold Corp Common Shares,,Materials,Precious Metals,,XLB,1,2026-10-09
NFJ,0001260563,Virtus Dividend Interest & Premium Strategy Fund Common Shares of Beneficial Interest,,Financials,Finance: Consumer Services,,XLF,1,2026-10-09
NFLX,0001065280,Netflix Inc. Common Stock,,Consumer Discretionary,Consumer Electronics/Video Chains,,XLY,1,2026-10-09
NG,0001173420,Novagold Resources Inc.,,Materials,Precious Metals,,XLB,1,2026-10-09
NGEN,0001751912,NervGen Pharma Corp. Common stock,,Health Care,Biotechnology: Pharmaceutical Preparations,,XLV,1,2026-10-09
NGG,0001004315,National Grid Transco PLC National Grid PLC (NEW) American Depositary Shares,,Utilities,Natural Gas Distribution,,XLU,1,2026-10-09
NGL,0001504461,NGL ENERGY PARTNERS LP Common Units representing Limited Partner Interests,,Utilities,Natural Gas Distribution,,XLU,1,2026-10-09
NGL^B,,NGL ENERGY PARTNERS LP 9.00% Class B Fixed-to-Floating Rate Cumulative Redeemable Perpetual Preferred Units representing limited partnership interests,,,,,,1,2026-10-09
NGL^C,,NGL ENERGY PARTNERS LP 9.625% Class C Fixed-to-Floating Rate Cumulative  Redeemable Perpetual Preferred Units representing  limited partner interests,,,,,,1,2026-10-09
NGNE,0001404644,Neurogene Inc. Common Stock ,,Health Care,Biotechnology: Pharmaceutical Preparations,,XLV,1,2026-10-09
NGS,0001084991,Natural Gas Services Group Inc. Common Stock,,Energy,Oilfield Services/Equipment,,XLE,1,2026-10-09
NGVC,0001547459,Natural Grocers by Vitamin Cottage Inc. Common Stock,,Consumer Staples,Food Chains,,XLP,1,2026-10-09
NGVT,0001653477,Ingevity Corporation Common Stock ,,Industrials,Major Chemicals,,XLI,1,2026-10-09
NHC,0001047335,National HealthCare Corporation Common Stock,,Health Care,Hospital/Nursing Management,,XLV,1,2026-10-09
NHI,0000877860,National Health Investors Inc. Common Stock,,Real Estate,Real Estate Investment Trusts,,XLRE,1,2026-10-09
NHIV,0002099767,NewHold Investment Corp IV Class A Ordinary Shares,,Financials,Blank Checks,,XLF,1,2026-10-09
NHP,0001561032,National Healthcare Properties Inc. Class A Common Stock,,Real Estate,Real Estate Investment Trusts,,XLRE,1,2026-10-09
NHS,0001487610,Neuberger High Yield Strategies Fund Inc. Common Stock,,Financials,Trusts Except Educational Religious and Charitable,,XLF,1,2026-10-09
NHTC,0000912061,Natural Health Trends Corp. Common Stock,,Consumer Discretionary,Consumer Specialties,,XLY,1,2026-10-09
NI,0001111711,NiSource Inc Common Stock,,Utilities,Power Generation,,XLU,1,2026-10-09
NIC,0001174850,Nicolet Bankshares Inc. Common Stock,,Financials,Major Banks,,XLF,1,2026-10-09
NICE,0001003935,NICE Ltd American Depositary Shares,,Technology,Computer Software: Prepackaged Software,,XLK,1,2026-10-09
NICM,0001526475,Nicola Mining Inc. American Depositary Shares,,Materials,Metal Mining,,XLB,1,2026-10-09
NIE,0001383441,Virtus Equity & Convertible Income Fund Common Shares of Beneficial Interest,,Financials,Investment Managers,,XLF,1,2026-10-09
NIKI,0001734005,Niki BioSolutions Inc. Common Stock,,Industrials,Industrial Machinery/Components,,XLI,1,2026-10-09
NIM,0000890119,Nuveen Select Maturities Municipal Fund Common Stock,,Financials,Trusts Except Educational Religious and Charitable,,XLF,1,2026-10-09
NINE,0001532286,Nine Energy Service Inc. Common Stock,,Energy,Oilfield Services/Equipment,,XLE,1,2026-10-09
NIO,0001736541,NIO Inc. American depositary shares each  representing one Class A ordinary share,,Industrials,Auto Manufacturing,,XLI,1,2026-10-09
NIOBW,0001512228,NioCorp Developments Ltd. Warrant,,Materials,Metal Mining,,XLB,1,2026-10-09
NIPG,0001966233,NIP Group Inc. American Depositary Shares,,Consumer Discretionary,Services-Misc. Amusement & Recreation,,XLY,1,2026-10-09
NIQ,0002054696,NIQ Global Intelligence plc Ordinary Shares,,Technology,Computer Software: Programming Data Processing,,XLK,1,2026-10-09
NIU,0001744781,Niu Technologies American Depositary Shares,,Industrials,Auto Manufacturing,,XLI,1,2026-10-09
NIVF,0001981662,NewGenIvf Group Limited Class A Ordinary Shares,,Health Care,Misc Health and Biotechnology Services,,XLV,1,2026-10-09
NIXX,0001462223,Nixxy Inc. Common Stock,,Technology,EDP Services,,XLK,1,2026-10-09
NJR,0000356309,NewJersey Resources Corporation Common Stock,,Utilities,Oil/Gas Transmission,,XLU,1,2026-10-09
NKE,0000320187,Nike Inc. Common Stock,,Consumer Discretionary,Shoe Manufacturing,,XLY,1,2026-10-09
NKLR,0002067627,Terra Innovatum Global N.V. Ordinary shares,,Industrials,Metal Fabrications,,XLI,1,2026-10-09
NKSH,0000796534,National Bankshares Inc. Common Stock,,Financials,Major Banks,,XLF,1,2026-10-09
NKTR,0000906709,Nektar Therapeutics  Common Stock,,Health Care,Biotechnology: Pharmaceutical Preparations,,XLV,1,2026-10-09
NKTX,0001787400,Nkarta Inc. Common Stock,,Health Care,Biotechnology: Pharmaceutical Preparations,,XLV,1,2026-10-09
NKX,0001195738,Nuveen California AMT-Free Quality Municipal Income Fund,,Financials,Finance/Investors Services,,XLF,1,2026-10-09
NL,0000072162,NLI Holdings Inc. Common Stock,,Materials,Major Chemicals,,XLB,1,2026-10-09
NLOP,0001952976,Net Lease Office Properties Common Shares of Beneficial Interest,,Real Estate,Real Estate Investment Trusts,,XLRE,1,2026-10-09
NLY,0001043219,Annaly Capital Management Inc. Common Stock,,Real Estate,Real Estate Investment Trusts,,XLRE,1,2026-10-09
NLY^F,,Annaly Capital Management Inc 6.95% Series F,,,,,,1,2026-10-09
NLY^G,,Annaly Capital Management Inc 6.50% Series G Fixed-to-Floating Rate Cumulative Redeemable Preferred Stock,,,,,,1,2026-10-09
NLY^J,,Annaly Capital Management Inc. 8.875% Series J Fixed-Rate Cumulative Redeemable Preferred Stock,,,,,,1,2026-10-09
NMAD,0001335105,Nomad Power Solutions Inc. Common Stock,,Health Care,Biotechnology: Pharmaceutical Preparations,,XLV,1,2026-10-09
NMAI,0001861115,Nuveen Multi-Asset Income Fund Common Shares of Beneficial Interest,,Financials,Investment Managers,,XLF,1,2026-10-09
NMAX,0002026478,Newsmax Inc. Class B Common Stock,,Industrials,Broadcasting,,XLI,1,2026-10-09
NMCO,0001774342,Nuveen Municipal Credit Opportunities Fund Common Shares,,Financials,Finance/Investors Services,,XLF,1,2026-10-09
NMFC,0001496099,New Mountain Finance Corporation Common Stock,,Financials,Finance/Investors Services,,XLF,1,2026-10-09
NMFCZ,0001496099,New Mountain Finance Corporation 8.250% Notes due 2028,,,,,,1,2026-10-09
NMG,0001649752,Nouveau Monde Graphite Inc. Common Shares,,Materials,Other Metals and Minerals,,XLB,1,2026-10-09
NMI,0000830271,Nuveen Municipal Income Fund Inc. Common Stock,,Financials,Trusts Except Educational Religious and Charitable,,XLF,1,2026-10-09
NMIH,0001547903,NMI Holdings Inc. Common Stock,,Financials,Property-Casualty Insurers,,XLF,1,2026-10-09
NML,0001562051,Neuberger Energy Infrastructure and Income Fund Inc. Common Stock,,Financials,Finance/Investors Services,,XLF,1,2026-10-09
NMM,0001415921,Navios Maritime Partners LP Common Units Representing Limited Partner Interests,,Consumer Discretionary,Marine Transportation,,XLY,1,2026-10-09
NMP,0002054876,NMP Acquisition Corp. Class A Ordinary Shares,,Financials,Blank Checks,,XLF,1,2026-10-09
NMPAR,0002054876,NMP Acquisition Corp. Right,,Financials,Blank Checks,,XLF,1,2026-10-09
NMR,0001163653,Nomura Holdings Inc ADR American Depositary Shares,,Financials,Investment Bankers/Brokers/Service,,XLF,1,2026-10-09
NMRA,0001885522,Neumora Therapeutics Inc. Common Stock,,Health Care,Biotechnology: Biological Products (No Diagnostic Substances),,XLV,1,2026-10-09
NMRK,0001690680,Newmark Group Inc. Class A Common Stock,,Financials,Real Estate,,XLF,1,2026-10-09
NMS,0001607997,Nuveen Minnesota Quality Municipal Income Fund ,,Financials,Finance Companies,,XLF,1,2026-10-09
NMT,0000897419,Nuveen Massachusetts Quality Municipal Income Fund Common Stock,,Financials,Finance/Investors Services,,XLF,1,2026-10-09
NMTC,0001500198,NeuroOne Medical Technologies Corporation Common Stock,,Health Care,Medical/Dental Instruments,,XLV,1,2026-10-09
NMZ,0001266585,Nuveen Municipal High Income Opportunity Fund Common Stock $0.01 par value per share,,Financials,Finance/Investors Services,,XLF,1,2026-10-09
NN,0001865631,NextNav Inc. Common Stock,,Industrials,Industrial Machinery/Components,,XLI,1,2026-10-09
NNBR,0000918541,NN Inc. Common Stock,,Industrials,Industrial Machinery/Components,,XLI,1,2026-10-09
NNDM,0001643303,Nano Dimension Ltd. American Depositary Shares,,Technology,Electrical Products,,XLK,1,2026-10-09
NNE,0001923891,Nano Nuclear Energy Inc. Common Stock,,Utilities,Electric Utilities: Central,,XLU,1,2026-10-09
NNI,0001258602,Nelnet Inc. Common Stock,,Financials,Finance: Consumer Services,,XLF,1,2026-10-09
NNN,0000751364,NNN REIT Inc. Common Stock,,Real Estate,Real Estate Investment Trusts,,XLRE,1,2026-10-09
NNNN,0001982708,Anbio Biotechnology Class A Ordinary Shares,,Health Care,Biotechnology: In Vitro & In Vivo Diagnostic Substances,,XLV,1,2026-10-09
NNOX,0001795251,NANO-X IMAGING LTD Ordinary Shares,,Health Care,Medical Electronics,,XLV,1,2026-10-09
NNVC,0001379006,NanoViricides Inc. Common Stock,,Health Care,Biotechnology: Pharmaceutical Preparations,,XLV,1,2026-10-09
NNY,0000818850,Nuveen New York Municipal Value Fund Common Stock,,Financials,Investment Managers,,XLF,1,2026-10-09
NOA,0001368519,North American Construction Group Ltd. Common Shares (no par),,Energy,Oilfield Services/Equipment,,XLE,1,2026-10-09
NOAH,0001499543,Noah Holdings Limited American Depositary Shares,,Financials,Investment Managers,,XLF,1,2026-10-09
NOC,0001133421,Northrop Grumman Corporation Common Stock,,Industrials,Industrial Machinery/Components,,XLI,1,2026-10-09
NODK,0001681206,NI Holdings Inc. Common Stock,,Financials,Property-Casualty Insurers,,XLF,1,2026-10-09
NOEM,0001956648,CO2 Energy Transition Corp. Common Stock,,,,,,1,2026-10-09
NOEMU,0001956648,CO2 Energy Transition Corp. Unit,,,,,,1,2026-10-09
NOEMW,0001956648,CO2 Energy Transition Corp. Warrant,,,,,,1,2026-10-09
NOG,0001104485,Northern Oil and Gas Inc. Common Stock,,Energy,Oil & Gas Production,,XLE,1,2026-10-09
NOK,0000924613,Nokia Corporation Sponsored American Depositary Shares,,Technology,Radio And Television Broadcasting And Communications Equipment,,XLK,1,2026-10-09
NOMA,0001994214,NOMADAR Corp. Class A Common Stock,,Consumer Discretionary,Services-Misc. Amusement & Recreation,,XLY,1,2026-10-09
NOMD,0001651717,Nomad Foods Limited Ordinary Shares,,Consumer Staples,Packaged Foods,,XLP,1,2026-10-09
NOV,0001021860,NOV Inc. Common Stock,,Consumer Discretionary,Oil and Gas Field Machinery,,XLY,1,2026-10-09
NOVT,0001076930,Novanta Inc. Common Stock,,Miscellaneous,Industrial Machinery/Components,,,1,2026-10-09
NOVTU,0001076930,Novanta Inc. Tangible Equity Units,,Miscellaneous,Industrial Machinery/Components,,,1,2026-10-09
NOW,0001373715,ServiceNow Inc. Common Stock,,Technology,Computer Software: Prepackaged Software,,XLK,1,2026-10-09
NP,0002067129,Neptune Insurance Holdings Inc. Class A Common Stock,,Financials,Specialty Insurers,,XLF,1,2026-10-09
NPAC,0002048948,New Providence Acquisition Corp. III Class A Ordinary Shares,,Financials,Blank Checks,,XLF,1,2026-10-09
NPACU,0002048948,New Providence Acquisition Corp. III Units,,Financials,Blank Checks,,XLF,1,2026-10-09
NPACW,0002048948,New Providence Acquisition Corp. III Warrants,,Financials,Blank Checks,,XLF,1,2026-10-09
NPB,0001336706,Northpointe Bancshares Inc. Common Stock,,Financials,Major Banks,,XLF,1,2026-10-09
NPCE,0001528287,Neuropace Inc. Common Stock,,Health Care,Medical/Dental Instruments,,XLV,1,2026-10-09
NPCT,0001835068,Nuveen Core Plus Impact Fund Common Shares of Beneficial Interest,,Financials,Investment Managers,,XLF,1,2026-10-09
NPFD,0001865389,Nuveen Variable Rate Preferred & Income Fund Common Shares,,Financials,Trusts Except Educational Religious and Charitable,,XLF,1,2026-10-09
NPK,0000080172,National Presto Industries Inc. Common Stock,,Industrials,Ordnance And Accessories,,XLI,1,2026-10-09
NPKI,0000071829,NPK International Inc. Common Stock,,Industrials,Misc Corporate Leasing Services,,XLI,1,2026-10-09
NPO,0001164863,Enpro Inc. Common Stock,,Industrials,Metal Fabrications,,XLI,1,2026-10-09
NPT,0002014337,Texxon Holding Limited Ordinary shares,,Consumer Discretionary,Specialty Chemicals,,XLY,1,2026-10-09
NPV,0000897421,Nuveen Virginia Quality Municipal Income Fund Common Stock,,Financials,Investment Managers,,XLF,1,2026-10-09
NPWR,0001845437,NET Power Inc. Class A Common Stock,,Energy,Industrial Machinery/Components,,XLE,1,2026-10-09
NRC,0000070487,NRC Health Common Stock,,Health Care,Biotechnology: Commercial Physical & Biological Resarch,,XLV,1,2026-10-09
NRDS,0001625278,NerdWallet Inc. Class A Common Stock,,Technology,EDP Services,,XLK,1,2026-10-09
NRDY,0001819404,Nerdy Inc. Class A Common Stock,,Real Estate,Other Consumer Services,,XLRE,1,2026-10-09
NREF,0001786248,NexPoint Real Estate Finance Inc. Common Stock,,Real Estate,Real Estate Investment Trusts,,XLRE,1,2026-10-09
NREF^A,,NexPoint Real Estate Finance Inc. 8.50% Series A Cumulative Redeemable Preferred Stock,,,,,,1,2026-10-09
NRG,0001013871,NRG Energy Inc. Common Stock,,Utilities,Electric Utilities: Central,,XLU,1,2026-10-09
NRGV,0001828536,Energy Vault Holdings Inc. Common Stock,,Miscellaneous,Industrial Machinery/Components,,,1,2026-10-09
NRIM,0001163370,Northrim BanCorp Inc Common Stock,,Financials,Savings Institutions,,XLF,1,2026-10-09
NRIX,0001549595,Nurix Therapeutics Inc. Common stock,,Health Care,Biotechnology: Pharmaceutical Preparations,,XLV,1,2026-10-09
NRK,0001195739,Nuveen New York AMT-Free Quality Municipal Income Fund ,,Financials,Trusts Except Educational Religious and Charitable,,XLF,1,2026-10-09
NRO,0001261166,Neuberger Real Estate Securities Income Fund Inc. Common Stock,,Financials,Finance/Investors Services,,XLF,1,2026-10-09
NRP,0001171486,Natural Resource Partners LP Limited Partnership,,Energy,Coal Mining,,XLE,1,2026-10-09
NRSN,0001875091,NeuroSense Therapeutics Ltd. Ordinary Shares,,Health Care,Biotechnology: Pharmaceutical Preparations,,XLV,1,2026-10-09
NRSNW,0001875091,NeuroSense Therapeutics Ltd. Warrant,,Health Care,Biotechnology: Pharmaceutical Preparations,,XLV,1,2026-10-09
NRT,0000072633,North European Oil Royality Trust Common Stock,,Energy,Oil & Gas Production,,XLE,1,2026-10-09
NRUC,0000070502,National Rural Utilities Cooperative Finance Corporation 5.500% Subordinated Notes due 2064 (Subordinated Deferrable Interest Notes),,Financials,Diversified Financial Services,,XLF,1,2026-10-09
NRXP,0001719406,NRX Pharmaceuticals Inc. Common Stock,,Health Care,Biotechnology: Pharmaceutical Preparations,,XLV,1,2026-10-09
NRXS,0001933567,Neuraxis Inc. Common Stock,,Health Care,Biotechnology: Electromedical & Electrotherapeutic Apparatus,,XLV,1,2026-10-09
NSAI,0002133719,NorthStrive Acquisition Corp I. Class A Ordinary Shares,,,,,,1,2026-10-09
NSAIU,0002133719,NorthStrive Acquisition Corp I. Units,,,,,,1,2026-10-09
NSC,0000702165,Norfolk Southern Corporation Common Stock,,Industrials,Railroads,,XLI,1,2026-10-09
NSIT,0000932696,Insight Enterprises Inc. Common Stock,,Consumer Discretionary,Catalog/Specialty Distribution,,XLY,1,2026-10-09
NSLR,0001509470,Neostellar Capital Corp. Common Stock,,Financials,Finance: Consumer Services,,XLF,1,2026-10-09
NSLRL,0001509470,Neostellar Capital Corp. 6.00% Notes due 2026,,Financials,Finance: Consumer Services,,XLF,1,2026-10-09
NSP,0001000753,Insperity Inc. Common Stock,,Consumer Discretionary,Professional Services,,XLY,1,2026-10-09
NSPR,0001433607,InspireMD Inc. Common Stock,,Health Care,Medical/Dental Instruments,,XLV,1,2026-10-09
NSRX,0002029039,Nasus Pharma Ltd. Ordinary Shares,,Health Care,Biotechnology: Pharmaceutical Preparations,,XLV,1,2026-10-09
NSSC,0000069633,NAPCO Security Technologies Inc. Common Stock,,Communication Services,Telecommunications Equipment,,XLC,1,2026-10-09
NSTR,0002080023,NorthStar Earth & Space Enterprises Inc. Common Shares,,Consumer Discretionary,Telecommunications Equipment,,XLY,1,2026-10-09
NSYS,0000722313,Nortech Systems Incorporated Common Stock,,Technology,Industrial Machinery/Components,,XLK,1,2026-10-09
NTAP,0001002047,NetApp Inc. Common Stock,,Technology,Electronic Components,,XLK,1,2026-10-09
NTB,0001653242,Bank of N.T. Butterfield & Son Limited (The) Voting Ordinary Shares,,Financials,Commercial Banks,,XLF,1,2026-10-09
NTCL,0001927578,NETCLASS TECHNOLOGY INC Class A Ordinary Shares,,Technology,Computer Software: Prepackaged Software,,XLK,1,2026-10-09
NTCT,0001078075,NetScout Systems Inc. Common Stock,,Technology,EDP Services,,XLK,1,2026-10-09
NTES,0001110646,NetEase Inc. American Depositary Shares,,Technology,Computer Software: Prepackaged Software,,XLK,1,2026-10-09
NTGR,0001122904,NETGEAR Inc. Common Stock,,Utilities,Telecommunications Equipment,,XLU,1,2026-10-09
NTHI,0001979414,NeOnc Technologies Holdings Inc. Common Stock,,Health Care,Biotechnology: Pharmaceutical Preparations,,XLV,1,2026-10-09
NTIC,0000875582,Northern Technologies International Corporation Common Stock,,Industrials,Industrial Specialties,,XLI,1,2026-10-09
NTIP,0001065078,Network-1 Technologies Inc. Common Stock,,Miscellaneous,Multi-Sector Companies,,,1,2026-10-09
NTLA,0001652130,Intellia Therapeutics Inc. Common Stock,,Health Care,Biotechnology: In Vitro & In Vivo Diagnostic Substances,,XLV,1,2026-10-09
NTNX,0001618732,Nutanix Inc. Class A Common Stock,,Technology,Computer Software: Prepackaged Software,,XLK,1,2026-10-09
NTR,0001725964,Nutrien Ltd. Common Shares,,Industrials,Agricultural Chemicals,,XLI,1,2026-10-09
NTRA,0001604821,Natera Inc. Common Stock,,Health Care,Medical Specialities,,XLV,1,2026-10-09
NTRB,0001676047,Nutriband Inc. Common Stock,,Health Care,Industrial Specialties,,XLV,1,2026-10-09
NTRP,0000788611,NextTrip Inc. Common Stock,,Consumer Discretionary,Transportation Services,,XLY,1,2026-10-09
NTRS,0000073124,Northern Trust Corporation Common Stock,,Financials,Major Banks,,XLF,1,2026-10-09
NTRSO,0000073124,Northern Trust Corporation Depositary Shares Each Representing a 1/1000th Interest in a Share of Series E Non-Cumulative Perpetual Preferred Stock,,Financials,Major Banks,,XLF,1,2026-10-09
NTSK,0002063196,Netskope Inc. Class A Common Stock,,Technology,Computer Software: Prepackaged Software,,XLK,1,2026-10-09
NTST,0001798100,NetSTREIT Corp. Common Stock,,Real Estate,Real Estate Investment Trusts,,XLRE,1,2026-10-09
NTWK,0001039280,NetSol Technologies Inc. Common  Stock,,Technology,Computer Software: Prepackaged Software,,XLK,1,2026-10-09
NTWO,0002028027,Newbury Street II Acquisition Corp Class A Ordinary Shares,,,,,,1,2026-10-09
NTWOU,0002028027,Newbury Street II Acquisition Corp Unit,,,,,,1,2026-10-09
NTWOW,0002028027,Newbury Street II Acquisition Corp Warrant,,,,,,1,2026-10-09
NU,0001691493,Nu Holdings Ltd. Class A Ordinary Shares,,Financials,Finance: Consumer Services,,XLF,1,2026-10-09
NUAI,0002028336,New Era Energy & Digital Inc. Common Stock,,Energy,Oil & Gas Production,,XLE,1,2026-10-09
NUAIW,0002028336,New Era Energy & Digital Inc. Warrants,,Energy,Oil & Gas Production,,XLE,1,2026-10-09
NUCL,0002089283,Eagle Nuclear Energy Corp. Common stock,,Materials,Other Metals and Minerals,,XLB,1,2026-10-09
NUCLW,0002089283,Eagle Nuclear Energy Corp. Warrants,,Materials,Other Metals and Minerals,,XLB,1,2026-10-09
NUE,0000073309,Nucor Corporation Common Stock,,Industrials,Steel/Iron Ore,,XLI,1,2026-10-09
NUR,0001680637,Nuran Wireless Inc. Common Shares,,,,,,1,2026-10-09
NUS,0001021561,Nu Skin Enterprises Inc. Common Stock,,Health Care,Other Pharmaceuticals,,XLV,1,2026-10-09
NUTX,0001479681,Nutex Health Inc. Common Stock,,Consumer Discretionary,Business Services,,XLY,1,2026-10-09
NUV,0000812801,Nuveen Municipal Value Fund Inc. Common Stock,,Financials,Trusts Except Educational Religious and Charitable,,XLF,1,2026-10-09
NUVB,0001811063,Nuvation Bio Inc. Class A Common Stock,,Health Care,Biotechnology: Pharmaceutical Preparations,,XLV,1,2026-10-09
NUW,0001450445,Nuveen AMT-Free Municipal Value Fund,,Financials,Investment Managers,,XLF,1,2026-10-09
NUWE,0001506492,Nuwellis Inc. Common Stock,,Health Care,Biotechnology: Electromedical & Electrotherapeutic Apparatus,,XLV,1,2026-10-09
NVA,0001852551,Nova Minerals Corp Common Stock,,Materials,Precious Metals,,XLB,1,2026-10-09
NVAX,0001000694,Novavax Inc. Common Stock,,Health Care,Biotechnology: Biological Products (No Diagnostic Substances),,XLV,1,2026-10-09
NVCR,0001645113,NovoCure Limited Ordinary Shares,,Health Care,Medical/Dental Instruments,,XLV,1,2026-10-09
NVCT,0001875558,Nuvectis Pharma Inc. Common Stock,,Health Care,Biotechnology: Pharmaceutical Preparations,,XLV,1,2026-10-09
NVDA,0001045810,NVIDIA Corporation Common Stock,,Technology,Semiconductors,,XLK,1,2026-10-09
NVEC,0000724910,NVE Corporation Common Stock,,Technology,Semiconductors,,XLK,1,2026-10-09
NVG,0001090116,Nuveen AMT-Free Municipal Credit Income Fund ,,Financials,Investment Managers,,XLF,1,2026-10-09
NVGS,0001581804,Navigator Holdings Ltd. Ordinary Shares (Marshall Islands),,Consumer Discretionary,Marine Transportation,,XLY,1,2026-10-09
NVMI,0001109345,Nova Ltd. Ordinary Shares,,Technology,Electronic Components,,XLK,1,2026-10-09
NVNO,0001661053,enVVeno Medical Corporation Common Stock,,Health Care,Medical/Dental Instruments,,XLV,1,2026-10-09
NVO,0000353278,Novo Nordisk A/S Common Stock,,Health Care,Biotechnology: Pharmaceutical Preparations,,XLV,1,2026-10-09
NVR,0000906163,NVR Inc. Common Stock,,Consumer Discretionary,Homebuilding,,XLY,1,2026-10-09
NVRI,0002104052,Enviri Corporation Common Stock,,Miscellaneous,Diversified Commercial Services,,,1,2026-10-09
NVS,0001114448,Novartis AG Common Stock,,Health Care,Biotechnology: Pharmaceutical Preparations,,XLV,1,2026-10-09
NVST,0001757073,Envista Holdings Corporation Common Stock,,Health Care,Medical/Dental Instruments,,XLV,1,2026-10-09
NVT,0001720635,nVent Electric plc Ordinary Shares ,,Industrials,Industrial Machinery/Components,,XLI,1,2026-10-09
NVTS,0001821769,Navitas Semiconductor Corporation Common Stock,,Technology,Semiconductors,,XLK,1,2026-10-09
NVX,0001859795,NOVONIX Limited American Depository Shares,,Miscellaneous,Industrial Machinery/Components,,,1,2026-10-09
NWAX,0002074878,New America Acquisition I Corp. Class A Common Stock,,Financials,Blank Checks,,XLF,1,2026-10-09
NWBI,0001471265,Northwest Bancshares Inc. Common Stock,,Financials,Major Banks,,XLF,1,2026-10-09
NWCL,0002131813,newcleo plc Ordinary Shares,,Industrials,Metal Fabrications,,XLI,1,2026-10-09
NWE,0001993004,NorthWestern Energy Group Inc. Common Stock,,Utilities,Power Generation,,XLU,1,2026-10-09
NWFL,0001013272,Norwood Financial Corp. Common Stock,,Financials,Major Banks,,XLF,1,2026-10-09
NWG,0000844150,NatWest Group plc American Depositary Shares (each representing two (2) Ordinary Shares),,Financials,Commercial Banks,,XLF,1,2026-10-09
NWGL,0001948294,CL Workshop Group Limited American Depositary Shares,,Materials,Forest Products,,XLB,1,2026-10-09
NWL,0000814453,Newell Brands Inc. Common Stock,,Industrials,Plastic Products,,XLI,1,2026-10-09
NWN,0001733998,Northwest Natural Holding Company Common Stock,,Utilities,Oil/Gas Transmission,,XLU,1,2026-10-09
NWPX,0001001385,NWPX Infrastructure Inc. Common Stock,,Industrials,Steel/Iron Ore,,XLI,1,2026-10-09
NWS,0001564708,News Corporation Class B Common Stock,,Consumer Discretionary,Newspapers/Magazines,,XLY,1,2026-10-09
NWSA,0001564708,News Corporation Class A Common Stock,,Consumer Discretionary,Newspapers/Magazines,,XLY,1,2026-10-09
NWTG,0001934245,Newton Golf Company Inc. Common Stock,,Consumer Discretionary,Recreational Games/Products/Toys,,XLY,1,2026-10-09
NX,0001423221,Quanex Building Products Corporation Common Stock,,Industrials,Metal Fabrications,,XLI,1,2026-10-09
NXAT,0002000756,Nexus Advanced Technologies Inc. Ordinary Shares,,Consumer Discretionary,Movies/Entertainment,,XLY,1,2026-10-09
NXATW,0002000756,Nexus Advanced Technologies Inc. Warrant,,Consumer Discretionary,Movies/Entertainment,,XLY,1,2026-10-09
NXB,0002067767,NextBoat Inc. Common Stcok,,Industrials,Marine Transportation,,XLI,1,2026-10-09
NXDR,0001846069,Nextdoor Holdings Inc. Class A Common Stock,,Technology,Computer Software: Programming Data Processing,,XLK,1,2026-10-09
NXDT,0001356115,NexPoint Diversified Real Estate Trust Common Stock,,Real Estate,Real Estate Investment Trusts,,XLRE,1,2026-10-09
NXDT^A,,NexPoint Diversified Real Estate Trust 5.50% Series A Cumulative Preferred Shares ($25.00 liquidation preference per share),,,,,,1,2026-10-09
NXE,0001698535,Nexgen Energy Ltd. Common Shares,,Materials,Other Metals and Minerals,,XLB,1,2026-10-09
NXG,0001506488,NXG NextGen Infrastructure Income Fund Common Shares of Beneficial Interest,,,,,,1,2026-10-09
NXGL,0001468929,NexGel Inc Common Stock,,Health Care,Medical/Dental Instruments,,XLV,1,2026-10-09
NXGLW,0001468929,NexGel Inc Warrant,,Health Care,Medical/Dental Instruments,,XLV,1,2026-10-09
NXH,0001130713,Neighborhood Intelligence Inc. Common Stock,,Consumer Discretionary,Catalog/Specialty Distribution,,XLY,1,2026-10-09
NXL,0001527352,Nexalin Technology Inc. Common Stock,,Health Care,Biotechnology: Electromedical & Electrotherapeutic Apparatus,,XLV,1,2026-10-09
NXP,0000883618,Nuveen Select Tax Free Income Portfolio Common Stock,,Financials,Trusts Except Educational Religious and Charitable,,XLF,1,2026-10-09
NXPI,0001413447,NXP Semiconductors N.V. Common Stock,,Technology,Semiconductors,,XLK,1,2026-10-09
NXPL,0001058307,NextPlat Corp Common Stock,,Communication Services,Telecommunications Equipment,,XLC,1,2026-10-09
NXRT,0001620393,NexPoint Residential Trust Inc. Common Stock,,Real Estate,Real Estate Investment Trusts,,XLRE,1,2026-10-09
NXST,0001142417,Nexstar Media Group Inc. Common Stock,,Industrials,Broadcasting,,XLI,1,2026-10-09
NXT,0001852131,Nextpower Inc. Common Stock,,Technology,Semiconductors,,XLK,1,2026-10-09
NXTC,0001661059,NextCure Inc. Common Stock,,Health Care,Biotechnology: Pharmaceutical Preparations,,XLV,1,2026-10-09
NXTS,0001789192,Nexentis Technologies Inc. Common Stock,,Industrials,Agricultural Chemicals,,XLI,1,2026-10-09
NXTT,0001784970,Next Technology Holding Inc. Ordinary Shares,,Technology,EDP Services,,XLK,1,2026-10-09
NXXT,0001817004,NextNRG Inc. Common Stock,,Consumer Discretionary,Retail-Auto Dealers and Gas Stations,,XLY,1,2026-10-09
NYAX,0001901279,Nayax Ltd. Ordinary Shares,,Technology,Computer Software: Prepackaged Software,,XLK,1,2026-10-09
NYC,0001595527,American Strategic Investment Co. Class A Common Stock,,Real Estate,Real Estate Investment Trusts,,XLRE,1,2026-10-09
NYT,0000071691,New York Times Company (The) Common Stock,,Consumer Discretionary,Newspapers/Magazines,,XLY,1,2026-10-09
NYXH,0001857190,Nyxoah SA Ordinary Shares,,Health Care,Medical/Dental Instruments,,XLV,1,2026-10-09
NZF,0001137887,Nuveen Municipal Credit Income Fund ,,Financials,Finance Companies,,XLF,1,2026-10-09
O,0000726728,Realty Income Corporation Common Stock,,Real Estate,Real Estate Investment Trusts,,XLRE,1,2026-10-09
OABI,0001846253,OmniAb Inc. Common Stock,,Health Care,Biotechnology: Commercial Physical & Biological Resarch,,XLV,1,2026-10-09
OABIW,0001846253,OmniAb Inc. Warrant,,Health Care,Biotechnology: Commercial Physical & Biological Resarch,,XLV,1,2026-10-09
OACC,0002029769,Oaktree Acquisition Corp. III Life Sciences Class A Ordinary Share,,Financials,Blank Checks,,XLF,1,2026-10-09
OACCU,0002029769,Oaktree Acquisition Corp. III Life Sciences Unit,,Financials,Blank Checks,,XLF,1,2026-10-09
OACCW,0002029769,Oaktree Acquisition Corp. III Life Sciences Warrant,,Financials,Blank Checks,,XLF,1,2026-10-09
OAK^A,,Brookfield Oaktree Holdings LLC 6.625% Series A Preferred Units,,,,,,1,2026-10-09
OAK^B,,Brookfield Oaktree Holdings LLC 6.550% Series B Preferred Units,,,,,,1,2026-10-09
OBA,0002034313,Oxley Bridge Acquisition Limited Class A Ordinary Shares,,Financials,Blank Checks,,XLF,1,2026-10-09
OBAI,0001756064,Our Bond Inc. Common Stock,,Consumer Discretionary,Telecommunications Equipment,,XLY,1,2026-10-09
OBAWW,0002034313,Oxley Bridge Acquisition Limited Warrants,,Financials,Blank Checks,,XLF,1,2026-10-09
OBDC,0001655888,Blue Owl Capital Corporation Common Stock,,Financials,Diversified Financial Services,,XLF,1,2026-10-09
OBE,0001334388,Obsidian Energy Ltd. Common Shares,,Energy,Oil & Gas Production,,XLE,1,2026-10-09
OBIO,0001814114,Orchestra BioMed Holdings Inc. Ordinary Shares,,Health Care, Medicinal Chemicals and Botanical Products ,,XLV,1,2026-10-09
OBK,0001516912,Origin Bancorp Inc. Common Stock,,Financials,Major Banks,,XLF,1,2026-10-09
OBT,0001754226,Orange County Bancorp Inc. Common Stock,,Financials,Major Banks,,XLF,1,2026-10-09
OBX,0002130606,Obsidian Therapeutics Inc. Common Stock,,Health Care,Biotechnology: Pharmaceutical Preparations,,XLV,1,2026-10-09
OC,0001370946,Owens Corning Inc Common Stock New,,Industrials,Industrial Machinery/Components,,XLI,1,2026-10-09
OCAC,0001926314,Ocean Capital Acquisition Corporation Ordinary Shares,,Financials,Blank Checks,,XLF,1,2026-10-09
OCC,0001000230,Optical Cable Corporation Common Stock,,Industrials,Telecommunications Equipment,,XLI,1,2026-10-09
OCCI,0001716951,OFS Credit Company Inc. Common Stock,,Financials,Trusts Except Educational Religious and Charitable,,XLF,1,2026-10-09
OCCIM,0001716951,OFS Credit Company Inc. 7.875% Series F Term Preferred Stock,,,,,,1,2026-10-09
OCCIN,0001716951,OFS Credit Company Inc. 5.25% Series E Term Preferred Stock Due 2026,,Financials,Trusts Except Educational Religious and Charitable,,XLF,1,2026-10-09
OCFC,0001004702,OceanFirst Financial Corp. Common Stock,,Financials,Major Banks,,XLF,1,2026-10-09
OCG,0001776067,Oriental Culture Holding LTD Ordinary Shares,,Consumer Discretionary,Other Consumer Services,,XLY,1,2026-10-09
OCGN,0001372299,Ocugen Inc. Common Stock,,Health Care,Biotechnology: Biological Products (No Diagnostic Substances),,XLV,1,2026-10-09
OCLT,0002137679,OceanLight Acquisition Corporation Ordinary Shares,,Financials,Blank Checks,,XLF,1,2026-10-09
OCLTR,0002137679,OceanLight Acquisition Corporation Rights,,Financials,Blank Checks,,XLF,1,2026-10-09
OCLTU,0002137679,OceanLight Acquisition Corporation Units,,Financials,Blank Checks,,XLF,1,2026-10-09
OCLTW,0002137679,OceanLight Acquisition Corporation Warrants,,Financials,Blank Checks,,XLF,1,2026-10-09
OCS,0001953530,Oculis Holding AG Ordinary shares,,Health Care,Biotechnology: Pharmaceutical Preparations,,XLV,1,2026-10-09
OCSAW,0001953530,Oculis Holding AG Warrants,,Health Care,Biotechnology: Pharmaceutical Preparations,,XLV,1,2026-10-09
OCSL,0001414932,Oaktree Specialty Lending Corporation Common Stock,,Financials,Finance: Consumer Services,,XLF,1,2026-10-09
OCTV,0002083632,Octave Intelligence plc Class B Ordinary Shares,,Technology,Computer Software: Prepackaged Software,,XLK,1,2026-10-09
OCUL,0001393434,Ocular Therapeutix Inc. Common Stock,,Health Care,Biotechnology: Pharmaceutical Preparations,,XLV,1,2026-10-09
ODC,0000074046,Oil-Dri Corporation Of America Common Stock,,Consumer Discretionary,Miscellaneous manufacturing industries,,XLY,1,2026-10-09
ODD,0001907085,ODDITY Tech Ltd. Class A Ordinary Shares,,Consumer Discretionary,Package Goods/Cosmetics,,XLY,1,2026-10-09
ODFL,0000878927,Old Dominion Freight Line Inc. Common Stock,,Industrials,Trucking Freight/Courier Services,,XLI,1,2026-10-09
ODTX,0001882782,Odyssey Therapeutics Inc. Common Stock,,Health Care,Biotechnology: Biological Products (No Diagnostic Substances),,XLV,1,2026-10-09
ODYS,0001577445,Odysight.ai Inc. Common Stock,,Technology,EDP Services,,XLK,1,2026-10-09
OEC,0001609804,Orion S.A. Common Shares,,Industrials,Major Chemicals,,XLI,1,2026-10-09
OESX,0001409375,Orion Energy Systems Inc. Common Stock,,Consumer Discretionary,Building Products,,XLY,1,2026-10-09
OFAL,0002036307,OFA Group Class A Ordinary Shares,,Consumer Discretionary,Military/Government/Technical,,XLY,1,2026-10-09
OFG,0001030469,OFG Bancorp Common Stock,,Financials,Major Banks,,XLF,1,2026-10-09
OFIX,0000884624,Orthofix Medical Inc. Common Stock (DE),,Health Care,Medical/Dental Instruments,,XLV,1,2026-10-09
OFLX,0001317945,Omega Flex Inc. Common Stock,,Industrials,Industrial Specialties,,XLI,1,2026-10-09
OFRM,0001696556,Once Upon a Farm PBC Common Stock,,Consumer Staples,Packaged Foods,,XLP,1,2026-10-09
OFS,0001487918,OFS Capital Corporation Common Stock,,Financials,Finance/Investors Services,,XLF,1,2026-10-09
OFSSH,0001487918,OFS Capital Corporation 4.95% Notes due 2028,,Financials,Finance Companies,,XLF,1,2026-10-09
OFSSO,0001487918,OFS Capital Corporation 7.50% Notes due 2028,,,,,,1,2026-10-09
OGC,0001487326,OceanaGold Corporation Common Shares,,,,,,1,2026-10-09
OGE,0001021635,OGE Energy Corp Common Stock,,Utilities,Electric Utilities: Central,,XLU,1,2026-10-09
OGEN,0001174940,Oragenics Inc. Common Stock,,Health Care,Biotechnology: Pharmaceutical Preparations,,XLV,1,2026-10-09
OGG,0001431852,Osisko Gold Group Inc. Common Shares,,Materials,Precious Metals,,XLB,1,2026-10-09
OGGWZ,0001431852,Osisko Gold Group Inc. Warrant expiring 5/27/2027,,Materials,Precious Metals,,XLB,1,2026-10-09
OGI,0001620737,Organigram Global Inc. Common Shares,,Health Care,Biotechnology: Pharmaceutical Preparations,,XLV,1,2026-10-09
OGN,0001821825,Organon & Co. Common Stock ,,Health Care,Biotechnology: Pharmaceutical Preparations,,XLV,1,2026-10-09
OGS,0001587732,ONE Gas Inc. Common Stock,,Utilities,Oil/Gas Transmission,,XLU,1,2026-10-09
OHAC,0002090787,Oceanhawk Acquisition Corp. Class A Ordinary Shares,,,,,,1,2026-10-09
OHACR,0002090787,Oceanhawk Acquisition Corp. Rights,,,,,,1,2026-10-09
OHI,0000888491,Omega Healthcare Investors Inc. Common Stock,,Real Estate,Real Estate Investment Trusts,,XLRE,1,2026-10-09
OI,0000812074,O-I Glass Inc. Common Stock,,Consumer Discretionary,Containers/Packaging,,XLY,1,2026-10-09
OIA,0000835333,Invesco Municipal Income Opportunities Trust Common Stock,,Financials,Finance Companies,,XLF,1,2026-10-09
OIG,0002124472,Orion180 Insurance Group Inc. Class A common stock,,Financials,Specialty Insurers,,XLF,1,2026-10-09
OII,0000073756,Oceaneering International Inc. Common Stock,,Energy,Oilfield Services/Equipment,,XLE,1,2026-10-09
OIM,0002088325,OneIM Acquisition Corp. Class A Ordinary Shares,,,,,,1,2026-10-09
OIO,0001957538,OIO Group Ordinary Shares,,Utilities,Environmental Services,,XLU,1,2026-10-09
OIS,0001121484,Oil States International Inc. Common Stock,,Consumer Discretionary,Oil and Gas Field Machinery,,XLY,1,2026-10-09
OKE,0001039684,ONEOK Inc. Common Stock,,Utilities,Oil & Gas Production,,XLU,1,2026-10-09
OKLO,0001849056,Oklo Inc. Class A common stock,,Utilities,Electric Utilities: Central,,XLU,1,2026-10-09
OKTA,0001660134,Okta Inc. Class A Common Stock,,Technology,Computer Software: Prepackaged Software,,XLK,1,2026-10-09
OKUR,0001637715,OnKure Therapeutics Inc. Class A Common Stock,,Health Care,Biotechnology: Pharmaceutical Preparations,,XLV,1,2026-10-09
OKYO,0001849296,OKYO Pharma Limited Ordinary Shares,,Health Care,Biotechnology: Biological Products (No Diagnostic Substances),,XLV,1,2026-10-09
OLB,0001314196,The OLB Group Inc. Common Stock,,Consumer Discretionary,Business Services,,XLY,1,2026-10-09
OLED,0001005284,Universal Display Corporation Common Stock,,Technology,Electrical Products,,XLK,1,2026-10-09
OLLI,0001639300,Ollie's Bargain Outlet Holdings Inc. Common Stock,,Consumer Discretionary,Department/Specialty Retail Stores,,XLY,1,2026-10-09
OLMA,0001750284,Olema Pharmaceuticals Inc. Common Stock,,Health Care,Biotechnology: Pharmaceutical Preparations,,XLV,1,2026-10-09
OLN,0000074303,Olin Corporation Common Stock,,Industrials,Major Chemicals,,XLI,1,2026-10-09
OLOX,0001023994,Olenox Industries Inc. Common Stock,,Consumer Discretionary,RETAIL: Building Materials,,XLY,1,2026-10-09
OLP,0000712770,One Liberty Properties Inc. Common Stock,,Real Estate,Real Estate Investment Trusts,,XLRE,1,2026-10-09
OM,0001484612,Outset Medical Inc. Common Stock,,Health Care,Biotechnology: Electromedical & Electrotherapeutic Apparatus,,XLV,1,2026-10-09
OMAB,0001378239,Grupo Aeroportuario del Centro Norte S.A.B. de C.V. ADS,,Consumer Discretionary,Aerospace,,XLY,1,2026-10-09
OMC,0000029989,Omnicom Group Inc. Common Stock,,Consumer Discretionary,Advertising,,XLY,1,2026-10-09
OMCL,0000926326,Omnicell Inc. Common Stock ($0.001 par value),,Technology,Computer Manufacturing,,XLK,1,2026-10-09
OMDA,0001611115,Omada Health Inc. Common Stock,,Health Care,Medical/Nursing Services,,XLV,1,2026-10-09
OMER,0001285819,Omeros Corporation Common Stock,,Health Care,Biotechnology: Pharmaceutical Preparations,,XLV,1,2026-10-09
OMEX,0000798528,Odyssey Marine Exploration Inc. Common Stock,,Consumer Discretionary,Marine Transportation,,XLY,1,2026-10-09
OMF,0001584207,OneMain Holdings Inc. Common Stock,,Financials,Finance: Consumer Services,,XLF,1,2026-10-09
OMH,0001944902,Ohmyhome Limited Class A Ordinary Shares,,Financials,Real Estate,,XLF,1,2026-10-09
OMSE,0002012219,OMS Energy Technologies Inc. Ordinary Shares,,Consumer Discretionary,Oil and Gas Field Machinery,,XLY,1,2026-10-09
ON,0001097864,ON Semiconductor Corporation Common Stock,,Technology,Semiconductors,,XLK,1,2026-10-09
ONB,0000707179,Old National Bancorp Common Stock,,Financials,Major Banks,,XLF,1,2026-10-09
ONBPO,0000707179,Old National Bancorp Depositary Shares Each Representing a 1/40th Interest in a Share of Series C Preferred Stock,,Financials,Major Banks,,XLF,1,2026-10-09
ONBPP,0000707179,Old National Bancorp Depositary Shares Each Representing a 1/40th Interest in a Share of Series A Preferred Stock,,Financials,Major Banks,,XLF,1,2026-10-09
ONC,0001651308,BeOne Medicines Ltd. American Depositary Shares,,Health Care,Biotechnology: Pharmaceutical Preparations,,XLV,1,2026-10-09
ONCH,0002054272,1RT Acquisition Corp. Class A Ordinary Share,,,,,,1,2026-10-09
ONCO,0001782107,Onconetix Inc. Common Stock,,Health Care,Biotechnology: Pharmaceutical Preparations,,XLV,1,2026-10-09
ONCY,0001129928,Oncolytics Biotech Inc. Common Stock,,Health Care,Biotechnology: Pharmaceutical Preparations,,XLV,1,2026-10-09
ONDS,0001646188,Ondas Inc. Common Stock,,Technology,Radio And Television Broadcasting And Communications Equipment,,XLK,1,2026-10-09
ONEG,0002030834,OneConstruction Group Limited Ordinary Shares,,Consumer Discretionary,Homebuilding,,XLY,1,2026-10-09
ONEN,0001846416,ONE Nuclear Energy Inc. Common Stock  ,,Utilities,Electric Utilities: Central,,XLU,1,2026-10-09
ONEW,0001772921,OneWater Marine Inc. Class A Common Stock,,Consumer Discretionary,Auto & Home Supply Stores,,XLY,1,2026-10-09
ONFO,0001825452,Onfolio Holdings Inc. Common Stock,,Technology,EDP Services,,XLK,1,2026-10-09
ONFOW,0001825452,Onfolio Holdings Inc. Warrant,,Technology,EDP Services,,XLK,1,2026-10-09
ONIT,0000873860,Onity Group Inc. Common Stock,,Financials,Finance: Consumer Services,,XLF,1,2026-10-09
ONL,0001873923,Orion Properties Inc. Common Stock,,Real Estate,Real Estate Investment Trusts,,XLRE,1,2026-10-09
ONMD,0001849380,OneMedNet Corp Class A Common Stock,,Health Care,Biotechnology: Commercial Physical & Biological Resarch,,XLV,1,2026-10-09
ONON,0001858985,On Holding AG Class A Ordinary Shares,,Consumer Discretionary,Shoe Manufacturing,,XLY,1,2026-10-09
ONT,0001643615,Onterris Inc. Common Stock,,Consumer Discretionary,Professional Services,,XLY,1,2026-10-09
ONTO,0000704532,Onto Innovation Inc. Common Stock,,Industrials,Industrial Machinery/Components,,XLI,1,2026-10-09
OOMA,0001327688,Ooma Inc. Common Stock,,Technology,EDP Services,,XLK,1,2026-10-09
OPAD,0001825024,Offerpad Solutions Inc. Class A Common Stock,,Financials,Real Estate,,XLF,1,2026-10-09
OPAL,0001842279,OPAL Fuels Inc. Class A Common Stock,,Utilities,Natural Gas Distribution,,XLU,1,2026-10-09
OPBK,0001722010,OP Bancorp Common Stock,,Financials,Major Banks,,XLF,1,2026-10-09
OPCH,0001014739,Option Care Health Inc. Common Stock,,Health Care,Medical/Nursing Services,,XLV,1,2026-10-09
OPEN,0001801169,Opendoor Technologies Inc Common Stock,,Financials,Real Estate,,XLF,1,2026-10-09
OPENL,0001801169,Opendoor Technologies Inc  Series A Warrants each whole warrant exercisable to purchase one share of Common Stock at an exercise price of $13.00 per warrant,,Financials,Real Estate,,XLF,1,2026-10-09
OPENW,0001801169,Opendoor Technologies Inc  Series K Warrants each whole warrant exercisable to purchase one share of Common Stock at an exercise price of $9.00 per warrant,,Financials,Real Estate,,XLF,1,2026-10-09
OPENZ,0001801169,Opendoor Technologies Inc  Series Z Warrants each whole warrant exercisable to purchase one share of Common Stock at an exercise price of $17.00 per warrant,,Financials,Real Estate,,XLF,1,2026-10-09
OPFI,0001818502,OppFi Inc. Class A Common Stock,,Financials,Finance: Consumer Services,,XLF,1,2026-10-09
OPHC,0001288855,OptimumBank Holdings Inc. Common Stock,,Financials,Major Banks,,XLF,1,2026-10-09
OPI,0001456772,Office Properties Income Trust Common shares of beneficial interest,,Financials,Real Estate,,XLF,1,2026-10-09
OPK,0000944809,OPKO Health Inc. Common Stock,,Health Care,Biotechnology: Pharmaceutical Preparations,,XLV,1,2026-10-09
OPLN,0001395942,OPENLANE Inc. Common Stock,,Consumer Discretionary,Retail-Auto Dealers and Gas Stations,,XLY,1,2026-10-09
OPNW,0001104038,OpenWorld Inc. Common Stock,,Technology,EDP Services,,XLK,1,2026-10-09
OPP,0001678130,RiverNorth/DoubleLine Strategic Opportunity Fund Inc. Common Stock,,Financials,Finance/Investors Services,,XLF,1,2026-10-09
OPP^A,,RiverNorth/DoubleLine Strategic Opportunity Fund Inc. 4.375% Series A Cumulative Preferred Stock,,,,,,1,2026-10-09
OPP^B,,RiverNorth/DoubleLine Strategic Opportunity Fund Inc. 4.75% Series B Cumulative Preferred Stock,,,,,,1,2026-10-09
OPP^C,,RiverNorth/DoubleLine Strategic Opportunity Fund Inc. 6.00% Series C Term Preferred Stock (Liquidation Preference $10.00 per share),,,,,,1,2026-10-09
OPRA,0001737450,Opera Limited American Depositary Shares,,Technology,Computer Software: Prepackaged Software,,XLK,1,2026-10-09
OPRT,0001538716,Oportun Financial Corporation Common Stock,,Financials,Finance: Consumer Services,,XLF,1,2026-10-09
OPRX,0001448431,OptimizeRx Corporation Common Stock,,Consumer Discretionary,Business Services,,XLY,1,2026-10-09
OPTH,0002027329,Optimi Health Corp. Common Shares,,Health Care,Biotechnology: Pharmaceutical Preparations,,XLV,1,2026-10-09
OPTT,0001378140,Ocean Power Technologies Inc. Common Stock,,Utilities,Electric Utilities: Central,,XLU,1,2026-10-09
OPTU,0001702780,Optimum Communications Inc. Class A common stock,,Communication Services,Cable & Other Pay Television Services,,XLC,1,2026-10-09
OPTX,0001866816,Syntec Optics Holdings Inc. Class A Common Stock,,Technology,Electronic Components,,XLK,1,2026-10-09
OPTXW,0001866816,Syntec Optics Holdings Inc. Warrant,,Technology,Electronic Components,,XLK,1,2026-10-09
OPXS,0001397016,Optex Systems Holdings Inc. Common Stock,,Technology,Electronic Components,,XLK,1,2026-10-09
OPY,0000791963,Oppenheimer Holdings Inc. Class A Common Stock (DE),,Financials,Investment Bankers/Brokers/Service,,XLF,1,2026-10-09
OR,0001627272,OR Royalties Inc. Common Shares,,Materials,Precious Metals,,XLB,1,2026-10-09
ORA,0001296445,Ormat Technologies Inc. Common Stock,,Utilities,Electric Utilities: Central,,XLU,1,2026-10-09
ORBS,0001892492,Eightco Holdings Inc. Common Stock,,Financials,Finance Companies,,XLF,1,2026-10-09
ORC,0001518621,Orchid Island Capital Inc. Common Stock,,Real Estate,Real Estate Investment Trusts,,XLRE,1,2026-10-09
ORCL,0001341439,Oracle Corporation Common Stock,,Technology,Computer Software: Prepackaged Software,,XLK,1,2026-10-09
ORCL^D,,Oracle Corporation Depositary Shares each representing a 1/2000th interest in a sh of 6.50% Series D Mandatory Convertible Preferred Stock,,,,,,1,2026-10-09
ORGO,0001661181,Organogenesis Holdings Inc. Class A Common Stock,,Health Care,Biotechnology: Pharmaceutical Preparations,,XLV,1,2026-10-09
ORI,0000074260,Old Republic International Corporation Common Stock,,Financials,Property-Casualty Insurers,,XLF,1,2026-10-09
ORIC,0001796280,Oric Pharmaceuticals Inc. Common Stock,,Health Care,Biotechnology: Pharmaceutical Preparations,,XLV,1,2026-10-09
ORIO,0001602842,Orion Digital Corp. Common Shares,,Financials,Finance: Consumer Services,,XLF,1,2026-10-09
ORIQ,0002044523,Origin Investment Corp I Ordinary Shares,,,,,,1,2026-10-09
ORIQU,0002044523,Origin Investment Corp I Units,,,,,,1,2026-10-09
ORIQW,0002044523,Origin Investment Corp I Warrant.,,Financials,Blank Checks,,XLF,1,2026-10-09
ORKA,0000907654,Oruka Therapeutics Inc. Common Stock,,Health Care,Biotechnology: In Vitro & In Vivo Diagnostic Substances,,XLV,1,2026-10-09
ORKT,0001979407,Orangekloud Technology Inc. Class A Ordinary Shares,,Technology,Computer Software: Prepackaged Software,,XLK,1,2026-10-09
ORLY,0000898173,O'Reilly Automotive Inc. Common Stock,,Consumer Discretionary,Auto & Home Supply Stores,,XLY,1,2026-10-09
ORMP,0001176309,Oramed Pharmaceuticals Inc. Common Stock,,Health Care,Biotechnology: Pharmaceutical Preparations,,XLV,1,2026-10-09
ORN,0001402829,Orion Group Holdings Inc. Common,,Industrials,Military/Government/Technical,,XLI,1,2026-10-09
ORRF,0000826154,Orrstown Financial Services Inc. Common Stock,,Financials,Major Banks,,XLF,1,2026-10-09
OSBC,0000357173,Old Second Bancorp Inc. Common Stock,,Financials,Major Banks,,XLF,1,2026-10-09
OSCR,0001568651,Oscar Health Inc. Class A Common Stock,,Health Care,Medical Specialities,,XLV,1,2026-10-09
OSG,0000874501,Octave Specialty Group Inc. Common Stock,,Financials,Property-Casualty Insurers,,XLF,1,2026-10-09
OSIS,0001039065,OSI Systems Inc. Common Stock (DE),,Technology,Semiconductors,,XLK,1,2026-10-09
OSK,0000775158,Oshkosh Corporation (Holding Company)Common Stock,,Industrials,Auto Manufacturing,,XLI,1,2026-10-09
OSPN,0001044777,OneSpan Inc. Common Stock,,Technology,EDP Services,,XLK,1,2026-10-09
OSPR,0002113481,Osprey Acquisition Corp. III Class A Ordinary Shares,,Financials,Blank Checks,,XLF,1,2026-10-09
OSPRU,0002113481,Osprey Acquisition Corp. III Units,,Financials,Blank Checks,,XLF,1,2026-10-09
OSS,0001394056,One Stop Systems Inc. Common Stock,,Technology,Computer Manufacturing,,XLK,1,2026-10-09
OSTX,0001795091,OS Therapies Incorporated Common Stock,,Health Care,Biotechnology: Pharmaceutical Preparations,,XLV,1,2026-10-09
OSUR,0001116463,OraSure Technologies Inc. Common Stock,,Health Care,Medical/Dental Instruments,,XLV,1,2026-10-09
OSW,0001758488,OneSpaWorld Holdings Limited Common Shares,,Consumer Discretionary,Hotels/Resorts,,XLY,1,2026-10-09
OTAI,0002094076,Starlink AI Acquisition Corporation Ordinary Shares,,,,,,1,2026-10-09
OTEX,0001002638,Open Text Corporation Common Shares,,Technology,EDP Services,,XLK,1,2026-10-09
OTF,0001747777,Blue Owl Technology Finance Corp. Common Stock,,,,,,1,2026-10-09
OTGA,0002077010,OTG Acquisition Corp. I Class A Ordinary Share ,,Financials,Blank Checks,,XLF,1,2026-10-09
OTIS,0001781335,Otis Worldwide Corporation Common Stock ,,Technology,Consumer Electronics/Appliances,,XLK,1,2026-10-09
OTLK,0001649989,Outlook Therapeutics Inc. Common Stock,,Health Care,Biotechnology: Biological Products (No Diagnostic Substances),,XLV,1,2026-10-09
OTLY,0001843586,Oatly Group AB American Depositary Shares,,Consumer Staples,Packaged Foods,,XLP,1,2026-10-09
OTTR,0001466593,Otter Tail Corporation Common Stock,,Utilities,Electric Utilities: Central,,XLU,1,2026-10-09
OUST,0001816581,Ouster Inc. Common Stock,,Industrials,Industrial Machinery/Components,,XLI,1,2026-10-09
OUT,0001579877,OUTFRONT Media Inc. Common Stock,,Real Estate,Real Estate Investment Trusts,,XLRE,1,2026-10-09
OVBC,0000894671,Ohio Valley Banc Corp. Common Stock,,Financials,Major Banks,,XLF,1,2026-10-09
OVID,0001636651,Ovid Therapeutics Inc. Common Stock,,Health Care,Biotechnology: Pharmaceutical Preparations,,XLV,1,2026-10-09
OVLY,0001431567,Oak Valley Bancorp (CA) Common Stock,,Financials,Major Banks,,XLF,1,2026-10-09
OVV,0001792580,Ovintiv Inc. (DE),,Energy,Oil & Gas Production,,XLE,1,2026-10-09
OWL,0001823945,Blue Owl Capital Inc. Class A Common Stock,,Financials,Investment Managers,,XLF,1,2026-10-09
OWLS,0002025416,OBOOK Holdings Inc. Class A Common Shares,,Technology,Computer Software: Prepackaged Software,,XLK,1,2026-10-09
OWLT,0001816708,Owlet Inc. Class A Common Stock,,Industrials,Industrial Machinery/Components,,XLI,1,2026-10-09
OXBR,0001584831,Oxbridge Re Holdings Limited Ordinary Shares,,Financials,Property-Casualty Insurers,,XLF,1,2026-10-09
OXBRW,0001584831,Oxbridge Re Holdings Limited Warrant expiring 3/26/2029,,Financials,Property-Casualty Insurers,,XLF,1,2026-10-09
OXLC,0001495222,Oxford Lane Capital Corp. Common Stock,,Financials,Investment Managers,,XLF,1,2026-10-09
OXLCG,0001495222,Oxford Lane Capital Corp. 7.95% Notes due 2032,,Financials,Investment Managers,,XLF,1,2026-10-09
OXLCI,0001495222,Oxford Lane Capital Corp. 8.75% Notes due 2030,,,,,,1,2026-10-09
OXLCL,0001495222,Oxford Lane Capital Corp. 6.75% Notes due 2031,,Financials,Finance Companies,,XLF,1,2026-10-09
OXLCM,0001495222,Oxford Lane Capital Corp. Preferred Stock Shares 8.25% Series 2031,,Financials,Investment Managers,,XLF,1,2026-10-09
OXLCN,0001495222,Oxford Lane Capital Corp. 7.125% Series 2029 Term Preferred Stock,,Financials,Investment Managers,,XLF,1,2026-10-09
OXLCO,0001495222,Oxford Lane Capital Corp. Preferred Stock Shares 6.00% Series 2029,,Financials,Investment Managers,,XLF,1,2026-10-09
OXLCZ,0001495222,Oxford Lane Capital Corp. 5.00% Notes due 2027,,Financials,Finance Companies,,XLF,1,2026-10-09
OXM,0000075288,Oxford Industries Inc. Common Stock,,Industrials,Garments and Clothing,,XLI,1,2026-10-09
OXSQ,0001259429,Oxford Square Capital Corp. Common Stock,,Financials,Blank Checks,,XLF,1,2026-10-09
OXSQG,0001259429,Oxford Square Capital Corp. 5.50% Notes due 2028,,Consumer Discretionary,Other Consumer Services,,XLY,1,2026-10-09
OXSQH,0001259429,Oxford Square Capital Corp. 7.75% Notes due 2030,,Financials,Blank Checks,,XLF,1,2026-10-09
OXY,0000797468,Occidental Petroleum Corporation Common Stock,,Energy,Oil & Gas Production,,XLE,1,2026-10-09
OYSE,0002042182,Oyster Enterprises II Acquisition Corp Class A Ordinary Shares,,Financials,Blank Checks,,XLF,1,2026-10-09
OZ,0001807046,Belpointe PREP LLC Class A Units,,Financials,Real Estate,,XLF,1,2026-10-09
OZK,0001569650,Bank OZK Common Stock,,Financials,Major Banks,,XLF,1,2026-10-09
OZKAP,0001569650,Bank OZK 4.625% Series A Non-Cumulative Perpetual Preferred Stock,,Financials,Major Banks,,XLF,1,2026-10-09
P,0001474432,Everpure Inc. Class A common stock,,Technology,Electronic Components,,XLK,1,2026-10-09
PAA,0001070423,Plains All American Pipeline L.P. Common Units representing Limited Partner Interests,,Energy,Natural Gas Distribution,,XLE,1,2026-10-09
PAAC,0002087446,Proem Acquisition Corp I Ordinary Shares,,Financials,Investment Managers,,XLF,1,2026-10-09
PAAI,0000894871,Paradium.AI Inc. Common Stock,,Technology,EDP Services,,XLK,1,2026-10-09
PAAS,0000771992,Pan American Silver Corp. Common Stock,,Materials,Precious Metals,,XLB,1,2026-10-09
PAC,0001347557,Grupo Aeroportuario Del Pacifico S.A. B. de C.V. Grupo Aeroportuario Del Pacifico S.A. de C.V. (each representing 10 Series B shares),,Consumer Discretionary,Aerospace,,XLY,1,2026-10-09
PACB,0001299130,Pacific Biosciences of California Inc. Common Stock,,Industrials,Biotechnology: Laboratory Analytical Instruments,,XLI,1,2026-10-09
PACH,0002040381,Pioneer Acquisition I Corp Class A Ordinary Shares,,,,,,1,2026-10-09
PACHW,0002040381,Pioneer Acquisition I Corp Warrants,,,,,,1,2026-10-09
PACK,0001712463,Ranpak Holdings Corp Class A Common Stock,,Consumer Discretionary,Containers/Packaging,,XLY,1,2026-10-09
PACS,0002001184,PACS Group Inc. Common Stock,,Health Care,Hospital/Nursing Management,,XLV,1,2026-10-09
PAG,0001019849,Penske Automotive Group Inc. Common Stock,,Consumer Discretionary,Retail-Auto Dealers and Gas Stations,,XLY,1,2026-10-09
PAGP,0001581990,Plains GP Holdings L.P. Class A Units representing Limited Partner Interests,,Energy,Natural Gas Distribution,,XLE,1,2026-10-09
PAGS,0001712807,PagSeguro Digital Ltd. Class A Common Shares,,Technology,EDP Services,,XLK,1,2026-10-09
PAHC,0001069899,Phibro Animal Health Corporation Class A Common Stock,,Health Care,Biotechnology: Pharmaceutical Preparations,,XLV,1,2026-10-09
PAI,0000075398,Western Asset Investment Grade Income Fund Inc.,,Financials,Trusts Except Educational Religious and Charitable,,XLF,1,2026-10-09
PAII,0002069238,Pyrophyte Acquisition Corp. II Class A Ordinary Shares,,,,,,1,2026-10-09
PAL,0001998768,Proficient Auto Logistics Inc. Common Stock,,Consumer Discretionary,Transportation Services,,XLY,1,2026-10-09
PALI,0001357459,Palisade Bio Inc. Common Stock,,Health Care,Biotechnology: Biological Products (No Diagnostic Substances),,XLV,1,2026-10-09
PALO,0002101562,Paloma Acquisition Corp I Class A Ordinary Shares,,Financials,Blank Checks,,XLF,1,2026-10-09
PAM,0001469395,Pampa Energia S.A.,,Utilities,Electric Utilities: Central,,XLU,1,2026-10-09
PAMT,0000798287,PAMT CORP Common Stock,,Industrials,Trucking Freight/Courier Services,,XLI,1,2026-10-09
PANL,0001606909,Pangaea Logistics Solutions Ltd. Common Shares,,Consumer Discretionary,Marine Transportation,,XLY,1,2026-10-09
PANW,0001327567,Palo Alto Networks Inc. Common Stock,,Technology,Computer peripheral equipment,,XLK,1,2026-10-09
PAPL,0001938109,Pineapple Financial Inc. Common Stock,,Financials,Finance: Consumer Services,,XLF,1,2026-10-09
PAR,0000708821,PAR Technology Corporation Common Stock,,Miscellaneous,Office Equipment/Supplies/Services,,,1,2026-10-09
PARA,0001826011,Banzai International Inc. Class A Common Stock,,Industrials,Broadcasting,,XLI,1,2026-10-09
PARAW,0001826011,Banzai International Inc. Warrant,,Technology,Computer Software: Prepackaged Software,,XLK,1,2026-10-09
PARK,0002069604,Park Dental Partners Inc. Common Stock,,Health Care,Misc Health and Biotechnology Services,,XLV,1,2026-10-09
PARR,0000821483,Par Pacific Holdings Inc.  Common Stock,,Energy,Oil & Gas Production,,XLE,1,2026-10-09
PASG,0001787297,Passage Bio Inc. Common Stock,,Health Care,Biotechnology: Biological Products (No Diagnostic Substances),,XLV,1,2026-10-09
PASW,0001897532,Ping An Biomedical Co. Ltd. Class A Ordinary Shares,,Consumer Discretionary,Apparel,,XLY,1,2026-10-09
PATH,0001734722,UiPath Inc. Class A Common Stock,,Technology,Computer Software: Prepackaged Software,,XLK,1,2026-10-09
PATK,0000076605,Patrick Industries Inc. Common Stock,,Consumer Discretionary,Auto Parts:O.E.M.,,XLY,1,2026-10-09
PAVM,0001624326,PAVmed Inc. Common Stock,,Health Care,Medical/Dental Instruments,,XLV,1,2026-10-09
PAVS,0001751876,Paranovus Entertainment Technology Ltd. Class A Ordinary Shares,,Technology,EDP Services,,XLK,1,2026-10-09
PAX,0001825570,Patria Investments Limited Class A Common Shares,,Financials,Investment Managers,,XLF,1,2026-10-09
PAXGU,0002076561,Pine Tree Acquisition Corp. Units,,Financials,Blank Checks,,XLF,1,2026-10-09
PAXS,0001886878,PIMCO Access Income Fund Common Shares of Beneficial Interest,,Financials,Investment Managers,,XLF,1,2026-10-09
PAY,0001841156,Paymentus Holdings Inc. Class A Common Stock,,Consumer Discretionary,Business Services,,XLY,1,2026-10-09
PAYC,0001590955,Paycom Software Inc. Common Stock,,Technology,Computer Software: Prepackaged Software,,XLK,1,2026-10-09
PAYO,0001845815,Payoneer Global Inc. Common Stock,,Consumer Discretionary,Business Services,,XLY,1,2026-10-09
PAYP,0002080845,PayPay Corporation American Depository Shares,,Consumer Discretionary,Business Services,,XLY,1,2026-10-09
PAYS,0001496443,Paysign Inc. Common Stock,,Technology,EDP Services,,XLK,1,2026-10-09
PAYX,0000723531,Paychex Inc. Common Stock,,Industrials,Diversified Commercial Services,,XLI,1,2026-10-09
PB,0001068851,Prosperity Bancshares Inc. Common Stock,,Financials,Major Banks,,XLF,1,2026-10-09
PBA,0001546066,Pembina Pipeline Corp. Ordinary Shares (Canada),,Energy,Oil & Gas Production,,XLE,1,2026-10-09
PBAM,0001705284,Private Bancorp of America Inc. Common Stock,,Financials,Major Banks,,XLF,1,2026-10-09
PBF,0001534504,PBF Energy Inc. Class A Common Stock,,Energy,Integrated oil Companies,,XLE,1,2026-10-09
PBFS,0001769663,Pioneer Bancorp Inc. Common Stock,,Financials,Banks,,XLF,1,2026-10-09
PBH,0001295947,Prestige Consumer Healthcare Inc. Common Stock,,Health Care,Biotechnology: Pharmaceutical Preparations,,XLV,1,2026-10-09
PBHC,0001609065,Pathfinder Bancorp Inc. Common Stock (MD),,Financials,Major Banks,,XLF,1,2026-10-09
PBI,0000078814,Pitney Bowes Inc. Common Stock,,Miscellaneous,Office Equipment/Supplies/Services,,,1,2026-10-09
PBI^B,,Pitney Bowes Inc 6.70% Notes Due 2043,,,,,,1,2026-10-09
PBK,0002011053,PowerBank Corporation Common Stock,,Utilities,Power Generation,,XLU,1,2026-10-09
PBLS,0001657677,Parabilis Medicines Inc. Common Stock,,Health Care,Biotechnology: Pharmaceutical Preparations,,XLV,1,2026-10-09
PBM,0001985062,Psyence Biomedical Ltd. Common Shares,,Health Care,Biotechnology: Pharmaceutical Preparations,,XLV,1,2026-10-09
PBMWW,0001985062,Psyence Biomedical Ltd. Warrant,,Health Care,Biotechnology: Pharmaceutical Preparations,,XLV,1,2026-10-09
PBR,0001119639,Petroleo Brasileiro S.A. Petrobras ADS,,Energy,Oil & Gas Production,,XLE,1,2026-10-09
PBT,0000319654,Permian Basin Royalty Trust Common Stock,,Energy,Oil & Gas Production,,XLE,1,2026-10-09
PBYI,0001401667,Puma Biotechnology Inc Common Stock,,Health Care,Biotechnology: Pharmaceutical Preparations,,XLV,1,2026-10-09
PCAP,0002056634,ProCap Acquisition Corp Class A Ordinary Shares,,Financials,Blank Checks,,XLF,1,2026-10-09
PCAPU,0002056634,ProCap Acquisition Corp Unit,,,,,,1,2026-10-09
PCAR,0000075362,PACCAR Inc. Common Stock,,Industrials,Auto Manufacturing,,XLI,1,2026-10-09
PCB,0001423869,PCB Bancorp Common Stock,,Financials,Major Banks,,XLF,1,2026-10-09
PCF,0000810943,High Income Securities Fund Common Stock,,Financials,Trusts Except Educational Religious and Charitable,,XLF,1,2026-10-09
PCG,0001004980,Pacific Gas & Electric Co. Common Stock,,Utilities,Power Generation,,XLU,1,2026-10-09
PCG^A,,Pacific Gas & Electric Co. 6% Preferred Stock,,,,,,1,2026-10-09
PCG^B,,Pacific Gas & Electric Co. 5 1/2% Preferred Stock,,,,,,1,2026-10-09
PCG^C,,Pacific Gas & Electric Co. 5% 1st Preferred Stock,,,,,,1,2026-10-09
PCG^D,,Pacific Gas & Electric Co. 5% 1st  Red. Preferred Stock,,,,,,1,2026-10-09
PCG^E,,Pacific Gas & Electric Co. 5% 1st A Preferred Stock,,,,,,1,2026-10-09
PCG^G,,Pacific Gas & Electric Co. 4.80% 1st Preferred Stock,,,,,,1,2026-10-09
PCG^H,,Pacific Gas & Electric Co. 4.50% 1st Preferred Stock,,,,,,1,2026-10-09
PCG^I,,Pacific Gas & Electric Co. 4.36% 1st Preferred Stock,,,,,,1,2026-10-09
PCG^X,,PG&E Corp 6.000% Series A Mandatory Convertible Preferred Stock,,,,,,1,2026-10-09
PCLA,0002018462,PicoCELA Inc. American Depositary Shares,,Consumer Discretionary,Building Products,,XLY,1,2026-10-09
PCM,0000908187,PCM Fund Inc. Common Stock,,Financials,Trusts Except Educational Religious and Charitable,,XLF,1,2026-10-09
PCN,0001160990,Pimco Corporate & Income Strategy Fund Common Stock,,Financials,Investment Managers,,XLF,1,2026-10-09
PCOR,0001611052,Procore Technologies Inc. Common Stock,,Technology,Computer Software: Prepackaged Software,,XLK,1,2026-10-09
PCQ,0001140411,PIMCO California Municipal Income Fund Common Stock,,Financials,Investment Managers,,XLF,1,2026-10-09
PCRX,0001396814,Pacira BioSciences Inc. Common Stock,,Health Care,Biotechnology: Pharmaceutical Preparations,,XLV,1,2026-10-09
PCSA,0001533743,Processa Pharmaceuticals Inc. Common Stock,,Health Care,Biotechnology: Pharmaceutical Preparations,,XLV,1,2026-10-09
PCT,0001830033,PureCycle Technologies Inc. Common stock,,Industrials,Major Chemicals,,XLI,1,2026-10-09
PCTTU,0001830033,PureCycle Technologies Inc. Unit,,Industrials,Major Chemicals,,XLI,1,2026-10-09
PCTTW,0001830033,PureCycle Technologies Inc. Warrant,,Industrials,Major Chemicals,,XLI,1,2026-10-09
PCTY,0001591698,Paylocity Holding Corporation Common Stock,,Technology,Computer Software: Prepackaged Software,,XLK,1,2026-10-09
PCVX,0001649094,Vaxcyte Inc. Common Stock,,Health Care,Biotechnology: Biological Products (No Diagnostic Substances),,XLV,1,2026-10-09
PCYO,0000276720,Pure Cycle Corporation Common Stock,,Utilities,Water Supply,,XLU,1,2026-10-09
PD,0001568100,PagerDuty Inc. Common Stock,,Technology,Computer Software: Prepackaged Software,,XLK,1,2026-10-09
PDC,0001944399,Perpetuals.com Ltd American Depositary Shares,,Technology,EDP Services,,XLK,1,2026-10-09
PDCC,0001998043,Pearl Diver Credit Company Inc. Common Stock,,,,,,1,2026-10-09
PDD,0001737806,PDD Holdings Inc. American Depositary Shares,,Consumer Discretionary,Business Services,,XLY,1,2026-10-09
PDEX,0000788920,Pro-Dex Inc. Common Stock,,Health Care,Medical/Dental Instruments,,XLV,1,2026-10-09
PDFS,0001120914,PDF Solutions Inc. Common Stock,,Technology,Computer Software: Prepackaged Software,,XLK,1,2026-10-09
PDI,0001510599,PIMCO Dynamic Income Fund Common Stock,,Financials,Trusts Except Educational Religious and Charitable,,XLF,1,2026-10-09
PDLB,0001874071,Ponce Financial Group Inc. Common Stock,,Financials,Savings Institutions,,XLF,1,2026-10-09
PDM,0001042776,Piedmont Realty Trust Inc. Class A Common Stock,,Real Estate,Building operators,,XLRE,1,2026-10-09
PDO,0001798618,PIMCO Dynamic Income Opportunities Fund Common Shares of Beneficial Interest,,Financials,Trusts Except Educational Religious and Charitable,,XLF,1,2026-10-09
PDPA,0001998043,Pearl Diver Credit Company Inc. 8.00% Series A Preferred Stock Due 2029,,,,,,1,2026-10-09
PDS,0001013605,Precision Drilling Corporation Common Stock,,Energy,Oil & Gas Production,,XLE,1,2026-10-09
PDSB,0001472091,PDS Biotechnology Corporation Common Stock,,Health Care,Biotechnology: Pharmaceutical Preparations,,XLV,1,2026-10-09
PDT,0000855886,John Hancock Premium Dividend Fund,,Financials,Finance Companies,,XLF,1,2026-10-09
PDX,0001756908,PIMCO Dynamic Income Strategy Fund Common Shares of Beneficial Interest,,Financials,Finance/Investors Services,,XLF,1,2026-10-09
PDYN,0001826681,Palladyne AI Corp. Common Stock,,Technology,Computer Software: Prepackaged Software,,XLK,1,2026-10-09
PEB,0001474098,Pebblebrook Hotel Trust Common Shares of Beneficial Interest,,Real Estate,Real Estate Investment Trusts,,XLRE,1,2026-10-09
PEBK,0001093672,Peoples Bancorp of North Carolina Inc. Common Stock,,Financials,Major Banks,,XLF,1,2026-10-09
PEBO,0000318300,Peoples Bancorp Inc. Common Stock,,Financials,Major Banks,,XLF,1,2026-10-09
PEB^E,,Pebblebrook Hotel Trust 6.375% Series E Cumulative Redeemable Preferred Shares of Beneficial Interest,,,,,,1,2026-10-09
PEB^F,,Pebblebrook Hotel Trust 6.3% Series F Cumulative Redeemable Preferred Shares of Beneficial Interest,,,,,,1,2026-10-09
PEB^G,,Pebblebrook Hotel Trust 6.375% Series G Cumulative Redeemable Preferred Shares of Beneficial Interest,,,,,,1,2026-10-09
PEB^H,,Pebblebrook Hotel Trust 5.700% Series H Cumulative Redeemable Preferred Shares of Beneficial Interest,,,,,,1,2026-10-09
PECE,0002088626,Peace Acquisition Corp Ordinary Shares,,Financials,Blank Checks,,XLF,1,2026-10-09
PECER,0002088626,Peace Acquisition Corp Right,,Financials,Blank Checks,,XLF,1,2026-10-09
PECEU,0002088626,Peace Acquisition Corp Units,,Financials,Blank Checks,,XLF,1,2026-10-09
PECO,0001476204,Phillips Edison & Company Inc. Common Stock,,Real Estate,Real Estate Investment Trusts,,XLRE,1,2026-10-09
PED,0001141197,Pedevco Corp. Common Stock,,Energy,Oil & Gas Production,,XLE,1,2026-10-09
PEG,0000788784,Public Service Enterprise Group Incorporated Common Stock,,Utilities,Power Generation,,XLU,1,2026-10-09
PEGA,0001013857,Pegasystems Inc. Common Stock,,Technology,EDP Services,,XLK,1,2026-10-09
PEN,0001321732,Penumbra Inc. Common Stock,,Health Care,Medical/Dental Instruments,,XLV,1,2026-10-09
PENG,0001616533,Penguin Solutions Inc. Common Stock,,Technology,Semiconductors,,XLK,1,2026-10-09
PENN,0000921738,PENN Entertainment Inc. Common Stock,,Consumer Discretionary,Hotels/Resorts,,XLY,1,2026-10-09
PEO,0000216851,Adams Natural Resources Fund Inc. Common Stock,,Financials,Finance/Investors Services,,XLF,1,2026-10-09
PEP,0000077476,PepsiCo Inc. Common Stock,,Consumer Staples,Beverages (Production/Distribution),,XLP,1,2026-10-09
PEPG,0001835597,PepGen Inc. Common Stock,,Health Care,Biotechnology: Pharmaceutical Preparations,,XLV,1,2026-10-09
PERF,0001899830,Perfect Corp. Class A Ordinary Share,,Technology,Computer Software: Prepackaged Software,,XLK,1,2026-10-09
PERI,0001338940,Perion Network Ltd. Ordinary Shares,,Technology,EDP Services,,XLK,1,2026-10-09
PESI,0000891532,Perma-Fix Environmental Services Inc. Common Stock,,Industrials,Environmental Services,,XLI,1,2026-10-09
PETS,0001040130,PetMed Express Inc. Common Stock,,Consumer Staples,Retail-Drug Stores and Proprietary Stores,,XLP,1,2026-10-09
PETZ,0001684425,TDH Holdings Inc. Common Shares,,Financials,Real Estate,,XLF,1,2026-10-09
PEW,0002051380,GrabAGun Digital Holdings Inc. Common Stock,,Consumer Discretionary,Other Specialty Stores,,XLY,1,2026-10-09
PFAI,0002032755,Pinnacle Food Group Limited Class A Common Shares,,Consumer Staples,Farming/Seeds/Milling,,XLP,1,2026-10-09
PFBC,0001492165,Preferred Bank Common Stock,,Financials,Major Banks,,XLF,1,2026-10-09
PFD,0000868578,Flaherty & Crumrine Preferred and Income Fund Incorporated,,Financials,Investment Managers,,XLF,1,2026-10-09
PFE,0000078003,Pfizer Inc. Common Stock,,Health Care,Biotechnology: Pharmaceutical Preparations,,XLV,1,2026-10-09
PFG,0001126328,Principal Financial Group Inc Common Stock,,Financials,Accident &Health Insurance,,XLF,1,2026-10-09
PFGC,0001618673,Performance Food Group Company Common Stock,,Consumer Discretionary,Food Distributors,,XLY,1,2026-10-09
PFH,0001137774,Prudential Financial Inc. 4.125% Junior Subordinated Notes due 2060,,Financials,Life Insurance,,XLF,1,2026-10-09
PFIS,0001056943,Peoples Financial Services Corp. Common Stock,,Financials,Major Banks,,XLF,1,2026-10-09
PFL,0001244183,PIMCO Income Strategy Fund Shares of Beneficial Interest,,Financials,Finance Companies,,XLF,1,2026-10-09
PFLA,0001504619,PennantPark Floating Rate Capital Ltd. 7.375% Notes Due 2031,,Financials,Finance: Consumer Services,,XLF,1,2026-10-09
PFLT,0001504619,PennantPark Floating Rate Capital Ltd. Common Stock,,Financials,Finance: Consumer Services,,XLF,1,2026-10-09
PFN,0001296250,PIMCO Income Strategy Fund II,,Financials,Finance/Investors Services,,XLF,1,2026-10-09
PFO,0000882071,Flaherty & Crumrine Preferred and Income Opportunity Fund Incorporated,,Financials,Finance Companies,,XLF,1,2026-10-09
PFS,0001178970,Provident Financial Services Inc Common Stock,,Financials,Savings Institutions,,XLF,1,2026-10-09
PFSA,0001859807,Profusa Inc. Common Stock,,Health Care,Medical/Dental Instruments,,XLV,1,2026-10-09
PFSI,0001745916,PennyMac Financial Services Inc. Common Stock,,Financials,Finance: Consumer Services,,XLF,1,2026-10-09
PFX,0001490349,PhenixFIN Corporation Common Stock,,Financials,Finance: Consumer Services,,XLF,1,2026-10-09
PFXNZ,0001490349,PhenixFIN Corporation  5.25% Notes due 2028,,Financials,Finance: Consumer Services,,XLF,1,2026-10-09
PG,0000080424,Procter & Gamble Company (The) Common Stock,,Consumer Discretionary,Package Goods/Cosmetics,,XLY,1,2026-10-09
PGAC,0002030829,Pantages Capital Acquisition Corporation Class A Ordinary Shares,,,,,,1,2026-10-09
PGACU,0002030829,Pantages Capital Acquisition Corporation Unit,,,,,,1,2026-10-09
PGC,0001050743,Peapack-Gladstone Financial Corporation Common Stock,,Financials,Commercial Banks,,XLF,1,2026-10-09
PGEN,0001356090,Precigen Inc. Common Stock,,Health Care,Biotechnology: Pharmaceutical Preparations,,XLV,1,2026-10-09
PGNY,0001551306,Progyny Inc. Common Stock,,Health Care,Misc Health and Biotechnology Services,,XLV,1,2026-10-09
PGP,0001318025,Pimco Global StocksPlus & Income Fund Common Shares of Beneficial Interest,,Financials,Finance Companies,,XLF,1,2026-10-09
PGR,0000080661,Progressive Corporation (The) Common Stock,,Financials,Property-Casualty Insurers,,XLF,1,2026-10-09
PGY,0001883085,Pagaya Technologies Ltd. Class A Ordinary Shares,,Financials,Finance: Consumer Services,,XLF,1,2026-10-09
PGZ,0001557523,Principal Real Estate Income Fund Common Shares of Beneficial Interest,,Financials,Investment Managers,,XLF,1,2026-10-09
PH,0000076334,Parker-Hannifin Corporation Common Stock,,Industrials,Metal Fabrications,,XLI,1,2026-10-09
PHAR,0001828316,Pharming Group N.V. ADS each representing 10 ordinary shares,,Health Care,Biotechnology: Pharmaceutical Preparations,,XLV,1,2026-10-09
PHAT,0001783183,Phathom Pharmaceuticals Inc. Common Stock,,Health Care,Biotechnology: Pharmaceutical Preparations,,XLV,1,2026-10-09
PHG,0000313216,Koninklijke Philips N.V. NY Registry Shares,,Health Care,Medical Electronics,,XLV,1,2026-10-09
PHI,0000078150,PLDT Inc. Sponsored ADR,,Communication Services,Telecommunications Equipment,,XLC,1,2026-10-09
PHIN,0001968915,PHINIA Inc. Common Stock,,Consumer Discretionary,Auto Parts:O.E.M.,,XLY,1,2026-10-09
PHIO,0001533040,Phio Pharmaceuticals Corp. Common Stock,,Health Care,Biotechnology: Pharmaceutical Preparations,,XLV,1,2026-10-09
PHK,0001219360,Pimco High Income Fund,,Financials,Finance/Investors Services,,XLF,1,2026-10-09
PHM,0000822416,PulteGroup Inc. Common Stock,,Consumer Discretionary,Homebuilding,,XLY,1,2026-10-09
PHOE,0002035709,Phoenix Asia Holdings Limited Ordinary Shares,,Consumer Discretionary,Engineering & Construction,,XLY,1,2026-10-09
PHOS,0001490078,First Phosphate Corp. American Depositary Shares,,Industrials,Mining & Quarrying of Nonmetallic Minerals (No Fuels),,XLI,1,2026-10-09
PHR,0001412408,Phreesia Inc. Common Stock,,Consumer Discretionary,Business Services,,XLY,1,2026-10-09
PHUN,0001665300,Phunware Inc. Common Stock,,Technology,EDP Services,,XLK,1,2026-10-09
PHVS,0001830487,Pharvaris N.V. Ordinary Shares,,Health Care,Biotechnology: Pharmaceutical Preparations,,XLV,1,2026-10-09
PHXE^,,Phoenix Energy One LLC Series A Cumulative Redeemable Preferred Shares,,,,,,1,2026-10-09
PI,0001114995,Impinj Inc. Common Stock,,Technology,Industrial Machinery/Components,,XLK,1,2026-10-09
PICS,0001841644,PicS N.V. Class A Common Shares,,Financials,Finance: Consumer Services,,XLF,1,2026-10-09
PII,0000931015,Polaris Inc. Common Stock,,Consumer Discretionary,Industrial Specialties,,XLY,1,2026-10-09
PIII,0001832511,P3 Health Partners Inc. Class A Common Stock,,Health Care,Medical/Nursing Services,,XLV,1,2026-10-09
PIIIW,0001832511,P3 Health Partners Inc. Warrant,,Health Care,Medical/Nursing Services,,XLV,1,2026-10-09
PIM,0000830622,Franklin Master Intermediate Income Trust Shares of Beneficial Interest,,Financials,Finance Companies,,XLF,1,2026-10-09
PINE,0001786117,Alpine Income Property Trust Inc. Common Stock,,Real Estate,Real Estate Investment Trusts,,XLRE,1,2026-10-09
PINE^A,,Alpine Income Property Trust Inc. 8.00% Series A Cumulative Redeemable Preferred Stock,,,,,,1,2026-10-09
PINS,0001506293,Pinterest Inc. Class A Common Stock,,Technology,Computer Software: Programming Data Processing,,XLK,1,2026-10-09
PIPR,0001230245,Piper Sandler Companies Common Stock,,Financials,Investment Bankers/Brokers/Service,,XLF,1,2026-10-09
PJT,0001626115,PJT Partners Inc. Class A Common Stock,,Financials,Investment Managers,,XLF,1,2026-10-09
PK,0001617406,Park Hotels & Resorts Inc. Common Stock ,,Consumer Discretionary,Hotels/Resorts,,XLY,1,2026-10-09
PKBK,0001315399,Parke Bancorp Inc. Common Stock,,Financials,Major Banks,,XLF,1,2026-10-09
PKE,0000076267,Park Aerospace Corp. Common Stock,,Industrials,Military/Government/Technical,,XLI,1,2026-10-09
PKG,0000075677,Packaging Corporation of America Common Stock,,Consumer Discretionary,Containers/Packaging,,XLY,1,2026-10-09
PKOH,0000076282,Park-Ohio Holdings Corp. Common Stock,,Industrials,Industrial Specialties,,XLI,1,2026-10-09
PKX,0000889132,POSCO HOLDINGS INC. American Depositary Shares (Each representing 1/4th of a share of Common Stock),,Industrials,Steel/Iron Ore,,XLI,1,2026-10-09
PL,0001836833,Planet Labs PBC Class A Common Stock,,Technology,Radio And Television Broadcasting And Communications Equipment,,XLK,1,2026-10-09
PLAB,0000810136,Photronics Inc. Common Stock,,Technology,Semiconductors,,XLK,1,2026-10-09
PLAG,0001117057,Planet Green Holdings Corp. Common Stock,,Consumer Staples,Packaged Foods,,XLP,1,2026-10-09
PLAY,0001525769,Dave & Buster's Entertainment Inc. Common Stock,,Consumer Discretionary,Restaurants,,XLY,1,2026-10-09
PLBC,0001168455,Plumas Bancorp,,Financials,Finance Companies,,XLF,1,2026-10-09
PLBL,0002035697,Polibeli Group Ltd Class A Ordinary Shares,,Consumer Discretionary,Consumer Electronics/Appliances,,XLY,1,2026-10-09
PLBY,0001803914,Playboy Inc. Common Stock,,Consumer Discretionary,Other Specialty Stores,,XLY,1,2026-10-09
PLCE,0001041859,Children's Place Inc. (The) Common Stock,,Consumer Discretionary,Clothing/Shoe/Accessory Stores,,XLY,1,2026-10-09
PLCI,0002122392,Pelican Acquisition II Corporation Ordinary Shares,,Financials,Blank Checks,,XLF,1,2026-10-09
PLD,0001045609,Prologis Inc. Common Stock,,Real Estate,Real Estate Investment Trusts,,XLRE,1,2026-10-09
PLG,0001095052,Platinum Group Metals Ltd. Ordinary Shares (Canada),,Materials,Precious Metals,,XLB,1,2026-10-09
PLGO,0001636639,Pelagos Insurance Capital Limited Common Shares,,Financials,Property-Casualty Insurers,,XLF,1,2026-10-09
PLMK,0002030482,Plum Acquisition Corp. IV Class A Ordinary Shares,,,,,,1,2026-10-09
PLMKW,0002030482,Plum Acquisition Corp. IV Warrants,,,,,,1,2026-10-09
PLMR,0001761312,Palomar Holdings Inc. Common stock,,Financials,Property-Casualty Insurers,,XLF,1,2026-10-09
PLNT,0001637207,Planet Fitness Inc. Common Stock,,Consumer Discretionary,Hotels/Resorts,,XLY,1,2026-10-09
PLOW,0001287213,Douglas Dynamics Inc. Common Stock,,Industrials,Construction/Ag Equipment/Trucks,,XLI,1,2026-10-09
PLPC,0000080035,Preformed Line Products Company Common Stock,,Industrials,Water Sewer Pipeline Comm & Power Line Construction,,XLI,1,2026-10-09
PLRX,0001746473,Pliant Therapeutics Inc. Common Stock,,Health Care,Biotechnology: Pharmaceutical Preparations,,XLV,1,2026-10-09
PLRZ,0001893645,Polyrizon Ltd. Ordinary Shares,,Health Care,Medical/Dental Instruments,,XLV,1,2026-10-09
PLSE,0001625101,Pulse Biosciences Inc Common Stock (DE),,Health Care,Medical/Dental Instruments,,XLV,1,2026-10-09
PLSM,0002064764,Pulsenmore Ltd. Ordinary Shares,,Health Care,Medical/Dental Instruments,,XLV,1,2026-10-09
PLTK,0001828016,Playtika Holding Corp. Common Stock,,Technology,EDP Services,,XLK,1,2026-10-09
PLTR,0001321655,Palantir Technologies Inc. Class A Common Stock,,Technology,Computer Software: Prepackaged Software,,XLK,1,2026-10-09
PLUG,0001093691,Plug Power Inc. Common Stock,,Energy,Industrial Machinery/Components,,XLE,1,2026-10-09
PLUN,0002065661,Plutonian Acquisition Corp II Class A Ordinary Shares,,,,,,1,2026-10-09
PLUR,0001158780,Pluri Inc. Common Stock,,Health Care,Biotechnology: Biological Products (No Diagnostic Substances),,XLV,1,2026-10-09
PLUS,0001022408,ePlus inc. Common Stock,,Technology,Retail: Computer Software & Peripheral Equipment,,XLK,1,2026-10-09
PLUT,0001933021,Plutus Financial Group Limited Ordinary Shares,,Financials,Investment Bankers/Brokers/Service,,XLF,1,2026-10-09
PLX,0001006281,Protalix BioTherapeutics Inc. (DE) Common Stock,,Health Care,Biotechnology: Biological Products (No Diagnostic Substances),,XLV,1,2026-10-09
PLXS,0000785786,Plexus Corp. Common Stock,,Technology,Electrical Products,,XLK,1,2026-10-09
PLYX,0002075320,Polaryx Therapeutics Inc. Common Stock,,Health Care,Biotechnology: Pharmaceutical Preparations,,XLV,1,2026-10-09
PM,0001413329,Philip Morris International Inc Common Stock,,Health Care, Medicinal Chemicals and Botanical Products ,,XLV,1,2026-10-09
PMA,0001956166,PMA Graphene Technology Group Inc. Class A Ordinary Shares,,Consumer Discretionary,Engineering & Construction,,XLY,1,2026-10-09
PMAX,0002012096,Powell Max Limited Class A Ordinary Shares,,Consumer Discretionary,Other Consumer Services,,XLY,1,2026-10-09
PMCB,0001157075,PharmaCyte  Biotech Inc. Common Stock,,Health Care,Biotechnology: Biological Products (No Diagnostic Substances),,XLV,1,2026-10-09
PMEC,0001891944,Primech Holdings Ltd. Ordinary Shares,,Consumer Discretionary,Diversified Commercial Services,,XLY,1,2026-10-09
PMI,0002030617,Picard Medical Inc. Common Stock,,Health Care,Medical/Dental Instruments,,XLV,1,2026-10-09
PML,0001170299,Pimco Municipal Income Fund II Common Shares of Beneficial Interest,,Financials,Investment Managers,,XLF,1,2026-10-09
PMM,0000844790,Franklin Managed Municipal Income Trust Shares of Beneficial Interest,,Financials,Investment Managers,,XLF,1,2026-10-09
PMN,0001374339,ProMIS Neurosciences Inc. Common Shares (ON),,Health Care,Biotechnology: Pharmaceutical Preparations,,XLV,1,2026-10-09
PMO,0000900422,Franklin Municipal Opportunities Trust Shares of Beneficial Interest,,Financials,Finance Companies,,XLF,1,2026-10-09
PMT,0001464423,PennyMac Mortgage Investment Trust Common Shares of Beneficial Interest,,Real Estate,Real Estate Investment Trusts,,XLRE,1,2026-10-09
PMTR,0002061473,Perimeter Acquisition Corp. I Class A Ordinary Shares,,Financials,Blank Checks,,XLF,1,2026-10-09
PMTRW,0002061473,Perimeter Acquisition Corp. I Warrant,,Financials,Blank Checks,,XLF,1,2026-10-09
PMTS,0001641614,CPI Card Group Inc. Common Stock,,Consumer Discretionary,Publishing,,XLY,1,2026-10-09
PMTU,0001464423,PennyMac Mortgage Investment Trust 8.50% Senior Notes due 2028,,Real Estate,Real Estate Investment Trusts,,XLRE,1,2026-10-09
PMTV,0001464423,PennyMac Mortgage Investment Trust 9.00% Senior Notes due 2030,,Real Estate,Real Estate Investment Trusts,,XLRE,1,2026-10-09
PMTW,0001464423,PennyMac Mortgage Investment Trust 9.00% Senior Notes due 2030,,Real Estate,Real Estate Investment Trusts,,XLRE,1,2026-10-09
PMT^A,,PennyMac Mortgage Investment Trust 8.125% Series A Fixed-to-Floating Rate Cumulative Redeemable Preferred Shares of Beneficial Interest,,,,,,1,2026-10-09
PMT^B,,PennyMac Mortgage Investment Trust 8.00% Series B Fixed-to-Floating Rate Cumulative Redeemable Preferred Shares of Beneficial Interest,,,,,,1,2026-10-09
PMT^C,,PennyMac Mortgage Investment Trust 6.75% Series C Cumulative Redeemable Preferred Shares of Beneficial Interest,,,,,,1,2026-10-09
PMVP,0001699382,PMV Pharmaceuticals Inc. Common Stock,,Health Care,Biotechnology: Pharmaceutical Preparations,,XLV,1,2026-10-09
PN,0002001288,PN Smart Energy Limited Class A Ordinary Shares,,Technology,Retail: Computer Software & Peripheral Equipment,,XLK,1,2026-10-09
PNAQ,0002123955,Pinnacle Acquisition Corporation Class A Ordinary Shares,,,,,,1,2026-10-09
PNBK,0001098146,Patriot National Bancorp Inc. Common Stock,,Financials,Major Banks,,XLF,1,2026-10-09
PNC,0000713676,PNC Financial Services Group Inc. (The) Common Stock,,Financials,Major Banks,,XLF,1,2026-10-09
PNFP,0002082866,Pinnacle Financial Partners Inc. Common stock,,Financials,Major Banks,,XLF,1,2026-10-09
PNFP^A,,Pinnacle Financial Partners Inc. Fixed-to-Floating Rate Non-Cumulative Perpetual Preferred Stock Series A,,,,,,1,2026-10-09
PNFP^B,,Pinnacle Financial Partners Inc. Fixed-to-Floating Rate Non-Cumulative Perpetual Preferred Stock Series B,,,,,,1,2026-10-09
PNFP^C,,Pinnacle Financial Partners Inc. Fixed-to-Floating Rate Non-Cumulative Perpetual Preferred Stock Series C,,,,,,1,2026-10-09
PNI,0001170311,Pimco New York Municipal Income Fund II Common Shares of Beneficial Interest,,Financials,Trusts Except Educational Religious and Charitable,,XLF,1,2026-10-09
PNNT,0001383414,PennantPark Investment Corporation Common Stock,,Financials,Finance: Consumer Services,,XLF,1,2026-10-09
PNR,0000077360,Pentair plc. Ordinary Share,,Industrials,Industrial Machinery/Components,,XLI,1,2026-10-09
PNRG,0000056868,PrimeEnergy Resources Corporation Common Stock,,Energy,Oil & Gas Production,,XLE,1,2026-10-09
PNTG,0001766400,The Pennant Group Inc. Common Stock ,,Health Care,Medical/Nursing Services,,XLV,1,2026-10-09
PNW,0000764622,Pinnacle West Capital Corporation Common Stock,,Utilities,Electric Utilities: Central,,XLU,1,2026-10-09
POAS,0002024258,Phaos Technology Holdings (Cayman) Limited Class A Ordinary Shares,,Industrials,Industrial Machinery/Components,,XLI,1,2026-10-09
POCI,0000867840,Precision Optics Corporation Inc. Common stock,,Health Care,Biotechnology: Electromedical & Electrotherapeutic Apparatus,,XLV,1,2026-10-09
PODC,0001940177,PodcastOne Inc. Common Stock,,Technology,Computer Software: Programming Data Processing,,XLK,1,2026-10-09
PODD,0001145197,Insulet Corporation Common Stock,,Health Care,Medical/Dental Instruments,,XLV,1,2026-10-09
POET,0001437424,POET Technologies Inc. Common Shares,,Technology,Semiconductors,,XLK,1,2026-10-09
POLA,0001622345,Polar Power Inc. Common Stock,,Miscellaneous,Industrial Machinery/Components,,,1,2026-10-09
POLE,0002025341,Andretti Acquisition Corp. II Class A Ordinary Shares,,,,,,1,2026-10-09
POLEU,0002025341,Andretti Acquisition Corp. II Unit,,,,,,1,2026-10-09
POLEW,0002025341,Andretti Acquisition Corp. II Warrant,,,,,,1,2026-10-09
POM,0001877971,POMDOCTOR LIMITED American Depositary Shares,,Consumer Discretionary,Other Specialty Stores,,XLY,1,2026-10-09
PONO,0002108164,Pono Capital Four Inc. Class A Ordinary Shares,,Financials,Blank Checks,,XLF,1,2026-10-09
PONY,0001969302,Pony AI Inc. American Depositary Shares ,,Technology,EDP Services,,XLK,1,2026-10-09
POOL,0000945841,Pool Corporation Common Stock,,Consumer Discretionary,Industrial Specialties,,XLY,1,2026-10-09
POR,0000784977,Portland General Electric Co Common Stock,,Utilities,Electric Utilities: Central,,XLU,1,2026-10-09
POST,0001530950,Post Holdings Inc. Common Stock,,Consumer Staples,Packaged Foods,,XLP,1,2026-10-09
POWI,0000833640,Power Integrations Inc. Common Stock,,Technology,Semiconductors,,XLK,1,2026-10-09
POWL,0000080420,Powell Industries Inc. Common Stock,,Energy,Electrical Products,,XLE,1,2026-10-09
POWW,0001015383,Outdoor Holding Company Common Stock,,Industrials,Ordnance And Accessories,,XLI,1,2026-10-09
POWWP,0001015383,Outdoor Holding Company 8.75% Series A Cumulative Redeemable Perpetual Preferred Stock,,Industrials,Ordnance And Accessories,,XLI,1,2026-10-09
PPBT,0001614744,Purple Biotech Ltd. American Depositary Shares,,Health Care,Biotechnology: Pharmaceutical Preparations,,XLV,1,2026-10-09
PPC,0000802481,Pilgrim's Pride Corporation Common Stock,,Consumer Staples,Meat/Poultry/Fish,,XLP,1,2026-10-09
PPCB,0001517681,Propanc Biopharma Inc. Common Stock,,Health Care,Biotechnology: Pharmaceutical Preparations,,XLV,1,2026-10-09
PPG,0000079879,PPG Industries Inc. Common Stock,,Consumer Discretionary,Paints/Coatings,,XLY,1,2026-10-09
PPHC,0001903508,Public Policy Holding Company Inc. Common Stock,,,,,,1,2026-10-09
PPIH,0000914122,Perma-Pipe International Holdings Inc. Common Stock,,Industrials,Pollution Control Equipment,,XLI,1,2026-10-09
PPL,0000922224,PPL Corporation Common Stock,,Utilities,Electric Utilities: Central,,XLU,1,2026-10-09
PPLC,0000922224,PPL Corporation Corporate Units,,Utilities,Electric Utilities: Central,,XLU,1,2026-10-09
PPLI,0001800227,People Incorporated Common Stock,,Technology,Computer Software: Programming Data Processing,,XLK,1,2026-10-09
PPSI,0001449792,Pioneer Power Solutions Inc. Common Stock,,Miscellaneous,Industrial Machinery/Components,,,1,2026-10-09
PPT,0000827773,Franklin Premier Income Trust Shares of Beneficial Interest,,Financials,Finance Companies,,XLF,1,2026-10-09
PPTA,0001526243,Perpetua Resources Corp. Common Shares,,Materials,Precious Metals,,XLB,1,2026-10-09
PR,0001658566,Permian Resources Corporation Class A Common Stock,,Energy,Oil & Gas Production,,XLE,1,2026-10-09
PRAA,0001185348,PRA Group Inc. Common Stock,,Financials,Finance Companies,,XLF,1,2026-10-09
PRAX,0001689548,Praxis Precision Medicines Inc. Common Stock,,Health Care,Biotechnology: Pharmaceutical Preparations,,XLV,1,2026-10-09
PRCH,0001784535,Porch Group Inc. Common Stock,,Technology,Computer Software: Prepackaged Software,,XLK,1,2026-10-09
PRCT,0001588978,PROCEPT BioRobotics Corporation Common Stock,,Health Care,Medical/Dental Instruments,,XLV,1,2026-10-09
PRDO,0001046568,Perdoceo Education Corporation Common Stock,,Real Estate,Other Consumer Services,,XLRE,1,2026-10-09
PRE,0001876431,Prenetics Global Limited Class A Ordinary Share,,Financials,Blank Checks,,XLF,1,2026-10-09
PRENW,0001876431,Prenetics Global Limited Warrant,,Financials,Blank Checks,,XLF,1,2026-10-09
PRFX,0001801834,PRF Technologies Ltd. Ordinary Shares,,Health Care,Biotechnology: Pharmaceutical Preparations,,XLV,1,2026-10-09
PRG,0001808834,PROG Holdings Inc. Common Stock,,Consumer Discretionary,Diversified Commercial Services,,XLY,1,2026-10-09
PRGO,0001585364,Perrigo Company plc Ordinary Shares,,Health Care,Biotechnology: Pharmaceutical Preparations,,XLV,1,2026-10-09
PRGS,0000876167,Progress Software Corporation Common Stock (DE),,Technology,Computer Software: Prepackaged Software,,XLK,1,2026-10-09
PRH,0001137774,Prudential Financial Inc. 5.950% Junior Subordinated Notes due 2062,,Financials,Life Insurance,,XLF,1,2026-10-09
PRHI,0001502292,Presurance Holdings Inc. Common Stock,,Financials,Property-Casualty Insurers,,XLF,1,2026-10-09
PRHIZ,0001502292,Presurance Holdings Inc. 9.75% Senior Unsecured Notes due 2028,,Financials,Property-Casualty Insurers,,XLF,1,2026-10-09
PRI,0001475922,Primerica Inc. Common Stock,,Financials,Life Insurance,,XLF,1,2026-10-09
PRIF^D,,Priority Income Fund Inc. 7.00% Series D Term Preferred Stock due 2029,,,,,,1,2026-10-09
PRIF^K,,Priority Income Fund Inc. 7.000% Series K Cumulative Preferred Stock,,,,,,1,2026-10-09
PRIF^L,,Priority Income Fund Inc. 6.375% Series L Term Preferred Stock Due 2029,,,,,,1,2026-10-09
PRIM,0001361538,Primoris Services Corporation Common Stock,,Industrials,Water Sewer Pipeline Comm & Power Line Construction,,XLI,1,2026-10-09
PRK,0000805676,Park National Corporation Common Stock,,Financials,Major Banks,,XLF,1,2026-10-09
PRKS,0001564902,United Parks & Resorts Inc. Common Stock,,Consumer Discretionary,Services-Misc. Amusement & Recreation,,XLY,1,2026-10-09
PRLB,0001443669,Proto Labs Inc. Common stock,,Industrials,Metal Fabrications,,XLI,1,2026-10-09
PRLD,0001678660,Prelude Therapeutics Incorporated Common Stock,,Health Care,Biotechnology: Pharmaceutical Preparations,,XLV,1,2026-10-09
PRM,0001880319,Perimeter Solutions SA Common Stock,,Industrials,Major Chemicals,,XLI,1,2026-10-09
PRMB,0002042694,Primo Brands Corporation Class A Common Stock,,Consumer Staples,Beverages (Production/Distribution),,XLP,1,2026-10-09
PRME,0001894562,Prime Medicine Inc. Common Stock,,Health Care,Biotechnology: Biological Products (No Diagnostic Substances),,XLV,1,2026-10-09
PROF,0001628808,Profound Medical Corp. Common Stock,,Health Care,Medical/Dental Instruments,,XLV,1,2026-10-09
PROK,0001850270,ProKidney Corp. Class A Ordinary Shares,,Health Care,Biotechnology: Biological Products (No Diagnostic Substances),,XLV,1,2026-10-09
PROP,0001162896,Prairie Operating Co. Common Stock,,Energy,Oil & Gas Production,,XLE,1,2026-10-09
PROV,0001010470,Provident Financial Holdings Inc. Common Stock,,Financials,Savings Institutions,,XLF,1,2026-10-09
PRPL,0001643953,Purple Innovation Inc. Common Stock,,Consumer Discretionary,Home Furnishings,,XLY,1,2026-10-09
PRPO,0001043961,Precipio Inc.  Common Stock,,Industrials,Biotechnology: Laboratory Analytical Instruments,,XLI,1,2026-10-09
PRQR,0001612940,ProQR Therapeutics N.V. Ordinary Shares,,Health Care,Biotechnology: Pharmaceutical Preparations,,XLV,1,2026-10-09
PRS,0001137774,Prudential Financial Inc. 5.625% Junior Subordinated Notes due 2058,,Financials,Life Insurance,,XLF,1,2026-10-09
PRSO,0000890394,Peraso Inc. Common Stock,,Technology,Semiconductors,,XLK,1,2026-10-09
PRSU,0000884219,Pursuit Attractions and Hospitality Inc. Common Stock,,Consumer Discretionary,Services-Misc. Amusement & Recreation,,XLY,1,2026-10-09
PRT,0001724009,PermRock Royalty Trust Units of Beneficial Interest,,Energy,Oil & Gas Production,,XLE,1,2026-10-09
PRTA,0001559053,Prothena Corporation plc Ordinary Shares,,Health Care,Biotechnology: Pharmaceutical Preparations,,XLV,1,2026-10-09
PRTH,0001653558,Priority Technology Holdings Inc. Common Stock,,Consumer Discretionary,Business Services,,XLY,1,2026-10-09
PRTS,0001378950,CarParts.com Inc. Common Stock,,Consumer Discretionary,Auto & Home Supply Stores,,XLY,1,2026-10-09
PRU,0001137774,Prudential Financial Inc. Common Stock,,Financials,Life Insurance,,XLF,1,2026-10-09
PRVA,0001759655,Privia Health Group Inc. Common Stock,,Health Care,Medical/Nursing Services,,XLV,1,2026-10-09
PRZO,0001916241,ParaZero Technologies Ltd. Ordinary Shares,,Industrials,Military/Government/Technical,,XLI,1,2026-10-09
PS,0002026053,Pershing Square Inc. Common Stock,,Financials,Investment Managers,,XLF,1,2026-10-09
PSA,0001393311,Public Storage Common Stock,,Real Estate,Real Estate Investment Trusts,,XLRE,1,2026-10-09
PSA^F,,Public Storage Depositary Shares Each Representing 1/1000 of a 5.15% Cumulative Preferred Share of Beneficial Interest Series F par value $0.01 per share,,,,,,1,2026-10-09
PSA^G,,Public Storage Depositary Shares Each Representing 1/1000 of a 5.05% Cumulative Preferred Share of Beneficial Interest Series G,,,,,,1,2026-10-09
PSA^H,,Public Storage Depositary Shares Each Representing 1/1000 of a  5.60% Cumulative Preferred  Share of Beneficial Interest Series H,,,,,,1,2026-10-09
PSA^I,,Public Storage Depositary Shares Each Representing 1/1000 of a 4.875% Cumulative Preferred Share of Beneficial Interest Series I par value $0.01 per share,,,,,,1,2026-10-09
PSA^J,,Public Storage Depositary Shares Each Representing 1/1000 of a 4.700% Cumulative Preferred Share of Beneficial Interest Series J par value $0.01 per share,,,,,,1,2026-10-09
PSA^K,,Public Storage Depositary Shares Each Representing 1/1000 of a 4.75% Cumulative Preferred Share of Beneficial Interest Series K,,,,,,1,2026-10-09
PSA^L,,Public Storage Depositary Shares Each Representing 1/1000 of a 4.625% Cumulative Preferred Share of Beneficial Interest Series L par value $0.01 per share,,,,,,1,2026-10-09
PSA^M,,Public Storage Depositary Shares Each Representing 1/1000 of a 4.125% Cumulative Preferred Share of Beneficial Interest Series M,,,,,,1,2026-10-09
PSA^N,,Public Storage Depositary Shares Each Representing 1/1000 of a 3.875% Cumulative Preferred Share of Beneficial Interest Series N,,,,,,1,2026-10-09
PSA^O,,Public Storage Depositary Shares Each Representing 1/1000 of a 3.900% Cumulative Preferred Share of Beneficial Interest Series O,,,,,,1,2026-10-09
PSA^P,,Public Storage Depositary Shares Each Representing 1/1000 of a 4.000% Cumulative Preferred Share of Bene cial Interest Series P,,,,,,1,2026-10-09
PSA^Q,,Public Storage Depositary Shares Each Representing 1/1000 of a 3.950% Cumulative Preferred Share of Beneficial Interest Series Q par value $0.01 per share,,,,,,1,2026-10-09
PSA^R,,Public Storage Depositary Shares Each Representing 1/1000 of a 4.00% Cumulative Preferred Share of Bene cial Interest Series R,,,,,,1,2026-10-09
PSA^S,,Public Storage Depositary Shares Each Representing 1/1000 of a 4.100% Cumulative Preferred Share of Beneficial Interest Series S,,,,,,1,2026-10-09
PSA^T,,Public Storage 6.000% Cumulative Preferred Shares of beneficial interest Series T,,,,,,1,2026-10-09
PSA^U,,Public Storage 6.000% Cumulative Preferred Shares of Beneficial Interest Series U,,,,,,1,2026-10-09
PSBD,0001794776,Palmer Square Capital BDC Inc. Common Stock,,,,,,1,2026-10-09
PSEC,0001287032,Prospect Capital Corporation Common Stock,,Financials,Finance: Consumer Services,,XLF,1,2026-10-09
PSEC^A,,Prospect Capital Corporation 5.35% Series A Fixed Rate Cumulative Perpetual Preferred Stock,,,,,,1,2026-10-09
PSF,0001498612,Cohen & Steers Select Preferred and Income Fund Inc. Common Stock,,Financials,Investment Managers,,XLF,1,2026-10-09
PSFE,0001833835,Paysafe Limited Common Shares,,Consumer Discretionary,Business Services,,XLY,1,2026-10-09
PSHG,0001481241,Performance Shipping Inc. Common Shares,,Consumer Discretionary,Marine Transportation,,XLY,1,2026-10-09
PSIG,0001997201,PS International Group Ltd. Ordinary Shares,,Industrials,Integrated Freight & Logistics,,XLI,1,2026-10-09
PSIX,0001137091,Power Solutions International Inc. Common Stock,,Industrials,Industrial Machinery/Components,,XLI,1,2026-10-09
PSMT,0001041803,PriceSmart Inc. Common Stock,,Consumer Discretionary,Department/Specialty Retail Stores,,XLY,1,2026-10-09
PSN,0000275880,Parsons Corporation Common Stock,,Technology,EDP Services,,XLK,1,2026-10-09
PSNL,0001527753,Personalis Inc. Common Stock,,Health Care,Medical Specialities,,XLV,1,2026-10-09
PSNY,0001884082,Polestar Automotive Holding UK PLC Class A ADS,,Industrials,Auto Manufacturing,,XLI,1,2026-10-09
PSNYW,0001884082,Polestar Automotive Holding UK PLC Class C-1 ADS (ADW),,Industrials,Auto Manufacturing,,XLI,1,2026-10-09
PSO,0000938323,Pearson Plc Common Stock,,Consumer Discretionary,Books,,XLY,1,2026-10-09
PSQH,0001847064,PSQ Holdings Inc. Class A Common Stock,,Consumer Discretionary,Advertising,,XLY,1,2026-10-09
PSQL,0002119292,Pasqal Holding SA Ordinary Share,,Technology,EDP Services,,XLK,1,2026-10-09
PSQLW,0002119292,Pasqal Holding SA Warrant,,Technology,EDP Services,,XLK,1,2026-10-09
PSTL,0001759774,Postal Realty Trust Inc. Class A Common Stock,,Real Estate,Real Estate Investment Trusts,,XLRE,1,2026-10-09
PSUS,0002002660,Pershing Square USA Ltd. Common Shares,,,,,,1,2026-10-09
PSX,0001534701,Phillips 66 Common Stock,,Energy,Integrated oil Companies,,XLE,1,2026-10-09
PTA,0001793882,Cohen & Steers Tax-Advantaged Preferred Securities and Income Fund Common Shares of Beneficial Interest,,Financials,Trusts Except Educational Religious and Charitable,,XLF,1,2026-10-09
PTAC,0002099095,Patriot Acquisition Corp. Class A Ordinary Shares,,Financials,Blank Checks,,XLF,1,2026-10-09
PTACU,0002099095,Patriot Acquisition Corp. Units,,,,,,1,2026-10-09
PTACW,0002099095,Patriot Acquisition Corp. Warrants,,Financials,Blank Checks,,XLF,1,2026-10-09
PTC,0000857005,PTC Inc. Common Stock,,Technology,Computer Software: Prepackaged Software,,XLK,1,2026-10-09
PTCT,0001070081,PTC Therapeutics Inc. Common Stock,,Health Care,Biotechnology: Pharmaceutical Preparations,,XLV,1,2026-10-09
PTEN,0000889900,Patterson-UTI Energy Inc. Common Stock,,Energy,Oil & Gas Production,,XLE,1,2026-10-09
PTGX,0001377121,Protagonist Therapeutics Inc. Common Stock,,Health Care,Biotechnology: Pharmaceutical Preparations,,XLV,1,2026-10-09
PTHS,0001919246,Pelthos Therapeutics Inc. Common Stock,,Health Care,Biotechnology: Biological Products (No Diagnostic Substances),,XLV,1,2026-10-09
PTLE,0002016337,PTL LTD Class A Ordinary Shares,,Energy,Oil Refining/Marketing,,XLE,1,2026-10-09
PTLO,0001871509,Portillo's Inc. Class A Common Stock,,Consumer Discretionary,Restaurants,,XLY,1,2026-10-09
PTN,0000911216,Palatin Technologies Inc. Common Stock,,Health Care,Biotechnology: Pharmaceutical Preparations,,XLV,1,2026-10-09
PTON,0001639825,Peloton Interactive Inc. Class A Common Stock,,Consumer Discretionary,Recreational Games/Products/Toys,,XLY,1,2026-10-09
PTOR,0002093912,Praetorian Acquisition Corp. Class A Ordinary Shares,,Financials,Blank Checks,,XLF,1,2026-10-09
PTRN,0001811935,Pattern Group Inc. Series A Common Stock,,Consumer Discretionary,Catalog/Specialty Distribution,,XLY,1,2026-10-09
PTY,0001190935,Pimco Corporate & Income Opportunity Fund,,Financials,Investment Managers,,XLF,1,2026-10-09
PUBM,0001422930,PubMatic Inc. Class A Common Stock,,Technology,Computer Software: Programming Data Processing,,XLK,1,2026-10-09
PUK,0001116578,Prudential Public Limited Company Common Stock,,Financials,Life Insurance,,XLF,1,2026-10-09
PULM,0001574235,Pulmatrix Inc. Common Stock,,Health Care,Biotechnology: Pharmaceutical Preparations,,XLV,1,2026-10-09
PUMP,0001680247,ProPetro Holding Corp. Common Stock,,Energy,Oilfield Services/Equipment,,XLE,1,2026-10-09
PURR,0002078856,Hyperliquid Strategies Inc Common Stock,,Financials,Finance: Consumer Services,,XLF,1,2026-10-09
PUSA,0002009312,Powerus Corporation Common Stock,,Consumer Discretionary,Hotels/Resorts,,XLY,1,2026-10-09
PVH,0000078239,PVH Corp. Common Stock,,Industrials,Garments and Clothing,,XLI,1,2026-10-09
PVL,0001520048,Permianville Royalty Trust Units of Beneficial Interest,,Energy,Oil & Gas Production,,XLE,1,2026-10-09
PVLA,0001583648,Palvella Therapeutics Inc. Common Stock,,Health Care,Biotechnology: Pharmaceutical Preparations,,XLV,1,2026-10-09
PW,0001532619,Power REIT (MD) Common Stock,,Real Estate,Real Estate Investment Trusts,,XLRE,1,2026-10-09
PWCM,0001640384,PowerCompute Inc. Common Stock,,Financials,Finance: Consumer Services,,XLF,1,2026-10-09
PWP,0001777835,Perella Weinberg Partners Class A Common Stock,,Financials,Finance: Consumer Services,,XLF,1,2026-10-09
PWR,0001050915,Quanta Services Inc. Common Stock,,Industrials,Engineering & Construction,,XLI,1,2026-10-09
PWRL,0002052053,Powerlaw Corp. Common Stock,,,,,,1,2026-10-09
PW^A,,Power REIT 7.75% Series A Cumulative Perpetual Preferred Stock,,,,,,1,2026-10-09
PXED,0001600222,Phoenix Education Partners Inc. Common Stock,,Real Estate,Other Consumer Services,,XLRE,1,2026-10-09
PXLW,0001040161,Pixelworks Inc.  Common Stock,,Technology,Computer Software: Prepackaged Software,,XLK,1,2026-10-09
PXS,0001640043,Pyxis Tankers Inc. Common Stock,,Consumer Discretionary,Marine Transportation,,XLY,1,2026-10-09
PYPD,0001611842,PolyPid Ltd. Ordinary Shares,,Health Care,Medical/Dental Instruments,,XLV,1,2026-10-09
PYPL,0001633917,PayPal Holdings Inc. Common Stock,,Industrials,Diversified Commercial Services,,XLI,1,2026-10-09
PYT,0001294808,PPlus Tr GSC-2 Tr Ctf Fltg Rate,,Financials,Finance: Consumer Services,,XLF,1,2026-10-09
PYXS,0001782223,Pyxis Oncology Inc. Common Stock,,Health Care,Biotechnology: Pharmaceutical Preparations,,XLV,1,2026-10-09
PZG,0001629210,Paramount Gold Nevada Corp. Common Stock,,Materials,Metal Mining,,XLB,1,2026-10-09
PZZA,0000901491,Papa John's International Inc. Common Stock,,Consumer Discretionary,Restaurants,,XLY,1,2026-10-09
Q,0002058873,Qnity Electronics Inc. Common Stock,,Technology,Semiconductors,,XLK,1,2026-10-09
QADR,0002083217,QDRO Acquisition Corp. Class A Ordinary Shares,,Financials,Blank Checks,,XLF,1,2026-10-09
QBTS,0001907982,D-Wave Quantum Inc. Common Stock,,Technology,EDP Services,,XLK,1,2026-10-09
QCLS,0001321834,Q/C Technologies Inc. Common Stock,,Health Care,Biotechnology: In Vitro & In Vivo Diagnostic Substances,,XLV,1,2026-10-09
QCOM,0000804328,QUALCOMM Incorporated Common Stock,,Technology,Radio And Television Broadcasting And Communications Equipment,,XLK,1,2026-10-09
QCRH,0000906465,QCR Holdings Inc. Common Stock,,Financials,Major Banks,,XLF,1,2026-10-09
QDEL,0001906324,QuidelOrtho Corporation Common Stock,,Health Care,Biotechnology: In Vitro & In Vivo Diagnostic Substances,,XLV,1,2026-10-09
QETA,0001978528,Quetta Acquisition Corporation Common Stock,,Financials,Blank Checks,,XLF,1,2026-10-09
QETAR,0001978528,Quetta Acquisition Corporation Right,,Financials,Blank Checks,,XLF,1,2026-10-09
QETAU,0001978528,Quetta Acquisition Corporation Unit,,Financials,Blank Checks,,XLF,1,2026-10-09
QFIN,0001741530,Qfin Holdings Inc. American Depositary Shares,,Financials,Finance: Consumer Services,,XLF,1,2026-10-09
QGEN,0001015820,Qiagen N.V. Common Shares,,Health Care,Biotechnology: Biological Products (No Diagnostic Substances),,XLV,1,2026-10-09
QH,0001781193,Quhuo Limited Class A Ordinary Shares,,Consumer Discretionary,Business Services,,XLY,1,2026-10-09
QLEP,0002102155,Quantum Leap Acquisition Corp Class A Ordinary Shares,,,,,,1,2026-10-09
QLYS,0001107843,Qualys Inc. Common Stock,,Technology,Computer Software: Prepackaged Software,,XLK,1,2026-10-09
QMCO,0000709283,Quantum Corporation Common Stock,,Technology,Electronic Components,,XLK,1,2026-10-09
QMLS,0002084026,QumulusAI Inc. Common Stock,,Technology,EDP Services,,XLK,1,2026-10-09
QNBC,0000750558,QNB Corp. Common Stock,,Financials,Major Banks,,XLF,1,2026-10-09
QNC,0002106613,Quantum eMotion Corp. Common Shares,,,,,,1,2026-10-09
QNCX,0001662774,Quince Therapeutics Inc. Common Stock,,Health Care,Biotechnology: Biological Products (No Diagnostic Substances),,XLV,1,2026-10-09
QNME,0001996192,Quanome Technologies Inc. Common Stock,,Industrials,Integrated Freight & Logistics,,XLI,1,2026-10-09
QNRX,0001671502,Quoin Pharmaceuticals Ltd. American Depositary Shares,,Health Care,Biotechnology: Pharmaceutical Preparations,,XLV,1,2026-10-09
QNST,0001117297,QuinStreet Inc. Common Stock,,Consumer Discretionary,Business Services,,XLY,1,2026-10-09
QNT,0002110105,Quantinuum Inc. Class A Common Stock,,Technology,EDP Services,,XLK,1,2026-10-09
QNTM,0001771885,Quantum Biopharma Ltd. Class B Subordinate Voting Shares,,Health Care,Biotechnology: Pharmaceutical Preparations,,XLV,1,2026-10-09
QQQX,0001608741,Nuveen NASDAQ 100 Dynamic Overwrite Fund Shares of Beneficial Interest,,Financials,Finance Companies,,XLF,1,2026-10-09
QRED,0002085177,QuasarEdge Acquisition Corporation Ordinary Shares,,Financials,Blank Checks,,XLF,1,2026-10-09
QRHC,0001442236,Quest Resource Holding Corporation Common Stock,,Utilities,Environmental Services,,XLU,1,2026-10-09
QS,0001811414,QuantumScape Corporation Class A Common Stock,,Miscellaneous,Industrial Machinery/Components,,,1,2026-10-09
QSEA,0002047455,Quartzsea Acquisition Corporation Ordinary Shares,,Financials,Blank Checks,,XLF,1,2026-10-09
QSI,0001816431,Quantum-Si Incorporated Class A Common Stock,,Industrials,Industrial Machinery/Components,,XLI,1,2026-10-09
QSR,0001618756,Restaurant Brands International Inc. Common Shares,,Consumer Discretionary,Restaurants,,XLY,1,2026-10-09
QTEX,0001837493,QTREX Quantum Ltd. Ordinary Shares,,Health Care,Medical/Dental Instruments,,XLV,1,2026-10-09
QTI,0001844505,QT Imaging Holdings Inc. Common Stock,,Health Care,Biotechnology: Electromedical & Electrotherapeutic Apparatus,,XLV,1,2026-10-09
QTRX,0001503274,Quanterix Corporation Common Stock,,Industrials,Biotechnology: Laboratory Analytical Instruments,,XLI,1,2026-10-09
QTTB,0001661998,Q32 Bio Inc. Common Stock,,Health Care,Biotechnology: Pharmaceutical Preparations,,XLV,1,2026-10-09
QTWO,0001410384,Q2 Holdings Inc. Common Stock,,Technology,Computer Software: Prepackaged Software,,XLK,1,2026-10-09
QUAD,0001481792,Quad Graphics Inc Class A Common Stock,,Consumer Discretionary,Publishing,,XLY,1,2026-10-09
QUBT,0001758009,Quantum Computing Inc. Common Stock,,Technology,Computer Software: Prepackaged Software,,XLK,1,2026-10-09
QUCY,0001874252,Quantum Cyber N.V. Ordinary Shares,,Health Care,Biotechnology: Pharmaceutical Preparations,,XLV,1,2026-10-09
QUIK,0000882508,QuickLogic Corporation Common Stock,,Technology,Semiconductors,,XLK,1,2026-10-09
QUMS,0002070900,Quantumsphere Acquisition Corp. Ordinary Shares,,,,,,1,2026-10-09
QUMSR,0002070900,Quantumsphere Acquisition Corp. Rights,,,,,,1,2026-10-09
QURE,0001590560,uniQure N.V. Ordinary Shares,,Health Care,Biotechnology: Pharmaceutical Preparations,,XLV,1,2026-10-09
QVCG,0001254699,QVC Group Inc. Common Stock,,Consumer Discretionary,Catalog/Specialty Distribution,,XLY,1,2026-10-09
QXL,0000797542,Quantum X Labs Inc. Common Stock,,Technology,Computer Software: Prepackaged Software,,XLK,1,2026-10-09
QXO,0001236275,QXO Inc. Common Stock,,Consumer Discretionary,RETAIL: Building Materials,,XLY,1,2026-10-09
QXO^B,,QXO Inc.  Depositary Shares each representing a 1/20th interest in a share of 5.50% Series B Mandatory Convertible Preferred Stock,,,,,,1,2026-10-09
R,0000085961,Ryder System Inc. Common Stock,,Consumer Discretionary,Rental/Leasing Companies,,XLY,1,2026-10-09
RA,0001655099,Brookfield Real Assets Income Fund Inc. Common Stock,,Financials,Investment Managers,,XLF,1,2026-10-09
RAC,0002047497,Rithm Acquisition Corp. Class A Ordinary Shares,,,,,,1,2026-10-09
RAC/WS,,Rithm Acquisition Corp.,,,,,,1,2026-10-09
RACC,0002118032,Research Alliance Corporation III Class A Ordinary Shares,,Financials,Blank Checks,,XLF,1,2026-10-09
RACD,0002137777,Research Alliance Corporation IV Class A Ordinary Shares,,,,,,1,2026-10-09
RACE,0001648416,Ferrari N.V. Common Shares,,Industrials,Auto Manufacturing,,XLI,1,2026-10-09
RADX,0001949257,Radiopharm Theranostics Limited American Depositary Shares,,Health Care,Biotechnology: Pharmaceutical Preparations,,XLV,1,2026-10-09
RAIL,0001320854,FreightCar America Inc. Common Stock,,Industrials,Railroads,,XLI,1,2026-10-09
RAIN,0002028293,Rain Enhancement Technologies Holdco Inc. Class A Common Stock,,Technology,Industrial Machinery/Components,,XLK,1,2026-10-09
RAL,0002041385,Ralliant Corporation Common Stock,,Industrials,Industrial Machinery/Components,,XLI,1,2026-10-09
RAMP,0000733269,LiveRamp Holdings Inc. Common Stock,,Technology,EDP Services,,XLK,1,2026-10-09
RAND,0000081955,Rand Capital Corporation Common Stock,,Financials,Finance: Consumer Services,,XLF,1,2026-10-09
RANG,0002035644,Range Capital Acquisition Corp. Ordinary Shares,,Financials,Blank Checks,,XLF,1,2026-10-09
RANGR,0002035644,Range Capital Acquisition Corp. Rights,,Financials,Blank Checks,,XLF,1,2026-10-09
RANI,0001856725,Rani Therapeutics Holdings Inc. Class A Common Stock,,Health Care,Biotechnology: Pharmaceutical Preparations,,XLV,1,2026-10-09
RAPP,0002012593,Rapport Therapeutics Inc. Common Stock,,Health Care,Biotechnology: Pharmaceutical Preparations,,XLV,1,2026-10-09
RARE,0001515673,Ultragenyx Pharmaceutical Inc. Common Stock,,Health Care,Biotechnology: Pharmaceutical Preparations,,XLV,1,2026-10-09
RAVE,0000718332,Rave Restaurant Group Inc. Common Stock,,Consumer Discretionary,Food Distributors,,XLY,1,2026-10-09
RAYA,0001825875,Erayak Power Solution Group Inc. Class A Ordinary Shares,,Consumer Discretionary,Metal Fabrications,,XLY,1,2026-10-09
RBA,0001046102,RB Global Inc. Common Stock,,Consumer Discretionary,Business Services,,XLY,1,2026-10-09
RBB,0001499422,RBB Bancorp Common Stock,,Financials,Major Banks,,XLF,1,2026-10-09
RBBN,0001708055,Ribbon Communications Inc. Common Stock,,Technology,EDP Services,,XLK,1,2026-10-09
RBC,0001324948,RBC Bearings Incorporated Common Stock,,Industrials,Metal Fabrications,,XLI,1,2026-10-09
RBCAA,0000921557,Republic Bancorp Inc. Class A Common Stock,,Financials,Major Banks,,XLF,1,2026-10-09
RBKB,0001751783,Rhinebeck Bancorp Inc. Common Stock,,Financials,Banks,,XLF,1,2026-10-09
RBLX,0001315098,Roblox Corporation Class A Common Stock,,Technology,Computer Software: Prepackaged Software,,XLK,1,2026-10-09
RBNE,0002039060,Robin Energy Ltd. Common Stock,,Consumer Discretionary,Marine Transportation,,XLY,1,2026-10-09
RBRK,0001943896,Rubrik Inc. Class A Common Stock,,Technology,Computer Software: Prepackaged Software,,XLK,1,2026-10-09
RC,0001527590,Ready Capital Corporation Common Stock,,Real Estate,Real Estate Investment Trusts,,XLRE,1,2026-10-09
RCAT,0000748268,Red Cat Holdings Inc. Common Stock,,Technology,Computer Software: Prepackaged Software,,XLK,1,2026-10-09
RCBC,,River City Bank Common stock,,Financials,Major Banks,,XLF,1,2026-10-09
RCD,0001527590,Ready Capital Corporation 9.00% Senior Notes due 2029,,Real Estate,Real Estate Investment Trusts,,XLRE,1,2026-10-09
RCEL,0001762303,Avita Medical Inc. Common Stock,,Health Care,Medical/Dental Instruments,,XLV,1,2026-10-09
RCG,0000919567,RENN Fund Inc Common Stock,,Financials,Investment Managers,,XLF,1,2026-10-09
RCI,0000733099,Rogers Communication Inc. Common Stock,,Communication Services,Cable & Other Pay Television Services,,XLC,1,2026-10-09
RCKT,0001281895,Rocket Pharmaceuticals Inc. Common Stock,,Health Care,Biotechnology: Pharmaceutical Preparations,,XLV,1,2026-10-09
RCKY,0000895456,Rocky Brands Inc. Common Stock,,Consumer Discretionary,Shoe Manufacturing,,XLY,1,2026-10-09
RCL,0000884887,Royal Caribbean Cruises Ltd. Common Stock,,Consumer Discretionary,Marine Transportation,,XLY,1,2026-10-09
RCMT,0000700841,RCM Technologies Inc. Common Stock,,Consumer Discretionary,Professional Services,,XLY,1,2026-10-09
RCON,0001442620,Recon Technology Ltd. Class A Ordinary Shares,,Energy,Oilfield Services/Equipment,,XLE,1,2026-10-09
RCS,0000916183,PIMCO Strategic Income Fund Inc.,,Financials,Investment Managers,,XLF,1,2026-10-09
RCT,0002027360,RedCloud Holdings plc Ordinary Shares,,Technology,Computer Software: Programming Data Processing,,XLK,1,2026-10-09
RCUS,0001724521,Arcus Biosciences Inc. Common Stock,,Health Care,Biotechnology: Pharmaceutical Preparations,,XLV,1,2026-10-09
RC^C,,Ready Capital Corporation 6.25% Series C Cumulative Convertible Preferred Stock,,,,,,1,2026-10-09
RC^E,,Ready Capital Corporation 6.50% Series E Cumulative Redeemable Preferred Stock,,,,,,1,2026-10-09
RDAC,0002018145,Rising Dragon Acquisition Corp. Ordinary Shares,,,,,,1,2026-10-09
RDACR,0002018145,Rising Dragon Acquisition Corp. Rights,,Financials,Blank Checks,,XLF,1,2026-10-09
RDAG,0002055459,Republic Digital Acquisition Company Class A Ordinary Shares,,Financials,Blank Checks,,XLF,1,2026-10-09
RDCM,0001016838,Radcom Ltd. Ordinary Shares,,Technology,Computer peripheral equipment,,XLK,1,2026-10-09
RDDT,0001713445,Reddit Inc. Class A Common Stock,,Technology,EDP Services,,XLK,1,2026-10-09
RDGT,0001856084,Ridgetech Inc. Ordinary Shares,,Consumer Staples,Retail-Drug Stores and Proprietary Stores,,XLP,1,2026-10-09
RDHL,0001553846,Redhill Biopharma Ltd. American Depositary Shares,,Health Care,Biotechnology: Pharmaceutical Preparations,,XLV,1,2026-10-09
RDI,0000716634,Reading International Inc Class A Common Stock,,Consumer Discretionary,Movies/Entertainment,,XLY,1,2026-10-09
RDIB,0000716634,Reading International Inc Class B Common Stock,,Consumer Discretionary,Movies/Entertainment,,XLY,1,2026-10-09
RDN,0000890926,Radian Group Inc. Common Stock,,Financials,Property-Casualty Insurers,,XLF,1,2026-10-09
RDNT,0000790526,RadNet Inc. Common Stock,,Health Care,Medical Specialities,,XLV,1,2026-10-09
RDNW,0001596961,RideNow Group Inc. Class B Common Stock,,Technology,EDP Services,,XLK,1,2026-10-09
RDVT,0001720116,Red Violet Inc. Common Stock ,,Technology,Computer Software: Prepackaged Software,,XLK,1,2026-10-09
RDW,0001819810,Redwire Corporation Common Stock,,Industrials,Military/Government/Technical,,XLI,1,2026-10-09
RDWR,0001094366,Radware Ltd. Ordinary Shares,,Consumer Discretionary,Business Services,,XLY,1,2026-10-09
RDY,0001135951,Dr. Reddy's Laboratories Ltd Common Stock,,Health Care,Biotechnology: Pharmaceutical Preparations,,XLV,1,2026-10-09
RDZN,0001868640,Roadzen Inc. Ordinary Shares,,Financials,Specialty Insurers,,XLF,1,2026-10-09
REA,0002095743,Rare Earths Americas Inc. Common Stock,,Materials,Metal Mining,,XLB,1,2026-10-09
REAL,0001573221,The RealReal Inc. Common Stock,,Consumer Discretionary,Other Specialty Stores,,XLY,1,2026-10-09
REAX,0002136387,Real REMAX Group Inc. Common Stock,,Financials,Real Estate,,XLF,1,2026-10-09
REBN,0001707910,Reborn Coffee Inc. Common Stock,,Consumer Discretionary,Restaurants,,XLY,1,2026-10-09
RECT,0001995116,Rectitude Holdings Ltd Ordinary Shares,,Consumer Discretionary,Industrial Machinery/Components,,XLY,1,2026-10-09
REED,0001140215,Reed's Inc. Common Stock,,Consumer Staples,Beverages (Production/Distribution),,XLP,1,2026-10-09
REF,0001787117,Reformation Inc. Common Stock,,Consumer Discretionary,Apparel,,XLY,1,2026-10-09
REFI,0001867949,Chicago Atlantic Real Estate Finance Inc. Common Stock,,Real Estate,Real Estate Investment Trusts,,XLRE,1,2026-10-09
REFR,0000793524,Research Frontiers Incorporated Common Stock,,Miscellaneous,Multi-Sector Companies,,,1,2026-10-09
REG,0000910606,Regency Centers Corporation Common Stock,,Real Estate,Real Estate Investment Trusts,,XLRE,1,2026-10-09
REGCO,0000910606,Regency Centers Corporation 5.875% Series B Cumulative Redeemable Preferred Stock,,Real Estate,Real Estate Investment Trusts,,XLRE,1,2026-10-09
REGCP,0000910606,Regency Centers Corporation 6.25% Series A Cumulative Redeemable Preferred Stock,,Real Estate,Real Estate Investment Trusts,,XLRE,1,2026-10-09
REGN,0000872589,Regeneron Pharmaceuticals Inc. Common Stock,,Health Care,Biotechnology: Pharmaceutical Preparations,,XLV,1,2026-10-09
REI,0001384195,Ring Energy Inc. Common Stock,,Energy,Oil & Gas Production,,XLE,1,2026-10-09
REKR,0001697851,Rekor Systems Inc. Common Stock,,Communication Services,Telecommunications Equipment,,XLC,1,2026-10-09
RELL,0000355948,Richardson Electronics Ltd. Common Stock,,Technology,Electronic Components,,XLK,1,2026-10-09
RELX,0000929869,RELX PLC PLC American Depositary Shares (Each representing One Ordinary Share),,Consumer Discretionary,Business Services,,XLY,1,2026-10-09
RELY,0001782170,Remitly Global Inc. Common Stock,,Consumer Discretionary,Business Services,,XLY,1,2026-10-09
RENT,0001468327,Rent the Runway Inc. Class A Common Stock,,Consumer Discretionary,Other Specialty Stores,,XLY,1,2026-10-09
RENX,0001959023,RenX Enterprises Corp. Common Stock,,Utilities,Environmental Services,,XLU,1,2026-10-09
REPL,0001737953,Replimune Group Inc. Common Stock,,Health Care,Biotechnology: Biological Products (No Diagnostic Substances),,XLV,1,2026-10-09
REPX,0001001614,Riley Exploration Permian Inc. Common Stock,,Energy,Oil & Gas Production,,XLE,1,2026-10-09
RERE,0001838957,ATRenew Inc. American Depositary Shares (every three of which representing two Class A ordinary shares),,Consumer Discretionary,Other Specialty Stores,,XLY,1,2026-10-09
RES,0000742278,RPC Inc. Common Stock,,Energy,Oilfield Services/Equipment,,XLE,1,2026-10-09
RETO,0001687277,ReTo Eco-Solutions Inc. Class A Shares,,Industrials,Industrial Machinery/Components,,XLI,1,2026-10-09
REVB,0001810560,Revelation Biosciences Inc. Common Stock,,Health Care,Biotechnology: Pharmaceutical Preparations,,XLV,1,2026-10-09
REX,0000744187,REX American Resources Corporation,,Industrials,Major Chemicals,,XLI,1,2026-10-09
REXR,0001571283,Rexford Industrial Realty Inc. Common Stock,,Real Estate,Real Estate Investment Trusts,,XLRE,1,2026-10-09
REXR^B,,Rexford Industrial Realty Inc. 5.875% Series B Cumulative Redeemable Preferred Stock,,,,,,1,2026-10-09
REXR^C,,Rexford Industrial Realty Inc. 5.625% Series C Cumulative Redeemable Preferred Stock par value $0.01 per share,,,,,,1,2026-10-09
REYN,0001786431,Reynolds Consumer Products Inc. Common Stock,,Consumer Discretionary,Containers/Packaging,,XLY,1,2026-10-09
REZI,0001740332,Resideo Technologies Inc. Common Stock ,,Industrials,Wholesale Distributors,,XLI,1,2026-10-09
RF,0001281761,Regions Financial Corporation Common Stock,,Financials,Major Banks,,XLF,1,2026-10-09
RFAI,0002012807,RF Acquisition Corp II Ordinary Shares,,,,,,1,2026-10-09
RFAIR,0002012807,RF Acquisition Corp II Right,,Technology,Computer Software: Prepackaged Software,,XLK,1,2026-10-09
RFAM,0002091712,RF Acquisition Corp III Ordinary Shares,,,,,,1,2026-10-09
RFAMR,0002091712,RF Acquisition Corp III Rights,,Financials,Blank Checks,,XLF,1,2026-10-09
RFAMU,0002091712,RF Acquisition Corp III Units,,Financials,Blank Checks,,XLF,1,2026-10-09
RFI,0000891290,Cohen & Steers Total Return Realty Fund Inc. Common Stock,,Financials,Investment Managers,,XLF,1,2026-10-09
RFIL,0000740664,RF Industries Ltd. Common Stock,,Technology,Electrical Products,,XLK,1,2026-10-09
RFL,0001713863,Rafael Holdings Inc. Class B Common Stock,,Health Care,Biotechnology: Pharmaceutical Preparations,,XLV,1,2026-10-09
RFM,0001790177,RiverNorth Flexible Municipal Income Fund Inc. Common Stock,,Financials,Finance/Investors Services,,XLF,1,2026-10-09
RFMZ,0001817159,RiverNorth Flexible Municipal Income Fund II Inc. Common Stock,,Financials,Finance/Investors Services,,XLF,1,2026-10-09
RF^C,,Regions Financial Corporation Depositary Shares each Representing a 1/40th Interest in a  Share of 5.700% Fixed-to-Floating Rate Non-Cumulative  Perpetual Preferred Stock Series C,,,,,,1,2026-10-09
RF^E,,Regions Financial Corporation Depositary Shares Each Representing a 1/40th Interest in a Share of 4.45% Non-Cumulative Perpetual Preferred Stock Series E,,,,,,1,2026-10-09
RF^F,,Regions Financial Corporation Depositary Shares Each Representing a 1/40th Interest in a Share of Non-Cumulative Perpetual Preferred Stock Series F,,,,,,1,2026-10-09
RGA,0000898174,Reinsurance Group of America Incorporated Common Stock,,Financials,Life Insurance,,XLF,1,2026-10-09
RGC,0001829667,Regencell Bioscience Holdings Limited Ordinary Shares,,Health Care, Medicinal Chemicals and Botanical Products ,,XLV,1,2026-10-09
RGCO,0001069533,RGC Resources Inc. Common Stock,,Utilities,Oil & Gas Production,,XLU,1,2026-10-09
RGEN,0000730272,Repligen Corporation Common Stock,,Health Care,Biotechnology: Biological Products (No Diagnostic Substances),,XLV,1,2026-10-09
RGLD,0000085535,Royal Gold Inc. Common Stock,,Industrials,Precious Metals,,XLI,1,2026-10-09
RGNT,0001912966,Regentis Biomaterials Ltd. Ordinary Shares,,Health Care,Industrial Specialties,,XLV,1,2026-10-09
RGNX,0001590877,REGENXBIO Inc. Common Stock,,Health Care,Biotechnology: Biological Products (No Diagnostic Substances),,XLV,1,2026-10-09
RGP,0001084765,Resources Connection Inc. Common Stock,,Consumer Discretionary,Business Services,,XLY,1,2026-10-09
RGR,0000095029,Sturm Ruger & Company Inc. Common Stock,,Industrials,Ordnance And Accessories,,XLI,1,2026-10-09
RGS,0000716643,Regis Corporation Common Stock,,Consumer Discretionary,Other Consumer Services,,XLY,1,2026-10-09
RGT,0001514490,Royce Global Trust Inc. Common Stock,,Financials,Trusts Except Educational Religious and Charitable,,XLF,1,2026-10-09
RGTI,0001838359,Rigetti Computing Inc. Common Stock,,Technology,EDP Services,,XLK,1,2026-10-09
RGTIW,0001838359,Rigetti Computing Inc. Warrants,,Technology,EDP Services,,XLK,1,2026-10-09
RH,0001528849,RH Common Stock,,Consumer Discretionary,Other Specialty Stores,,XLY,1,2026-10-09
RHI,0000315213,Robert Half Inc. Common Stock,,Consumer Discretionary,Professional Services,,XLY,1,2026-10-09
RHLD,0002039497,Resolute Holdings Management Common Stock ,,Financials,Finance: Consumer Services,,XLF,1,2026-10-09
RHP,0001040829,Ryman Hospitality Properties Inc. (REIT),,Real Estate,Real Estate Investment Trusts,,XLRE,1,2026-10-09
RIBB,0002035016,Ribbon Acquisition Corp Class A Ordinary Shares,,,,,,1,2026-10-09
RIBBR,0002035016,Ribbon Acquisition Corp Rights,,,,,,1,2026-10-09
RIBBU,0002035016,Ribbon Acquisition Corp Unit,,,,,,1,2026-10-09
RICK,0000935419,RCI Hospitality Holdings Inc. Common Stock,,Consumer Discretionary,Restaurants,,XLY,1,2026-10-09
RIG,0001451505,Transocean Ltd (Switzerland) Common Stock,,Energy,Oil & Gas Production,,XLE,1,2026-10-09
RIGL,0001034842,Rigel Pharmaceuticals Inc. Common Stock,,Health Care,Biotechnology: Pharmaceutical Preparations,,XLV,1,2026-10-09
RILY,0001464790,BRC Group Holdings Inc. Common Stock,,Financials,Investment Managers,,XLF,1,2026-10-09
RILYG,0001464790,BRC Group Holdings Inc. 5.00% Senior Notes due 2026,,Financials,Investment Managers,,XLF,1,2026-10-09
RILYL,0001464790,BRC Group Holdings Inc. Depositary Shares each representing 1/1000th in a share of 7.375% Series B Cumulative Perpetual Preferred Stock par value $0.0001,,Financials,Investment Managers,,XLF,1,2026-10-09
RILYP,0001464790,BRC Group Holdings Inc. Depositary Shares each representing a 1/1000th fractional interest in a share of Series A Cumulative Perpetual Preferred Stock,,Financials,Investment Managers,,XLF,1,2026-10-09
RILYT,0001464790,BRC Group Holdings Inc. 6.00% Senior Notes Due 2028,,Financials,Investment Managers,,XLF,1,2026-10-09
RILYZ,0001464790,BRC Group Holdings Inc. 5.25% Senior Notes due 2028,,Financials,Investment Managers,,XLF,1,2026-10-09
RIME,0000923601,Algorhythm Holdings Inc. Common Stock,,Technology,EDP Services,,XLK,1,2026-10-09
RIO,0000863064,Rio Tinto Plc Common Stock,,Materials,Metal Mining,,XLB,1,2026-10-09
RIOT,0001167419,Riot Platforms Inc. Common Stock ,,Financials,Finance: Consumer Services,,XLF,1,2026-10-09
RITM,0001556593,Rithm Capital Corp. Common Stock,,Real Estate,Real Estate Investment Trusts,,XLRE,1,2026-10-09
RITM^A,,Rithm Capital Corp. 7.50% Series A Fixed-to-Floating Rate Cumulative Redeemable Preferred Stock,,,,,,1,2026-10-09
RITM^B,,Rithm Capital Corp. 7.125% Series B Fixed-to-Floating Rate Cumulative Redeemable Preferred Stock,,,,,,1,2026-10-09
RITM^C,,Rithm Capital Corp. 6.375% Series C Fixed-to-Floating Rate Cumulative Redeemable Preferred Stock,,,,,,1,2026-10-09
RITM^D,,Rithm Capital Corp. 7.00% Fixed-Rate Reset Series D Cumulative Redeemable Preferred Stock,,,,,,1,2026-10-09
RITM^E,,Rithm Capital Corp. 8.75% Series E Fixed-Rate Cumulative Redeemable Preferred Stock,,,,,,1,2026-10-09
RITM^F,,Rithm Capital Corp. 8.750% Series F Fixed-Rate Reset Cumulative Redeemable Preferred Stock,,,,,,1,2026-10-09
RIV,0001501072,RiverNorth Opportunities Fund Inc. Common Stock,,Financials,Finance Companies,,XLF,1,2026-10-09
RIVN,0001874178,Rivian Automotive Inc. Class A Common Stock,,Industrials,Auto Manufacturing,,XLI,1,2026-10-09
RIV^A,,RiverNorth Opportunities Fund Inc. 6.00% Series A Perpetual Preferred Stock,,,,,,1,2026-10-09
RJET,0000810332,Republic Airways Holdings Inc. Common Stock,,Consumer Discretionary,Air Freight/Delivery Services,,XLY,1,2026-10-09
RJF,0000720005,Raymond James Financial Inc. Common Stock,,Financials,Investment Bankers/Brokers/Service,,XLF,1,2026-10-09
RKDA,0001469443,Arcadia Biosciences Inc. Common Stock,,Energy,Oil & Gas Production,,XLE,1,2026-10-09
RKLB,0001819994,Rocket Lab Corporation Common Stock,,Industrials,Military/Government/Technical,,XLI,1,2026-10-09
RKT,0001805284,Rocket Companies Inc. Class A Common Stock,,Financials,Finance: Consumer Services,,XLF,1,2026-10-09
RKTO,0001711786,Rocket One Inc. Common Stock,,Health Care,Biotechnology: Pharmaceutical Preparations,,XLV,1,2026-10-09
RL,0001037038,Ralph Lauren Corporation Common Stock,,Industrials,Garments and Clothing,,XLI,1,2026-10-09
RLAY,0001812364,Relay Therapeutics Inc. Common Stock,,Health Care,Biotechnology: Biological Products (No Diagnostic Substances),,XLV,1,2026-10-09
RLGT,0001171155,Radiant Logistics Inc. Common Stock,,Industrials,Integrated Freight & Logistics,,XLI,1,2026-10-09
RLI,0000084246,RLI Corp. Common Stock (DE),,Financials,Property-Casualty Insurers,,XLF,1,2026-10-09
RLJ,0001511337,RLJ Lodging Trust Common Shares of Beneficial Interest $0.01 par value,,Real Estate,Real Estate Investment Trusts,,XLRE,1,2026-10-09
RLJ^A,,RLJ Lodging Trust $1.95 Series A Cumulative Convertible  Preferred Shares,,,,,,1,2026-10-09
RLMD,0001553643,Relmada Therapeutics Inc. Common Stock,,Health Care,Biotechnology: Pharmaceutical Preparations,,XLV,1,2026-10-09
RLTY,0001866874,Cohen & Steers Real Estate Opportunities and Income Fund Common Shares of Beneficial Interest,,Financials,Investment Managers,,XLF,1,2026-10-09
RLX,0001828365,RLX Technology Inc. American Depositary Shares each representing the right to receive one (1) Class A ordinary share,,Health Care, Medicinal Chemicals and Botanical Products ,,XLV,1,2026-10-09
RLYB,0001739410,Rallybio Corporation Common Stock,,Health Care,Biotechnology: Pharmaceutical Preparations,,XLV,1,2026-10-09
RM,0001519401,Regional Management Corp. Common Stock,,Financials,Finance: Consumer Services,,XLF,1,2026-10-09
RMBI,0001767837,Richmond Mutual Bancorporation Inc. Common Stock,,Financials,Major Banks,,XLF,1,2026-10-09
RMBS,0000917273,Rambus Inc. Common Stock,,Technology,Semiconductors,,XLK,1,2026-10-09
RMCF,0001616262,Rocky Mountain Chocolate Factory Inc. Common Stock,,Consumer Staples,Specialty Foods,,XLP,1,2026-10-09
RMCO,0001843656,Royalty Management Holding Corporation Class A Common Stock,,Miscellaneous,Multi-Sector Companies,,,1,2026-10-09
RMD,0000943819,ResMed Inc. Common Stock,,Health Care,Medical/Dental Instruments,,XLV,1,2026-10-09
RMI,0001746967,RiverNorth Opportunistic Municipal Income Fund Inc. Common Stock,,Financials,Finance/Investors Services,,XLF,1,2026-10-09
RMIX,0002094433,Suncrete Inc. Class A Common Stock,,Industrials,Building Materials,,XLI,1,2026-10-09
RML,0002102907,Resolution Minerals Ltd American Depositary Shares,,,,,,1,2026-10-09
RMM,0001771226,RiverNorth Managed Duration Municipal Income Fund Inc. Common Stock,,Financials,Trusts Except Educational Religious and Charitable,,XLF,1,2026-10-09
RMMZ,0001870833,RiverNorth Managed Duration Municipal Income Fund II Inc. Common Stock,,Financials,Investment Managers,,XLF,1,2026-10-09
RMNI,0001635282,Rimini Street Inc. (DE) Common Stock,,Consumer Discretionary,Business Services,,XLY,1,2026-10-09
RMR,0001644378,The RMR Group Inc. Class A Common Stock,,Consumer Discretionary,Professional Services,,XLY,1,2026-10-09
RMSG,0001983324,Real Messenger Corporation Ordinary Shares,,Technology,Computer Software: Programming Data Processing,,XLK,1,2026-10-09
RMT,0000912147,Royce Micro-Cap Trust Inc. Common Stock,,Financials,Investment Managers,,XLF,1,2026-10-09
RMTI,0001041024,Rockwell Medical Inc. Common Stock,,Health Care,Biotechnology: Pharmaceutical Preparations,,XLV,1,2026-10-09
RNA,0002093101,Atrium Therapeutics Inc. Common Stock,,Health Care,Biotechnology: Pharmaceutical Preparations,,XLV,1,2026-10-09
RNAC,0001453687,Cartesian Therapeutics Inc. Common Stock,,Health Care,Biotechnology: Pharmaceutical Preparations,,XLV,1,2026-10-09
RNAQ,0002147219,Rainier Acquisition Corporation Class A Ordinary Shares,,Financials,Blank Checks,,XLF,1,2026-10-09
RNAQU,0002147219,Rainier Acquisition Corporation Units,,Financials,Blank Checks,,XLF,1,2026-10-09
RNAZ,0001829635,TransCode Therapeutics Inc. Common Stock,,Health Care,Biotechnology: Pharmaceutical Preparations,,XLV,1,2026-10-09
RNG,0001384905,RingCentral Inc. Class A Common Stock,,Technology,EDP Services,,XLK,1,2026-10-09
RNGR,0001699039,Ranger Energy Services Inc. Class A Common Stock,,Energy,Oilfield Services/Equipment,,XLE,1,2026-10-09
RNGT,0002078653,Range Capital Acquisition Corp II Class A Ordinary Shares,,Financials,Blank Checks,,XLF,1,2026-10-09
RNP,0001224450,Cohen & Steers REIT and Preferred and Income Fund Inc. Common Shares,,Financials,Investment Managers,,XLF,1,2026-10-09
RNR,0000913144,RenaissanceRe Holdings Ltd. Common Stock,,Financials,Property-Casualty Insurers,,XLF,1,2026-10-09
RNR^F,,RenaissanceRe Holdings Ltd. Depositary Shares each Representing a 1/1000th Interest in a 5.750% Series F Preference Share,,,,,,1,2026-10-09
RNR^G,,RenaissanceRe Holdings Ltd. Depositary Shares each representing a 1/1000th interest in a share of 4.20% Series G Preference Shares,,,,,,1,2026-10-09
RNST,0000715072,Renasant Corporation Common Stock,,Financials,Major Banks,,XLF,1,2026-10-09
RNTX,0001420565,Rein Therapeutics Inc. Common Stock,,Health Care,Biotechnology: Pharmaceutical Preparations,,XLV,1,2026-10-09
RNW,0001848763,ReNew Energy Global plc Class A Ordinary Shares,,Utilities,Electric Utilities: Central,,XLU,1,2026-10-09
RNXT,0001574094,RenovoRx Inc. Common Stock,,Health Care,Biotechnology: Pharmaceutical Preparations,,XLV,1,2026-10-09
ROAD,0001718227,Construction Partners Inc. Class A Common Stock,,Industrials,Military/Government/Technical,,XLI,1,2026-10-09
ROC,0002077709,Rank One Computing Corporation Common stock,,Technology,Computer Software: Prepackaged Software,,XLK,1,2026-10-09
ROCK,0000912562,Gibraltar Industries Inc. Common Stock,,Industrials,Steel/Iron Ore,,XLI,1,2026-10-09
ROG,0000084748,Rogers Corporation Common Stock,,Industrials,Major Chemicals,,XLI,1,2026-10-09
ROIV,0001635088,Roivant Sciences Ltd. Common Shares,,Health Care,Biotechnology: Pharmaceutical Preparations,,XLV,1,2026-10-09
ROK,0001024478,Rockwell Automation Inc. Common Stock,,Industrials,Industrial Machinery/Components,,XLI,1,2026-10-09
ROKU,0001428439,Roku Inc. Class A Common Stock,,Communication Services,Cable & Other Pay Television Services,,XLC,1,2026-10-09
ROL,0000084839,Rollins Inc. Common Stock,,Consumer Discretionary,Diversified Commercial Services,,XLY,1,2026-10-09
ROLR,0001947210,High Roller Technologies Inc. Common Stock,,Consumer Discretionary,Services-Misc. Amusement & Recreation,,XLY,1,2026-10-09
ROMA,0001945240,Roma Green Finance Limited Class A Ordinary Shares,,Consumer Discretionary,Professional Services,,XLY,1,2026-10-09
ROOT,0001788882,Root Inc. Class A Common Stock,,Financials,Property-Casualty Insurers,,XLF,1,2026-10-09
ROP,0000882835,Roper Technologies Inc. Common Stock,,Industrials,Industrial Machinery/Components,,XLI,1,2026-10-09
ROST,0000745732,Ross Stores Inc. Common Stock,,Consumer Discretionary,Clothing/Shoe/Accessory Stores,,XLY,1,2026-10-09
RPAY,0001720592,Repay Holdings Corporation Class A Common Stock,,Consumer Discretionary,Business Services,,XLY,1,2026-10-09
RPC,0001841968,Ridgepost Capital Inc. Class A Common Stock,,Financials,Investment Managers,,XLF,1,2026-10-09
RPD,0001560327,Rapid7 Inc. Common Stock,,Technology,Computer Software: Prepackaged Software,,XLK,1,2026-10-09
RPGL,0001912884,Republic Power Group Limited Class A Ordinary Shares,,Technology,Computer Software: Prepackaged Software,,XLK,1,2026-10-09
RPID,0001380106,Rapid Micro Biosystems Inc. Class A Common Stock,,Industrials,Biotechnology: Laboratory Analytical Instruments,,XLI,1,2026-10-09
RPM,0000110621,RPM International Inc. Common Stock,,Consumer Discretionary,Paints/Coatings,,XLY,1,2026-10-09
RPRX,0001802768,Royalty Pharma plc Class A Ordinary Shares ,,Health Care,Biotechnology: Pharmaceutical Preparations,,XLV,1,2026-10-09
RPT,0001614806,Rithm Property Trust Inc. Common stock,,Real Estate,Real Estate Investment Trusts,,XLRE,1,2026-10-09
RPT^C,,Rithm Property Trust Inc. 9.875% Series C Fixed-to-Floating Rate Cumulative Redeemable Preferred Stock,,,,,,1,2026-10-09
RQI,0001157842,Cohen & Steers Quality Income Realty Fund Inc Common Shares,,Financials,Trusts Except Educational Religious and Charitable,,XLF,1,2026-10-09
RR,0001963685,Richtech Robotics Inc. Class B Common Stock,,Industrials,Industrial Machinery/Components,,XLI,1,2026-10-09
RRBI,0001071236,Red River Bancshares Inc. Common Stock,,Financials,Major Banks,,XLF,1,2026-10-09
RRC,0000315852,Range Resources Corporation Common Stock,,Energy,Oil & Gas Production,,XLE,1,2026-10-09
RREV,0002123969,RRE Ventures Acquisition Corp. Class A Ordinary Shares,,Financials,Blank Checks,,XLF,1,2026-10-09
RREVW,0002123969,RRE Ventures Acquisition Corp. Warrants,,Financials,Blank Checks,,XLF,1,2026-10-09
RRGB,0001171759,Red Robin Gourmet Burgers Inc. Common Stock,,Consumer Discretionary,Restaurants,,XLY,1,2026-10-09
RRR,0001653653,Red Rock Resorts Inc. Class A Common Stock,,Consumer Discretionary,Hotels/Resorts,,XLY,1,2026-10-09
RRX,0000082811,Regal Rexnord Corporation Common Stock,,Industrials,Industrial Machinery/Components,,XLI,1,2026-10-09
RS,0000861884,Reliance Inc. Common Stock,,Industrials,Metal Fabrications,,XLI,1,2026-10-09
RSF,0001644771,RiverNorth Capital and Income Fund Common Stock,,Financials,Investment Managers,,XLF,1,2026-10-09
RSG,0001060391,Republic Services Inc. Common Stock,,Utilities,Environmental Services,,XLU,1,2026-10-09
RSI,0001793659,Rush Street Interactive Inc. Class A Common Stock,,Consumer Discretionary,Services-Misc. Amusement & Recreation,,XLY,1,2026-10-09
RSKD,0001851112,Riskified Ltd. Class A Ordinary Shares,,Consumer Discretionary,Business Services,,XLY,1,2026-10-09
RSSS,0001386301,Research Solutions Inc Common Stock,,Technology,EDP Services,,XLK,1,2026-10-09
RSVR,0001824403,Reservoir Media Inc. Common Stock,,Consumer Discretionary,Services-Misc. Amusement & Recreation,,XLY,1,2026-10-09
RTAC,0002035173,Renatus Tactical Acquisition Corp I Class A Ordinary Shares,,Financials,Blank Checks,,XLF,1,2026-10-09
RTACU,0002035173,Renatus Tactical Acquisition Corp I Unit,,Financials,Blank Checks,,XLF,1,2026-10-09
RTACW,0002035173,Renatus Tactical Acquisition Corp I Warrant,,Financials,Blank Checks,,XLF,1,2026-10-09
RTB,0001419275,RTB Digital Inc. Common Stock,,Consumer Discretionary,Professional Services,,XLY,1,2026-10-09
RTO,0000930157,Rentokil Initial plc American Depositary Shares (each representing five (5) Ordinary Shares),,Consumer Discretionary,Other Consumer Services,,XLY,1,2026-10-09
RTX,0000101829,RTX Corporation Common Stock,,Industrials,Aerospace,,XLI,1,2026-10-09
RUBI,0001943421,Rubico Inc. Common Stock,,Consumer Discretionary,Marine Transportation,,XLY,1,2026-10-09
RUM,0001830081,RUM Group Inc. Class A Common Stock,,Technology,Computer Software: Programming Data Processing,,XLK,1,2026-10-09
RUMBW,0001830081,RUM Group Inc. Warrant,,Technology,Computer Software: Programming Data Processing,,XLK,1,2026-10-09
RUN,0001469367,Sunrun Inc. Common Stock,,Miscellaneous,Industrial Machinery/Components,,,1,2026-10-09
RUSHA,0001012019,Rush Enterprises Inc. Common Stock Cl A,,Consumer Discretionary,Retail-Auto Dealers and Gas Stations,,XLY,1,2026-10-09
RUSHB,0001012019,Rush Enterprises Inc. Class B,,Consumer Discretionary,Retail-Auto Dealers and Gas Stations,,XLY,1,2026-10-09
RVI,0002085091,Robinhood Ventures Fund I Common Shares of Beneficial Interest,,,,,,1,2026-10-09
RVII,0002131040,Robinhood Ventures Fund II Common Shares of Beneficial Interest,,,,,,1,2026-10-09
RVLV,0001746618,Revolve Group Inc. Class A Common Stock,,Consumer Discretionary,Catalog/Specialty Distribution,,XLY,1,2026-10-09
RVMD,0001628171,Revolution Medicines Inc. Common Stock,,Health Care,Biotechnology: Biological Products (No Diagnostic Substances),,XLV,1,2026-10-09
RVMDW,0001628171,Revolution Medicines Inc. Warrant,,Health Care,Biotechnology: Biological Products (No Diagnostic Substances),,XLV,1,2026-10-09
RVP,0000946563,Retractable Technologies Inc. Common Stock,,Health Care,Medical/Dental Instruments,,XLV,1,2026-10-09
RVSB,0001041368,Riverview Bancorp Inc Common Stock,,Financials,Savings Institutions,,XLF,1,2026-10-09
RVSN,0001743905,Rail Vision Ltd. Ordinary Share,,Industrials,Railroads,,XLI,1,2026-10-09
RVSNW,0001743905,Rail Vision Ltd. Warrant,,Industrials,Railroads,,XLI,1,2026-10-09
RVT,0000804116,Royce Small-Cap Trust Inc. Common Stock,,Financials,Trusts Except Educational Religious and Charitable,,XLF,1,2026-10-09
RVTY,0000031791,Revvity Inc. Common Stock,,Industrials,Biotechnology: Laboratory Analytical Instruments,,XLI,1,2026-10-09
RWAY,0001653384,Runway Growth Finance Corp. Common Stock,,Financials,Finance: Consumer Services,,XLF,1,2026-10-09
RWAYI,0001653384,Runway Growth Finance Corp. 7.25% Notes due 2031,,Financials,Finance: Consumer Services,,XLF,1,2026-10-09
RWAYL,0001653384,Runway Growth Finance Corp. 7.50% Notes due 2027,,Financials,Finance: Consumer Services,,XLF,1,2026-10-09
RWAYM,0001653384,Runway Growth Finance Corp. 7.75% Notes Due 2031,,Financials,Finance: Consumer Services,,XLF,1,2026-10-09
RWT,0000930236,Redwood Trust Inc. Common Stock,,Real Estate,Real Estate Investment Trusts,,XLRE,1,2026-10-09
RWTN,0000930236,Redwood Trust Inc. 9.125% Senior Notes Due 2029,,Real Estate,Real Estate Investment Trusts,,XLRE,1,2026-10-09
RWTO,0000930236,Redwood Trust Inc. 9.00% Senior Notes Due 2029,,Real Estate,Real Estate Investment Trusts,,XLRE,1,2026-10-09
RWTP,0000930236,Redwood Trust Inc. 9.125% Senior Notes Due 2030,,Real Estate,Real Estate Investment Trusts,,XLRE,1,2026-10-09
RWTQ,0000930236,Redwood Trust Inc. 9.500% Senior Notes Due 2030,,Real Estate,Real Estate Investment Trusts,,XLRE,1,2026-10-09
RWTS,0000930236,Redwood Trust Inc. 9.75% Senior Notes Due 2031,,Real Estate,Real Estate Investment Trusts,,XLRE,1,2026-10-09
RWT^A,,Redwood Trust Inc. 10.00% Series A Fixed-Rate Reset Cumulative Redeemable Preferred Stock,,,,,,1,2026-10-09
RXO,0001929561,RXO Inc. Common Stock,,Consumer Discretionary,Transportation Services,,XLY,1,2026-10-09
RXRX,0001601830,Recursion Pharmaceuticals Inc. Class A Common Stock,,Health Care,Biotechnology: Biological Products (No Diagnostic Substances),,XLV,1,2026-10-09
RXST,0001111485,RxSight Inc. Common Stock,,Health Care,Ophthalmic Goods,,XLV,1,2026-10-09
RXT,0001810019,Rackspace Technology Inc. Common Stock,,Technology,Computer Software: Programming Data Processing,,XLK,1,2026-10-09
RY,0001000275,Royal Bank Of Canada Common Stock,,Financials,Commercial Banks,,XLF,1,2026-10-09
RYAAY,0001038683,Ryanair Holdings plc American Depositary Shares,,Consumer Discretionary,Air Freight/Delivery Services,,XLY,1,2026-10-09
RYAM,0001597672,Rayonier Advanced Materials Inc. Common Stock,,Materials,Paper,,XLB,1,2026-10-09
RYAN,0001849253,Ryan Specialty Holdings Inc. Class A Common Stock,,Financials,Specialty Insurers,,XLF,1,2026-10-09
RYDE,0001971115,Ryde Group Ltd. Class A Ordinary Shares,,Consumer Discretionary,Business Services,,XLY,1,2026-10-09
RYET,0001873454,Ruanyun Edai Technology Inc. Ordinary shares,,Technology,Computer Software: Prepackaged Software,,XLK,1,2026-10-09
RYM,0001800637,RYTHM Inc. Common Stock,,Consumer Staples,Farming/Seeds/Milling,,XLP,1,2026-10-09
RYN,0000052827,Rayonier Inc. REIT Common Stock,,Real Estate,Real Estate Investment Trusts,,XLRE,1,2026-10-09
RYOJ,0002012600,rYojbaba Co. Ltd. Common Shares,,Consumer Discretionary,Professional Services,,XLY,1,2026-10-09
RYTM,0001649904,Rhythm Pharmaceuticals Inc. Common Stock,,Health Care,Biotechnology: Pharmaceutical Preparations,,XLV,1,2026-10-09
RYZ,0001481582,Ryerson Holding Corporation Common Stock,,Industrials,Metal Fabrications,,XLI,1,2026-10-09
RZAI,0002075335,Roze AI Inc. Common Shares,,Technology,EDP Services,,XLK,1,2026-10-09
RZC,0000898174,Reinsurance Group of America Incorporated 7.125% Fixed-Rate Reset Subordinated Debentures due 2052,,Financials,Life Insurance,,XLF,1,2026-10-09
RZLT,0001509261,Rezolute Inc. Common Stock (NV),,Health Care,Biotechnology: Pharmaceutical Preparations,,XLV,1,2026-10-09
RZLV,0001920294,Rezolve AI PLC Ordinary Shares,,Technology,Computer Software: Programming Data Processing,,XLK,1,2026-10-09
RZLVW,0001920294,Rezolve AI PLC Warrants,,Technology,Computer Software: Programming Data Processing,,XLK,1,2026-10-09
S,0001583708,SentinelOne Inc. Class A Common Stock,,Technology,Computer Software: Prepackaged Software,,XLK,1,2026-10-09
SA,0001231346,Seabridge Gold Inc. Common Shares New,,Materials,Precious Metals,,XLB,1,2026-10-09
SAAQ,0002091222,Space Asset Acquisition Corp. Class A Ordinary Shares,,Financials,Blank Checks,,XLF,1,2026-10-09
SAAQU,0002091222,Space Asset Acquisition Corp. Units,,Financials,Blank Checks,,XLF,1,2026-10-09
SAAQW,0002091222,Space Asset Acquisition Corp. Warrants,,Financials,Blank Checks,,XLF,1,2026-10-09
SABA,0000828803,Saba Capital Income & Opportunities Fund II Shares of Beneficial Interest,,,,,,1,2026-10-09
SABR,0001597033,Sabre Corporation Common Stock,,Technology,Computer Software: Programming Data Processing,,XLK,1,2026-10-09
SABS,0001833214,SAB Biotherapeutics Inc. Common Stock,,Health Care,Biotechnology: Biological Products (No Diagnostic Substances),,XLV,1,2026-10-09
SABSW,0001833214,SAB Biotherapeutics Inc. Warrant,,Health Care,Biotechnology: Biological Products (No Diagnostic Substances),,XLV,1,2026-10-09
SAC,0002082844,Safeguard Acquisition Corp. Class A Ordinary Shares,,Financials,Blank Checks,,XLF,1,2026-10-09
SACH,0001682220,Sachem Capital Corp. Common Shares,,Real Estate,Real Estate Investment Trusts,,XLRE,1,2026-10-09
SACH^A,,Sachem Capital Corp. 7.75% Series A Cumulative Redeemable Preferred Stock,,,,,,1,2026-10-09
SAFE,0001095651,Safehold Inc. New Common Stock ,,Real Estate,Real Estate Investment Trusts,,XLRE,1,2026-10-09
SAFT,0001172052,Safety Insurance Group Inc. Common Stock,,Financials,Property-Casualty Insurers,,XLF,1,2026-10-09
SAFX,0002019793,XCF Global Inc. Class A Common Stock,,Industrials,Major Chemicals,,XLI,1,2026-10-09
SAGT,0002029138,SAGTEC GLOBAL LIMITED Class A Ordinary shares,,Technology,Computer Software: Prepackaged Software,,XLK,1,2026-10-09
SAGU,0002083452,Shreya Acquisition Group Class A Ordinary Shares,,Financials,Blank Checks,,XLF,1,2026-10-09
SAH,0001043509,Sonic Automotive Inc. Common Stock,,Consumer Discretionary,Retail-Auto Dealers and Gas Stations,,XLY,1,2026-10-09
SAIA,0001177702,Saia Inc. Common Stock,,Industrials,Trucking Freight/Courier Services,,XLI,1,2026-10-09
SAIC,0001571123,Science Applications International Corporation Common Stock,,Technology,EDP Services,,XLK,1,2026-10-09
SAIH,0001847075,SAIHEAT Limited Class A Ordinary Shares,,Technology,EDP Services,,XLK,1,2026-10-09
SAIHW,0001847075,SAIHEAT Limited Warrant,,Technology,EDP Services,,XLK,1,2026-10-09
SAIL,0002030781,SailPoint Inc. Common Stock,,Technology,Computer Software: Prepackaged Software,,XLK,1,2026-10-09
SAIQ,0002101411,WISeSat.Space Holdings Corp. Ordinary Shares,,Consumer Discretionary,Telecommunications Equipment,,XLY,1,2026-10-09
SAJ,0001377936,Saratoga Investment Corp 8.00% Notes due 2027,,Financials,Investment Managers,,XLF,1,2026-10-09
SAM,0000949870,Boston Beer Company Inc. (The) Common Stock,,Consumer Staples,Beverages (Production/Distribution),,XLP,1,2026-10-09
SAMG,0001549966,Silvercrest Asset Management Group Inc. Class A Common Stock,,Financials,Investment Managers,,XLF,1,2026-10-09
SAMO,0002125567,Samos Energy Acquisition Corporation Class A Ordinary Shares,,,,,,1,2026-10-09
SAN,0000891478,Banco Santander S.A. Sponsored ADR (Spain),,Financials,Commercial Banks,,XLF,1,2026-10-09
SANA,0001770121,Sana Biotechnology Inc. Common Stock,,Health Care,Biotechnology: Biological Products (No Diagnostic Substances),,XLV,1,2026-10-09
SANG,0001753368,Sangoma Technologies Corporation Common Shares,,Technology,Computer Software: Programming Data Processing,,XLK,1,2026-10-09
SANM,0000897723,Sanmina Corporation Common Stock,,Technology,Electrical Products,,XLK,1,2026-10-09
SAP,0001000184,SAP  SE ADS,,Technology,Computer Software: Prepackaged Software,,XLK,1,2026-10-09
SAR,0001377936,Saratoga Investment Corp New,,Financials,Investment Managers,,XLF,1,2026-10-09
SARO,0002025410,StandardAero Inc. Common Stock,,Industrials,Aerospace,,XLI,1,2026-10-09
SATA,0001920406,Strive Inc. Variable Rate Series A Perpetual Preferred Stock,,Financials,Finance: Consumer Services,,XLF,1,2026-10-09
SATL,0001874315,Satellogic Inc. Class A Common Stock,,Technology,Radio And Television Broadcasting And Communications Equipment,,XLK,1,2026-10-09
SATLW,0001874315,Satellogic Inc. Warrant,,Technology,Radio And Television Broadcasting And Communications Equipment,,XLK,1,2026-10-09
SAV,0001377936,Saratoga Investment Corp 7.50% Notes due 2031,,Financials,Investment Managers,,XLF,1,2026-10-09
SAX,0001377936,Saratoga Investment Corp 8.00% Notes due 2031,,Financials,Investment Managers,,XLF,1,2026-10-09
SAY,0001377936,Saratoga Investment Corp 8.125% Notes due 2027,,Financials,Investment Managers,,XLF,1,2026-10-09
SAZ,0001377936,Saratoga Investment Corp 8.50% Notes due 2028,,Financials,Investment Managers,,XLF,1,2026-10-09
SB,0001434754,Safe Bulkers Inc Common Stock ($0.001 par value),,Consumer Discretionary,Marine Transportation,,XLY,1,2026-10-09
SBAC,0001034054,SBA Communications Corporation Class A Common Stock,,Real Estate,Real Estate Investment Trusts,,XLRE,1,2026-10-09
SBC,0001930313,SBC Medical Group Holdings Incorporated Common Stock,,Health Care,Medical/Nursing Services,,XLV,1,2026-10-09
SBCF,0000730708,Seacoast Banking Corporation of Florida Common Stock,,Financials,Major Banks,,XLF,1,2026-10-09
SBCWW,0001930313,SBC Medical Group Holdings Incorporated Warrants,,Health Care,Medical/Nursing Services,,XLV,1,2026-10-09
SBET,0001981535,Sharplink Inc. Common Stock,,Technology,Computer Software: Prepackaged Software,,XLK,1,2026-10-09
SBFG,0000767405,SB Financial Group Inc. Common Stock,,Financials,Major Banks,,XLF,1,2026-10-09
SBFM,0001402328,Sunshine Biopharma Inc. Common Stock,,Health Care,Biotechnology: Pharmaceutical Preparations,,XLV,1,2026-10-09
SBFMW,0001402328,Sunshine Biopharma Inc. Warrant,,Health Care,Biotechnology: Pharmaceutical Preparations,,XLV,1,2026-10-09
SBGI,0001971213,Sinclair Inc. Class A Common Stock,,Industrials,Broadcasting,,XLI,1,2026-10-09
SBH,0001368458,Sally Beauty Holdings Inc. (Name to be changed from Sally Holdings Inc.) Common Stock,,Consumer Discretionary,Other Specialty Stores,,XLY,1,2026-10-09
SBI,0000882300,Western Asset Intermediate Muni Fund Inc Common Stock,,Financials,Finance/Investors Services,,XLF,1,2026-10-09
SBLK,0001386716,Star Bulk Carriers Corp. Common Shares,,Consumer Discretionary,Marine Transportation,,XLY,1,2026-10-09
SBMT,0002067674,Silver Bow Mining Corp. Common Shares,,Materials,Precious Metals,,XLB,1,2026-10-09
SBR,0000710752,Sabine Royalty Trust Common Stock,,Energy,Oil & Gas Production,,XLE,1,2026-10-09
SBRA,0001492298,Sabra Health Care REIT Inc. Common Stock,,Real Estate,Real Estate Investment Trusts,,XLRE,1,2026-10-09
SBS,0001170858,Companhia de saneamento Basico Do Estado De Sao Paulo - Sabesp American Depositary Shares (Each repstg 250 Common Shares),,Utilities,Water Supply,,XLU,1,2026-10-09
SBSI,0000705432,Southside Bancshares Inc. Common Stock,,Financials,Major Banks,,XLF,1,2026-10-09
SBSW,0001786909,D/B/A Sibanye-Stillwater Limited ADS,,Materials,Precious Metals,,XLB,1,2026-10-09
SBUX,0000829224,Starbucks Corporation Common Stock,,Consumer Discretionary,Restaurants,,XLY,1,2026-10-09
SBXE,0002081909,SilverBox Corp V Class A Ordinary Shares,,,,,,1,2026-10-09
SB^C,,Safe Bulkers Inc Cumulative Redeemable Perpetual Preferred Series C (Marshall Islands),,,,,,1,2026-10-09
SB^D,,Safe Bulkers Inc Perpetual Preferred Series D (Marshall Islands),,,,,,1,2026-10-09
SCAG,0002000366,Scage Future American Depositary Shares,,Consumer Discretionary,Construction/Ag Equipment/Trucks,,XLY,1,2026-10-09
SCAGW,0002000366,Scage Future Warrants,,Consumer Discretionary,Construction/Ag Equipment/Trucks,,XLY,1,2026-10-09
SCAT,0002133239,Southern Cross Acquisition II Corp. Ordinary Shares,,Financials,Blank Checks,,XLF,1,2026-10-09
SCATR,,Southern Cross Acquisition II Corp. Rights,,Financials,Blank Checks,,XLF,1,2026-10-09
SCATU,0002133239,Southern Cross Acquisition II Corp. Units,,Financials,Blank Checks,,XLF,1,2026-10-09
SCATW,,Southern Cross Acquisition II Corp. Warrants,,Financials,Blank Checks,,XLF,1,2026-10-09
SCCD,0001682220,Sachem Capital Corp. 6.00% Notes due 2026,,Real Estate,Real Estate Investment Trusts,,XLRE,1,2026-10-09
SCCE,0001682220,Sachem Capital Corp. 6.00% Notes due 2027,,Real Estate,Real Estate Investment Trusts,,XLRE,1,2026-10-09
SCCF,0001682220,Sachem Capital Corp. 7.125% Notes due 2027,,Real Estate,Real Estate Investment Trusts,,XLRE,1,2026-10-09
SCCG,0001682220,Sachem Capital Corp. 8.00% Notes due 2027,,Real Estate,Real Estate Investment Trusts,,XLRE,1,2026-10-09
SCCO,0001001838,Southern Copper Corporation Common Stock,,Materials,Metal Mining,,XLB,1,2026-10-09
SCD,0001270131,LMP Capital and Income Fund Inc. Common Stock,,Financials,Trusts Except Educational Religious and Charitable,,XLF,1,2026-10-09
SCE^G,,SCE Trust II Trust Preferred Securities,,,,,,1,2026-10-09
SCE^L,,SCE TRUST VI,,,,,,1,2026-10-09
SCE^M,,SCE Trust VII 7.50% Trust Preference Securities,,,,,,1,2026-10-09
SCE^N,,SCE Trust VIII 6.95% Trust Preference Securities,,,,,,1,2026-10-09
SCHL,0000866729,Scholastic Corporation Common Stock,,Consumer Discretionary,Books,,XLY,1,2026-10-09
SCHW,0000316709,Charles Schwab Corporation (The) Common Stock,,Financials,Investment Bankers/Brokers/Service,,XLF,1,2026-10-09
SCHW^D,,The Charles Schwab Corporation Depositary Shares each representing 1/40th interest in a share of 5.95% Non-Cumulative Perpetual Preferred Stock Series D,,,,,,1,2026-10-09
SCHW^J,,The Charles Schwab Corporation Depositary Shares Each Representing a 1/40th Interest in a Share of 4.450% Non-Cumulative Perpetual Preferred Stock Series J,,,,,,1,2026-10-09
SCI,0000089089,Service Corporation International Common Stock,,Consumer Discretionary,Other Consumer Services,,XLY,1,2026-10-09
SCII,0002076739,SC II Acquisition Corp. Class A ordinary share,,,,,,1,2026-10-09
SCKT,0000944075,Socket Mobile Inc. Common Stock,,Technology,Computer Manufacturing,,XLK,1,2026-10-09
SCL,0000094049,Stepan Company Common Stock,,Consumer Discretionary,Package Goods/Cosmetics,,XLY,1,2026-10-09
SCLX,0001820190,Scilex Holding Company Common Stock,,Health Care,Biotechnology: Biological Products (No Diagnostic Substances),,XLV,1,2026-10-09
SCLXW,0001820190,Scilex Holding Company Warrant,,Health Care,Biotechnology: Biological Products (No Diagnostic Substances),,XLV,1,2026-10-09
SCM,0001551901,Stellus Capital Investment Corporation Common Stock,,Financials,Finance/Investors Services,,XLF,1,2026-10-09
SCNI,0001611747,Scinai Immunotherapeutics Ltd. American Depositary Shares,,Health Care,Biotechnology: Biological Products (No Diagnostic Substances),,XLV,1,2026-10-09
SCNX,0001382574,Scienture Holdings Inc. Common Stock,,Health Care,Biotechnology: Pharmaceutical Preparations,,XLV,1,2026-10-09
SCOR,0001158172,comScore Inc. Common Stock,,Consumer Discretionary,Business Services,,XLY,1,2026-10-09
SCPQ,0002083143,Social Commerce Partners Corporation Class A Ordinary Shares,,,,,,1,2026-10-09
SCPQU,0002083143,Social Commerce Partners Corporation Unit,,,,,,1,2026-10-09
SCSC,0000918965,ScanSource Inc. Common Stock,,Technology,Retail: Computer Software & Peripheral Equipment,,XLK,1,2026-10-09
SCTX,0001853921,Scribe Therapeutics Inc. Common Stock,,Health Care,Biotechnology: Biological Products (No Diagnostic Substances),,XLV,1,2026-10-09
SCWO,0000933972,374Water Inc. Common Stock,,Consumer Discretionary,Metal Fabrications,,XLY,1,2026-10-09
SCYX,0001178253,SCYNEXIS Inc. Common Stock,,Health Care,Biotechnology: Pharmaceutical Preparations,,XLV,1,2026-10-09
SCZM,0001548536,Santacruz Silver Mining Ltd. Common Shares,,Materials,Precious Metals,,XLB,1,2026-10-09
SD,0001349436,SandRidge Energy Inc. Common Stock,,Energy,Oil & Gas Production,,XLE,1,2026-10-09
SDA,0001936804,SunCar Technology Group Inc. Class A Ordinary Shares,,Consumer Discretionary,Automotive Aftermarket,,XLY,1,2026-10-09
SDEV,0001389545,Stablecoin Development Corporation Common Stock,,Health Care,Biotechnology: Pharmaceutical Preparations,,XLV,1,2026-10-09
SDGR,0001490978,Schrodinger Inc. Common Stock,,Health Care,Biotechnology: Pharmaceutical Preparations,,XLV,1,2026-10-09
SDHC,0001982518,Smith Douglas Homes Corp. Class A Common Stock,,Consumer Discretionary,Homebuilding,,XLY,1,2026-10-09
SDHI,0002034037,Siddhi Acquisition Corp Class A Common stock,,Financials,Blank Checks,,XLF,1,2026-10-09
SDHY,0001812923,PGIM Short Duration High Yield Opportunities Fund Common Shares,,Financials,Finance/Investors Services,,XLF,1,2026-10-09
SDOT,0001701756,Sadot Group Inc. Common Stock,,Consumer Discretionary,Restaurants,,XLY,1,2026-10-09
SDRL,0001737706,Seadrill Limited Common Shares,,Energy,Oil & Gas Production,,XLE,1,2026-10-09
SDST,0001831979,Stardust Power Inc. Common Stock,,Industrials,Major Chemicals,,XLI,1,2026-10-09
SDSTW,0001831979,Stardust Power Inc. Warrant,,Industrials,Major Chemicals,,XLI,1,2026-10-09
SE,0001703399,Sea Limited American Depositary Shares each representing one Class A Ordinary Share,,Consumer Discretionary,Other Consumer Services,,XLY,1,2026-10-09
SEAL^A,,Seapeak LLC 9.00% Series A Cumulative Redeemable Perpetual Preferred Units,,,,,,1,2026-10-09
SEAL^B,,Seapeak LLC 8.50% Series B Fixed-to-Floating Rate Cumulative Redeemable Perpetual Preferred Units,,,,,,1,2026-10-09
SEAT,0001856031,Vivid Seats Inc. Class A Common Stock,,Consumer Discretionary,Services-Misc. Amusement & Recreation,,XLY,1,2026-10-09
SEATW,0001856031,Vivid Seats Inc. Warrant,,Consumer Discretionary,Services-Misc. Amusement & Recreation,,XLY,1,2026-10-09
SEB,0000088121,Seaboard Corporation Common Stock,,Industrials,Farming/Seeds/Milling,,XLI,1,2026-10-09
SECZ,0002094496,Securitize Corp. Common Stock,,Financials,Finance: Consumer Services,,XLF,1,2026-10-09
SEDG,0001419612,SolarEdge Technologies Inc. Common Stock,,Technology,Semiconductors,,XLK,1,2026-10-09
SEED,0001321851,Origin Agritech Limited Common Stock,,Consumer Staples,Farming/Seeds/Milling,,XLP,1,2026-10-09
SEER,0001726445,Seer Inc. Class A Common Stock,,Industrials,Biotechnology: Laboratory Analytical Instruments,,XLI,1,2026-10-09
SEG,0002009684,Seaport Entertainment Group Inc. Common Stock,,Consumer Discretionary,Services-Misc. Amusement & Recreation,,XLY,1,2026-10-09
SEGG,0001673481,Sports Entertainment Gaming Global Corporation Common Stock,,Technology,Computer Software: Prepackaged Software,,XLK,1,2026-10-09
SEI,0001697500,Solaris Energy Infrastructure Inc. Class A Common Stock,,Consumer Discretionary,Oil and Gas Field Machinery,,XLY,1,2026-10-09
SEIC,0000350894,SEI Investments Company Common Stock,,Financials,Investment Bankers/Brokers/Service,,XLF,1,2026-10-09
SELF,0001031235,Global Self Storage Inc. Common Stock,,Real Estate,Real Estate Investment Trusts,,XLRE,1,2026-10-09
SENEA,0000088948,Seneca Foods Corp. Class A Common Stock,,Consumer Staples,Packaged Foods,,XLP,1,2026-10-09
SENEB,0000088948,Seneca Foods Corp. Class B Common Stock,,Consumer Staples,Packaged Foods,,XLP,1,2026-10-09
SENS,0001616543,Senseonics Holdings Inc. Common Stock,,Health Care,Medical/Dental Instruments,,XLV,1,2026-10-09
SEPN,0001984086,Septerna Inc. Common Stock,,Health Care,Biotechnology: Pharmaceutical Preparations,,XLV,1,2026-10-09
SER,0001708599,Serina Therapeutics Inc. Common Stock,,Health Care,Biotechnology: Pharmaceutical Preparations,,XLV,1,2026-10-09
SERA,0001534969,Sera Prognostics Inc. Class A Common Stock,,Health Care,Medical Specialities,,XLV,1,2026-10-09
SERV,0001832483,Serve Robotics Inc. Common Stock,,Industrials,Industrial Machinery/Components,,XLI,1,2026-10-09
SES,0001819142,SES AI Corporation Class A Common Stock,,Miscellaneous,Industrial Machinery/Components,,,1,2026-10-09
SEV,0001786471,Aptera Motors Corp. Class B Common Stock,,Industrials,Auto Manufacturing,,XLI,1,2026-10-09
SEVN,0001452477,Seven Hills Realty Trust Common Stock,,Real Estate,Real Estate Investment Trusts,,XLRE,1,2026-10-09
SEZL,0001662991,Sezzle Inc. Common Stock,,Financials,Finance: Consumer Services,,XLF,1,2026-10-09
SF,0000720672,Stifel Financial Corporation Common Stock,,Financials,Investment Bankers/Brokers/Service,,XLF,1,2026-10-09
SFB,0000720672,Stifel Financial Corporation 5.20% Senior Notes due 2047,,Financials,Investment Bankers/Brokers/Service,,XLF,1,2026-10-09
SFBC,0001541119,Sound Financial Bancorp Inc. Common Stock,,Financials,Savings Institutions,,XLF,1,2026-10-09
SFBS,0001430723,ServisFirst Bancshares Inc. Common Stock,,Financials,Major Banks,,XLF,1,2026-10-09
SFD,0000091388,Smithfield Foods Inc. Common Stock,,Consumer Staples,Meat/Poultry/Fish,,XLP,1,2026-10-09
SFHG,0001926792,Samfine Creation Holdings Group Limited Class A Ordinary Share,,Consumer Discretionary,Publishing,,XLY,1,2026-10-09
SFIX,0001576942,Stitch Fix Inc. Class A Common Stock,,Consumer Discretionary,Catalog/Specialty Distribution,,XLY,1,2026-10-09
SFL,0001289877,SFL Corporation Ltd,,Consumer Discretionary,Marine Transportation,,XLY,1,2026-10-09
SFM,0001575515,Sprouts Farmers Market Inc. Common Stock,,Consumer Staples,Food Chains,,XLP,1,2026-10-09
SFNC,0000090498,Simmons First National Corporation Class A Common Stock,,Financials,Major Banks,,XLF,1,2026-10-09
SFST,0001090009,Southern First Bancshares Inc. Common Stock,,Financials,Major Banks,,XLF,1,2026-10-09
SFWL,0001863218,Shengfeng Development Limited Class A Ordinary Shares,,Industrials,Trucking Freight/Courier Services,,XLI,1,2026-10-09
SF^B,,Stifel Financial Corporation Depositary Shares Each Representing 1/1000th  Interest in a Share of 6.25% Non-Cumulative  Preferred Stock Series B,,,,,,1,2026-10-09
SF^C,,Stifel Financial Corporation Depositary Shares Each Representing 1/1000th Interest in a Share of 6.125% Non Cumulative Preferred Stock Series C,,,,,,1,2026-10-09
SF^D,,Stifel Financial Corporation Depositary Shares Each Representing 1/1000th Interest in a Share of 4.50% Non-Cumulative Preferred Stock Series D,,,,,,1,2026-10-09
SG,0001477815,Sweetgreen Inc. Class A Common Stock,,Consumer Discretionary,Restaurants,,XLY,1,2026-10-09
SGA,0000886136,Saga Communications Inc. Class A Common Stock (FL),,Consumer Discretionary,Broadcasting,,XLY,1,2026-10-09
SGC,0000095574,Superior Group of Companies Inc. Common Stock,,Consumer Discretionary,Apparel,,XLY,1,2026-10-09
SGHC,0001878057,Super Group (SGHC) Limited Ordinary Shares,,Consumer Discretionary,Services-Misc. Amusement & Recreation,,XLY,1,2026-10-09
SGHT,0001531177,Sight Sciences Inc. Common Stock,,Health Care,Medical/Dental Instruments,,XLV,1,2026-10-09
SGI,0001206264,Somnigroup International Inc. Common Stock,,Consumer Discretionary,Home Furnishings,,XLY,1,2026-10-09
SGLD,0001467093,Scorpio Gold Corporation American Depositary Shares ,,,,,,1,2026-10-09
SGLY,0001422892,Singularity Future Technology Ltd. Common Stock,,Industrials,Integrated Freight & Logistics,,XLI,1,2026-10-09
SGML,0001848309,Sigma Lithium Corporation Common Shares,,Materials,Metal Mining,,XLB,1,2026-10-09
SGMT,0001400118,Sagimet Biosciences Inc. Series A Common Stock,,Health Care,Biotechnology: Pharmaceutical Preparations,,XLV,1,2026-10-09
SGP,0001778922,SpyGlass Pharma Inc. Common Stock,,Health Care,Medical/Dental Instruments,,XLV,1,2026-10-09
SGRX,0001735556,SANGRIX INC. Class A Ordinary Shares,,Financials,Finance: Consumer Services,,XLF,1,2026-10-09
SGRY,0001638833,Surgery Partners Inc. Common Stock,,Health Care,Hospital/Nursing Management,,XLV,1,2026-10-09
SGU,0001002590,Star Group L.P. Common Stock,,Consumer Discretionary,Other Specialty Stores,,XLY,1,2026-10-09
SHAK,0001620533,Shake Shack Inc. Class A Common Stock,,Consumer Discretionary,Restaurants,,XLY,1,2026-10-09
SHAZ,0002068385,SharonAI Holdings Inc. Class A Common Stock,,Technology,EDP Services,,XLK,1,2026-10-09
SHBI,0001035092,Shore Bancshares Inc Common Stock,,Financials,Major Banks,,XLF,1,2026-10-09
SHC,0001822479,Sotera Health Company Common Stock,,Health Care,Misc Health and Biotechnology Services,,XLV,1,2026-10-09
SHEL,0001306965,Shell PLC American Depositary Shares (each representing two (2) Ordinary Shares) ,,Energy,Oil & Gas Production,,XLE,1,2026-10-09
SHEN,0000354963,Shenandoah Telecommunications Co Common Stock,,Communication Services,Telecommunications Equipment,,XLC,1,2026-10-09
SHFS,0001854963,SHF Holdings Inc. Class A Common Stock,,Financials,Finance: Consumer Services,,XLF,1,2026-10-09
SHFSW,0001854963,SHF Holdings Inc. Warrants,,Financials,Finance: Consumer Services,,XLF,1,2026-10-09
SHG,0001263043,Shinhan Financial Group Co Ltd American Depositary Shares,,Financials,Major Banks,,XLF,1,2026-10-09
SHIM,0001887944,Shimmick Corporation Common Stock,,Industrials,Military/Government/Technical,,XLI,1,2026-10-09
SHIP,0001448397,Seanergy Maritime Holdings Corp. Common Stock,,Consumer Discretionary,Marine Transportation,,XLY,1,2026-10-09
SHLS,0001831651,Shoals Technologies Group Inc. Class A Common Stock,,Technology,Semiconductors,,XLK,1,2026-10-09
SHMD,0001987240,SCHMID Group N.V. Class A Ordinary Shares,,Technology,Industrial Machinery/Components,,XLK,1,2026-10-09
SHMDW,0001987240,SCHMID Group N.V. Warrants,,Technology,Industrial Machinery/Components,,XLK,1,2026-10-09
SHO,0001295810,Sunstone Hotel Investors Inc. Sunstone Hotel Investors Inc. Common Shares,,Consumer Discretionary,Hotels/Resorts,,XLY,1,2026-10-09
SHOE,0000895447,Shoe Station Group Inc. Common Stock,,Consumer Discretionary,Clothing/Shoe/Accessory Stores,,XLY,1,2026-10-09
SHOO,0000913241,Steven Madden Ltd. Common Stock,,Consumer Discretionary,Shoe Manufacturing,,XLY,1,2026-10-09
SHOP,0001594805,Shopify Inc. Class A Subordinate Voting Shares,,Technology,Computer Software: Prepackaged Software,,XLK,1,2026-10-09
SHOT,0002104879,RMG ML Sports Holdings Class A Ordinary Shares,,,,,,1,2026-10-09
SHOTU,0002104879,RMG ML Sports Holdings Unit,,,,,,1,2026-10-09
SHO^H,,Sunstone Hotel Investors Inc. 6.125% Series H Cumulative Redeemable Preferred Stock,,,,,,1,2026-10-09
SHO^I,,Sunstone Hotel Investors Inc. 5.70% Series I Cumulative Redeemable Preferred Stock,,,,,,1,2026-10-09
SHPH,0001757499,Shuttle Pharmaceuticals Holdings Inc. Common Stock,,Health Care,Biotechnology: Pharmaceutical Preparations,,XLV,1,2026-10-09
SHW,0000089800,Sherwin-Williams Company (The) Common Stock,,Consumer Discretionary,RETAIL: Building Materials,,XLY,1,2026-10-09
SI,0001699350,Shoulder Innovations Inc. Common Stock,,Health Care,Medical/Dental Instruments,,XLV,1,2026-10-09
SIBN,0001459839,SI-BONE Inc. Common Stock,,Health Care,Medical/Dental Instruments,,XLV,1,2026-10-09
SID,0001049659,Companhia Siderurgica Nacional S.A. Common Stock,,Industrials,Steel/Iron Ore,,XLI,1,2026-10-09
SIDU,0001879726,Sidus Space Inc. Class A Common Stock,,Communication Services,Telecommunications Equipment,,XLC,1,2026-10-09
SIEB,0000065596,Siebert Financial Corp. Common Stock,,Financials,Investment Bankers/Brokers/Service,,XLF,1,2026-10-09
SIF,0000090168,SIFCO Industries Inc. Common Stock,,Industrials,Aerospace,,XLI,1,2026-10-09
SIFY,0001094324,Sify Technologies Limited American Depositary Shares,,Technology,Computer Software: Programming Data Processing,,XLK,1,2026-10-09
SIG,0000832988,Signet Jewelers Limited Common Shares,,Consumer Discretionary,Consumer Specialties,,XLY,1,2026-10-09
SIGA,0001010086,SIGA Technologies Inc. Common Stock,,Health Care,Biotechnology: Pharmaceutical Preparations,,XLV,1,2026-10-09
SIGI,0000230557,Selective Insurance Group Inc. Common Stock,,Financials,Property-Casualty Insurers,,XLF,1,2026-10-09
SIGIP,0000230557,Selective Insurance Group Inc. Depositary Shares each representing a 1/1000th interest in a share of 4.60% Non-Cumulative Preferred Stock Series B,,Financials,Property-Casualty Insurers,,XLF,1,2026-10-09
SII,0001512920,Sprott Inc. Common Shares,,Financials,Finance: Consumer Services,,XLF,1,2026-10-09
SILC,0000916793,Silicom Ltd Ordinary Shares,,Communication Services,Computer Communications Equipment,,XLC,1,2026-10-09
SILO,0001514183,Silo Pharma Inc. Common Stock,,Health Care,Biotechnology: Pharmaceutical Preparations,,XLV,1,2026-10-09
SIM,0000887153,Grupo Simec S.A.B. de C.V. American Depositary Shares,,Industrials,Steel/Iron Ore,,XLI,1,2026-10-09
SIMA,0002014982,SIM Acquisition Corp. I Class A Ordinary Shares,,Miscellaneous,Industrial Machinery/Components,,,1,2026-10-09
SIMAW,0002014982,SIM Acquisition Corp. I Warrant,,Financials,Blank Checks,,XLF,1,2026-10-09
SIMO,0001329394,Silicon Motion Technology Corporation American Depositary Shares,,Technology,Semiconductors,,XLK,1,2026-10-09
SIND,0002096861,Sinda Ltd. Common Stock,,Materials,Precious Metals,,XLB,1,2026-10-09
SINT,0001269026,SiNtx Technologies Inc. Common Stock,,Health Care,Medical/Dental Instruments,,XLV,1,2026-10-09
SION,0002036042,Sionna Therapeutics Inc. Common Stock,,Health Care,Biotechnology: Pharmaceutical Preparations,,XLV,1,2026-10-09
SIRI,0000908937,SiriusXM Holdings Inc. Common Stock,,Consumer Discretionary,Broadcasting,,XLY,1,2026-10-09
SITC,0000894315,SITE Centers Corp. Common Stock,,Real Estate,Real Estate Investment Trusts,,XLRE,1,2026-10-09
SITE,0001650729,SiteOne Landscape Supply Inc. Common Stock,,Consumer Discretionary,Professional and commerical equipment,,XLY,1,2026-10-09
SITM,0001451809,SiTime Corporation Common Stock,,Technology,Semiconductors,,XLK,1,2026-10-09
SJ,0001753673,Scienjoy Holding Corporation Class A Ordinary Shares ,,Technology,EDP Services,,XLK,1,2026-10-09
SJM,0000091419,The J.M. Smucker Company Common Stock,,Consumer Staples,Packaged Foods,,XLP,1,2026-10-09
SJT,0000319655,San Juan Basin Royalty Trust Common Stock,,Energy,Oil & Gas Production,,XLE,1,2026-10-09
SKE,0001713748,Skeena Resources Limited Common Shares,,Materials,Precious Metals,,XLB,1,2026-10-09
SKHY,0002120882,SK hynix Inc. American Depositary Shares,,Technology,Semiconductors,,XLK,1,2026-10-09
SKIL,0001774675,Skillsoft Corp. Class A Common Stock,,Technology,Computer Software: Prepackaged Software,,XLK,1,2026-10-09
SKIN,0001818093,SkinHealth Systems Inc. Class A Common Stock,,Health Care,Medical/Dental Instruments,,XLV,1,2026-10-09
SKK,0001991261,SKK Holdings Limited Class A Ordinary Shares,,Industrials,Water Sewer Pipeline Comm & Power Line Construction,,XLI,1,2026-10-09
SKM,0001015650,SK Telecom Co. Ltd. Common Stock,,Communication Services,Telecommunications Equipment,,XLC,1,2026-10-09
SKT,0000899715,Tanger Inc. Common Stock,,Real Estate,Real Estate Investment Trusts,,XLRE,1,2026-10-09
SKWD,0001519449,Skyward Specialty Insurance Group Inc. Common Stock,,Financials,Property-Casualty Insurers,,XLF,1,2026-10-09
SKY,0000090896,Champion Homes Inc. Common Stock,,Consumer Discretionary,Homebuilding,,XLY,1,2026-10-09
SKYA,0001737995,SkyAI Inc. Common Stock,,Health Care,Medical/Dental Instruments,,XLV,1,2026-10-09
SKYAW,0001737995,SkyAI Inc. Warrant,,Technology,EDP Services,,XLK,1,2026-10-09
SKYD,0002041610,Skydance Corporation Class B Common Stock,,Industrials,Broadcasting,,XLI,1,2026-10-09
SKYE,0001516551,Skye Bioscience Inc. Common Stock,,Health Care,Biotechnology: Pharmaceutical Preparations,,XLV,1,2026-10-09
SKYH,0001823587,Sky Harbour Group Corporation Class A Common Stock,,Financials,Real Estate,,XLF,1,2026-10-09
SKYQ,0001812447,Sky Quarry Inc. Common Stock,,Industrials,Environmental Services,,XLI,1,2026-10-09
SKYW,0000793733,SkyWest Inc. Common Stock,,Consumer Discretionary,Air Freight/Delivery Services,,XLY,1,2026-10-09
SKYX,0001598981,SKYX Platforms Corp. Common Stock,,Consumer Discretionary,Building Products,,XLY,1,2026-10-09
SLAB,0001038074,Silicon Laboratories Inc. Common Stock,,Technology,Semiconductors,,XLK,1,2026-10-09
SLB,0000087347,SLB Limited Common Shares,,Energy,Oilfield Services/Equipment,,XLE,1,2026-10-09
SLBT,0002070534,SL Science Holding Limited Ordinary Shares,,Health Care,Biotechnology: Biological Products (No Diagnostic Substances),,XLV,1,2026-10-09
SLDB,0001707502,Solid Biosciences Inc. Common Stock,,Health Care,Biotechnology: Biological Products (No Diagnostic Substances),,XLV,1,2026-10-09
SLDE,0001886428,Slide Insurance Holdings Inc. Common Stock,,Financials,Property-Casualty Insurers,,XLF,1,2026-10-09
SLDP,0001844862,Solid Power Inc. Class A Common Stock,,Miscellaneous,Industrial Machinery/Components,,,1,2026-10-09
SLDPW,0001844862,Solid Power Inc. Warrant,,Miscellaneous,Industrial Machinery/Components,,,1,2026-10-09
SLE,0001621672,Super League Enterprise Inc. Common Stock,,Technology,EDP Services,,XLK,1,2026-10-09
SLF,0001097362,Sun Life Financial Inc. Common Stock,,Financials,Life Insurance,,XLF,1,2026-10-09
SLG,0001040971,SL Green Realty Corp Common Stock,,Real Estate,Real Estate Investment Trusts,,XLRE,1,2026-10-09
SLGB,0001987189,Smart Logistics Global Limited Class A Ordinary Shares,,Industrials,Integrated Freight & Logistics,,XLI,1,2026-10-09
SLGL,0001684693,Sol-Gel Technologies Ltd. Ordinary Shares,,Health Care,Biotechnology: Pharmaceutical Preparations,,XLV,1,2026-10-09
SLGN,0000849869,Silgan Holdings Inc. Common Stock,,Industrials,Containers/Packaging,,XLI,1,2026-10-09
SLG^I,,SL Green Realty Corporation Preferred Series I,,,,,,1,2026-10-09
SLI,0001537137,Standard Lithium Ltd. Common Shares,,Industrials,Major Chemicals,,XLI,1,2026-10-09
SLM,0001032033,SLM Corporation Common Stock,,Financials,Finance: Consumer Services,,XLF,1,2026-10-09
SLMBP,0001032033,SLM Corporation Floating Rate Non-Cumulative Preferred Stock Series B,,Financials,Finance: Consumer Services,,XLF,1,2026-10-09
SLMT,0001939965,Brera Holdings PLC Class B Ordinary Shares,,Consumer Discretionary,Services-Misc. Amusement & Recreation,,XLY,1,2026-10-09
SLN,0001479615,Silence Therapeutics Plc American Depository Share,,Health Care,Biotechnology: Pharmaceutical Preparations,,XLV,1,2026-10-09
SLND,0001883814,Southland Holdings Inc. Common Stock,,Industrials,Military/Government/Technical,,XLI,1,2026-10-09
SLNG,0001043186,Stabilis Solutions Inc. Common Stock,,Utilities,Oil/Gas Transmission,,XLU,1,2026-10-09
SLNH,0000064463,Soluna Holdings Inc. Common Stock,,Technology,EDP Services,,XLK,1,2026-10-09
SLNHP,0000064463,Soluna Holdings Inc 9.0% Series A Cumulative Perpetual Preferred Stock ,,Technology,EDP Services,,XLK,1,2026-10-09
SLQT,0001794783,SelectQuote Inc. Common Stock,,Financials,Specialty Insurers,,XLF,1,2026-10-09
SLRC,0001418076,SLR Investment Corp. Common Stock,,Financials,Finance/Investors Services,,XLF,1,2026-10-09
SLS,0001390478,SELLAS Life Sciences Group Inc. Common Stock,,Health Care,Biotechnology: Pharmaceutical Preparations,,XLV,1,2026-10-09
SLSN,0000883107,Solesence Inc. Common Stock,,Consumer Discretionary,Package Goods/Cosmetics,,XLY,1,2026-10-09
SLSR,0002019103,Solaris Resources Inc. Common Shares,,,,,,1,2026-10-09
SLVM,0001856485,Sylvamo Corporation Common Stock,,Materials,Paper,,XLB,1,2026-10-09
SLXN,0002022416,Silexion Therapeutics Corp Ordinary Shares,,Health Care,Biotechnology: Biological Products (No Diagnostic Substances),,XLV,1,2026-10-09
SLXNW,0002022416,Silexion Therapeutics Corp Warrant,,Health Care,Biotechnology: Biological Products (No Diagnostic Substances),,XLV,1,2026-10-09
SM,0000893538,SM Energy Company Common Stock,,Energy,Oil & Gas Production,,XLE,1,2026-10-09
SMA,0001585389,SmartStop Self Storage REIT Inc. Common Stock,,Real Estate,Real Estate Investment Trusts,,XLRE,1,2026-10-09
SMBC,0000916907,Southern Missouri Bancorp Inc. Common Stock,,Financials,Banks,,XLF,1,2026-10-09
SMBK,0001038773,SmartFinancial Inc. Common Stock,,Financials,Major Banks,,XLF,1,2026-10-09
SMC,0002024218,Summit Midstream Corporation Common Stock,,Utilities,Natural Gas Distribution,,XLU,1,2026-10-09
SMCI,0001375365,Super Micro Computer Inc. Common Stock,,Technology,Computer Manufacturing,,XLK,1,2026-10-09
SMCIP,0001375365,Super Micro Computer Inc. Depositary Shares representing a 1/20th Interest in a Share of 7% Series A Mandatory Convertible Preferred Stock,,Technology,Computer Manufacturing,,XLK,1,2026-10-09
SMFG,0001022837,Sumitomo Mitsui Financial Group Inc Unsponsored American Depositary Shares (Japan),,Financials,Commercial Banks,,XLF,1,2026-10-09
SMG,0000825542,Scotts Miracle-Gro Company (The) Common Stock,,Industrials,Agricultural Chemicals,,XLI,1,2026-10-09
SMHI,0001690334,SEACOR Marine Holdings Inc. Common Stock ,,Consumer Discretionary,Marine Transportation,,XLY,1,2026-10-09
SMID,0000924719,Smith-Midland Corporation Common Stock,,Industrials,Building Materials,,XLI,1,2026-10-09
SMJF,0002070954,SMJ International Holdings Inc. Class A Ordinary Shares,,Consumer Discretionary,RETAIL: Building Materials,,XLY,1,2026-10-09
SMMT,0001599298,Summit Therapeutics Inc. Common Stock ,,Health Care,Biotechnology: Pharmaceutical Preparations,,XLV,1,2026-10-09
SMP,0000093389,Standard Motor Products Inc. Common Stock,,Consumer Discretionary,Auto Parts:O.E.M.,,XLY,1,2026-10-09
SMPL,0001702744,The Simply Good Foods Company Common Stock,,Consumer Staples,Packaged Foods,,XLP,1,2026-10-09
SMR,0001822966,NuScale Power Corporation Class A Common Stock,,Industrials,Metal Fabrications,,XLI,1,2026-10-09
SMRT,0001837014,SmartRent Inc. Class A Common Stock,,Technology,EDP Services,,XLK,1,2026-10-09
SMSI,0000948708,Smith Micro Software Inc. Common Stock,,Technology,Computer Software: Prepackaged Software,,XLK,1,2026-10-09
SMTC,0000088941,Semtech Corporation Common Stock,,Technology,Semiconductors,,XLK,1,2026-10-09
SMTI,0000714256,Sanara MedTech Inc. Common Stock,,Health Care,Industrial Specialties,,XLV,1,2026-10-09
SMTK,0001817760,SmartKem Inc. Common Stock,,Technology,Semiconductors,,XLK,1,2026-10-09
SMWB,0001842731,Similarweb Ltd. Ordinary Shares,,Technology,Computer Software: Programming Data Processing,,XLK,1,2026-10-09
SMX,0001940674,SMX (Security Matters) Public Limited Company Ordinary Shares,,Technology,Industrial Machinery/Components,,XLK,1,2026-10-09
SMXT,0001519472,Solarmax Technology Inc. Common Stock,,Consumer Discretionary,Engineering & Construction,,XLY,1,2026-10-09
SMXWW,0001940674,SMX (Security Matters) Public Limited Company Warrant,,Technology,Industrial Machinery/Components,,XLK,1,2026-10-09
SN,0001957132,SharkNinja Inc. Ordinary Shares,,Consumer Discretionary,Consumer Electronics/Appliances,,XLY,1,2026-10-09
SNA,0000091440,Snap-On Incorporated Common Stock,,Consumer Discretionary,Industrial Machinery/Components,,XLY,1,2026-10-09
SNAL,0001886894,Snail Inc. Class A Common Stock,,Technology,Computer Software: Prepackaged Software,,XLK,1,2026-10-09
SNAP,0001564408,Snap Inc. Class A Common Stock,,Technology,Computer Software: Programming Data Processing,,XLK,1,2026-10-09
SND,0001529628,Smart Sand Inc. Common Stock,,Industrials,Mining & Quarrying of Nonmetallic Minerals (No Fuels),,XLI,1,2026-10-09
SNDA,0001043000,Sonida Senior Living Inc. Common Stock,,Health Care,Hospital/Nursing Management,,XLV,1,2026-10-09
SNDK,0002023554,Sandisk Corporation Common Stock,,Technology,Electronic Components,,XLK,1,2026-10-09
SNDL,0001766600,SNDL Inc. Common Shares,,Health Care, Medicinal Chemicals and Botanical Products ,,XLV,1,2026-10-09
SNDR,0001692063,Schneider National Inc. Common Stock,,Industrials,Trucking Freight/Courier Services,,XLI,1,2026-10-09
SNDX,0001395937,Syndax Pharmaceuticals Inc. Common Stock,,Health Care,Biotechnology: Pharmaceutical Preparations,,XLV,1,2026-10-09
SNES,0001680378,SenesTech Inc. Common Stock,,Industrials,Agricultural Chemicals,,XLI,1,2026-10-09
SNEX,0000913760,StoneX Group Inc. Common Stock,,Financials,Investment Bankers/Brokers/Service,,XLF,1,2026-10-09
SNFCA,0000318673,Security National Financial Corporation Class A Common Stock,,Financials,Finance: Consumer Services,,XLF,1,2026-10-09
SNGX,0000812796,Soligenix Inc. Common Stock,,Health Care,Biotechnology: Pharmaceutical Preparations,,XLV,1,2026-10-09
SNN,0000845982,Smith & Nephew SNATS Inc. Common Stock,,Health Care,Industrial Specialties,,XLV,1,2026-10-09
SNOA,0001367083,Sonoma Pharmaceuticals Inc. Common Stock,,Health Care,Medical/Dental Instruments,,XLV,1,2026-10-09
SNOW,0001640147,Snowflake Inc. Common Stock,,Technology,Computer Software: Prepackaged Software,,XLK,1,2026-10-09
SNPS,0000883241,Synopsys Inc. Common Stock,,Technology,Computer Software: Prepackaged Software,,XLK,1,2026-10-09
SNSC,0002101240,SunScout Holding Limited Class A Ordinary Shares,,Technology,Semiconductors,,XLK,1,2026-10-09
SNT,0001993727,Senstar Technologies Corporation Common Shares,,Communication Services,Telecommunications Equipment,,XLC,1,2026-10-09
SNTG,0001810467,Sentage Holdings Inc. Class A Ordinary Shares,,Financials,Finance: Consumer Services,,XLF,1,2026-10-09
SNTI,0001854270,Senti Biosciences Holdings Inc. Common Stock,,Health Care,Biotechnology: Biological Products (No Diagnostic Substances),,XLV,1,2026-10-09
SNUS^H,,Santander Holdings USA Inc. Depositary Shares Each Representing a 1/1000th Interest in a Share of Fixed-Rate Reset Non-Cumulative Perpetual Preferred Stock Series H,,,,,,1,2026-10-09
SNUS^I,,Santander Holdings USA Inc. Depositary Shares Each Representing a 1/40th Interest in a Share of Fixed-Rate Reset Non-Cumulative Perpetual Preferred Stock Series I,,,,,,1,2026-10-09
SNWV,0001417663,SANUWAVE Health Inc. Common Stock,,Health Care,Medical/Dental Instruments,,XLV,1,2026-10-09
SNX,0001177394,TD SYNNEX Corporation Common Stock,,Technology,Retail: Computer Software & Peripheral Equipment,,XLK,1,2026-10-09
SNY,0001121404,Sanofi ADS,,Health Care,Biotechnology: Pharmaceutical Preparations,,XLV,1,2026-10-09
SO,0000092122,Southern Company (The) Common Stock,,Utilities,Electric Utilities: Central,,XLU,1,2026-10-09
SOAR,0001853070,Volato Group Inc. Class A Common Stock,,Consumer Discretionary,Transportation Services,,XLY,1,2026-10-09
SOBO,0002019061,South Bow Corporation Common Shares,,Energy,Natural Gas Distribution,,XLE,1,2026-10-09
SOC,0001831481,Sable Offshore Corp. Common Stock,,Energy,Oil & Gas Production,,XLE,1,2026-10-09
SOCA,0002065948,Solarius Capital Acquisition Corp. Class A Ordinary Share,,,,,,1,2026-10-09
SOCAU,0002065948,Solarius Capital Acquisition Corp. Units,,Financials,Blank Checks,,XLF,1,2026-10-09
SOFI,0001818874,SoFi Technologies Inc. Common Stock  ,,Financials,Finance: Consumer Services,,XLF,1,2026-10-09
SOGP,0001783407,Sound Group Inc. American Depositary Shares,,Technology,Computer Software: Programming Data Processing,,XLK,1,2026-10-09
SOHU,0001734107,Sohu.com Limited American Depositary Shares,,Technology,EDP Services,,XLK,1,2026-10-09
SOJC,0000092122,Southern Company (The) Series 2017B 5.25% Junior Subordinated Notes due December 1 2077,,Utilities,Electric Utilities: Central,,XLU,1,2026-10-09
SOJD,0000092122,Southern Company (The) Series 2020A 4.95% Junior Subordinated Notes due January 30 2080,,Utilities,Electric Utilities: Central,,XLU,1,2026-10-09
SOJE,0000092122,Southern Company (The) Series 2020C 4.20% Junior Subordinated Notes due October 15 2060,,Utilities,Electric Utilities: Central,,XLU,1,2026-10-09
SOJF,0000092122,Southern Company (The) Series 2025A 6.50% Junior Subordinated Notes due March 15 2085,,Utilities,Electric Utilities: Central,,XLU,1,2026-10-09
SOLS,0002064953,Solstice Advanced Materials Inc. Common Stock ,,Industrials,Major Chemicals,,XLI,1,2026-10-09
SOLV,0001964738,Solventum Corporation Common Stock,,Health Care,Medical/Dental Instruments,,XLV,1,2026-10-09
SOMN,0000092122,Southern Company (The) 2025 Series A Corporate Units,,Utilities,Electric Utilities: Central,,XLU,1,2026-10-09
SON,0000091767,Sonoco Products Company Common Stock,,Consumer Discretionary,Containers/Packaging,,XLY,1,2026-10-09
SONM,0001178697,DNA X Inc. Common Stock,,Utilities,Telecommunications Equipment,,XLU,1,2026-10-09
SONO,0001314727,Sonos Inc. Common Stock,,Consumer Staples,Consumer Electronics/Appliances,,XLP,1,2026-10-09
SONY,0000313838,Sony Group Corporation American Depositary Shares ,,Consumer Staples,Consumer Electronics/Appliances,,XLP,1,2026-10-09
SOPH,0001840706,SOPHiA GENETICS SA Ordinary Shares,,Technology,EDP Services,,XLK,1,2026-10-09
SOR,0000091847,Source Capital Inc. Cmn Shs of BI,,Financials,Investment Managers,,XLF,1,2026-10-09
SORA,0002033515,AsiaStrategy Ordinary Shares,,Industrials,Other Specialty Stores,,XLI,1,2026-10-09
SORN,0002086263,Soren Acquisition Corp. Class A Ordinary Shares,,Financials,Blank Checks,,XLF,1,2026-10-09
SOS,0001346610,SOS Limited Class A Ordinary Shares,,Financials,Investment Bankers/Brokers/Service,,XLF,1,2026-10-09
SOTK,0000806172,Sono-Tek Corporation Common Stock,,Technology,Industrial Machinery/Components,,XLK,1,2026-10-09
SOUL,0002025608,Soulpower Acquisition Corporation Class A Ordinary Shares,,Consumer Discretionary,Publishing,,XLY,1,2026-10-09
SOUN,0001840856,SoundHound AI Inc Class A Common Stock,,Technology,Computer Software: Prepackaged Software,,XLK,1,2026-10-09
SOUNW,0001840856,SoundHound AI Inc. Warrant,,Technology,Computer Software: Prepackaged Software,,XLK,1,2026-10-09
SOWG,0001490161,Sow Good Inc. Common Stock,,Consumer Staples,Packaged Foods,,XLP,1,2026-10-09
SPAI,0002011208,Safe Pro Group Inc. Common Stock,,Technology,Computer Software: Prepackaged Software,,XLK,1,2026-10-09
SPB,0000109177,Spectrum Brands Holdings Inc. Common Stock,,Miscellaneous,Industrial Machinery/Components,,,1,2026-10-09
SPCB,0001291855,SuperCom Ltd. Ordinary Shares (Israel),,Technology,Semiconductors,,XLK,1,2026-10-09
SPCE,0001706946,Virgin Galactic Holdings Inc. Common Stock,,Consumer Discretionary,Transportation Services,,XLY,1,2026-10-09
SPCX,0001181412,Space Exploration Technologies Corp. Class A Common Stock,,Technology,Computer Software: Programming Data Processing,,XLK,1,2026-10-09
SPE,0000897802,Special Opportunities Fund Inc Common Stock,,Financials,Finance/Investors Services,,XLF,1,2026-10-09
SPEG,0002028735,Silver Pegasus Acquisition Corp Class A Ordinary Shares,,,,,,1,2026-10-09
SPE^C,,Special Opportunities Fund Inc. 2.75% Convertible Preferred Stock Series C,,,,,,1,2026-10-09
SPFI,0001163668,South Plains Financial Inc. Common Stock,,Financials,Major Banks,,XLF,1,2026-10-09
SPG,0001063761,Simon Property Group Inc. Common Stock,,Real Estate,Real Estate Investment Trusts,,XLRE,1,2026-10-09
SPGI,0000064040,S&P Global Inc. Common Stock,,Financials,Finance: Consumer Services,,XLF,1,2026-10-09
SPG^J,,Simon Property Group Inc. Simon Property Group 8 3/8% Series J Cumulative Redeemable Preferred Stock,,,,,,1,2026-10-09
SPH,0001005210,Suburban Propane Partners L.P. Common Stock,,Consumer Discretionary,Other Specialty Stores,,XLY,1,2026-10-09
SPHL,0002002236,Springview Holdings Ltd Class A Ordinary Shares,,Consumer Discretionary,Homebuilding,,XLY,1,2026-10-09
SPHR,0001795250,Sphere Entertainment Co. Class A Common Stock,,Consumer Discretionary,Services-Misc. Amusement & Recreation,,XLY,1,2026-10-09
SPIR,0001816017,Spire Global Inc. Class A Common Stock,,Consumer Discretionary,Telecommunications Equipment,,XLY,1,2026-10-09
SPMA,0001930147,Sound Point Meridian Capital Inc. 8.00% Series A Preferred Shares Due 2029,,,,,,1,2026-10-09
SPMC,0001930147,Sound Point Meridian Capital Inc. Common Stock,,,,,,1,2026-10-09
SPME,0001930147,Sound Point Meridian Capital Inc. 7.875% Series B Preferred Shares due 2030,,,,,,1,2026-10-09
SPNT,0001576018,SiriusPoint Ltd. Common Shares,,Financials,Property-Casualty Insurers,,XLF,1,2026-10-09
SPOK,0001289945,Spok Holdings Inc. Common Stock,,Communication Services,Telecommunications Equipment,,XLC,1,2026-10-09
SPOT,0001639920,Spotify Technology S.A. Ordinary Shares,,Consumer Discretionary,Broadcasting,,XLY,1,2026-10-09
SPPL,0001948697,SIMPPLE LTD. Ordinary Shares,,Consumer Discretionary,Diversified Commercial Services,,XLY,1,2026-10-09
SPRB,0001683553,Spruce Biosciences Inc. Common Stock,,Health Care,Biotechnology: Pharmaceutical Preparations,,XLV,1,2026-10-09
SPRC,0001611746,SciSparc Ltd. Ordinary Shares,,Health Care,Biotechnology: Pharmaceutical Preparations,,XLV,1,2026-10-09
SPRO,0001701108,Spero Therapeutics Inc. Common Stock,,Health Care,Biotechnology: Pharmaceutical Preparations,,XLV,1,2026-10-09
SPRU,0001772720,Spruce Power Holding Corporation Class A Common Stock,,Utilities,Electric Utilities: Central,,XLU,1,2026-10-09
SPRY,0001671858,ARS Pharmaceuticals Inc. Common Stock,,Health Care,Biotechnology: Pharmaceutical Preparations,,XLV,1,2026-10-09
SPSC,0001092699,SPS Commerce Inc. Common Stock,,Technology,Computer Software: Prepackaged Software,,XLK,1,2026-10-09
SPT,0001517375,Sprout Social Inc Class A Common Stock,,Technology,Computer Software: Prepackaged Software,,XLK,1,2026-10-09
SPTX,0002042347,Seaport Therapeutics Inc. Common Stock,,Health Care,Biotechnology: Pharmaceutical Preparations,,XLV,1,2026-10-09
SPWH,0001132105,Sportsman's Warehouse Holdings Inc. Common Stock,,Consumer Discretionary,Other Specialty Stores,,XLY,1,2026-10-09
SPWR,0001838987,SunPower Inc. Common Stock,,Technology,Semiconductors,,XLK,1,2026-10-09
SPXC,0000088205,SPX Technologies Inc. Common Stock,,Industrials,Industrial Machinery/Components,,XLI,1,2026-10-09
SPXX,0001338561,Nuveen S&P 500 Dynamic Overwrite Fund,,Financials,Trusts Except Educational Religious and Charitable,,XLF,1,2026-10-09
SQFT,0001080657,Presidio Property Trust Inc. Class A Common Stock,,Real Estate,Real Estate Investment Trusts,,XLRE,1,2026-10-09
SQFTP,0001080657,Presidio Property Trust Inc. 9.375% Series D Cumulative Redeemable Perpetual Preferred Stock $0.01 par value per share,,Real Estate,Real Estate Investment Trusts,,XLRE,1,2026-10-09
SQFTW,0001080657,Presidio Property Trust Inc. Series A Common Stock Purchase Warrants,,Real Estate,Real Estate Investment Trusts,,XLRE,1,2026-10-09
SQM,0000909037,Sociedad Quimica y Minera S.A. Common Stock,,Industrials,Mining & Quarrying of Nonmetallic Minerals (No Fuels),,XLI,1,2026-10-09
SQNS,0001383395,Sequans Communications S.A. American Depositary Shares (each representing one hundred (100) Ordinary Shares),,Technology,Semiconductors,,XLK,1,2026-10-09
SR,0001126956,Spire Inc. Common Stock,,Utilities,Oil/Gas Transmission,,XLU,1,2026-10-09
SRAD,0001836470,Sportradar Group AG Class A Ordinary Shares,,Technology,Computer Software: Programming Data Processing,,XLK,1,2026-10-09
SRBK,0001951276,SR Bancorp Inc. Common stock,,Financials,Banks,,XLF,1,2026-10-09
SRCE,0000034782,1st Source Corporation Common Stock,,Financials,Major Banks,,XLF,1,2026-10-09
SRE,0001032208,DBA Sempra Common Stock,,Utilities,Natural Gas Distribution,,XLU,1,2026-10-09
SREA,0001032208,DBA Sempra 5.750% Junior Subordinated Notes due 2079,,Utilities,Natural Gas Distribution,,XLU,1,2026-10-09
SRFM,0001936224,Surf Air Mobility Inc. Common Stock,,Consumer Discretionary,Transportation Services,,XLY,1,2026-10-09
SRG,0001628063,Seritage Growth Properties Class A Common Stock,,Financials,Real Estate,,XLF,1,2026-10-09
SRG^A,,Seritage Growth Properties 7.00% Series A Cumulative Redeemable Preferred Shares of Beneficial Interest,,,,,,1,2026-10-09
SRI,0001043337,Stoneridge Inc. Common Stock,,Consumer Discretionary,Auto Parts:O.E.M.,,XLY,1,2026-10-09
SRJN,0001126956,Spire Inc. 6.375% Junior Subordinated Notes due 2086,,Utilities,Oil/Gas Transmission,,XLU,1,2026-10-09
SRL,0000016859,Scully Royalty Ltd.,,Industrials,Precious Metals,,XLI,1,2026-10-09
SRPT,0000873303,Sarepta Therapeutics Inc. Common Stock (DE),,Health Care,Biotechnology: Pharmaceutical Preparations,,XLV,1,2026-10-09
SRRK,0001727196,Scholar Rock Holding Corporation Common Stock,,Health Care,Biotechnology: Biological Products (No Diagnostic Substances),,XLV,1,2026-10-09
SRTA,0001779128,Strata Critical Medical Inc. Class A Common Stock,,Health Care,Medical/Nursing Services,,XLV,1,2026-10-09
SRTS,0001494891,Sensus Healthcare Inc. Common Stock,,Health Care,Medical/Dental Instruments,,XLV,1,2026-10-09
SRV,0001400897,NXG Cushing Midstream Energy Fund Common Shares of Beneficial Interest,,Financials,Finance Companies,,XLF,1,2026-10-09
SRXH,0001471727,SRX Global Inc. Common Stock,,Consumer Staples,Beverages (Production/Distribution),,XLP,1,2026-10-09
SRZN,0001824893,Surrozen Inc. Common Stock,,Health Care,Biotechnology: Biological Products (No Diagnostic Substances),,XLV,1,2026-10-09
SSAC,0002081300,SPACSphere Acquisition Corp. Class A Ordinary Shares,,Financials,Blank Checks,,XLF,1,2026-10-09
SSACR,0002081300,SPACSphere Acquisition Corp. Rights,,Financials,Blank Checks,,XLF,1,2026-10-09
SSACU,0002081300,SPACSphere Acquisition Corp. Unit,,Financials,Blank Checks,,XLF,1,2026-10-09
SSACW,0002081300,SPACSphere Acquisition Corp. Warrant,,Financials,Blank Checks,,XLF,1,2026-10-09
SSB,0000764038,SouthState Bank Corporation Common Stock,,Financials,Major Banks,,XLF,1,2026-10-09
SSBI,,Summit State Bank Common Stock,,Financials,Major Banks,,XLF,1,2026-10-09
SSD,0000920371,Simpson Manufacturing Company Inc. Common Stock,,Consumer Discretionary,Industrial Machinery/Components,,XLY,1,2026-10-09
SSEA,0002059165,Starry Sea Acquisition Corp	Ordinary Shares,,Financials,Blank Checks,,XLF,1,2026-10-09
SSII,0001676163,SS Innovations International Inc. Common Stock,,Health Care,Medical/Dental Instruments,,XLV,1,2026-10-09
SSL,0000314590,Sasol Ltd. American Depositary Shares,,Energy,Oil & Gas Production,,XLE,1,2026-10-09
SSM,0001840416,Sono Group N.V. Ordinary Shares,,Technology,Semiconductors,,XLK,1,2026-10-09
SSMR,0002091017,Sunshine Silver Mining & Refining Company Common Stock,,Materials,Precious Metals,,XLB,1,2026-10-09
SSNC,0001402436,SS&C Technologies Holdings Inc. Common Stock,,Technology,Computer Software: Prepackaged Software,,XLK,1,2026-10-09
SSP,0000832428,E.W. Scripps Company (The) Class A Common Stock,,Industrials,Broadcasting,,XLI,1,2026-10-09
SSRM,0000921638,SSR Mining Inc. Common Stock,,Industrials,Precious Metals,,XLI,1,2026-10-09
SST,0001805833,System1 Inc. Class A Common Stock,,Technology,Computer Software: Programming Data Processing,,XLK,1,2026-10-09
SSTI,0001351636,SoundThinking Inc. Common Stock,,Technology,Computer Software: Prepackaged Software,,XLK,1,2026-10-09
SSTK,0001549346,Shutterstock Inc. Common Stock,,Technology,EDP Services,,XLK,1,2026-10-09
SSYS,0001517396,Stratasys Ltd. Ordinary Shares (Israel),,Technology,Computer peripheral equipment,,XLK,1,2026-10-09
ST,0001477294,Sensata Technologies Holding plc Ordinary Shares,,Industrials,Industrial Machinery/Components,,XLI,1,2026-10-09
STAA,0000718937,STAAR Surgical Company Common Stock,,Health Care,Ophthalmic Goods,,XLV,1,2026-10-09
STAG,0001479094,Stag Industrial Inc. Common Stock,,Real Estate,Real Estate Investment Trusts,,XLRE,1,2026-10-09
STAK,0002002453,STAK Inc. Class A Ordinary Shares,,Consumer Discretionary,Oil and Gas Field Machinery,,XLY,1,2026-10-09
STBA,0000719220,S&T Bancorp Inc. Common Stock,,Financials,Major Banks,,XLF,1,2026-10-09
STC,0000094344,Stewart Information Services Corporation Common Stock,,Financials,Specialty Insurers,,XLF,1,2026-10-09
STDN,0002086716,Standard Nuclear Inc. Class A Common Stock,,Materials,Major Chemicals,,XLB,1,2026-10-09
STE,0001757898,STERIS plc (Ireland) Ordinary Shares,,Health Care,Industrial Specialties,,XLV,1,2026-10-09
STEM,0001758766,Stem Inc. Class A Common Stock,,Technology,EDP Services,,XLK,1,2026-10-09
STEP,0001796022,StepStone Group Inc. Class A Common Stock,,Financials,Investment Managers,,XLF,1,2026-10-09
STEW,0000102426,SRH Total Return Fund Inc. Common Stock,,Financials,Investment Managers,,XLF,1,2026-10-09
STEX,0001530766,Streamex Corp. Common Stock,,Financials,Finance: Consumer Services,,XLF,1,2026-10-09
STFS,0002003061,Star Fashion Culture Holdings Limited Class A Ordinary Shares,,Consumer Discretionary,Advertising,,XLY,1,2026-10-09
STG,0001723935,Sunlands Technology Group American Depositary Shares representing Class A ordinary shares,,Real Estate,Other Consumer Services,,XLRE,1,2026-10-09
STGW,0000876883,Stagwell Inc. Class A Common Stock,,Consumer Discretionary,Advertising,,XLY,1,2026-10-09
STHO,0001953366,Star Holdings Shares of Beneficial Interest,,Real Estate,Real Estate,,XLRE,1,2026-10-09
STI,0001881551,Solidion Technology Inc. Common Stock,,Miscellaneous,Industrial Machinery/Components,,,1,2026-10-09
STIM,0001227636,Neuronetics Inc. Common Stock,,Health Care,Medical/Dental Instruments,,XLV,1,2026-10-09
STK,0001471420,Columbia Seligman Premium Technology Growth Fund Inc,,Financials,Investment Managers,,XLF,1,2026-10-09
STKE,0001846839,Sol Strategies Inc. Common Shares,,,,,,1,2026-10-09
STKH,0001828098,Steakholder Foods Ltd. American Depositary Shares,,Consumer Staples,Packaged Foods,,XLP,1,2026-10-09
STKS,0001399520,The ONE Group Hospitality Inc. Common Stock,,Consumer Discretionary,Restaurants,,XLY,1,2026-10-09
STLA,0001605484,Stellantis N.V. Common Shares,,Industrials,Auto Manufacturing,,XLI,1,2026-10-09
STLD,0001022671,Steel Dynamics Inc.,,Industrials,Steel/Iron Ore,,XLI,1,2026-10-09
STLN,0001799191,Starling Oncology Inc. Common Stock,,Health Care,Medical/Nursing Services,,XLV,1,2026-10-09
STLNW,0001799191,Starling Oncology Inc. Warrant,,Health Care,Medical/Nursing Services,,XLV,1,2026-10-09
STM,0000932787,STMicroelectronics N.V. Common Stock,,Technology,Semiconductors,,XLK,1,2026-10-09
STN,0001131383,Stantec Inc Common Stock,,Consumer Discretionary,Military/Government/Technical,,XLY,1,2026-10-09
STNE,0001745431,StoneCo Ltd. Class A Common Shares,,Technology,EDP Services,,XLK,1,2026-10-09
STNG,0001483934,Scorpio Tankers Inc. Common Shares,,Consumer Discretionary,Marine Transportation,,XLY,1,2026-10-09
STOK,0001623526,Stoke Therapeutics Inc. Common Stock,,Health Care,Biotechnology: Pharmaceutical Preparations,,XLV,1,2026-10-09
STRA,0001013934,Strategic Education Inc. Common Stock,,Real Estate,Other Consumer Services,,XLRE,1,2026-10-09
STRC,0001050446,Strategy Inc Variable Rate Series A Perpetual Stretch Preferred Stock,,Technology,Computer Software: Prepackaged Software,,XLK,1,2026-10-09
STRD,0001050446,Strategy Inc 10.00% Series A Perpetual Stride Preferred Stock,,Technology,Computer Software: Prepackaged Software,,XLK,1,2026-10-09
STRF,0001050446,Strategy Inc 10.00% Series A Perpetual Strife Preferred Stock,,Technology,Computer Software: Prepackaged Software,,XLK,1,2026-10-09
STRK,0001050446,Strategy Inc 8.00% Series A Perpetual Strike Preferred Stock,,Technology,Computer Software: Prepackaged Software,,XLK,1,2026-10-09
STRL,0000874238,Sterling Infrastructure Inc. Common Stock,,Industrials,Military/Government/Technical,,XLI,1,2026-10-09
STRO,0001382101,Sutro Biopharma Inc. Common Stock,,Health Care,Biotechnology: Biological Products (No Diagnostic Substances),,XLV,1,2026-10-09
STRR,0001210708,Star Equity Holdings Inc. Common Stock,,Consumer Discretionary,Professional Services,,XLY,1,2026-10-09
STRRP,0001210708,Star Equity Holdings Inc. 10% Series A Cumulative Perpetual Preferred Stock,,Consumer Discretionary,Professional Services,,XLY,1,2026-10-09
STRT,0000933034,STRATTEC SECURITY CORPORATION Common Stock,,Consumer Discretionary,Auto Parts:O.E.M.,,XLY,1,2026-10-09
STRW,0001782430,Strawberry Fields REIT Inc. Common Stock,,Real Estate,Real Estate Investment Trusts,,XLRE,1,2026-10-09
STRZ,0000929351,Starz Entertainment Corp. Common Shares,,Consumer Discretionary,Movies/Entertainment,,XLY,1,2026-10-09
STT,0000093751,State Street Corporation Common Stock,,Financials,Major Banks,,XLF,1,2026-10-09
STTK,0001680367,Shattuck Labs Inc. Common Stock,,Health Care,Biotechnology: Pharmaceutical Preparations,,XLV,1,2026-10-09
STT^G,,State Street Corporation Depositary shares each representing a 1/4000th ownership interest in a share of Fixed-to-Floating Rate Non-Cumulative,,,,,,1,2026-10-09
STUB,0001337634,StubHub Holdings Inc. Class A Common Stock,,Consumer Discretionary,Services-Misc. Amusement & Recreation,,XLY,1,2026-10-09
STVN,0001849853,Stevanato Group S.p.A. Ordinary Shares,,Health Care,Medical/Dental Instruments,,XLV,1,2026-10-09
STWD,0001465128,STARWOOD PROPERTY TRUST INC. Starwood Property Trust Inc.,,Real Estate,Real Estate Investment Trusts,,XLRE,1,2026-10-09
STX,0001137789,Seagate Technology Holdings PLC Ordinary Shares (Ireland),,Technology,Electronic Components,,XLK,1,2026-10-09
STXS,0001289340,Stereotaxis Inc. Common Stock,,Health Care,Biotechnology: Electromedical & Electrotherapeutic Apparatus,,XLV,1,2026-10-09
STZ,0000016918,Constellation Brands Inc. Common Stock,,Consumer Staples,Beverages (Production/Distribution),,XLP,1,2026-10-09
SU,0000311337,Suncor Energy  Inc. Common Stock,,Energy,Integrated oil Companies,,XLE,1,2026-10-09
SUGP,0001969863,SU Group Holdings Limited Class A Ordinary Shares,,Consumer Discretionary,Diversified Commercial Services,,XLY,1,2026-10-09
SUI,0000912593,Sun Communities Inc. Common Stock,,Real Estate,Real Estate Investment Trusts,,XLRE,1,2026-10-09
SUIG,0001425355,Sui Group Holdings Limited Common Stock,,Financials,Finance: Consumer Services,,XLF,1,2026-10-09
SUJA,0001934114,Suja Life Inc. Class A Common Stock,,Consumer Staples,Beverages (Production/Distribution),,XLP,1,2026-10-09
SUMA,0002105838,SUMA Acquisition Corporation Class A Ordinary Shares,,,,,,1,2026-10-09
SUMAR,0002105838,SUMA Acquisition Corporation Rights,,Financials,Blank Checks,,XLF,1,2026-10-09
SUNB,0002083785,Sunbelt Rentals Holdings Inc. Common Stock,,Consumer Discretionary,Diversified Commercial Services,,XLY,1,2026-10-09
SUNE,0000022701,SUNation Energy Inc. Common Stock,,Consumer Discretionary,Engineering & Construction,,XLY,1,2026-10-09
SUNS,0002012706,Sunrise Realty Trust Inc. Common Stock,,Real Estate,Real Estate Investment Trusts,,XLRE,1,2026-10-09
SUPN,0001356576,Supernus Pharmaceuticals Inc. Common Stock,,Health Care,Biotechnology: Pharmaceutical Preparations,,XLV,1,2026-10-09
SUPV,0001517399,Grupo Supervielle S.A. American Depositary Shares each Representing five Class B shares,,Financials,Commercial Banks,,XLF,1,2026-10-09
SUPX,0001897087,SuperX AI Technology Limited Ordinary Shares,,,,,,1,2026-10-09
SURG,0001392694,SurgePays Inc. Common Stock,,Consumer Discretionary,Advertising,,XLY,1,2026-10-09
SUZ,0000909327,Suzano S.A. American Depositary Shares (each representing One Ordinary Share),,Materials,Paper,,XLB,1,2026-10-09
SVAQ,0002085659,Silicon Valley Acquisition Corp. Class A Ordinary Shares,,Financials,Blank Checks,,XLF,1,2026-10-09
SVAQW,0002085659,Silicon Valley Acquisition Corp. Warrants,,Financials,Blank Checks,,XLF,1,2026-10-09
SVC,0000945394,Service Properties Trust Common Shares of Beneficial Interest,,Real Estate,Real Estate Investment Trusts,,XLRE,1,2026-10-09
SVCC,0002033593,Stellar V Capital Corp. Class A Ordinary Shares,,,,,,1,2026-10-09
SVCCU,0002033593,Stellar V Capital Corp. Unit,,Financials,Blank Checks,,XLF,1,2026-10-09
SVCO,0001943289,Silvaco Group Inc. Common Stock,,Technology,Computer Software: Prepackaged Software,,XLK,1,2026-10-09
SVIA,0002076163,Silvia Inc. Common Stock,,Financials,Finance: Consumer Services,,XLF,1,2026-10-09
SVIAW,0002076163,Silvia Inc. Warrant,,Financials,Finance: Consumer Services,,XLF,1,2026-10-09
SVIV,0002098242,Spring Valley Acquisition Corp. IV Class A Ordinary Shares,,Financials,Blank Checks,,XLF,1,2026-10-09
SVIVW,0002098242,Spring Valley Acquisition Corp. IV Warrants,,Financials,Blank Checks,,XLF,1,2026-10-09
SVM,0001340677,Silvercorp Metals Inc. Common Shares,,Materials,Precious Metals,,XLB,1,2026-10-09
SVRA,0001160308,Savara Inc. Common Stock,,Health Care,Biotechnology: Pharmaceutical Preparations,,XLV,1,2026-10-09
SVRE,0001894693,SaverOne 2014 Ltd. American Depositary Shares,,Technology,EDP Services,,XLK,1,2026-10-09
SVRN,0001869467,SVRN Inc. Common Stock,,Consumer Discretionary,Marine Transportation,,XLY,1,2026-10-09
SVV,0001883313,Savers Value Village Inc. Common Stock,,Consumer Discretionary,Other Specialty Stores,,XLY,1,2026-10-09
SW,0002005951,Smurfit WestRock plc Ordinary Shares,,Consumer Discretionary,Containers/Packaging,,XLY,1,2026-10-09
SWAG,0001872525,Stran & Company Inc. Common Stock,,Consumer Discretionary,Advertising,,XLY,1,2026-10-09
SWAGW,0001872525,Stran & Company Inc. Warrant,,Consumer Discretionary,Advertising,,XLY,1,2026-10-09
SWBI,0001092796,Smith & Wesson Brands Inc. Common Stock,,Industrials,Ordnance And Accessories,,XLI,1,2026-10-09
SWIM,0001833197,Latham Group Inc. Common Stock,,Industrials,Plastic Products,,XLI,1,2026-10-09
SWK,0000093556,Stanley Black & Decker Inc. Common Stock,,Consumer Discretionary,Industrial Machinery/Components,,XLY,1,2026-10-09
SWKHL,0001089907,SWK Holdings Corporation 9.00% Senior Notes due 2027,,,,,,1,2026-10-09
SWKS,0000004127,Skyworks Solutions Inc. Common Stock,,Technology,Semiconductors,,XLK,1,2026-10-09
SWMR,0002092574,Swarmer Inc Common Stock,,Technology,Computer Software: Prepackaged Software,,XLK,1,2026-10-09
SWRD,0001795851,Stewards Inc Common Stock,,Financials,Finance Companies,,XLF,1,2026-10-09
SWVL,0001875609,Swvl Holdings Corp Class A Common Shares,,Consumer Discretionary,Business Services,,XLY,1,2026-10-09
SWVLW,0001875609,Swvl Holdings Corp Warrant,,Consumer Discretionary,Business Services,,XLY,1,2026-10-09
SWX,0001692115,Southwest Gas Holdings Inc. Common Stock (DE),,Utilities,Oil & Gas Production,,XLU,1,2026-10-09
SWZ,0000813623,Total Return Securities Fund Common Stock,,Financials,Finance Companies,,XLF,1,2026-10-09
SXC,0001514705,SunCoke Energy Inc. Common Stock,,Industrials,Steel/Iron Ore,,XLI,1,2026-10-09
SXI,0000310354,Standex International Corporation Common Stock,,Industrials,Industrial Machinery/Components,,XLI,1,2026-10-09
SXT,0000310142,Sensient Technologies Corporation Common Stock,,Industrials,Major Chemicals,,XLI,1,2026-10-09
SXTC,0001723980,China SXT Pharmaceuticals Inc. Class A Ordinary Shares,,Health Care,Biotechnology: Pharmaceutical Preparations,,XLV,1,2026-10-09
SXTP,0001946563,60 Degrees Pharmaceuticals Inc. Common Stock,,Health Care,Biotechnology: Pharmaceutical Preparations,,XLV,1,2026-10-09
SXTPW,0001946563,60 Degrees Pharmaceuticals Inc. Warrant,,Health Care,Biotechnology: Pharmaceutical Preparations,,XLV,1,2026-10-09
SY,0001758530,So-Young International Inc. American Depository Shares,,Technology,EDP Services,,XLK,1,2026-10-09
SYBT,0000835324,Stock Yards Bancorp Inc. Common Stock,,Financials,Major Banks,,XLF,1,2026-10-09
SYF,0001601712,Synchrony Financial Common Stock,,Financials,Finance: Consumer Services,,XLF,1,2026-10-09
SYF^A,,Synchrony Financial Depositary Shares each Representing a 1/40th Interest in a Share of 5.625% Fixed Rate Non-Cumulative Perpetual Preferred Stock Series A,,,,,,1,2026-10-09
SYF^B,,Synchrony Financial Depositary Shares Each Representing a 1/40th Interest in a Share of 8.250% Fixed Rate Reset Non-Cumulative Perpetual Preferred Stock Series B,,,,,,1,2026-10-09
SYK,0000310764,Stryker Corporation Common Stock,,Health Care,Medical/Dental Instruments,,XLV,1,2026-10-09
SYM,0001837240,Symbotic Inc. Class A Common Stock,,Industrials,Industrial Machinery/Components,,XLI,1,2026-10-09
SYNA,0000817720,Synaptics Incorporated Common Stock $0.001 Par Value,,Technology,Semiconductors,,XLK,1,2026-10-09
SYNX,0001976443,Silynxcom Ltd. Ordinary Shares,,Consumer Staples,Consumer Electronics/Appliances,,XLP,1,2026-10-09
SYPR,0000864240,Sypris Solutions Inc. Common Stock,,Industrials,Industrial Machinery/Components,,XLI,1,2026-10-09
SYRE,0001636282,Spyre Therapeutics Inc. Common Stock,,Health Care,Biotechnology: Pharmaceutical Preparations,,XLV,1,2026-10-09
SYY,0000096021,Sysco Corporation Common Stock,,Consumer Discretionary,Food Distributors,,XLY,1,2026-10-09
SZZL,0002030663,Sizzle Acquisition Corp. II Class A ordinary shares,,Financials,Blank Checks,,XLF,1,2026-10-09
SZZLR,0002030663,Sizzle Acquisition Corp. II Right,,Financials,Blank Checks,,XLF,1,2026-10-09
T,0000732717,AT&T Inc.,,Communication Services,Telecommunications Equipment,,XLC,1,2026-10-09
TAC,0001144800,TransAlta Corporation Ordinary Shares,,Utilities,Electric Utilities: Central,,XLU,1,2026-10-09
TACH,0002009183,Titan Acquisition Corp. Class A Ordinary Shares,,Financials,Blank Checks,,XLF,1,2026-10-09
TACHW,0002009183,Titan Acquisition Corp. Warrants,,Financials,Blank Checks,,XLF,1,2026-10-09
TACO,0002033122,Berto Acquisition Corp. Ordinary Shares,,Financials,Blank Checks,,XLF,1,2026-10-09
TACOW,0002033122,Berto Acquisition Corp. Warrant,,Financials,Blank Checks,,XLF,1,2026-10-09
TACT,0001017303,TransAct Technologies Incorporated Common Stock,,Technology,Computer peripheral equipment,,XLK,1,2026-10-09
TAK,0001395064,Takeda Pharmaceutical Company Limited American Depositary Shares (each representing 1/2 of a share of Common Stock),,Health Care,Biotechnology: Pharmaceutical Preparations,,XLV,1,2026-10-09
TAL,0001499620,TAL Education Group American Depositary Shares,,Real Estate,Other Consumer Services,,XLRE,1,2026-10-09
TALO,0001724965,Talos Energy Inc. Common Stock,,Energy,Oil & Gas Production,,XLE,1,2026-10-09
TANH,0001588084,Tantech Holdings Ltd. Class A Common Shares,,Industrials,Major Chemicals,,XLI,1,2026-10-09
TAOP,0001552670,Taoping Inc. Ordinary Shares ,,Technology,Computer Software: Prepackaged Software,,XLK,1,2026-10-09
TAOX,0001571934,Tao Synergies Inc. Common Stock,,Financials,Finance: Consumer Services,,XLF,1,2026-10-09
TAP,0000024545,Molson Coors Beverage Company Class B Common Stock,,Consumer Staples,Beverages (Production/Distribution),,XLP,1,2026-10-09
TARA,0001359931,Protara Therapeutics Inc.  Common Stock,,Health Care,Biotechnology: Biological Products (No Diagnostic Substances),,XLV,1,2026-10-09
TARS,0001819790,Tarsus Pharmaceuticals Inc. Common Stock,,Health Care,Biotechnology: Biological Products (No Diagnostic Substances),,XLV,1,2026-10-09
TASK,0001829864,TaskUs Inc. Class A Common Stock,,Technology,EDP Services,,XLK,1,2026-10-09
TATT,0000808439,TAT Technologies Ltd. Ordinary Shares,,Industrials,Aerospace,,XLI,1,2026-10-09
TAVI,0002020385,Tavia Acquisition Corp. Ordinary Shares,,Financials,Blank Checks,,XLF,1,2026-10-09
TAVIU,0002020385,Tavia Acquisition Corp. Unit,,Financials,Blank Checks,,XLF,1,2026-10-09
TAYD,0000096536,Taylor Devices Inc. Common Stock,,Industrials,Industrial Machinery/Components,,XLI,1,2026-10-09
TBB,0000732717,AT&T Inc. 5.350% Global Notes due 2066,,Communication Services,Telecommunications Equipment,,XLC,1,2026-10-09
TBBB,0001978954,BBB Foods Inc. Class A Common Shares,,Consumer Staples,Food Chains,,XLP,1,2026-10-09
TBBK,0001295401,The Bancorp Inc Common Stock,,Financials,Major Banks,,XLF,1,2026-10-09
TBCH,0001493761,Turtle Beach Corporation Common Stock,,Communication Services,Telecommunications Equipment,,XLC,1,2026-10-09
TBCV,0002140030,Thunder Bridge Capital Partners V Ltd. Class A Ordinary Shares,,Financials,Blank Checks,,XLF,1,2026-10-09
TBCVU,0002140030,Thunder Bridge Capital Partners V Ltd. Units,,Financials,Blank Checks,,XLF,1,2026-10-09
TBI,0000768899,TrueBlue Inc. Common Stock,,Consumer Discretionary,Professional Services,,XLY,1,2026-10-09
TBLA,0001840502,Taboola.com Ltd. Ordinary Shares,,Technology,Computer Software: Programming Data Processing,,XLK,1,2026-10-09
TBLD,0001820378,Thornburg Income Builder Opportunities Trust Common Stock,,Financials,Investment Managers,,XLF,1,2026-10-09
TBN,0001997652,Tamboran Resources Corporation Common stock,,Energy,Oil & Gas Production,,XLE,1,2026-10-09
TC,0001743340,Token Cat Limited American Depositary Shares,,Consumer Discretionary,Business Services,,XLY,1,2026-10-09
TCBK,0000356171,TriCo Bancshares Common Stock,,Financials,Major Banks,,XLF,1,2026-10-09
TCBS,0001849466,Texas Community Bancshares Inc. Common Stock,,Financials,Banks,,XLF,1,2026-10-09
TCBX,0001781730,Third Coast Bancshares Inc. Common Stock,,Financials,Banks,,XLF,1,2026-10-09
TCGX,0002137965,TCGX Acquisition Corp. Class A Ordinary Shares,,,,,,1,2026-10-09
TCI,0000733590,Transcontinental Realty Investors Inc. Common Stock,,Real Estate,Real Estate Investment Trusts,,XLRE,1,2026-10-09
TCMD,0001027838,Tactile Systems Technology Inc. Common Stock,,Health Care,Medical/Dental Instruments,,XLV,1,2026-10-09
TCOM,0001269238,Trip.com Group Limited American Depositary Shares,,Consumer Discretionary,Business Services,,XLY,1,2026-10-09
TCPA,0000099070,TransCanada PipeLines Limited 6.250% Junior Subordinated Notes due 2085,,Utilities,Natural Gas Distribution,,XLU,1,2026-10-09
TCPC,0001370755,BlackRock TCP Capital Corp. Common Stock,,Financials,Finance/Investors Services,,XLF,1,2026-10-09
TCRT,0001107421,Alaunos Therapeutics Inc. Common Stock,,Health Care,Biotechnology: Pharmaceutical Preparations,,XLV,1,2026-10-09
TCRX,0001783328,TScan Therapeutics Inc. Common Stock,,Health Care,Biotechnology: Biological Products (No Diagnostic Substances),,XLV,1,2026-10-09
TCX,0000909494,Tucows Inc. Class A Common Stock,,Technology,EDP Services,,XLK,1,2026-10-09
TD,0000947263,Toronto Dominion Bank (The) Common Stock,,Financials,Commercial Banks,,XLF,1,2026-10-09
TDAC,0001926599,Translational Development Acquisition Corp. Ordinary Shares,,,,,,1,2026-10-09
TDACU,0001926599,Translational Development Acquisition Corp. Units,,,,,,1,2026-10-09
TDACW,0001926599,Translational Development Acquisition Corp. Warrants,,,,,,1,2026-10-09
TDAY,0001579684,USA TODAY Co. Inc. Common Stock,,Consumer Discretionary,Newspapers/Magazines,,XLY,1,2026-10-09
TDC,0000816761,Teradata Corporation Common Stock,,Technology,Computer Software: Prepackaged Software,,XLK,1,2026-10-09
TDF,0000919893,Templeton Dragon Fund Inc. Common Stock,,Financials,Finance/Investors Services,,XLF,1,2026-10-09
TDG,0001260221,Transdigm Group Incorporated Common Stock,,Industrials,Military/Government/Technical,,XLI,1,2026-10-09
TDIC,0002041338,Dreamland Limited Class A Ordinary Shares,,Consumer Discretionary,Other Consumer Services,,XLY,1,2026-10-09
TDOC,0001477449,Teladoc Health Inc. Common Stock,,Health Care,Medical/Nursing Services,,XLV,1,2026-10-09
TDS,0001051512,Telephone and Data Systems Inc. Common Shares,,Communication Services,Telecommunications Equipment,,XLC,1,2026-10-09
TDS^U,,Telephone and Data Systems Inc. Depositary Shares Each Representing a 1/1000th Interest in a 6.625% Series UU Cumulative Redeemable Perpetual Preferred Stock,,,,,,1,2026-10-09
TDS^V,,Telephone and Data Systems Inc. Depositary Shares Each Representing a 1/1000th Interest in a 6.000% Series VV Cumulative Redeemable Perpetual Preferred Stock,,,,,,1,2026-10-09
TDTH,0001983550,Trident Digital Tech Holdings Ltd Class B Ordinary Shares,,Consumer Discretionary,Business Services,,XLY,1,2026-10-09
TDUP,0001484778,ThredUp Inc. Class A Common Stock,,Consumer Discretionary,Catalog/Specialty Distribution,,XLY,1,2026-10-09
TDW,0000098222,Tidewater Inc. Common Stock,,Consumer Discretionary,Marine Transportation,,XLY,1,2026-10-09
TDWD,0002076616,Tailwind 2.0 Acquisition Corp. Class A Ordinary Shares,,Financials,Blank Checks,,XLF,1,2026-10-09
TDY,0001094285,Teledyne Technologies Incorporated Common Stock,,Industrials,Industrial Machinery/Components,,XLI,1,2026-10-09
TE,0001992243,T1 Energy Inc. Common Stock,,Technology,Semiconductors,,XLK,1,2026-10-09
TEAD,0001454938,Teads Holding Co. Common Stock,,Technology,Computer Software: Programming Data Processing,,XLK,1,2026-10-09
TEAM,0001650372,Atlassian Corporation Class A Common Stock,,Technology,Computer Software: Prepackaged Software,,XLK,1,2026-10-09
TECH,0000842023,Bio-Techne Corp Common Stock,,Health Care,Biotechnology: Biological Products (No Diagnostic Substances),,XLV,1,2026-10-09
TECK,0000886986,Teck Resources Ltd Ordinary Shares,,Industrials,Mining & Quarrying of Nonmetallic Minerals (No Fuels),,XLI,1,2026-10-09
TECX,0001681087,Tectonic Therapeutic Inc. Common Stock,,Health Care,Biotechnology: Biological Products (No Diagnostic Substances),,XLV,1,2026-10-09
TEI,0000909112,Templeton Emerging Markets Income Fund Inc. Common Stock,,Financials,Finance Companies,,XLF,1,2026-10-09
TEL,0001385157,TE Connectivity plc Ordinary Shares,,Technology,Electronic Components,,XLK,1,2026-10-09
TELA,0001561921,TELA Bio Inc. Common Stock,,Health Care,Medical/Dental Instruments,,XLV,1,2026-10-09
TELO,0001971532,Telomir Pharmaceuticals Inc. Common Stock,,Health Care,Biotechnology: Pharmaceutical Preparations,,XLV,1,2026-10-09
TEM,0001717115,Tempus AI Inc. Class A Common Stock,,Technology,Computer Software: Programming Data Processing,,XLK,1,2026-10-09
TEN,0001166663,Tsakos Energy Navigation Ltd Common Shares,,Consumer Discretionary,Marine Transportation,,XLY,1,2026-10-09
TENB,0001660280,Tenable Holdings Inc. Common Stock,,Technology,Computer Software: Prepackaged Software,,XLK,1,2026-10-09
TENX,0000034956,Tenax Therapeutics Inc. Common Stock,,Health Care,Biotechnology: Pharmaceutical Preparations,,XLV,1,2026-10-09
TEN^E,,Tsakos Energy Navigation Ltd Series E Fixed-to-Floating Rate Cumulative Redeemable Perpetual Preferred Shares par value $1.00,,,,,,1,2026-10-09
TEN^F,,Tsakos Energy Navigation Ltd Series F Fixed-to-Floating Rate Cumulative Redeemable Perpetual Preferred Shares par value $1.00,,,,,,1,2026-10-09
TEO,0000932470,Telecom Argentina SA,,Communication Services,Telecommunications Equipment,,XLC,1,2026-10-09
TER,0000097210,Teradyne Inc. Common Stock,,Industrials,Electrical Products,,XLI,1,2026-10-09
TEVA,0000818686,Teva Pharmaceutical Industries Limited Ordinary Shares,,Health Care,Biotechnology: Pharmaceutical Preparations,,XLV,1,2026-10-09
TEX,0000097216,Terex Corporation Common Stock,,Industrials,Construction/Ag Equipment/Trucks,,XLI,1,2026-10-09
TFC,0000092230,Truist Financial Corporation Common Stock,,Financials,Major Banks,,XLF,1,2026-10-09
TFC^I,,Truist Financial Corporation Depositary Shares,,,,,,1,2026-10-09
TFC^O,,Truist Financial Corporation Depositary Shares Each Representing a 1/1000th Interest in a Share of Series O Non-Cumulative Perpetual Preferred Stock,,,,,,1,2026-10-09
TFC^R,,Truist Financial Corporation Depositary Shares each representing 1/1000th interest in a share of Series R Non-Cumulative Perpetual Preferred Stock,,,,,,1,2026-10-09
TFII,0001588823,TFI International Inc. Common Shares,,Industrials,Trucking Freight/Courier Services,,XLI,1,2026-10-09
TFIN,0001539638,Triumph Financial Inc. Common Stock,,Financials,Major Banks,,XLF,1,2026-10-09
TFIN^,,Triumph Financial Inc. Depositary Shares Each Representing a 1/40th Interest in a Share of 7.125% Series C Fixed-Rate Non-Cumulative Perpetual Preferred Stock,,,,,,1,2026-10-09
TFPM,0001829726,Triple Flag Precious Metals Corp. Common Shares,,Industrials,Precious Metals,,XLI,1,2026-10-09
TFSL,0001381668,TFS Financial Corporation Common Stock,,Financials,Savings Institutions,,XLF,1,2026-10-09
TFX,0000096943,Teleflex Incorporated Common Stock,,Health Care,Medical/Dental Instruments,,XLV,1,2026-10-09
TG,0000850429,Tredegar Corporation Common Stock,,Industrials,Metal Fabrications,,XLI,1,2026-10-09
TGB,0000878518,Trekor Metals Limited Common Shares,,Materials,Precious Metals,,XLB,1,2026-10-09
TGE,0002053456,The Generation Essentials Group Class A Ordinary Shares,,Consumer Discretionary,Newspapers/Magazines,,XLY,1,2026-10-09
TGEN,0001537435,Tecogen Inc. Common Stock,,Industrials,Industrial Machinery/Components,,XLI,1,2026-10-09
TGHL,0002024114,The GrowHub Limited Class A Ordinary Shares,,Technology,EDP Services,,XLK,1,2026-10-09
TGL,0001905956,Treasure Global Inc. Common Stock,,Consumer Discretionary,Business Services,,XLY,1,2026-10-09
TGLS,0001534675,Tecnoglass Holdings Inc. Common Stock,,Consumer Discretionary,Electronic Components,,XLY,1,2026-10-09
TGS,0000931427,Transportadora de Gas del Sur SA TGS Common Stock,,Utilities,Natural Gas Distribution,,XLU,1,2026-10-09
TGT,0000027419,Target Corporation Common Stock,,Consumer Discretionary,Department/Specialty Retail Stores,,XLY,1,2026-10-09
TGTX,0001001316,TG Therapeutics Inc. Common Stock,,Health Care,Biotechnology: Pharmaceutical Preparations,,XLV,1,2026-10-09
TH,0001712189,Target Hospitality Corp. Common Stock,,Consumer Discretionary,Hotels/Resorts,,XLY,1,2026-10-09
THC,0000070318,Tenet Healthcare Corporation Common Stock,,Health Care,Hospital/Nursing Management,,XLV,1,2026-10-09
THCH,0001877333,TH International Limited Ordinary shares,,Consumer Discretionary,Restaurants,,XLY,1,2026-10-09
THEO,0002080216,BOA Acquisition Corp. II Class A Ordinary Shares,,Financials,Blank Checks,,XLF,1,2026-10-09
THEOR,0002080216,BOA Acquisition Corp. II Rights,,Financials,Blank Checks,,XLF,1,2026-10-09
THFF,0000714562,First Financial Corporation Common Stock,,Financials,Major Banks,,XLF,1,2026-10-09
THG,0000944695,Hanover Insurance Group Inc,,Financials,Property-Casualty Insurers,,XLF,1,2026-10-09
THH,0002044241,TryHard Holdings Limited Ordinary Shares,,Consumer Discretionary,Services-Misc. Amusement & Recreation,,XLY,1,2026-10-09
THM,0001134115,International Tower Hill Mines Ltd. Ordinary Shares (Canada),,Materials,Metal Mining,,XLB,1,2026-10-09
THO,0000730263,Thor Industries Inc. Common Stock,,Industrials,Homebuilding,,XLI,1,2026-10-09
THQ,0001604522,abrdn Healthcare Opportunities Fund Shares of Beneficial Interest,,Financials,Finance Companies,,XLF,1,2026-10-09
THRM,0000903129,Gentherm Inc Common Stock,,Consumer Discretionary,Auto Parts:O.E.M.,,XLY,1,2026-10-09
THRY,0001556739,Thryv Holdings Inc. Common Stock,,Consumer Discretionary,Advertising,,XLY,1,2026-10-09
THW,0001635977,abrdn World Healthcare Fund Shares of Beneficial Interest,,Financials,Finance Companies,,XLF,1,2026-10-09
TIC,0002032966,TIC Solutions Inc. Common Stock,,Consumer Discretionary,Business Services,,XLY,1,2026-10-09
TIGO,0000912958,Millicom International Cellular S.A. Common Stock,,Communication Services,Telecommunications Equipment,,XLC,1,2026-10-09
TIGR,0001756699,UP Fintech Holding Ltd American Depositary Share representing fifteen Class A Ordinary Shares,,Financials,Investment Bankers/Brokers/Service,,XLF,1,2026-10-09
TII,0001791703,Titan Mining Corporation Common Shares,,,,,,1,2026-10-09
TIL,0001789769,Instil Bio Inc. Common Stock,,Health Care,Biotechnology: Biological Products (No Diagnostic Substances),,XLV,1,2026-10-09
TILE,0000715787,Interface Inc. Common Stock,,Consumer Discretionary,Home Furnishings,,XLY,1,2026-10-09
TIMB,0001826168,TIM S.A. American Depositary Shares (Each representing 5 Common Shares) ,,Communication Services,Telecommunications Equipment,,XLC,1,2026-10-09
TIPT,0001393726,Tiptree Inc. Common Stock,,Financials,Property-Casualty Insurers,,XLF,1,2026-10-09
TISI,0000318833,Team Inc. Common Stock,,Consumer Discretionary,Other Consumer Services,,XLY,1,2026-10-09
TITN,0001409171,Titan Machinery Inc. Common Stock,,Consumer Discretionary,Other Specialty Stores,,XLY,1,2026-10-09
TJGC,0001969928,TJGC Group Limited Class A Ordinary Shares,,Consumer Discretionary,Advertising,,XLY,1,2026-10-09
TJX,0000109198,TJX Companies Inc. (The) Common Stock,,Consumer Discretionary,Clothing/Shoe/Accessory Stores,,XLY,1,2026-10-09
TK,0000911971,Teekay Corporation Ltd. Common Stock,,Consumer Discretionary,Marine Transportation,,XLY,1,2026-10-09
TKC,0001071321,Turkcell Iletisim Hizmetleri AS Common Stock,,Communication Services,Telecommunications Equipment,,XLC,1,2026-10-09
TKLF,0001836242,Tokyo Lifestyle Co. Ltd. American Depositary Shares,,Consumer Discretionary,Other Specialty Stores,,XLY,1,2026-10-09
TKNO,0001850902,Alpha Teknova Inc. Common Stock,,Health Care,Biotechnology: In Vitro & In Vivo Diagnostic Substances,,XLV,1,2026-10-09
TKO,0001973266,TKO Group Holdings Inc. Class A Common Stock,,Consumer Discretionary,Services-Misc. Amusement & Recreation,,XLY,1,2026-10-09
TKR,0000098362,Timken Company (The) Common Stock,,Industrials,Metal Fabrications,,XLI,1,2026-10-09
TLAC,0002128462,Three Lions Acquisition Corp. Ordinary Shares,,,,,,1,2026-10-09
TLACU,0002128462,Three Lions Acquisition Corp. Units,,,,,,1,2026-10-09
TLF,0000909724,Tandy Leather Factory Inc. Common Stock,,Consumer Discretionary,Apparel,,XLY,1,2026-10-09
TLIH,0001982012,Ten-League International Holdings Limited Ordinary Shares,,Consumer Discretionary,Industrial Specialties,,XLY,1,2026-10-09
TLK,0001001807,PT Telekomunikasi Indonesia Tbk,,Communication Services,Telecommunications Equipment,,XLC,1,2026-10-09
TLN,0001622536,Talen Energy Corporation Common Stock,,Utilities,Electric Utilities: Central,,XLU,1,2026-10-09
TLNC,0002073340,Talon Capital Corp. Class A Ordinary Shares,,Financials,Blank Checks,,XLF,1,2026-10-09
TLNCW,0002073340,Talon Capital Corp. Warrants,,,,,,1,2026-10-09
TLPH,0001427925,Talphera Inc. Common Stock,,Health Care,Biotechnology: Pharmaceutical Preparations,,XLV,1,2026-10-09
TLRY,0001731348,Tilray Brands Inc. Common Stock ,,Health Care, Medicinal Chemicals and Botanical Products ,,XLV,1,2026-10-09
TLS,0000320121,Telos Corporation Common Stock,,Technology,EDP Services,,XLK,1,2026-10-09
TLSA,0001723069,Tiziana Life Sciences Ltd. Common Shares,,Health Care,Biotechnology: Pharmaceutical Preparations,,XLV,1,2026-10-09
TLSI,0001826667,TriSalus Life Sciences Inc. Common Stock,,Health Care,Medical Specialities,,XLV,1,2026-10-09
TLX,0002007191,Telix Pharmaceuticals Limited American Depositary Shares,,Health Care,Biotechnology: Pharmaceutical Preparations,,XLV,1,2026-10-09
TLYS,0001524025,Tilly's Inc. Common Stock,,Consumer Discretionary,Clothing/Shoe/Accessory Stores,,XLY,1,2026-10-09
TM,0001094517,Toyota Motor Corporation Common Stock,,Industrials,Auto Manufacturing,,XLI,1,2026-10-09
TMC,0001798562,TMC the metals company Inc. Common Stock,,Materials,Metal Mining,,XLB,1,2026-10-09
TMCI,0001630627,Treace Medical Concepts Inc. Common Stock,,Health Care,Medical/Dental Instruments,,XLV,1,2026-10-09
TMCR,0002087398,The Metals Royalty Company Inc. Common Stock,,Materials,Precious Metals,,XLB,1,2026-10-09
TMDE,0002009714,TMD Energy Limited Ordinary Shares,,Energy,Oil Refining/Marketing,,XLE,1,2026-10-09
TMDX,0001756262,TransMedics Group Inc. Common Stock,,Health Care,Biotechnology: Electromedical & Electrotherapeutic Apparatus,,XLV,1,2026-10-09
TME,0001744676,Tencent Music Entertainment Group American Depositary Shares each representing two Class A Ordinary Shares,,Consumer Discretionary,Broadcasting,,XLY,1,2026-10-09
TMO,0000097745,Thermo Fisher Scientific Inc Common Stock,,Industrials,Industrial Machinery/Components,,XLI,1,2026-10-09
TMP,0001005817,Tompkins Financial Corporation Common Stock,,Financials,Major Banks,,XLF,1,2026-10-09
TMQ,0001543418,Trilogy Metals Inc. Common Stock,,Materials,Precious Metals,,XLB,1,2026-10-09
TMS,0002048951,Teamshares Inc. Common Stock,,,,,,1,2026-10-09
TMSWW,0002048951,Teamshares Inc. Warrants,,,,,,1,2026-10-09
TMTS,0002097364,Spartacus Acquisition Corp. II Class A Ordinary Shares,,,,,,1,2026-10-09
TMUS,0001283699,T-Mobile US Inc. Common Stock,,Communication Services,Telecommunications Equipment,,XLC,1,2026-10-09
TMUSI,0001283699,T-Mobile US Inc. 5.500% Senior Notes due June 2070,,Communication Services,Telecommunications Equipment,,XLC,1,2026-10-09
TMUSL,0001283699,T-Mobile US Inc. 6.250% Senior Notes due 2069,,Communication Services,Telecommunications Equipment,,XLC,1,2026-10-09
TMUSZ,0001283699,T-Mobile US Inc. 5.500% Senior Notes due March 2070,,Communication Services,Telecommunications Equipment,,XLC,1,2026-10-09
TNC,0000097134,Tennant Company Common Stock,,Industrials,Industrial Machinery/Components,,XLI,1,2026-10-09
TNDM,0001438133,Tandem Diabetes Care Inc. Common Stock,,Health Care,Medical/Dental Instruments,,XLV,1,2026-10-09
TNET,0000937098,TriNet Group Inc. Common Stock,,Consumer Discretionary,Business Services,,XLY,1,2026-10-09
TNGX,0001819133,Tango Therapeutics Inc.,,Health Care,Biotechnology: Pharmaceutical Preparations,,XLV,1,2026-10-09
TNK,0001419945,Teekay Tankers Ltd.,,Consumer Discretionary,Marine Transportation,,XLY,1,2026-10-09
TNL,0001361658,Travel   Leisure Co. Common  Stock,,Consumer Discretionary,Hotels/Resorts,,XLY,1,2026-10-09
TNMG,0002013186,TNL Mediagene Ordinary Shares,,Consumer Discretionary,Advertising,,XLY,1,2026-10-09
TNON,0001560293,Tenon Medical Inc. Common Stock,,Health Care,Medical/Dental Instruments,,XLV,1,2026-10-09
TNONW,0001560293,Tenon Medical Inc. Warrant,,Health Care,Medical/Dental Instruments,,XLV,1,2026-10-09
TNXP,0001430306,Tonix Pharmaceuticals Holding Corp. Common Stock,,Health Care,Biotechnology: Pharmaceutical Preparations,,XLV,1,2026-10-09
TNYA,0001858848,Tenaya Therapeutics Inc. Common Stock,,Health Care,Biotechnology: Biological Products (No Diagnostic Substances),,XLV,1,2026-10-09
TOL,0000794170,Toll Brothers Inc. Common Stock,,Consumer Discretionary,Homebuilding,,XLY,1,2026-10-09
TOMZ,0000314227,TOMI Environmental Solutions Inc. Common Stock,,Industrials,Major Chemicals,,XLI,1,2026-10-09
TONT,0001897463,Graf Global Corp. Class A ordinary shares,,,,,,1,2026-10-09
TONX,0001566610,TON Strategy Company Common Stock,,Financials,Finance: Consumer Services,,XLF,1,2026-10-09
TOON,0001355848,Kartoon Studios Inc. Common Stock,,Consumer Discretionary,Movies/Entertainment,,XLY,1,2026-10-09
TOP,0001848275,TOP Financial Group Limited Class A Ordinary Shares,,Financials,Investment Bankers/Brokers/Service,,XLF,1,2026-10-09
TOPP,0001960847,Toppoint Holdings Inc. Common Stock,,Industrials,Trucking Freight/Courier Services,,XLI,1,2026-10-09
TOPS,0001296484,TOP Ships Inc. Common Stock,,Consumer Discretionary,Marine Transportation,,XLY,1,2026-10-09
TORO,0001941131,Toro Corp. Common Shares,,Consumer Discretionary,Marine Transportation,,XLY,1,2026-10-09
TOST,0001650164,Toast Inc. Class A Common Stock,,Technology,EDP Services,,XLK,1,2026-10-09
TOUR,0001597095,Tuniu Corporation American Depositary Shares,,Consumer Discretionary,Transportation Services,,XLY,1,2026-10-09
TOVX,0000894158,Theriva Biologics Inc. Common Stock,,Health Care,Biotechnology: Pharmaceutical Preparations,,XLV,1,2026-10-09
TOWN,,TowneBank Common Stock,,Financials,Major Banks,,XLF,1,2026-10-09
TOYO,0001985273,TOYO Co. Ltd Ordinary Shares,,Consumer Discretionary,Miscellaneous manufacturing industries,,XLY,1,2026-10-09
TP,0002104296,Ticketplus Ltd. Ordinary Shares,,Consumer Discretionary,Services-Misc. Amusement & Recreation,,XLY,1,2026-10-09
TPB,0001290677,Turning Point Brands Inc. Common Stock,,Consumer Discretionary,Tobacco,,XLY,1,2026-10-09
TPC,0000077543,Tutor Perini Corporation Common Stock,,Consumer Discretionary,General Bldg Contractors - Nonresidential Bldgs,,XLY,1,2026-10-09
TPCS,0001328792,TechPrecision Corporation Common stock,,Industrials,Metal Fabrications,,XLI,1,2026-10-09
TPET,0001898766,Trio Petroleum Corp. Common Stock,,Energy,Oil & Gas Production,,XLE,1,2026-10-09
TPG,0001880661,TPG Inc. Class A Common Stock,,Financials,Investment Managers,,XLF,1,2026-10-09
TPGXL,0001880661,TPG Operating Group II L.P. 6.950% Fixed-Rate Junior Subordinated Notes due 2064,,,,,,1,2026-10-09
TPL,0001811074,Texas Pacific Land Corporation Common Stock,,Energy,Oil & Gas Production,,XLE,1,2026-10-09
TPR,0001116132,Tapestry Inc. Common Stock,,Consumer Discretionary,Apparel,,XLY,1,2026-10-09
TPST,0001544227,Tempest Therapeutics Inc. Common Stock,,Health Care,Biotechnology: Pharmaceutical Preparations,,XLV,1,2026-10-09
TPTS,0001674356,Terra Property Trust Inc. 7.00% Senior Secured Notes due 2029,,Real Estate,Real Estate Investment Trusts,,XLRE,1,2026-10-09
TPVG,0001580345,TriplePoint Venture Growth BDC Corp. Common Stock,,Consumer Discretionary,Other Consumer Services,,XLY,1,2026-10-09
TR,0000098677,Tootsie Roll Industries Inc. Common Stock,,Consumer Staples,Specialty Foods,,XLP,1,2026-10-09
TRAD,0002085485,APEX Tech Acquisition Inc. Ordinary Shares,,Financials,Investment Bankers/Brokers/Service,,XLF,1,2026-10-09
TRAK,0000050471,ReposiTrak Inc. Common Stock,,Technology,EDP Services,,XLK,1,2026-10-09
TRAW,0001130598,Traws Pharma Inc. Common Stock,,Health Care,Biotechnology: Pharmaceutical Preparations,,XLV,1,2026-10-09
TRAX,0002091349,First Tracks Biotherapeutics Inc. Ordinary Shares ,,Health Care,Biotechnology: Pharmaceutical Preparations,,XLV,1,2026-10-09
TRBG,0002088375,TurboGen Ltd. Ordinary Shares,,Utilities,Power Generation,,XLU,1,2026-10-09
TRC,0000096869,Tejon Ranch Co Common Stock,,Financials,Real Estate,,XLF,1,2026-10-09
TRDA,0001689375,Entrada Therapeutics Inc. Common Stock,,Health Care,Biotechnology: Pharmaceutical Preparations,,XLV,1,2026-10-09
TREE,0001434621,LendingTree Inc. Common Stock,,Financials,Finance: Consumer Services,,XLF,1,2026-10-09
TREO,0002041208,Tactical Resources Corp. Common Shares,,Materials,Metal Mining,,XLB,1,2026-10-09
TREX,0001069878,Trex Company Inc. Common Stock,,Materials,Forest Products,,XLB,1,2026-10-09
TRGP,0001389170,Targa Resources Inc. Common Stock,,Utilities,Natural Gas Distribution,,XLU,1,2026-10-09
TRGS,0002098780,TRG Latin America Acquisitions Corp. Class A Ordinary Shares,,Financials,Blank Checks,,XLF,1,2026-10-09
TRI,0001075124,Thomson Reuters Corporation Common Shares,,Consumer Discretionary,Publishing,,XLY,1,2026-10-09
TRIB,0000888721,Trinity Biotech plc American Depositary Shares,,Health Care,Biotechnology: In Vitro & In Vivo Diagnostic Substances,,XLV,1,2026-10-09
TRIN,0001786108,Trinity Capital Inc. Common Stock,,Financials,Finance: Consumer Services,,XLF,1,2026-10-09
TRIP,0001526520,TripAdvisor Inc. Common Stock,,Technology,Computer Software: Programming Data Processing,,XLK,1,2026-10-09
TRLV,0001754195,Trulieve Cannabis Corp. Subordinate Voting Shares,,Health Care, Medicinal Chemicals and Botanical Products ,,XLV,1,2026-10-09
TRMB,0000864749,Trimble Inc. Common Stock,,Industrials,Industrial Machinery/Components,,XLI,1,2026-10-09
TRMD,0001655891,TORM plc Class A Common Stock,,Consumer Discretionary,Marine Transportation,,XLY,1,2026-10-09
TRMK,0000036146,Trustmark Corporation Common Stock,,Financials,Major Banks,,XLF,1,2026-10-09
TRN,0000099780,Trinity Industries Inc. Common Stock,,Industrials,Railroads,,XLI,1,2026-10-09
TRNI,0001786108,Trinity Capital Inc. 7.875% Notes Due 2029,,Financials,Finance: Consumer Services,,XLF,1,2026-10-09
TRNO,0001476150,Terreno Realty Corporation Common Stock,,Financials,Real Estate,,XLF,1,2026-10-09
TRNR,0001785056,Interactive Strength Inc. Common Stock,,Technology,Consumer Electronics/Appliances,,XLK,1,2026-10-09
TRNS,0000099302,Transcat Inc. Common Stock,,Industrials,Electrical Products,,XLI,1,2026-10-09
TRNZ,0001786108,Trinity Capital Inc. 7.875% Notes due 2029,,Financials,Finance: Consumer Services,,XLF,1,2026-10-09
TRON,0001956744,Tron Inc. Common Stock,,Financials,Finance: Consumer Services,,XLF,1,2026-10-09
TROO,0001412095,TROOPS Inc. Ordinary Shares ,,Financials,Diversified Financial Services,,XLF,1,2026-10-09
TROW,0001113169,T. Rowe Price Group Inc. Common Stock,,Financials,Investment Managers,,XLF,1,2026-10-09
TROX,0001530804,Tronox Holdings plc Ordinary Shares (UK),,Materials,Major Chemicals,,XLB,1,2026-10-09
TRP,0001232384,TC Energy Corporation Common Stock,,Utilities,Natural Gas Distribution,,XLU,1,2026-10-09
TRS,0000842633,TriMas Corporation Common Stock,,Industrials,Industrial Specialties,,XLI,1,2026-10-09
TRSG,0001943444,Tungray Technologies Inc Class A Ordinary Shares,,Industrials,Industrial Machinery/Components,,XLI,1,2026-10-09
TRST,0000357301,TrustCo Bank Corp NY Common Stock,,Financials,Major Banks,,XLF,1,2026-10-09
TRT,0000732026,Trio-Tech International Common Stock,,Technology,Industrial Machinery/Components,,XLK,1,2026-10-09
TRTN^A,,Triton International Limited 8.50% Series A Cumulative Redeemable Perpetual  Preference Shares,,,,,,1,2026-10-09
TRTN^B,,Triton International Limited 8.00% Series B Cumulative Redeemable Perpetual Preference Shares,,,,,,1,2026-10-09
TRTN^C,,Triton International Limited 7.375% Series C Cumulative Redeemable Perpetual Preference Shares,,,,,,1,2026-10-09
TRTN^D,,Triton International Limited 6.875% Series D Cumulative Redeemable Perpetual Preference Shares,,,,,,1,2026-10-09
TRTN^E,,Triton International Limited 5.75% Series E Cumulative Redeemable Perpetual Preference Shares,,,,,,1,2026-10-09
TRTN^F,,Triton International Limited 7.625% Series F Cumulative Redeemable Perpetual Preference Shares,,,,,,1,2026-10-09
TRTN^G,,Triton International Limited 7.500% Series G Cumulative Redeemable Perpetual Preference Shares,,,,,,1,2026-10-09
TRTX,0001630472,TPG RE Finance Trust Inc. Common Stock,,Real Estate,Real Estate Investment Trusts,,XLRE,1,2026-10-09
TRTX^C,,TPG RE Finance Trust Inc. 6.25% Series C Cumulative Redeemable Preferred Stock $0.001 par value per share,,,,,,1,2026-10-09
TRU,0001552033,TransUnion Common Stock,,Financials,Finance: Consumer Services,,XLF,1,2026-10-09
TRUG,0001857086,TruGolf Holdings Inc. Class A Common Stock,,Consumer Discretionary,Recreational Games/Products/Toys,,XLY,1,2026-10-09
TRUP,0001371285,Trupanion Inc. Common Stock,,Health Care,Medical Specialities,,XLV,1,2026-10-09
TRV,0000086312,The Travelers Companies Inc. Common Stock,,Financials,Property-Casualty Insurers,,XLF,1,2026-10-09
TRVG,0001683825,trivago N.V. American Depositary Shares,,Technology,EDP Services,,XLK,1,2026-10-09
TRVI,0001563880,Trevi Therapeutics Inc. Common Stock,,Health Care,Biotechnology: Pharmaceutical Preparations,,XLV,1,2026-10-09
TRX,0001173643,TRX Gold Corporation Common Stock,,Materials,Precious Metals,,XLB,1,2026-10-09
TS,0001190723,Tenaris S.A. American Depositary Shares,,Industrials,Steel/Iron Ore,,XLI,1,2026-10-09
TSAT,0001845840,Telesat Corporation Class A Common Shares and Class B Variable Voting Shares ,,Industrials,Metal Fabrications,,XLI,1,2026-10-09
TSBK,0001046050,Timberland Bancorp Inc. Common Stock,,Financials,Banks,,XLF,1,2026-10-09
TSCO,0000916365,Tractor Supply Company Common Stock,,Consumer Discretionary,RETAIL: Building Materials,,XLY,1,2026-10-09
TSEM,0000928876,Tower Semiconductor Ltd. Ordinary Shares,,Technology,Semiconductors,,XLK,1,2026-10-09
TSHA,0001806310,Taysha Gene Therapies Inc. Common Stock,,Health Care,Biotechnology: Biological Products (No Diagnostic Substances),,XLV,1,2026-10-09
TSI,0000809559,TCW Strategic Income Fund Inc. Common Stock,,Financials,Investment Managers,,XLF,1,2026-10-09
TSLA,0001318605,Tesla Inc. Common Stock,,Industrials,Auto Manufacturing,,XLI,1,2026-10-09
TSLX,0001508655,Sixth Street Specialty Lending Inc. Common Stock,,Financials,Investment Managers,,XLF,1,2026-10-09
TSM,0001046179,Taiwan Semiconductor Manufacturing Company Ltd.,,Technology,Semiconductors,,XLK,1,2026-10-09
TSN,0000100493,Tyson Foods Inc. Common Stock,,Consumer Staples,Meat/Poultry/Fish,,XLP,1,2026-10-09
TSQ,0001499832,Townsquare Media Inc. Class A Common Stock,,Consumer Discretionary,Broadcasting,,XLY,1,2026-10-09
TSSI,0001320760,TSS Inc. Common Stock,,Consumer Discretionary,Professional Services,,XLY,1,2026-10-09
TT,0001466258,Trane Technologies plc,,Industrials,Auto Parts:O.E.M.,,XLI,1,2026-10-09
TTAM,0002035304,Titan America SA Common Shares,,Industrials,Mining & Quarrying of Nonmetallic Minerals (No Fuels),,XLI,1,2026-10-09
TTAN,0001638826,ServiceTitan Inc. Class A Common Stock,,Technology,Computer Software: Prepackaged Software,,XLK,1,2026-10-09
TTC,0000737758,Toro Company (The) Common Stock,,Consumer Discretionary,Tools/Hardware,,XLY,1,2026-10-09
TTD,0001671933,The Trade Desk Inc. Class A Common Stock,,Technology,Computer Software: Programming Data Processing,,XLK,1,2026-10-09
TTE,0000879764,TotalEnergies SE Ordinary Shares,,Energy,Oil & Gas Production,,XLE,1,2026-10-09
TTEC,0001013880,TTEC Holdings Inc. Common Stock,,Consumer Discretionary,Professional Services,,XLY,1,2026-10-09
TTEK,0000831641,Tetra Tech Inc. Common Stock,,Consumer Discretionary,Military/Government/Technical,,XLY,1,2026-10-09
TTGT,0002018064,TechTarget Inc. Common Stock,,Communication Services,Telecommunications Equipment,,XLC,1,2026-10-09
TTI,0000844965,Tetra Technologies Inc. Common Stock,,Energy,Oil & Gas Production,,XLE,1,2026-10-09
TTMI,0001116942,TTM Technologies Inc. Common Stock,,Technology,Electrical Products,,XLK,1,2026-10-09
TTRX,0002023016,Turn Therapeutics Inc. Common Stock,,Health Care,Biotechnology: Pharmaceutical Preparations,,XLV,1,2026-10-09
TTWO,0000946581,Take-Two Interactive Software Inc. Common Stock,,Technology,Computer Software: Prepackaged Software,,XLK,1,2026-10-09
TU,0000868675,Telus Corporation Ordinary Shares,,Communication Services,Telecommunications Equipment,,XLC,1,2026-10-09
TULP,0000875355,Bloomia Holdings Inc. Common Stock,,Consumer Staples,Farming/Seeds/Milling,,XLP,1,2026-10-09
TURB,0001963439,Turbo Energy S.A. American Depositary Shares,,Miscellaneous,Industrial Machinery/Components,,,1,2026-10-09
TUSK,0001679268,Mammoth Energy Services Inc. Common Stock,,Energy,Oilfield Services/Equipment,,XLE,1,2026-10-09
TUYA,0001829118,Tuya Inc. American Depositary Shares each representing one Class A Ordinary Share,,Technology,Computer Software: Prepackaged Software,,XLK,1,2026-10-09
TV,0000912892,Grupo Televisa S.A.B. Common Stock,,Industrials,Broadcasting,,XLI,1,2026-10-09
TVA,0002033991,Texas Ventures Acquisition III Corp Class A Ordinary Share,,,,,,1,2026-10-09
TVACU,0002033991,Texas Ventures Acquisition III Corp Unit,,Financials,Blank Checks,,XLF,1,2026-10-09
TVACW,0002033991,Texas Ventures Acquisition III Corp Warrants,,,,,,1,2026-10-09
TVAI,0001872228,Thayer Ventures Acquisition Corporation II Class A Ordinary Shares,,,,,,1,2026-10-09
TVC,0001376986,Tennessee Valley Authority Common Stock,,Utilities,Electric Utilities: Central,,XLU,1,2026-10-09
TVE,0001376986,Tennessee Valley Authority,,Utilities,Electric Utilities: Central,,XLU,1,2026-10-09
TVGN,0001860871,Tevogen Inc. Common Stock,,Health Care,Biotechnology: Biological Products (No Diagnostic Substances),,XLV,1,2026-10-09
TVGNW,0001860871,Tevogen Inc. Warrant,,Health Care,Biotechnology: Biological Products (No Diagnostic Substances),,XLV,1,2026-10-09
TVIV,0002096755,Texas Ventures Acquisition IV Corp Class A Ordinary Shares,,,,,,1,2026-10-09
TVIVU,0002096755,Texas Ventures Acquisition IV Corp Units,,,,,,1,2026-10-09
TVRD,0001346830,Tvardi Therapeutics Inc. Common Stock,,Health Care,Biotechnology: Pharmaceutical Preparations,,XLV,1,2026-10-09
TVTX,0001438533,Travere Therapeutics Inc. Common Stock,,Health Care,Biotechnology: Pharmaceutical Preparations,,XLV,1,2026-10-09
TW,0001758730,Tradeweb Markets Inc. Class A Common Stock,,Financials,Investment Bankers/Brokers/Service,,XLF,1,2026-10-09
TWAV,0000746210,TaoWeave Inc. Common Stock,,Technology,Computer Software: Programming Data Processing,,XLK,1,2026-10-09
TWFG,0002007596,TWFG Inc. Class A Common Stock,,Financials,Specialty Insurers,,XLF,1,2026-10-09
TWG,0001978057,Top Wealth Group Holding Limited Class A Ordinary Shares,,Consumer Staples,Packaged Foods,,XLP,1,2026-10-09
TWI,0000899751,Titan International Inc. (DE) Common Stock,,Industrials,Steel/Iron Ore,,XLI,1,2026-10-09
TWIN,0000100378,Twin Disc Incorporated Common Stock,,Industrials,Industrial Machinery/Components,,XLI,1,2026-10-09
TWLO,0001447669,Twilio Inc. Class A Common Stock,,Technology,Computer Software: Prepackaged Software,,XLK,1,2026-10-09
TWLV,0002052243,Twelve Seas Investment Company III Class A Ordinary Shares,,Financials,Blank Checks,,XLF,1,2026-10-09
TWLVR,0002052243,Twelve Seas Investment Company III Rights,,Financials,Blank Checks,,XLF,1,2026-10-09
TWN,0000804123,Taiwan Fund Inc. (The) Common Stock,,Financials,Trusts Except Educational Religious and Charitable,,XLF,1,2026-10-09
TWST,0001581280,Twist Bioscience Corporation Common Stock,,Health Care,Biotechnology: Biological Products (No Diagnostic Substances),,XLV,1,2026-10-09
TX,0001342874,Ternium S.A. Ternium S.A. American Depositary Shares (each representing ten shares USD1.00 par value),,Industrials,Steel/Iron Ore,,XLI,1,2026-10-09
TXG,0001770787,10x Genomics Inc. Class A Common Stock,,Industrials,Biotechnology: Laboratory Analytical Instruments,,XLI,1,2026-10-09
TXMD,0000025743,TherapeuticsMD Inc. Common Stock,,Health Care,Biotechnology: Pharmaceutical Preparations,,XLV,1,2026-10-09
TXN,0000097476,Texas Instruments Incorporated Common Stock,,Technology,Semiconductors,,XLK,1,2026-10-09
TXNM,0001108426,TXNM Energy Inc. Common Stock,,Utilities,Electric Utilities: Central,,XLU,1,2026-10-09
TXO,0001559432,TXO Partners L.P. Common Units Representing Limited Partner Interests,,Energy,Oil & Gas Production,,XLE,1,2026-10-09
TXRH,0001289460,Texas Roadhouse Inc. Common Stock,,Consumer Discretionary,Restaurants,,XLY,1,2026-10-09
TXT,0000217346,Textron Inc. Common Stock,,Industrials,Aerospace,,XLI,1,2026-10-09
TY,0000099614,Tri Continental Corporation Common Stock,,Financials,Finance Companies,,XLF,1,2026-10-09
TYG,0001268533,Tortoise Energy Infrastructure Corporation Common Stock,,Financials,Investment Managers,,XLF,1,2026-10-09
TYGO,0001855447,Tigo Energy Inc. Common Stock,,Technology,Semiconductors,,XLK,1,2026-10-09
TYL,0000860731,Tyler Technologies Inc. Common Stock,,Technology,Computer Software: Prepackaged Software,,XLK,1,2026-10-09
TYRA,0001863127,Tyra Biosciences Inc. Common Stock,,Health Care,Biotechnology: Pharmaceutical Preparations,,XLV,1,2026-10-09
TY^,,Tri Continental Corporation Preferred Stock,,,,,,1,2026-10-09
TZOO,0001133311,Travelzoo Common Stock,,Consumer Discretionary,Advertising,,XLY,1,2026-10-09
T^A,,AT&T Inc. Depositary Shares each representing a 1/1000th interest in a share of 5.000% Perpetual Preferred Stock Series A,,,,,,1,2026-10-09
T^C,,AT&T Inc. Depositary Shares each representing a 1/1000th interest in a share of 4.750% Perpetual Preferred Stock Series C,,,,,,1,2026-10-09
U,0001810806,Unity Software Inc. Common Stock,,Technology,Computer Software: Prepackaged Software,,XLK,1,2026-10-09
UA,0001336917,Under Armour Inc. Class C Common Stock,,Consumer Discretionary,Apparel,,XLY,1,2026-10-09
UAA,0001336917,Under Armour Inc. Class A Common Stock,,Consumer Discretionary,Apparel,,XLY,1,2026-10-09
UAC,0002098669,United Acquisition Corp. I Class A Ordinary Shares,,Financials,Blank Checks,,XLF,1,2026-10-09
UAL,0000100517,United Airlines Holdings Inc. Common Stock,,Consumer Discretionary,Air Freight/Delivery Services,,XLY,1,2026-10-09
UAMY,0000101538,United States Antimony Corporation Common Stock,,Industrials,Metal Fabrications,,XLI,1,2026-10-09
UAN,0001425292,CVR Partners LP Common Units representing Limited Partner Interests,,Industrials,Agricultural Chemicals,,XLI,1,2026-10-09
UAVS,0000008504,AgEagle Aerial Systems Inc. Common Stock,,Industrials,Aerospace,,XLI,1,2026-10-09
UBCP,0000731653,United Bancorp Inc. Common Stock,,Financials,Major Banks,,XLF,1,2026-10-09
UBER,0001543151,Uber Technologies Inc. Common Stock,,Consumer Discretionary,Business Services,,XLY,1,2026-10-09
UBS,0001610520,UBS Group AG Registered Ordinary Shares,,Financials,Major Banks,,XLF,1,2026-10-09
UBSI,0000729986,United Bankshares Inc. Common Stock,,Financials,Major Banks,,XLF,1,2026-10-09
UCAR,0001939780,U Power Limited Class A Ordinary Shares,,Miscellaneous,Industrial Machinery/Components,,,1,2026-10-09
UCB,0000857855,United Community Banks Inc. Common Stock,,Financials,Major Banks,,XLF,1,2026-10-09
UCL,0001775898,uCloudlink Group Inc. American Depositary Shares,,Consumer Discretionary,Telecommunications Equipment,,XLY,1,2026-10-09
UCTT,0001275014,Ultra Clean Holdings Inc. Common Stock,,Technology,Semiconductors,,XLK,1,2026-10-09
UDR,0000074208,UDR Inc. Common Stock,,Real Estate,Real Estate Investment Trusts,,XLRE,1,2026-10-09
UE,0001611547,Urban Edge Properties Common Shares of Beneficial Interest,,Financials,Real Estate,,XLF,1,2026-10-09
UEC,0001334933,Uranium Energy Corp. Common Stock,,Materials,Other Metals and Minerals,,XLB,1,2026-10-09
UEIC,0000101984,Universal Electronics Inc. Common Stock,,Consumer Staples,Consumer Electronics/Appliances,,XLP,1,2026-10-09
UFCS,0000101199,United Fire Group Inc. Common Stock,,Financials,Property-Casualty Insurers,,XLF,1,2026-10-09
UFG,0002021688,Uni-Fuels Holdings Limited Class A Ordinary Shares,,Energy,Oil Refining/Marketing,,XLE,1,2026-10-09
UFI,0000100726,Unifi Inc. New Common Stock,,Consumer Discretionary,Textiles,,XLY,1,2026-10-09
UFPI,0000912767,UFP Industries Inc. Common Stock,,Materials,Forest Products,,XLB,1,2026-10-09
UFPT,0000914156,UFP Technologies Inc. Common Stock,,Health Care,Medical/Dental Instruments,,XLV,1,2026-10-09
UG,0000101295,United-Guardian Inc. Common Stock,,Consumer Discretionary,Package Goods/Cosmetics,,XLY,1,2026-10-09
UGI,0000884614,UGI Corporation Common Stock,,Utilities,Natural Gas Distribution,,XLU,1,2026-10-09
UGP,0001094972,Ultrapar Participacoes S.A. (New) American Depositary Shares (Each representing one Common Share),,Utilities,Oil/Gas Transmission,,XLU,1,2026-10-09
UHAL,0000004457,U-Haul Holding Company Common Stock,,Consumer Discretionary,Rental/Leasing Companies,,XLY,1,2026-10-09
UHS,0000352915,Universal Health Services Inc. Common Stock,,Health Care,Hospital/Nursing Management,,XLV,1,2026-10-09
UHT,0000798783,Universal Health Realty Income Trust Common Stock,,Real Estate,Real Estate Investment Trusts,,XLRE,1,2026-10-09
UI,0001511737,Ubiquiti Inc. Common Stock,,Technology,Radio And Television Broadcasting And Communications Equipment,,XLK,1,2026-10-09
UIS,0000746838,Unisys Corporation New Common Stock,,Technology,EDP Services,,XLK,1,2026-10-09
UK,0001821424,Ucommune International Ltd Class A Ordinary Shares,,Consumer Discretionary,Business Services,,XLY,1,2026-10-09
UL,0000217410,Unilever PLC American Depositary Shares (each representing One Ordinary Share),,Consumer Discretionary,Package Goods/Cosmetics,,XLY,1,2026-10-09
ULBI,0000875657,Ultralife Corporation Common Stock,,Miscellaneous,Industrial Machinery/Components,,,1,2026-10-09
ULCC,0001670076,Frontier Group Holdings Inc. Common Stock,,Consumer Discretionary,Air Freight/Delivery Services,,XLY,1,2026-10-09
ULH,0001308208,Universal Logistics Holdings Inc. Common Stock,,Industrials,Trucking Freight/Courier Services,,XLI,1,2026-10-09
ULS,0001901440,UL Solutions Inc. Class A Common Stock,,Health Care,Precision Instruments,,XLV,1,2026-10-09
ULTA,0001403568,Ulta Beauty Inc. Common Stock,,Consumer Discretionary,Other Specialty Stores,,XLY,1,2026-10-09
UMAC,0001956955,Unusual Machines Inc. Common Stock,,Technology,Radio And Television Broadcasting And Communications Equipment,,XLK,1,2026-10-09
UMBF,0000101382,UMB Financial Corporation Common Stock,,Financials,Major Banks,,XLF,1,2026-10-09
UMBFO,0000101382,UMB Financial Corporation Depositary Shares Each Representing a 1/400th Interest in a Share of 7.750% Fixed-Rate Reset Non-Cumulative Perpetual Preferred Stock Series B,,Financials,Major Banks,,XLF,1,2026-10-09
UMC,0001033767,United Microelectronics Corporation (NEW) Common Stock,,Technology,Semiconductors,,XLK,1,2026-10-09
UMH,0000752642,UMH Properties Inc. Common Stock,,Real Estate,Real Estate Investment Trusts,,XLRE,1,2026-10-09
UMH^D,,UMH Properties Inc. 6.375% Series D Cumulative Redeemable Preferred Stock Liquidation Preference $25 per share,,,,,,1,2026-10-09
UNB,0000706863,Union Bankshares Inc. Common Stock,,Financials,Major Banks,,XLF,1,2026-10-09
UNCY,0001766140,Unicycive Therapeutics Inc. Common Stock,,Health Care,Biotechnology: Pharmaceutical Preparations,,XLV,1,2026-10-09
UNF,0000717954,Unifirst Corporation Common Stock,,Consumer Discretionary,Other Consumer Services,,XLY,1,2026-10-09
UNFI,0001020859,United Natural Foods Inc. Common Stock,,Consumer Discretionary,Food Distributors,,XLY,1,2026-10-09
UNH,0000731766,UnitedHealth Group Incorporated Common Stock (DE),,Health Care,Medical Specialities,,XLV,1,2026-10-09
UNIT,0002020795,Uniti Group Inc. Common Stock,,Real Estate,Real Estate Investment Trusts,,XLRE,1,2026-10-09
UNM,0000005513,Unum Group Common Stock,,Financials,Accident &Health Insurance,,XLF,1,2026-10-09
UNMA,0000005513,Unum Group 6.250% Junior Subordinated Notes due 2058,,Financials,Accident &Health Insurance,,XLF,1,2026-10-09
UNP,0000100885,Union Pacific Corporation Common Stock,,Industrials,Railroads,,XLI,1,2026-10-09
UNTY,0000920427,Unity Bancorp Inc. Common Stock,,Financials,Major Banks,,XLF,1,2026-10-09
UONE,0001041657,Urban One Inc. Class A Common Stock,,Consumer Discretionary,Broadcasting,,XLY,1,2026-10-09
UONEK,0001041657,Urban One Inc. Class D Common Stock,,Consumer Discretionary,Broadcasting,,XLY,1,2026-10-09
UP,0001819516,Wheels Up Experience Inc. Class A Common Stock,,Consumer Discretionary,Transportation Services,,XLY,1,2026-10-09
UPB,0002022626,Upstream Bio Inc. Common Stock,,Health Care,Biotechnology: Pharmaceutical Preparations,,XLV,1,2026-10-09
UPBD,0000933036,Upbound Group Inc. Common Stock,,Consumer Discretionary,Diversified Commercial Services,,XLY,1,2026-10-09
UPC,0001809616,Universe Pharmaceuticals Inc. Class A Ordinary Shares,,Health Care,Biotechnology: Pharmaceutical Preparations,,XLV,1,2026-10-09
UPLD,0001505155,Upland Software Inc. Common Stock,,Technology,Computer Software: Prepackaged Software,,XLK,1,2026-10-09
UPS,0001090727,United Parcel Service Inc. Common Stock,,Industrials,Trucking Freight/Courier Services,,XLI,1,2026-10-09
UPST,0001647639,Upstart Holdings Inc. Common stock,,Financials,Finance: Consumer Services,,XLF,1,2026-10-09
UPWK,0001627475,Upwork Inc. Common Stock,,Technology,EDP Services,,XLK,1,2026-10-09
UPXI,0001775194,Upexi Inc. Common Stock,,Financials,Finance: Consumer Services,,XLF,1,2026-10-09
URBN,0000912615,Urban Outfitters Inc. Common Stock,,Consumer Discretionary,Clothing/Shoe/Accessory Stores,,XLY,1,2026-10-09
URG,0001375205,Ur Energy Inc Common Shares (Canada),,Materials,Precious Metals,,XLB,1,2026-10-09
URGN,0001668243,UroGen Pharma Ltd. Ordinary Shares,,Health Care,Biotechnology: Pharmaceutical Preparations,,XLV,1,2026-10-09
URI,0001067701,United Rentals Inc. Common Stock,,Consumer Discretionary,Diversified Commercial Services,,XLY,1,2026-10-09
UROY,0002143673,Uranium Royalty Corp. Common Stock,,Financials,Investment Bankers/Brokers/Service,,XLF,1,2026-10-09
USA,0000799195,Liberty All-Star Equity Fund Common Stock,,Financials,Finance Companies,,XLF,1,2026-10-09
USAR,0001970622,USA Rare Earth Inc. Class A Common Stock,,Materials,Metal Mining,,XLB,1,2026-10-09
USAS,0001286973,Americas Gold and Silver Corporation Common Shares no par value,,Materials,Metal Mining,,XLB,1,2026-10-09
USAU,0000027093,U.S. Gold Corp. Common Stock,,Materials,Metal Mining,,XLB,1,2026-10-09
USB,0000036104,U.S. Bancorp Common Stock,,Financials,Major Banks,,XLF,1,2026-10-09
USBC,0001074828,USBC Inc. Common Stock,,Financials,Finance: Consumer Services,,XLF,1,2026-10-09
USB^A,,U.S. Bancorp Depositary Shares Each representing a 1/100th interest in a share of Series A Non-CumulativePerpetual Pfd Stock,,,,,,1,2026-10-09
USB^H,,U.S. Bancorp Depositary Shares repstg 1/1000th Pfd Ser B,,,,,,1,2026-10-09
USB^P,,U.S. Bancorp Depositary Shares each representing a 1/1000th interest in a share of Series K Non-Cumulative Perpetual Preferred Stock,,,,,,1,2026-10-09
USB^Q,,U.S. Bancorp Depositary Shares Each Representing a 1/1000th Interest in a Share of Series L Non-Cumulative Perpetual Preferred Stock,,,,,,1,2026-10-09
USB^R,,U.S. Bancorp Depositary Shares Each Representing a 1/1000th Interest in a Share of Series M Non-Cumulative Perpetual Preferred Stock,,,,,,1,2026-10-09
USB^S,,U.S. Bancorp Depositary Shares each representing a 1/1000th interest in a share of Series O Non-Cumulative Perpetual Preferred Stock,,,,,,1,2026-10-09
USCB,0001901637,USCB Financial Holdings Inc. Class A Common Stock,,Financials,Major Banks,,XLF,1,2026-10-09
USDE,0002080215,StablecoinX Inc. Class A Common Stock,,Financials,Finance: Consumer Services,,XLF,1,2026-10-09
USDEW,0002080215,StablecoinX Inc. Warrants,,Financials,Finance: Consumer Services,,XLF,1,2026-10-09
USEA,0001912847,United Maritime Corporation Common Stock,,Consumer Discretionary,Marine Transportation,,XLY,1,2026-10-09
USFD,0001665918,US Foods Holding Corp. Common Stock,,Consumer Discretionary,Food Distributors,,XLY,1,2026-10-09
USGO,0001947244,U.S. GoldMining Inc. Common stock,,Materials,Precious Metals,,XLB,1,2026-10-09
USIO,0001088034,Usio Inc. Common Stock,,Financials,Investment Bankers/Brokers/Service,,XLF,1,2026-10-09
USLM,0000082020,United States Lime & Minerals Inc. Common Stock,,Industrials,Mining & Quarrying of Nonmetallic Minerals (No Fuels),,XLI,1,2026-10-09
USNA,0000896264,USANA Health Sciences Inc. Common Stock,,Health Care, Medicinal Chemicals and Botanical Products ,,XLV,1,2026-10-09
USPH,0000885978,U.S. Physical Therapy Inc. Common Stock,,Health Care,Medical/Nursing Services,,XLV,1,2026-10-09
UTF,0001275617,Cohen & Steers Infrastructure Fund Inc Common Stock,,Financials,Finance Companies,,XLF,1,2026-10-09
UTG,0001263994,Reaves Utility Income Fund Common Shares of Beneficial Interest,,Financials,Investment Managers,,XLF,1,2026-10-09
UTHR,0001082554,United Therapeutics Corporation Common Stock,,Health Care,Biotechnology: Pharmaceutical Preparations,,XLV,1,2026-10-09
UTI,0001261654,Universal Technical Institute Inc Common Stock,,Real Estate,Other Consumer Services,,XLRE,1,2026-10-09
UTL,0000755001,UNITIL Corporation Common Stock,,Utilities,Power Generation,,XLU,1,2026-10-09
UTMD,0000706698,Utah Medical Products Inc. Common Stock,,Health Care,Medical/Dental Instruments,,XLV,1,2026-10-09
UTSI,0001030471,UTStarcom Holdings Corp. Ordinary Shares,,Communication Services,Telecommunications Equipment,,XLC,1,2026-10-09
UTZ,0001739566,Utz Brands Inc Class A Common Stock ,,Consumer Staples,Packaged Foods,,XLP,1,2026-10-09
UUU,0000102109,Universal Safety Products Inc. Common Stock,,Technology,Electronic Components,,XLK,1,2026-10-09
UUUU,0001385849,Energy Fuels Inc Ordinary Shares (Canada),,Industrials,Mining & Quarrying of Nonmetallic Minerals (No Fuels),,XLI,1,2026-10-09
UVE,0000891166,UNIVERSAL INSURANCE HOLDINGS INC Common Stock,,Financials,Property-Casualty Insurers,,XLF,1,2026-10-09
UVSP,0000102212,Univest Financial Corporation Common Stock,,Financials,Major Banks,,XLF,1,2026-10-09
UVV,0000102037,Universal Corporation Common Stock,,Industrials,Farming/Seeds/Milling,,XLI,1,2026-10-09
UWMC,0001783398,UWM Holdings Corporation Class A Common Stock,,Financials,Finance: Consumer Services,,XLF,1,2026-10-09
UXIN,0001729173,Uxin Limited ADS,,Consumer Discretionary,Business Services,,XLY,1,2026-10-09
UYSC,0002036973,UY Scuti Acquisition Corp. Ordinary Shares,,Financials,Blank Checks,,XLF,1,2026-10-09
UYSCR,0002036973,UY Scuti Acquisition Corp. Rights,,Financials,Blank Checks,,XLF,1,2026-10-09
UYSCU,0002036973,UY Scuti Acquisition Corp. Units,,,,,,1,2026-10-09
UZD,0000821130,Array Digital Infrastructure Inc. 6.250% Senior Notes due 2069,,Communication Services,Telecommunications Equipment,,XLC,1,2026-10-09
UZE,0000821130,Array Digital Infrastructure Inc. 5.500% Senior Notes due 2070,,Communication Services,Telecommunications Equipment,,XLC,1,2026-10-09
UZF,0000821130,Array Digital Infrastructure Inc. 5.500% Senior Notes due 2070,,Communication Services,Telecommunications Equipment,,XLC,1,2026-10-09
UZX,0001969401,Linkage Global Inc. Class A Ordinary Shares,,Consumer Discretionary,Catalog/Specialty Distribution,,XLY,1,2026-10-09
V,0001403161,Visa Inc.,,Consumer Discretionary,Business Services,,XLY,1,2026-10-09
VABK,0001572334,Virginia National Bankshares Corporation Common Stock,,Financials,Major Banks,,XLF,1,2026-10-09
VAC,0001524358,Marriott Vacations Worldwide Corporation Common Stock,,Financials,Real Estate,,XLF,1,2026-10-09
VAI,0001711012,Valor Energy Incorporated Common Stock,,Consumer Discretionary,Rental/Leasing Companies,,XLY,1,2026-10-09
VAL,0000314808,Valaris Limited Common Shares,,Energy,Oil & Gas Production,,XLE,1,2026-10-09
VALE,0000917851,VALE S.A.  American Depositary Shares Each Representing one common share,,Materials,Metal Mining,,XLB,1,2026-10-09
VALN,0001836564,Valneva SE American Depositary Shares,,Health Care,Biotechnology: Biological Products (No Diagnostic Substances),,XLV,1,2026-10-09
VALU,0000717720,Value Line Inc. Common Stock,,Financials,Investment Managers,,XLF,1,2026-10-09
VANI,0001266806,Vivani Medical Inc. Common Stock (DE),,Health Care,Biotechnology: Electromedical & Electrotherapeutic Apparatus,,XLV,1,2026-10-09
VATE,0001006837,INNOVATE Corp. Common Stock,,Industrials,Metal Fabrications,,XLI,1,2026-10-09
VBF,0000005094,Invesco Bond Fund Common Stock,,Financials,Trusts Except Educational Religious and Charitable,,XLF,1,2026-10-09
VBIO,0001787740,Valion Bio Inc. Common Stock,,Health Care,Biotechnology: Electromedical & Electrotherapeutic Apparatus,,XLV,1,2026-10-09
VBNK,0001690639,VersaBank Common Shares,,Financials,Commercial Banks,,XLF,1,2026-10-09
VC,0001111335,Visteon Corporation Common Stock,,Consumer Discretionary,Auto Parts:O.E.M.,,XLY,1,2026-10-09
VCEL,0000887359,Vericel Corporation Common Stock,,Health Care,Biotechnology: Biological Products (No Diagnostic Substances),,XLV,1,2026-10-09
VCIG,0001930510,VCI Global Limited Ordinary Share,,Consumer Discretionary,Diversified Commercial Services,,XLY,1,2026-10-09
VCRE,0002124403,Vicore Pharma Holding AB American Depositary Shares,,Health Care,Biotechnology: Pharmaceutical Preparations,,XLV,1,2026-10-09
VCTR,0001570827,Victory Capital Holdings Inc. Class A Common Stock,,Financials,Investment Managers,,XLF,1,2026-10-09
VCV,0000895531,Invesco California Value Municipal Income Trust Common Stock,,Financials,Trusts Except Educational Religious and Charitable,,XLF,1,2026-10-09
VCX,0001867090,Fundrise Innovation Fund LLC Common Shares of Limited Liability Company Interests,,,,,,1,2026-10-09
VCYT,0001384101,Veracyte Inc. Common Stock,,Health Care,Medical Specialities,,XLV,1,2026-10-09
VECA,0002081690,Vernal Capital Acquisition Corp. Ordinary Shares,,Financials,Blank Checks,,XLF,1,2026-10-09
VECO,0000103145,Veeco Instruments Inc. Common Stock,,Technology,Industrial Machinery/Components,,XLK,1,2026-10-09
VEEA,0001840317,Veea Inc. Common Stock,,Technology,EDP Services,,XLK,1,2026-10-09
VEEAW,0001840317,Veea Inc. Warrant,,Technology,EDP Services,,XLK,1,2026-10-09
VEEE,0001855509,Twin Vee PowerCats Co. Common Stock,,Industrials,Marine Transportation,,XLI,1,2026-10-09
VEEV,0001393052,Veeva Systems Inc. Class A Common Stock,,Technology,Computer Software: Prepackaged Software,,XLK,1,2026-10-09
VEL,0001692376,Velocity Financial Inc. Common Stock,,Financials,Finance: Consumer Services,,XLF,1,2026-10-09
VELO,0001825079,Velo3D Inc. Common stock,,Technology,Industrial Machinery/Components,,XLK,1,2026-10-09
VENU,0001770501,Venu Holding Corporation Common Stock,,Consumer Discretionary,Services-Misc. Amusement & Recreation,,XLY,1,2026-10-09
VEON,0001468091,VEON Ltd. ADS,,Communication Services,Telecommunications Equipment,,XLC,1,2026-10-09
VERA,0001831828,Vera Therapeutics Inc. Class A Common Stock,,Health Care,Biotechnology: Pharmaceutical Preparations,,XLV,1,2026-10-09
VERI,0001615165,Veritone Inc. Common Stock,,Technology,EDP Services,,XLK,1,2026-10-09
VERU,0000863894,Veru Inc. Common Stock,,Health Care,Biotechnology: Pharmaceutical Preparations,,XLV,1,2026-10-09
VERX,0001806837,Vertex Inc. Class A Common Stock,,Technology,Computer Software: Prepackaged Software,,XLK,1,2026-10-09
VET,0001293135,Vermilion Energy Inc. Common (Canada),,Energy,Oil & Gas Production,,XLE,1,2026-10-09
VFC,0000103379,V.F. Corporation Common Stock,,Industrials,Garments and Clothing,,XLI,1,2026-10-09
VFF,0001584549,Village Farms International Inc. Common Shares,,Consumer Staples,Farming/Seeds/Milling,,XLP,1,2026-10-09
VFS,0001913510,VinFast Auto Ltd. Ordinary Shares,,Industrials,Auto Manufacturing,,XLI,1,2026-10-09
VG,0002007855,Venture Global Inc. Class A common stock,,Utilities,Oil/Gas Transmission,,XLU,1,2026-10-09
VGAS,0001841425,Verde Clean Fuels Inc. Class A Common Stock,,Industrials,Major Chemicals,,XLI,1,2026-10-09
VGI,0001528811,Virtus Global Multi-Sector Income Fund Common Shares of Beneficial Interest,,Financials,Investment Managers,,XLF,1,2026-10-09
VGM,0000880892,Invesco Trust for Investment Grade Municipals Common Stock (DE),,Financials,Trusts Except Educational Religious and Charitable,,XLF,1,2026-10-09
VGNT,0002078008,Versigent PLC Ordinary Shares,,Consumer Discretionary,Auto Parts:O.E.M.,,XLY,1,2026-10-09
VGZ,0000783324,Vista Gold Corp Common Stock,,Materials,Precious Metals,,XLB,1,2026-10-09
VHC,0001082324,VirnetX Holding Corp Common Stock,,Miscellaneous,Multi-Sector Companies,,,1,2026-10-09
VHCP,0002086264,Vine Hill Capital Investment Corp. II Class A Ordinary Shares,,,,,,1,2026-10-09
VHI,0000059255,Valhi Inc. Common Stock,,Materials,Major Chemicals,,XLB,1,2026-10-09
VHUB,0001972234,VenHub Global Inc. Common Stock,,Technology,Industrial Machinery/Components,,XLK,1,2026-10-09
VIA,0001603015,Via Transportation Inc. Class A Common Stock,,Technology,Computer Software: Prepackaged Software,,XLK,1,2026-10-09
VIAV,0000912093,Viavi Solutions Inc. Common Stock,,Technology,Semiconductors,,XLK,1,2026-10-09
VICI,0001705696,VICI Properties Inc. Common Stock,,Real Estate,Real Estate Investment Trusts,,XLRE,1,2026-10-09
VICR,0000751978,Vicor Corporation Common Stock,,Technology,Industrial Machinery/Components,,XLK,1,2026-10-09
VIDA,0001973062,VIDA Global Inc. Class A Common Stock,,Technology,Computer Software: Prepackaged Software,,XLK,1,2026-10-09
VII,0002139246,Viking Acquisition Corp. II Class A Ordinary Shares,,,,,,1,2026-10-09
VIK,0001745201,Viking Holdings Ltd Ordinary Shares,,Consumer Discretionary,Marine Transportation,,XLY,1,2026-10-09
VINP,0001826286,Vinci Compass Investments Ltd. Class A Common Shares,,Financials,Investment Managers,,XLF,1,2026-10-09
VIOT,0001742770,Viomi Technology Co. Ltd American Depositary Shares,,Consumer Discretionary,Consumer Electronics/Appliances,,XLY,1,2026-10-09
VIP,0001844971,Vulcan Infrastructure and Power Inc. Class A Common Stock,,Financials,Finance: Consumer Services,,XLF,1,2026-10-09
VIPS,0001529192,Vipshop Holdings Limited American Depositary Shares each representing two ordinary shares,,Consumer Discretionary,Catalog/Specialty Distribution,,XLY,1,2026-10-09
VIR,0001706431,Vir Biotechnology Inc. Common Stock,,Health Care,Biotechnology: Biological Products (No Diagnostic Substances),,XLV,1,2026-10-09
VIRC,0000751365,Virco Manufacturing Corporation Common Stock,,Consumer Discretionary,Industrial Specialties,,XLY,1,2026-10-09
VIRT,0001592386,Virtu Financial Inc. Class A Common Stock,,Financials,Investment Bankers/Brokers/Service,,XLF,1,2026-10-09
VISN,0001517228,Vistance Networks Inc. Common Stock,,Technology,Radio And Television Broadcasting And Communications Equipment,,XLK,1,2026-10-09
VIST,0001762506,Vista Energy S.A.B. de C.V. American Depositary Shares each representing one series A share with no par value,,Energy,Oil & Gas Production,,XLE,1,2026-10-09
VITL,0001579733,Vital Farms Inc. Common Stock,,Consumer Staples,Packaged Foods,,XLP,1,2026-10-09
VIV,0001066119,Telefonica Brasil S.A. American Depositary Shares (Each representing One Common Share),,Communication Services,Telecommunications Equipment,,XLC,1,2026-10-09
VIVK,0001450704,Vivakor Inc. Common Stock,,Utilities,Environmental Services,,XLU,1,2026-10-09
VIVO,0001681348,VivoPower PLC Class A Ordinary Shares,,Utilities,Power Generation,,XLU,1,2026-10-09
VIVS,0001497253,VivoSim Labs Inc. Common Stock,,Health Care,Biotechnology: Biological Products (No Diagnostic Substances),,XLV,1,2026-10-09
VJET,0001716621,Flyte Aviation Inc. Common Stock,,Health Care,Medical/Dental Instruments,,XLV,1,2026-10-09
VKI,0000908993,Invesco Advantage Municipal Income Trust II Common Shares of Beneficial Interest (DE),,Financials,Finance Companies,,XLF,1,2026-10-09
VKQ,0000877463,Invesco Municipal Trust Common Stock,,Financials,Trusts Except Educational Religious and Charitable,,XLF,1,2026-10-09
VKTX,0001607678,Viking Therapeutics Inc. Common Stock,,Health Care,Biotechnology: Pharmaceutical Preparations,,XLV,1,2026-10-09
VLGEA,0000103595,Village Super Market Inc. Class A Common Stock,,Consumer Staples,Food Chains,,XLP,1,2026-10-09
VLN,0001863006,Valens Semiconductor Ltd. Ordinary Shares,,Technology,Semiconductors,,XLK,1,2026-10-09
VLO,0001035002,Valero Energy Corporation Common Stock,,Energy,Integrated oil Companies,,XLE,1,2026-10-09
VLOS,0002016072,Velos Acquisition I Corp. Class A Ordinary shares,,,,,,1,2026-10-09
VLOSU,0002016072,Velos Acquisition I Corp. Units,,Financials,Blank Checks,,XLF,1,2026-10-09
VLOSW,0002016072,Velos Acquisition I Corp. Warrant,,Financials,Blank Checks,,XLF,1,2026-10-09
VLRS,0001520504,Controladora Vuela Compania de Aviacion S.A.B. de C.V. American Depositary Shares each representing ten (10) Ordinary Participation Certificates,,Consumer Discretionary,Air Freight/Delivery Services,,XLY,1,2026-10-09
VLT,0000846671,Invesco High Income Trust II,,Financials,Trusts Except Educational Religious and Charitable,,XLF,1,2026-10-09
VLTO,0001967680,Veralto Corp Common Stock ,,Industrials,Electrical Products,,XLI,1,2026-10-09
VLY,0000714310,Valley National Bancorp Common Stock,,Financials,Major Banks,,XLF,1,2026-10-09
VLYPN,0000714310,Valley National Bancorp 8.250% Fixed-Rate Reset Non-Cumulative Perpetual Preferred Stock Series C,,Financials,Major Banks,,XLF,1,2026-10-09
VLYPO,0000714310,Valley National Bancorp 5.50% Fixed-to-Floating Rate Non-Cumulative Perpetual Preferred Stock Series B,,Financials,Major Banks,,XLF,1,2026-10-09
VLYPP,0000714310,Valley National Bancorp 6.25% Fixed-to-Floating Rate Non-Cumulative Perpetual Preferred Stock Series A,,Financials,Major Banks,,XLF,1,2026-10-09
VMAR,0001813783,Vision Marine Technologies Inc. Common Shares,,Industrials,Marine Transportation,,XLI,1,2026-10-09
VMC,0001396009,Vulcan Materials Company (Holding Company) Common Stock,,Industrials,Mining & Quarrying of Nonmetallic Minerals (No Fuels),,XLI,1,2026-10-09
VMD,0001729149,Viemed Healthcare Inc. Common Shares,,Health Care,Misc Health and Biotechnology Services,,XLV,1,2026-10-09
VMET,0002080073,Versamet Royalties Corporation Common Stock,,Industrials,Precious Metals,,XLI,1,2026-10-09
VMI,0000102729,Valmont Industries Inc. Common Stock,,Industrials,Metal Fabrications,,XLI,1,2026-10-09
VMO,0000884152,Invesco Municipal Opportunity Trust Common Stock,,Financials,Trusts Except Educational Religious and Charitable,,XLF,1,2026-10-09
VMRK,0000906107,Vivmark Residential Common Shares of Beneficial Interest,,Real Estate,Real Estate Investment Trusts,,XLRE,1,2026-10-09
VNCE,0001579157,Vince Holding Corp. Common Stock,,Consumer Discretionary,Clothing/Shoe/Accessory Stores,,XLY,1,2026-10-09
VNDA,0001347178,Vanda Pharmaceuticals Inc. Common Stock,,Health Care,Biotechnology: Pharmaceutical Preparations,,XLV,1,2026-10-09
VNET,0001508475,VNET Group Inc. American Depositary Shares,,Technology,Computer Software: Programming Data Processing,,XLK,1,2026-10-09
VNME,0002055879,Vendome Acquisition Corporation I Class A Ordinary Shares,,Financials,Blank Checks,,XLF,1,2026-10-09
VNO,0000899689,Vornado Realty Trust Common Stock,,Real Estate,Real Estate Investment Trusts,,XLRE,1,2026-10-09
VNOM,0002074176,Viper Energy Inc. Class A Common Stock,,Energy,Oil & Gas Production,,XLE,1,2026-10-09
VNO^L,,Vornado Realty Trust Pfd Ser L %,,,,,,1,2026-10-09
VNO^M,,Vornado Realty Trust 5.25% Series M Cumulative Redeemable Preferred Shares of Beneficial Interest liquidation preference $25.00 per share no par value per share,,,,,,1,2026-10-09
VNO^N,,Vornado Realty Trust 5.25% Series N Cumulative Redeemable Preferred Shares of Beneficial Interest liquidation preference $25.00 per share,,,,,,1,2026-10-09
VNO^O,,Vornado Realty Trust 4.45% Series O Cumulative Redeemable Preferred Shares Liquidation Preference $25.00 Per Share,,,,,,1,2026-10-09
VNRX,0000093314,VolitionRX Limited Common Stock,,Health Care,Biotechnology: In Vitro & In Vivo Diagnostic Substances,,XLV,1,2026-10-09
VNT,0001786842,Vontier Corporation Common Stock ,,Industrials,Industrial Machinery/Components,,XLI,1,2026-10-09
VNTG,0002027160,Vantage Corp Class A Ordinary Shares,,Industrials,Integrated Freight & Logistics,,XLI,1,2026-10-09
VOC,0001505413,VOC Energy Trust Units of Beneficial Interest,,Energy,Oil & Gas Production,,XLE,1,2026-10-09
VOD,0000839923,Vodafone Group Plc American Depositary Shares,,Communication Services,Telecommunications Equipment,,XLC,1,2026-10-09
VOGX,0001903784,Vogenx Inc Common Stock,,Health Care,Biotechnology: Pharmaceutical Preparations,,XLV,1,2026-10-09
VOR,0001817229,Vor Biopharma Inc. Common Stock,,Health Care,Biotechnology: Biological Products (No Diagnostic Substances),,XLV,1,2026-10-09
VOXR,0001907909,Vox Royalty Corp. Common Stock,,Materials,Precious Metals,,XLB,1,2026-10-09
VOYA,0001535929,Voya Financial Inc. Common Stock,,Financials,Life Insurance,,XLF,1,2026-10-09
VOYA^B,,Voya Financial Inc. Depositary Shares each representing a 1/40th interest in a share of 5.35% Fixed-Rate Reset Non-Cumulative Preferred Stock Series B,,,,,,1,2026-10-09
VOYG,0001788060,Voyager Technologies Inc. Class A Common Stock,,Industrials,Military/Government/Technical,,XLI,1,2026-10-09
VPG,0001487952,Vishay Precision Group Inc. Common Stock,,Technology,Electrical Products,,XLK,1,2026-10-09
VPV,0000895528,Invesco Pennsylvania Value Municipal Income Trust Common Stock (DE),,Financials,Trusts Except Educational Religious and Charitable,,XLF,1,2026-10-09
VRA,0001495320,Vera Bradley Inc. Common Stock,,Consumer Discretionary,Apparel,,XLY,1,2026-10-09
VRAX,0001885827,Virax Biolabs Group Limited Ordinary Shares,,Health Care,Biotechnology: In Vitro & In Vivo Diagnostic Substances,,XLV,1,2026-10-09
VRCA,0001660334,Verrica Pharmaceuticals Inc. Common Stock,,Health Care,Biotechnology: Pharmaceutical Preparations,,XLV,1,2026-10-09
VRDN,0001590750,Viridian Therapeutics Inc. Common Stock,,Health Care,Biotechnology: Pharmaceutical Preparations,,XLV,1,2026-10-09
VREX,0001681622,Varex Imaging Corporation Common Stock,,Technology,Industrial Machinery/Components,,XLK,1,2026-10-09
VRM,0001580864,Vroom Inc. Common Stock,,Consumer Discretionary,Retail-Auto Dealers and Gas Stations,,XLY,1,2026-10-09
VRNS,0001361113,Varonis Systems Inc. Common Stock,,Technology,Computer Software: Prepackaged Software,,XLK,1,2026-10-09
VRRM,0001682745,Verra Mobility Corporation Class A Common Stock,,Consumer Discretionary,Transportation Services,,XLY,1,2026-10-09
VRSK,0001442145,Verisk Analytics Inc. Common Stock,,Technology,EDP Services,,XLK,1,2026-10-09
VRSN,0001014473,VeriSign Inc. Common Stock,,Technology,EDP Services,,XLK,1,2026-10-09
VRT,0001674101,Vertiv Holdings LLC Class A Common Stock,,Technology,Industrial Machinery/Components,,XLK,1,2026-10-09
VRTS,0000883237,Virtus Investment Partners Inc. Common Stock,,Financials,Investment Managers,,XLF,1,2026-10-09
VRTX,0000875320,Vertex Pharmaceuticals Incorporated Common Stock,,Health Care,Biotechnology: Pharmaceutical Preparations,,XLV,1,2026-10-09
VRXA,0002079109,Veraxa Biotech AG Ordinary Shares,,Health Care,Biotechnology: Pharmaceutical Preparations,,XLV,1,2026-10-09
VS,0001701963,Versus Systems Inc. Common Stock,,Technology,EDP Services,,XLK,1,2026-10-09
VSA,0001592560,VisionSys AI Inc. American Depositary Shares,,Real Estate,Other Consumer Services,,XLRE,1,2026-10-09
VSAT,0000797721,ViaSat Inc. Common Stock,,Consumer Discretionary,Telecommunications Equipment,,XLY,1,2026-10-09
VSEC,0000102752,VSE Corporation Common Stock,,Consumer Discretionary,Military/Government/Technical,,XLY,1,2026-10-09
VSECU,0000102752,VSE Corporation Tangible Equity Units,,,,,,1,2026-10-09
VSH,0000103730,Vishay Intertechnology Inc. Common Stock,,Technology,Electrical Products,,XLK,1,2026-10-09
VSME,0001951294,VS Media Holdings Limited Class A Ordinary Shares,,Consumer Discretionary,Advertising,,XLY,1,2026-10-09
VSNT,0002067876,Versant Media Group Inc. Class A Common Stock ,,Industrials,Broadcasting,,XLI,1,2026-10-09
VST,0001692819,Vistra Corp. Common Stock,,Utilities,Electric Utilities: Central,,XLU,1,2026-10-09
VSTM,0001526119,Verastem Inc. Common Stock,,Health Care,Biotechnology: Pharmaceutical Preparations,,XLV,1,2026-10-09
VSTS,0001967649,Vestis Corporation Common Stock,,Consumer Discretionary,Consumer Specialties,,XLY,1,2026-10-09
VSXY,0001856437,Victorias Secret & Co. Common Stock ,,Consumer Discretionary,Clothing/Shoe/Accessory Stores,,XLY,1,2026-10-09
VTEX,0001793663,VTEX Class A Common Shares,,Technology,Computer Software: Prepackaged Software,,XLK,1,2026-10-09
VTGN,0001411685,Vistagen Therapeutics Inc. Common Stock,,Health Care,Biotechnology: Pharmaceutical Preparations,,XLV,1,2026-10-09
VTIX,0001606242,Virtuix Holdings Inc. Class A Common Stock,,Technology,Computer peripheral equipment,,XLK,1,2026-10-09
VTMX,0001969373,Corporacion Inmobiliaria Vesta S.A.B de C.V. American Depositary Shares each representing ten (10) Common Shares,,Financials,Real Estate,,XLF,1,2026-10-09
VTN,0000883265,Invesco Trust for Investment Grade New York Municipals Common Stock,,Financials,Finance Companies,,XLF,1,2026-10-09
VTOL,0001525221,Bristow Group Inc. Common Stock,,Consumer Discretionary,Transportation Services,,XLY,1,2026-10-09
VTR,0000740260,Ventas Inc. Common Stock,,Real Estate,Real Estate Investment Trusts,,XLRE,1,2026-10-09
VTRS,0001792044,Viatris Inc. Common Stock,,Health Care,Biotechnology: Pharmaceutical Preparations,,XLV,1,2026-10-09
VTS,0001944558,Vitesse Energy Inc. Common Stock,,Energy,Oil & Gas Production,,XLE,1,2026-10-09
VTSI,0001085243,VirTra Inc. Common Stock,,Consumer Discretionary,Miscellaneous manufacturing industries,,XLY,1,2026-10-09
VTVT,0001641489,vTv Therapeutics Inc. Class A Common Stock,,Health Care,Biotechnology: Pharmaceutical Preparations,,XLV,1,2026-10-09
VUZI,0001463972,Vuzix Corporation Common Stock,,Technology,Radio And Television Broadcasting And Communications Equipment,,XLK,1,2026-10-09
VVOS,0001716166,Vivos Therapeutics Inc. Common Stock,,Health Care,Medical/Dental Instruments,,XLV,1,2026-10-09
VVR,0001059386,Invesco Senior Income Trust Common Stock (DE),,Financials,Trusts Except Educational Religious and Charitable,,XLF,1,2026-10-09
VVV,0001674910,Valvoline Inc. Common Stock,,Industrials,Major Chemicals,,XLI,1,2026-10-09
VVX,0001601548,V2X Inc. Common Stock,,Consumer Discretionary,Diversified Commercial Services,,XLY,1,2026-10-09
VWAV,0002038439,VisionWave Holdings Inc. Common Stock,,Technology,Computer Software: Prepackaged Software,,XLK,1,2026-10-09
VYGR,0001640266,Voyager Therapeutics Inc. Common Stock,,Health Care,Biotechnology: Biological Products (No Diagnostic Substances),,XLV,1,2026-10-09
VYLR,0002128626,Vylor Inc. Common Stock,,Consumer Staples,Farming/Seeds/Milling,,XLP,1,2026-10-09
VYX,0000070866,NCR Voyix Corporation Common Stock,,Miscellaneous,Office Equipment/Supplies/Services,,,1,2026-10-09
VZ,0000732712,Verizon Communications Inc. Common Stock,,Communication Services,Telecommunications Equipment,,XLC,1,2026-10-09
VZLA,0001796073,Vizsla Silver Corp. Common Shares,,Materials,Precious Metals,,XLB,1,2026-10-09
W,0001616707,Wayfair Inc. Class A Common Stock,,Consumer Discretionary,Catalog/Specialty Distribution,,XLY,1,2026-10-09
WAB,0000943452,Westinghouse Air Brake Technologies Corporation Common Stock,,Industrials,Railroads,,XLI,1,2026-10-09
WABC,0000311094,Westamerica Bancorporation Common Stock,,Financials,Major Banks,,XLF,1,2026-10-09
WAFD,0000936528,WaFd Inc. Common Stock,,Financials,Major Banks,,XLF,1,2026-10-09
WAFDP,0000936528,WaFd Inc. Depositary Shares,,Financials,Major Banks,,XLF,1,2026-10-09
WAFU,0001716770,Wah Fu Education Group Limited Ordinary Shares,,Real Estate,Other Consumer Services,,XLRE,1,2026-10-09
WAL,0001212545,Western Alliance Bancorporation Common Stock (DE),,Financials,Major Banks,,XLF,1,2026-10-09
WAL^A,,Western Alliance Bancorporation Depositary Shares Each Representing a 1/400th Interest in a Share of 4.250% Fixed-Rate Non-Cumulative Perpetual Preferred Stock Series A,,,,,,1,2026-10-09
WASH,0000737468,Washington Trust Bancorp Inc. Common Stock,,Financials,Major Banks,,XLF,1,2026-10-09
WAT,0001000697,Waters Corporation Common Stock,,Industrials,Biotechnology: Laboratory Analytical Instruments,,XLI,1,2026-10-09
WATR,0002092314,Air Water Ventures Limited Ordinary Shares,,Consumer Staples,Beverages (Production/Distribution),,XLP,1,2026-10-09
WATT,0001575793,Energous Corporation Common Stock,,Technology,Radio And Television Broadcasting And Communications Equipment,,XLK,1,2026-10-09
WAVE,0001846715,Eco Wave Power Global AB (publ) American Depositary Shares,,Utilities,Electric Utilities: Central,,XLU,1,2026-10-09
WAY,0001990354,Waystar Holding Corp. Common Stock,,Technology,EDP Services,,XLK,1,2026-10-09
WB,0001595761,Weibo Corporation American Depositary Share,,Technology,Computer Software: Programming Data Processing,,XLK,1,2026-10-09
WBI,0002064947,WaterBridge Infrastructure LLC Class A Shares Representing Limited Liability Company Interests,,Energy,Oilfield Services/Equipment,,XLE,1,2026-10-09
WBTN,0001997859,WEBTOON Entertainment Inc. Common stock,,Consumer Discretionary,Publishing,,XLY,1,2026-10-09
WBUY,0001946703,WEBUY GLOBAL LTD. Class A Ordinary Shares,,Consumer Discretionary,Other Specialty Stores,,XLY,1,2026-10-09
WBX,0001866501,Wallbox N.V. Class A Ordinary Shares,,Consumer Discretionary,Industrial Specialties,,XLY,1,2026-10-09
WCC,0000929008,WESCO International Inc. Common Stock,,Consumer Discretionary,Telecommunications Equipment,,XLY,1,2026-10-09
WCCB,0002105965,West Coast Community Bancorp Common Stock,,Financials,Major Banks,,XLF,1,2026-10-09
WCN,0001318220,Waste Connections Inc. Common Shares,,Utilities,Environmental Services,,XLU,1,2026-10-09
WCT,0001990251,Wellchange Holdings Company Limited Class A Ordinary shares,,Technology,Computer Software: Prepackaged Software,,XLK,1,2026-10-09
WD,0001497770,Walker & Dunlop Inc Common Stock,,Financials,Finance: Consumer Services,,XLF,1,2026-10-09
WDAY,0001327811,Workday Inc. Class A Common Stock,,Technology,EDP Services,,XLK,1,2026-10-09
WDC,0000106040,Western Digital Corporation Common Stock,,Technology,Electronic Components,,XLK,1,2026-10-09
WDFC,0000105132,WD-40 Company Common Stock,,Industrials,Major Chemicals,,XLI,1,2026-10-09
WDH,0001823986,Waterdrop Inc. American Depositary Shares (each representing the right to receive 10 Class A Ordinary Shares),,Financials,Specialty Insurers,,XLF,1,2026-10-09
WDI,0001819559,Western Asset Diversified Income Fund Common Shares of Beneficial Interest,,Financials,Trusts Except Educational Religious and Charitable,,XLF,1,2026-10-09
WDS,0000844551,Woodside Energy Group Limited American Depositary Shares each representing one Ordinary Share,,Energy,Oil & Gas Production,,XLE,1,2026-10-09
WEA,0001163792,Western Asset Bond Fund Share of Beneficial Interest,,Financials,Trusts Except Educational Religious and Charitable,,XLF,1,2026-10-09
WEAV,0001609151,Weave Communications Inc. Common Stock,,Technology,Computer Software: Prepackaged Software,,XLK,1,2026-10-09
WEC,0000783325,WEC Energy Group Inc. Common Stock,,Utilities,Power Generation,,XLU,1,2026-10-09
WELL,0000766704,Welltower Inc. Common Stock,,Real Estate,Real Estate Investment Trusts,,XLRE,1,2026-10-09
WEN,0000030697,Wendy's Company (The) Common Stock,,Consumer Discretionary,Restaurants,,XLY,1,2026-10-09
WENC,0002104260,West Enclave Merger Corp. Ordinary Shares,,Financials,Blank Checks,,XLF,1,2026-10-09
WENN,0002057043,Wen Acquisition Corp Class A Ordinary Shares,,,,,,1,2026-10-09
WERN,0000793074,Werner Enterprises Inc. Common Stock,,Industrials,Trucking Freight/Courier Services,,XLI,1,2026-10-09
WES,0001423902,Western Midstream Partners LP Common Units Representing Limited Partner Interests,,Utilities,Natural Gas Distribution,,XLU,1,2026-10-09
WEST,0001806347,Westrock Coffee Company Common Stock,,Consumer Staples,Beverages (Production/Distribution),,XLP,1,2026-10-09
WETH,0001826660,Wetouch Technology Inc. Common Stock,,Technology,Computer peripheral equipment,,XLK,1,2026-10-09
WETO,0001941158,Wetour Robotics Limited Ordinary Shares,,Industrials,Other Transportation,,XLI,1,2026-10-09
WEX,0001309108,WEX Inc. common stock,,Consumer Discretionary,Business Services,,XLY,1,2026-10-09
WEYS,0000106532,Weyco Group Inc. Common Stock,,Consumer Staples,Apparel,,XLP,1,2026-10-09
WF,0001264136,Woori Financial Group Inc. American Depositary Shares (each representing three (3) shares of Common Stock),,Financials,Commercial Banks,,XLF,1,2026-10-09
WFC,0000072971,Wells Fargo & Company Common Stock,,Financials,Major Banks,,XLF,1,2026-10-09
WFCF,0001360565,Where Food Comes From Inc. Common Stock,,Technology,Computer Software: Prepackaged Software,,XLK,1,2026-10-09
WFC^A,,Wells Fargo & Company Depositary Shares each representing a 1/1000th interest in a share of Non-Cumulative Perpetual Class A Preferred Stock Series AA,,,,,,1,2026-10-09
WFC^C,,Wells Fargo & Company Depositary Shares each representing a 1/1000th interest in a share of Non-Cumulative Perpetual Class A Preferred Stock Series CC,,,,,,1,2026-10-09
WFC^D,,Wells Fargo & Company Depositary Shares each representing a 1/1000th interest in  a share of Non-Cumulative Perpetual Class A Preferred Stock Series DD,,,,,,1,2026-10-09
WFC^L,,Wells Fargo & Company 7.50% Non-Cumulative Perpetual Convertible Class A Preferred Stock Series L,,,,,,1,2026-10-09
WFC^Y,,Wells Fargo & Company Depositary Shares each representing a 1/1000th interest in a share of Non-Cumulative Perpetual Class A Preferred Stock Series Y,,,,,,1,2026-10-09
WFC^Z,,Wells Fargo & Company Depositary Shares each representing a 1/1000th interest in a share of Non-Cumulative Perpetual Class A Preferred Stock Series Z,,,,,,1,2026-10-09
WFF,0001980210,WF Holding Limited Ordinary Shares,,Consumer Discretionary,Miscellaneous manufacturing industries,,XLY,1,2026-10-09
WFG,0001402388,West Fraser Timber Co. Ltd Common stock,,Materials,Forest Products,,XLB,1,2026-10-09
WFRD,0001603923,Weatherford International plc Ordinary Shares,,Consumer Discretionary,Oil and Gas Field Machinery,,XLY,1,2026-10-09
WGO,0000107687,Winnebago Industries Inc. Common Stock,,Industrials,Homebuilding,,XLI,1,2026-10-09
WGS,0001818331,GeneDx Holdings Corp. Class A Common Stock,,Health Care,Medical/Nursing Services,,XLV,1,2026-10-09
WH,0001722684,Wyndham Hotels & Resorts Inc. Common Stock ,,Consumer Discretionary,Hotels/Resorts,,XLY,1,2026-10-09
WHD,0001699136,Cactus Inc. Class A Common Stock,,Consumer Discretionary,Oil and Gas Field Machinery,,XLY,1,2026-10-09
WHF,0001552198,WhiteHorse Finance Inc. Common Stock,,Financials,Finance Companies,,XLF,1,2026-10-09
WHFCL,0001552198,WhiteHorse Finance Inc. 7.875% Notes due 2028,,,,,,1,2026-10-09
WHG,0001165002,Westwood Holdings Group Inc Common Stock,,Financials,Investment Managers,,XLF,1,2026-10-09
WHK,0001921603,WhiteHawk Minerals Corp Class A Common Stock,,Energy,Oil & Gas Production,,XLE,1,2026-10-09
WHLR,0001527541,Wheeler Real Estate Investment Trust Inc. Common Stock,,Real Estate,Real Estate Investment Trusts,,XLRE,1,2026-10-09
WHLRD,0001527541,Wheeler Real Estate Investment Trust Inc. Series D Cumulative Preferred Stock,,Real Estate,Real Estate Investment Trusts,,XLRE,1,2026-10-09
WHLRP,0001527541,Wheeler Real Estate Investment Trust Inc. Class B Preferred Stock,,Real Estate,Real Estate Investment Trusts,,XLRE,1,2026-10-09
WHR,0000106640,Whirlpool Corporation Common Stock,,Consumer Discretionary,Consumer Electronics/Appliances,,XLY,1,2026-10-09
WHR^A,,Whirlpool Corporation Depositary Shares each representing a 1/20th interest in a share of 8.50% Series A Mandatory Convertible Preferred Stock,,,,,,1,2026-10-09
WHWK,0001422142,Whitehawk Therapeutics Inc. Common Stock,,Health Care,Biotechnology: Pharmaceutical Preparations,,XLV,1,2026-10-09
WIA,0001254370,Western Asset Inflation-Linked Income Fund,,Financials,Trusts Except Educational Religious and Charitable,,XLF,1,2026-10-09
WIMI,0001770088,WiMi Hologram Cloud Inc. Class B Ordinary Shares,,Technology,Computer Software: Prepackaged Software,,XLK,1,2026-10-09
WINA,0000908315,Winmark Corporation Common Stock,,Consumer Discretionary,Other Specialty Stores,,XLY,1,2026-10-09
WING,0001636222,Wingstop Inc. Common Stock,,Consumer Discretionary,Restaurants,,XLY,1,2026-10-09
WIT,0001123799,Wipro Limited Common Stock,,Technology,EDP Services,,XLK,1,2026-10-09
WIW,0001267902,Western Asset Inflation-Linked Opportunities & Income Fund,,Financials,Finance Companies,,XLF,1,2026-10-09
WIX,0001576789,Wix.com Ltd. Ordinary Shares,,Technology,Computer Software: Programming Data Processing,,XLK,1,2026-10-09
WK,0001445305,Workiva Inc. Class A Common Stock,,Technology,Computer Software: Prepackaged Software,,XLK,1,2026-10-09
WKC,0000789460,World Kinect Corporation Common Stock,,Energy,Oil Refining/Marketing,,XLE,1,2026-10-09
WKHS,0001425287,Workhorse Group Inc. Common Stock,,Industrials,Auto Manufacturing,,XLI,1,2026-10-09
WKSP,0001096275,Worksport Ltd. Common Stock,,Consumer Discretionary,Auto Parts:O.E.M.,,XLY,1,2026-10-09
WLCO,0002101470,Wilco 63 Corporation Class A Ordinary Shares,,Financials,Blank Checks,,XLF,1,2026-10-09
WLCOU,0002101470,Wilco 63 Corporation Units,,Financials,Blank Checks,,XLF,1,2026-10-09
WLCOW,0002101470,Wilco 63 Corporation Warrant,,Financials,Blank Checks,,XLF,1,2026-10-09
WLDN,0001370450,Willdan Group Inc. Common Stock,,Consumer Discretionary,Military/Government/Technical,,XLY,1,2026-10-09
WLDS,0001887673,Wearable Devices Ltd. Ordinary Share,,Communication Services,Computer Communications Equipment,,XLC,1,2026-10-09
WLDSW,0001887673,Wearable Devices Ltd. Warrant,,Communication Services,Computer Communications Equipment,,XLC,1,2026-10-09
WLFC,0001018164,Willis Lease Finance Corporation Common Stock,,Consumer Discretionary,Industrial Specialties,,XLY,1,2026-10-09
WLII,0002083946,Willow Lane Acquisition Corp. II Class A Ordinary Shares,,Financials,Blank Checks,,XLF,1,2026-10-09
WLIIU,0002083946,Willow Lane Acquisition Corp. II Unit,,,,,,1,2026-10-09
WLIIW,0002083946,Willow Lane Acquisition Corp. II Warrants,,Financials,Blank Checks,,XLF,1,2026-10-09
WLK,0001262823,Westlake Corporation Common Stock,,Industrials,Major Chemicals,,XLI,1,2026-10-09
WLKP,0001604665,Westlake Chemical Partners LP Common Units representing limited partner interests,,Industrials,Major Chemicals,,XLI,1,2026-10-09
WLTH,0001524566,Wealthfront Corporation Common Stock,,Financials,Finance: Consumer Services,,XLF,1,2026-10-09
WLY,0000107140,John Wiley & Sons Inc. Common Stock,,Consumer Discretionary,Books,,XLY,1,2026-10-09
WLYB,0000107140,John Wiley & Sons Inc. Common Stock,,Consumer Discretionary,Books,,XLY,1,2026-10-09
WM,0000823768,Waste Management Inc. Common Stock,,Utilities,Environmental Services,,XLU,1,2026-10-09
WMB,0000107263,Williams Companies Inc. (The) Common Stock,,Utilities,Natural Gas Distribution,,XLU,1,2026-10-09
WMG,0001319161,Warner Music Group Corp. Class A Common Stock,,Consumer Discretionary,Services-Misc. Amusement & Recreation,,XLY,1,2026-10-09
WMK,0000105418,Weis Markets Inc. Common Stock,,Consumer Staples,Food Chains,,XLP,1,2026-10-09
WMS,0001604028,Advanced Drainage Systems Inc. Common Stock,,Consumer Discretionary,Containers/Packaging,,XLY,1,2026-10-09
WMT,0000104169,Walmart Inc. Common Stock,,Consumer Discretionary,Department/Specialty Retail Stores,,XLY,1,2026-10-09
WNC,0000879526,Wabash National Corporation Common Stock,,Industrials,Construction/Ag Equipment/Trucks,,XLI,1,2026-10-09
WNEB,0001157647,Western New England Bancorp Inc. Common Stock,,Financials,Savings Institutions,,XLF,1,2026-10-09
WNW,0001787803,Meiwu Technology Company Limited Ordinary Shares,,Consumer Discretionary,Package Goods/Cosmetics,,XLY,1,2026-10-09
WOK,0001929783,WORK Medical Technology Group LTD Class A Ordinary Shares,,Health Care,Medical/Dental Instruments,,XLV,1,2026-10-09
WOLF,0000895419,Wolfspeed Inc. Common Stock New,,Technology,Semiconductors,,XLK,1,2026-10-09
WOOF,0001826470,Petco Health and Wellness Company Inc. Class A Common Stock,,Consumer Discretionary,Other Specialty Stores,,XLY,1,2026-10-09
WOR,0000108516,Worthington Enterprises Inc. Common Shares,,Industrials,Steel/Iron Ore,,XLI,1,2026-10-09
WORX,0001674227,SCWorx Corp. Common Stock,,Consumer Discretionary,Services-Misc. Amusement & Recreation,,XLY,1,2026-10-09
WPAC,0002081536,White Pearl Acquisition Corp. Class A Ordinary Shares,,Financials,Blank Checks,,XLF,1,2026-10-09
WPC,0001025378,W. P. Carey Inc. REIT,,Real Estate,Real Estate Investment Trusts,,XLRE,1,2026-10-09
WPM,0001323404,Wheaton Precious Metals Corp Common Shares (Canada),,Materials,Precious Metals,,XLB,1,2026-10-09
WPP,0000806968,WPP plc American Depositary Shares,,Consumer Discretionary,Advertising,,XLY,1,2026-10-09
WPRT,0001370416,Westport Fuel Systems Inc Common Shares,,Industrials,Industrial Machinery/Components,,XLI,1,2026-10-09
WQEY,0002107968,WISeQey Corp Ordinary Shares,,Technology,EDP Services,,XLK,1,2026-10-09
WRAP,0001702924,Wrap Technologies Inc. Common Stock,,Industrials,Ordnance And Accessories,,XLI,1,2026-10-09
WRB,0000011544,W.R. Berkley Corporation Common Stock,,Financials,Property-Casualty Insurers,,XLF,1,2026-10-09
WRBY,0001504776,Warby Parker Inc. Class A Common Stock,,Health Care,Ophthalmic Goods,,XLV,1,2026-10-09
WRB^E,,W.R. Berkley Corporation 5.70% Subordinated Debentures due 2058,,,,,,1,2026-10-09
WRB^F,,W.R. Berkley Corporation 5.10% Subordinated Debentures due 2059,,,,,,1,2026-10-09
WRB^G,,W.R. Berkley Corporation 4.25% Subordinated Debentures due 2060,,,,,,1,2026-10-09
WRB^H,,W.R. Berkley Corporation 4.125% Subordinated Debentures due 2061,,,,,,1,2026-10-09
WRD,0001867729,WeRide Inc. American Depositary Shares,,Technology,EDP Services,,XLK,1,2026-10-09
WRLD,0000108385,World Acceptance Corporation Common Stock,,Financials,Finance: Consumer Services,,XLF,1,2026-10-09
WRN,0001364125,Western Copper and Gold Corporation Common Stock,,Materials,Metal Mining,,XLB,1,2026-10-09
WS,0001968487,Worthington Steel Inc. Common Shares,,Industrials,Steel/Iron Ore,,XLI,1,2026-10-09
WSBC,0000203596,WesBanco Inc. Common Stock,,Financials,Major Banks,,XLF,1,2026-10-09
WSBCO,0000203596,WesBanco Inc. Depositary Shares each representing 1/40th interest in a share of 7.375% Fixed-Rate Reset Non-Cumulative Perpetual Preferred Stock Series B,,Financials,Major Banks,,XLF,1,2026-10-09
WSBF,0001569994,Waterstone Financial Inc. Common Stock (MD),,Financials,Savings Institutions,,XLF,1,2026-10-09
WSBK,0002047235,Winchester Bancorp Inc. Common Stock,,Financials,Banks,,XLF,1,2026-10-09
WSC,0001647088,WillScot Holdings Corporation Class A Common Stock,,Industrials,Misc Corporate Leasing Services,,XLI,1,2026-10-09
WSE,0002099039,Wise Group plc Class A Ordinary Shares,,Industrials,Diversified Commercial Services,,XLI,1,2026-10-09
WSFS,0000828944,WSFS Financial Corporation Common Stock,,Financials,Major Banks,,XLF,1,2026-10-09
WSHP,0002048271,WeShop Holdings Limited Class A Ordinary Shares,,Consumer Discretionary,Other Specialty Stores,,XLY,1,2026-10-09
WSM,0000719955,Williams-Sonoma Inc. Common Stock (DE),,Consumer Discretionary,Home Furnishings,,XLY,1,2026-10-09
WSO,0000105016,Watsco Inc. Common Stock,,Consumer Discretionary,Industrial Machinery/Components,,XLY,1,2026-10-09
WSO/B,0000105016,Watsco Inc.,,,,,,1,2026-10-09
WST,0000105770,West Pharmaceutical Services Inc. Common Stock,,Health Care,Medical/Dental Instruments,,XLV,1,2026-10-09
WSTN,0002076192,Westin Acquisition Corp Class A Ordinary Share,,Technology,EDP Services,,XLK,1,2026-10-09
WSTNU,0002076192,Westin Acquisition Corp Units,,,,,,1,2026-10-09
WT,0000880631,WisdomTree Inc. Common Stock,,Financials,Investment Bankers/Brokers/Service,,XLF,1,2026-10-09
WTBA,0001166928,West Bancorporation Common Stock,,Financials,Major Banks,,XLF,1,2026-10-09
WTF,0001987363,Waton Financial Limited Ordinary Shares,,Financials,Investment Bankers/Brokers/Service,,XLF,1,2026-10-09
WTFC,0001015328,Wintrust Financial Corporation Common Stock,,Financials,Major Banks,,XLF,1,2026-10-09
WTFCN,0001015328,Wintrust Financial Corporation Depositary Shares Each Representing a 1/1000th Interest in a Share of 7.875% Fixed-Rate Reset Non-Cumulative Perpetual Preferred StocK,,Financials,Major Banks,,XLF,1,2026-10-09
WTG,0002053927,Wintergreen Acquisition Corp. Ordinary Shares,,Financials,Blank Checks,,XLF,1,2026-10-09
WTGUU,0002053927,Wintergreen Acquisition Corp. Unit,,,,,,1,2026-10-09
WTI,0001288403,W&T Offshore Inc. Common Stock,,Energy,Oil & Gas Production,,XLE,1,2026-10-09
WTM,0000776867,White Mountains Insurance Group Ltd. Common Stock,,Financials,Property-Casualty Insurers,,XLF,1,2026-10-09
WTRG,0000078128,Essential Utilities Inc. Common Stock,,Utilities,Water Supply,,XLU,1,2026-10-09
WTS,0000795403,Watts Water Technologies Inc. Class A Common Stock,,Industrials,Metal Fabrications,,XLI,1,2026-10-09
WTTR,0001693256,Select Water Solutions Inc. Class A common stock,,Energy,Oilfield Services/Equipment,,XLE,1,2026-10-09
WTW,0001140536,Willis Towers Watson Public Limited Company Ordinary Shares,,Financials,Specialty Insurers,,XLF,1,2026-10-09
WU,0001365135,Western Union Company (The) Common Stock,,Consumer Discretionary,Business Services,,XLY,1,2026-10-09
WULF,0001083301,TeraWulf Inc. Common Stock,,Financials,Finance: Consumer Services,,XLF,1,2026-10-09
WVE,0001631574,Wave Life Sciences Inc. Common Stock,,Health Care,Biotechnology: Pharmaceutical Preparations,,XLV,1,2026-10-09
WVVI,0000838875,Willamette Valley Vineyards Inc. Common Stock,,Consumer Staples,Beverages (Production/Distribution),,XLP,1,2026-10-09
WVVIP,0000838875,Willamette Valley Vineyards Inc. Series A Redeemable Preferred Stock,,Consumer Staples,Beverages (Production/Distribution),,XLP,1,2026-10-09
WW,0000105319,WW International Inc.  Common Stock,,Consumer Discretionary,Other Consumer Services,,XLY,1,2026-10-09
WWD,0000108312,Woodward Inc. Common Stock,,Energy,Industrial Machinery/Components,,XLE,1,2026-10-09
WWR,0000839470,Westwater Resources Inc. Common Stock,,Materials,Metal Mining,,XLB,1,2026-10-09
WWW,0000110471,Wolverine World Wide Inc. Common Stock,,Consumer Discretionary,Shoe Manufacturing,,XLY,1,2026-10-09
WXM,0001979610,WF International Limited Ordinary Shares,,Consumer Discretionary,Engineering & Construction,,XLY,1,2026-10-09
WY,0000106535,Weyerhaeuser Company Common Stock,,Real Estate,Real Estate Investment Trusts,,XLRE,1,2026-10-09
WYFI,0002042022,WhiteFiber Inc. Ordinary Shares,,Financials,Finance: Consumer Services,,XLF,1,2026-10-09
WYHG,0001999860,Wing Yip Food Holdings Group Limited American Depositary Shares,,Consumer Staples,Specialty Foods,,XLP,1,2026-10-09
WYNN,0001174922,Wynn Resorts Limited Common stock,,Consumer Discretionary,Hotels/Resorts,,XLY,1,2026-10-09
WYY,0001034760,WidePoint Corporation Common Stock,,Technology,EDP Services,,XLK,1,2026-10-09
XAIR,0001641631,Beyond Air Inc. Common Stock,,Health Care,Medical/Dental Instruments,,XLV,1,2026-10-09
XBIO,0001534525,Xenetic Biosciences Inc. Common Stock,,Health Care,Biotechnology: Pharmaceutical Preparations,,XLV,1,2026-10-09
XBIT,0001626878,XBiotech Inc. Common Stock,,Health Care,Biotechnology: Pharmaceutical Preparations,,XLV,1,2026-10-09
XBP,0001839530,XBP Global Holdings Inc. Common Stock,,Technology,EDP Services,,XLK,1,2026-10-09
XCBE,0002083493,X3 Acquisition Corp. Ltd. Class A Ordinary Shares,,,,,,1,2026-10-09
XCBEW,0002083493,X3 Acquisition Corp. Ltd. Warrant,,Financials,Blank Checks,,XLF,1,2026-10-09
XCH,0001979887,XCHG Limited American Depositary Share,,Miscellaneous,Industrial Machinery/Components,,,1,2026-10-09
XCUR,0001698530,Exicure Inc. Common Stock,,Health Care,Biotechnology: Pharmaceutical Preparations,,XLV,1,2026-10-09
XE,0002088896,X-Energy Inc. Class A Common Stock,,Industrials,Metal Fabrications,,XLI,1,2026-10-09
XEL,0000072903,Xcel Energy Inc. Common Stock,,Utilities,Power Generation,,XLU,1,2026-10-09
XELB,0001083220,Xcel Brands Inc. Common Stock,,Miscellaneous,Multi-Sector Companies,,,1,2026-10-09
XELLL,0000072903,Xcel Energy Inc. 6.25% Junior Subordinated Notes Series due 2085,,Utilities,Power Generation,,XLU,1,2026-10-09
XENE,0001582313,Xenon Pharmaceuticals Inc. Common Shares,,Health Care,Biotechnology: Pharmaceutical Preparations,,XLV,1,2026-10-09
XERS,0001867096,Xeris Biopharma Holdings Inc. Common Stock,,Health Care,Biotechnology: Pharmaceutical Preparations,,XLV,1,2026-10-09
XFLH,0002088103,XFLH Capital Corporation Ordinary Shares,,Financials,Blank Checks,,XLF,1,2026-10-09
XFLT,0001703079,XAI Floating Rate & Alternative Income Trust Common Shares of Beneficial Interest,,Financials,Investment Managers,,XLF,1,2026-10-09
XFOR,0001501697,X4 Pharmaceuticals Inc. Common Stock,,Health Care,Biotechnology: Biological Products (No Diagnostic Substances),,XLV,1,2026-10-09
XGN,0001274737,Exagen Inc. Common Stock,,Health Care,Medical Specialities,,XLV,1,2026-10-09
XHG,0001769256,XChange TEC.INC American Depositary Shares ,,Financials,Specialty Insurers,,XLF,1,2026-10-09
XHLD,0002030954,TEN Holdings Inc. Common Stock,,Consumer Discretionary,Business Services,,XLY,1,2026-10-09
XHR,0001616000,Xenia Hotels & Resorts Inc. Common Stock,,Consumer Discretionary,Hotels/Resorts,,XLY,1,2026-10-09
XIFR,0001603145,XPLR Infrastructure LP Common Units representing limited partner interests,,Utilities,Electric Utilities: Central,,XLU,1,2026-10-09
XIII,0002114229,Churchill Capital Corp XIII Class A Ordinary Shares,,,,,,1,2026-10-09
XIIIU,0002114229,Churchill Capital Corp XIII Units,,,,,,1,2026-10-09
XIIIW,0002114229,Churchill Capital Corp XIII Warrants,,,,,,1,2026-10-09
XLAB,0002109869,Exascale Labs Holdings Inc. Class A Common Stock,,Technology,Computer Software: Prepackaged Software,,XLK,1,2026-10-09
XLABW,0002109869,Exascale Labs Holdings Inc. Warrant,,Technology,Computer Software: Prepackaged Software,,XLK,1,2026-10-09
XLO,0001840233,Xilio Therapeutics Inc. Common Stock,,Health Care,Biotechnology: Pharmaceutical Preparations,,XLV,1,2026-10-09
XMAX,0001473334,XMAX Inc. Common Stock,,Consumer Discretionary,Home Furnishings,,XLY,1,2026-10-09
XMTR,0001657573,Xometry Inc. Class A Common Stock,,Consumer Discretionary,Business Services,,XLY,1,2026-10-09
XNCR,0001326732,Xencor Inc. Common Stock,,Health Care,Biotechnology: Pharmaceutical Preparations,,XLV,1,2026-10-09
XNDU,0002097163,Xanadu Quantum Technologies Limited Class B Subordinate Voting Shares,,Technology,Computer Manufacturing,,XLK,1,2026-10-09
XNET,0001510593,Xunlei Limited American Depositary Shares,,Technology,Computer Software: Prepackaged Software,,XLK,1,2026-10-09
XOM,0002115436,ExxonMobil Holdings Corporation Common Stock,,Energy,Integrated oil Companies,,XLE,1,2026-10-09
XOS,0001819493,Xos Inc. Common Stock,,Consumer Discretionary,Auto Parts:O.E.M.,,XLY,1,2026-10-09
XP,0001787425,XP Inc. Class A Common Stock,,Financials,Investment Bankers/Brokers/Service,,XLF,1,2026-10-09
XPEL,0001767258,XPEL Inc. Common Stock,,Industrials,Industrial Specialties,,XLI,1,2026-10-09
XPER,0001788999,Xperi Inc. Common Stock ,,Technology,Computer Software: Prepackaged Software,,XLK,1,2026-10-09
XPEV,0001810997,XPeng Inc. American depositary shares each representing two Class A ordinary shares,,Industrials,Auto Manufacturing,,XLI,1,2026-10-09
XPL,0000917225,Solitario Resources Corp. Common Stock,,Materials,Precious Metals,,XLB,1,2026-10-09
XPO,0001166003,XPO Inc. Common Stock,,Consumer Discretionary,Transportation Services,,XLY,1,2026-10-09
XPOF,0001802156,Xponential Fitness Inc. Class A Common Stock,,Consumer Discretionary,Services-Misc. Amusement & Recreation,,XLY,1,2026-10-09
XPON,0001894954,Expion Energy Inc. Common Stock,,Miscellaneous,Industrial Machinery/Components,,,1,2026-10-09
XPRO,0002126198,Expro Ltd Ordinary Shares,,Energy,Oilfield Services/Equipment,,XLE,1,2026-10-09
XRAY,0000818479,DENTSPLY SIRONA Inc. Common Stock,,Health Care,Medical/Dental Instruments,,XLV,1,2026-10-09
XRN,0001533615,Chiron Real Estate Inc. Common Stock,,Real Estate,Real Estate Investment Trusts,,XLRE,1,2026-10-09
XRN^A,,Chiron Real Estate Inc. Series A Cumulative Redeemable Preferred Stock,,,,,,1,2026-10-09
XRN^B,,Chiron Real Estate Inc. 8.00% Series B Cumulative Redeemable Preferred Stock $0.001 par value per share,,,,,,1,2026-10-09
XRPN,0002044009,Armada Acquisition Corp. II Class A Ordinary Shares,,Financials,Blank Checks,,XLF,1,2026-10-09
XRPNU,0002044009,Armada Acquisition Corp. II Units,,Financials,Blank Checks,,XLF,1,2026-10-09
XRPNW,0002044009,Armada Acquisition Corp. II Warrant,,Financials,Blank Checks,,XLF,1,2026-10-09
XRTX,0001729214,XORTX Therapeutics Inc. Common Shares,,Health Care,Biotechnology: Pharmaceutical Preparations,,XLV,1,2026-10-09
XRX,0001770450,Xerox Holdings Corporation Common Stock,,Technology,Computer peripheral equipment,,XLK,1,2026-10-09
XRXDW,0001770450,Xerox Holdings Corporation Warrants,,Technology,Computer peripheral equipment,,XLK,1,2026-10-09
XSLL,0002088807,Xsolla SPAC 1 Class A Ordinary Shares,,Financials,Blank Checks,,XLF,1,2026-10-09
XSLLU,0002088807,Xsolla SPAC 1 Units,,Financials,Blank Checks,,XLF,1,2026-10-09
XSLLW,0002088807,Xsolla SPAC 1 Warrants,,Financials,Blank Checks,,XLF,1,2026-10-09
XTER,0002134856,Karman Line Acquisition Corp. Class A Ordinary Shares,,Financials,Blank Checks,,XLF,1,2026-10-09
XTIA,0001529113,XTI Aerospace Inc. Common Stock,,Technology,EDP Services,,XLK,1,2026-10-09
XTLB,0001023549,XTL Biopharmaceuticals Ltd. American Depositary Shares,,Health Care,Biotechnology: Pharmaceutical Preparations,,XLV,1,2026-10-09
XTND,0002111860,Xtend AI Robotics Inc. Common Stock,,Industrials,Military/Government/Technical,,XLI,1,2026-10-09
XTNT,0001453593,Xtant Medical Holdings Inc. Common Stock,,Health Care,Medical/Dental Instruments,,XLV,1,2026-10-09
XWEL,0001410428,XWELL Inc. Common Stock,,Consumer Discretionary,Other Consumer Services,,XLY,1,2026-10-09
XXI,0002070457,Twenty One Capital Inc. Class A Common Stock,,Financials,Finance: Consumer Services,,XLF,1,2026-10-09
XXII,0001347858,22nd Century Group Inc. Common Stock,,Health Care, Medicinal Chemicals and Botanical Products ,,XLV,1,2026-10-09
XYF,0001725033,X Financial American Depositary Shares each representing six Class A Ordinary Shares,,Financials,Finance: Consumer Services,,XLF,1,2026-10-09
XYL,0001524472,Xylem Inc. Common Stock New,,Industrials,Fluid Controls,,XLI,1,2026-10-09
XYZ,0001512673,Block Inc. Class A Common Stock,,Technology,Computer Software: Prepackaged Software,,XLK,1,2026-10-09
XZO,0001873951,Exzeo Group Inc. Common Stock,,Technology,Computer Software: Prepackaged Software,,XLK,1,2026-10-09
YAAS,0001964946,Youxin Technology Ltd Class A Ordinary shares,,Technology,Computer Software: Prepackaged Software,,XLK,1,2026-10-09
YALA,0001794350,Yalla Group Limited American Depositary Shares each representing one Class A Ordinary Share,,Technology,Computer Software: Programming Data Processing,,XLK,1,2026-10-09
YARW,0001566044,Yarrow Bioscience Inc. Common Stock,,Health Care,Biotechnology: Pharmaceutical Preparations,,XLV,1,2026-10-09
YB,0001995520,Yuanbao Inc. American Depositary Shares,,Financials,Specialty Insurers,,XLF,1,2026-10-09
YCBD,0001644903,cbdMD Inc. Common Stock,,Consumer Discretionary,Package Goods/Cosmetics,,XLY,1,2026-10-09
YCY,0002075336,AA Mission Acquisition Corp. II Class A Ordinary Shares,,,,,,1,2026-10-09
YDDL,0002034723,One and One Green Technologies. Inc Class A Ordinary Shares,,Consumer Discretionary,Industrial Specialties,,XLY,1,2026-10-09
YDES,0002011674,YD Bio Limited Ordinary Shares,,Health Care,Medical Specialities,,XLV,1,2026-10-09
YDESW,0002011674,YD Bio Limited Warrants,,Health Care,Medical Specialities,,XLV,1,2026-10-09
YDKG,0001413745,Yueda Digital Holding Class A Ordinary Share,,Consumer Discretionary,Advertising,,XLY,1,2026-10-09
YELP,0001345016,Yelp Inc. Common Stock,,Consumer Discretionary,Other Consumer Services,,XLY,1,2026-10-09
YETI,0001670592,YETI Holdings Inc. Common Stock,,Consumer Discretionary,Recreational Games/Products/Toys,,XLY,1,2026-10-09
YEXT,0001614178,Yext Inc. Common Stock,,Technology,EDP Services,,XLK,1,2026-10-09
YFOR,0001985337,YYForce Inc. Class A Ordinary Shares,,Consumer Discretionary,Professional Services,,XLY,1,2026-10-09
YHC,0001843165,LQR House Inc. Common Stock,,Consumer Staples,Beverages (Production/Distribution),,XLP,1,2026-10-09
YHGJ,0001042187,Yunhong Green CTI Ltd. Common Stock,,Industrials,Specialty Chemicals,,XLI,1,2026-10-09
YHNA,0002020987,YHN Acquisition I Limited Ordinary Shares,,,,,,1,2026-10-09
YHNAR,0002020987,YHN Acquisition I Limited Right,,,,,,1,2026-10-09
YHNAU,0002020987,YHN Acquisition I Limited Unit,,,,,,1,2026-10-09
YI,0001738906,111 Inc. American Depositary Shares,,Consumer Staples,Retail-Drug Stores and Proprietary Stores,,XLP,1,2026-10-09
YIBO,0001868395,Planet Image International Limited Class A Ordinary Shares,,Technology,Computer peripheral equipment,,XLK,1,2026-10-09
YICC,0002130386,Yorkville International Capital Corp. Class A Ordinary Shares,,Financials,Blank Checks,,XLF,1,2026-10-09
YJ,0001759614,Yunji Inc. American Depository Shares,,Consumer Discretionary,Other Specialty Stores,,XLY,1,2026-10-09
YMAT,0001875016,J-Star Holding Co. Ltd. Class A Ordinary Shares,,Consumer Discretionary,Recreational Games/Products/Toys,,XLY,1,2026-10-09
YMM,0001838413,Full Truck Alliance Co. Ltd. American Depositary Shares (each representing 20 Class A Ordinary Shares),,Technology,Computer Software: Prepackaged Software,,XLK,1,2026-10-09
YMT,0001991605,Yimutian Inc. American Depositary Shares,,Technology,EDP Services,,XLK,1,2026-10-09
YORW,0000108985,York Water Company (The) Common Stock,,Utilities,Water Supply,,XLU,1,2026-10-09
YOU,0001856314,Clear Secure Inc. Class A Common Stock,,Technology,Computer Software: Prepackaged Software,,XLK,1,2026-10-09
YOUL,0002028177,Youlife Group Inc. American Depositary Shares,,Real Estate,Other Consumer Services,,XLRE,1,2026-10-09
YPF,0000904851,YPF Sociedad Anonima American Depositary Shares,,Energy,Integrated oil Companies,,XLE,1,2026-10-09
YQ,0001821468,17 Education & Technology Group Inc. American Depositary Shares,,Real Estate,Other Consumer Services,,XLRE,1,2026-10-09
YRD,0001631761,Yiren Digital Ltd. American Depositary Shares each representing two ordinary shares,,Financials,Finance: Consumer Services,,XLF,1,2026-10-09
YSG,0001819580,Yatsen Holding Limited American Depositary Shares each representing twenty (20) Class A Ordinary Shares,,Consumer Discretionary,Package Goods/Cosmetics,,XLY,1,2026-10-09
YSS,0002086587,York Space Systems Inc. Common Stock,,Industrials,Military/Government/Technical,,XLI,1,2026-10-09
YSWY,0001859836,Yesway Inc. Class A Common Stock,,Consumer Staples,Food Chains,,XLP,1,2026-10-09
YSXT,0001993463,YSX Tech. Co. Ltd Class A Ordinary Shares,,Consumer Discretionary,Automotive Aftermarket,,XLY,1,2026-10-09
YTRA,0001516899,Yatra Online Inc. Ordinary Shares,,Consumer Discretionary,Transportation Services,,XLY,1,2026-10-09
YUM,0001041061,Yum! Brands Inc.,,Consumer Discretionary,Restaurants,,XLY,1,2026-10-09
YUMC,0001673358,Yum China Holdings Inc. Common Stock,,Consumer Discretionary,Restaurants,,XLY,1,2026-10-09
YXT,0001872090,YXT.COM GROUP HOLDING LIMITED American Depository Shares,,Technology,Computer Software: Prepackaged Software,,XLK,1,2026-10-09
YYAI,0001674440,AiRWA Inc. Common Stock,,Technology,Computer Software: Programming Data Processing,,XLK,1,2026-10-09
Z,0001617640,Zillow Group Inc. Class C Capital Stock,,Consumer Discretionary,Business Services,,XLY,1,2026-10-09
ZBAO,0001966750,Zhibao Technology Inc. Class A Ordinary Shares,,Financials,Specialty Insurers,,XLF,1,2026-10-09
ZBH,0001136869,Zimmer Biomet Holdings Inc. Common Stock,,Health Care,Industrial Specialties,,XLV,1,2026-10-09
ZBIO,0001953926,Zenas BioPharma Inc. Common Stock,,Health Care,Biotechnology: Pharmaceutical Preparations,,XLV,1,2026-10-09
ZBRA,0000877212,Zebra Technologies Corporation Class A Common Stock,,Industrials,Industrial Machinery/Components,,XLI,1,2026-10-09
ZCMD,0001785566,Zhongchao Inc. Class A Ordinary Shares,,Real Estate,Other Consumer Services,,XLRE,1,2026-10-09
ZD,0001084048,Ziff Davis Inc. Common Stock,,Communication Services,Telecommunications Equipment,,XLC,1,2026-10-09
ZDAI,0001966678,DirectBooking Technology Co. Ltd. Class A Ordinary Shares,,Consumer Discretionary,General Bldg Contractors - Nonresidential Bldgs,,XLY,1,2026-10-09
ZDGE,0001667313,Zedge Inc. Class B Common Stock ,,Technology,Computer Software: Prepackaged Software,,XLK,1,2026-10-09
ZENA,0001997403,ZenaTech Inc. Common Stock,,Technology,Computer Software: Prepackaged Software,,XLK,1,2026-10-09
ZEO,0001865506,Zeo Energy Corporation Class A Common Stock,,Miscellaneous,Industrial Machinery/Components,,,1,2026-10-09
ZEOWW,0001865506,Zeo Energy Corporation Warrants,,Miscellaneous,Industrial Machinery/Components,,,1,2026-10-09
ZEPP,0001720446,Zepp Health Corporation American depositary shares each representing sixteen Class A ordinary shares,,Technology,Computer Manufacturing,,XLK,1,2026-10-09
ZETA,0001851003,Zeta Global Holdings Corp. Class A Common Stock,,Technology,Computer Software: Prepackaged Software,,XLK,1,2026-10-09
ZG,0001617640,Zillow Group Inc. Class A Common Stock,,Consumer Discretionary,Business Services,,XLY,1,2026-10-09
ZGN,0001877787,Ermenegildo Zegna N.V. Ordinary Shares,,Consumer Discretionary,Apparel,,XLY,1,2026-10-09
ZH,0001835724,Zhihu Inc. American Depositary Shares each representing three (3) Class A Ordinary Shares,,Consumer Discretionary,Business Services,,XLY,1,2026-10-09
ZIM,0001654126,ZIM Integrated Shipping Services Ltd. Ordinary Shares,,Consumer Discretionary,Marine Transportation,,XLY,1,2026-10-09
ZION,0000109380,Zions Bancorporation N.A. Common Stock,,Financials,Major Banks,,XLF,1,2026-10-09
ZIONP,0000109380,Zions Bancorporation N.A. Depositary Shares (Each representing 1/40th Interest in a Share of Series A Floating-Rate Non-Cumulative Perpetual Preferred Stock),,Financials,Major Banks,,XLF,1,2026-10-09
ZIP,0001617553,ZipRecruiter Inc. Class A Common Stock,,Technology,Computer Software: Programming Data Processing,,XLK,1,2026-10-09
ZJK,0001941506,ZJK Industrial Co. Ltd. Class A Ordinary Shares,,Industrials,Metal Fabrications,,XLI,1,2026-10-09
ZJYL,0001837821,JIN MEDICAL INTERNATIONAL LTD. Class A Ordinary Shares,,Health Care,Industrial Specialties,,XLV,1,2026-10-09
ZKH,0001862044,ZKH Group Limited American Depositary Shares each representing thirty-five (35) Class A Ordinary Shares,,Consumer Discretionary,RETAIL: Building Materials,,XLY,1,2026-10-09
ZKIN,0001687451,ZK International Group Co. Ltd Ordinary Share,,Industrials,Metal Fabrications,,XLI,1,2026-10-09
ZKP,0002087447,Lafayette Digital Acquisition Corp. I Class A Ordinary Shares,,Financials,Blank Checks,,XLF,1,2026-10-09
ZKPU,0002087447,Lafayette Digital Acquisition Corp. I Unit,,Financials,Blank Checks,,XLF,1,2026-10-09
ZLAB,0001704292,Zai Lab Limited American Depositary Shares,,Health Care,Biotechnology: Pharmaceutical Preparations,,XLV,1,2026-10-09
ZM,0001585521,Zoom Communications Inc. Class A Common Stock,,Technology,Computer Software: Programming Data Processing,,XLK,1,2026-10-09
ZNB,0001747661,Zeta Network Group Class A Ordinary Shares,,Real Estate,Other Consumer Services,,XLRE,1,2026-10-09
ZNTL,0001725160,Zentalis Pharmaceuticals Inc. Common Stock,,Health Care,Biotechnology: Pharmaceutical Preparations,,XLV,1,2026-10-09
ZONE,0001956741,Zone Frontier Inc. Class B Common Stock,,Consumer Discretionary,Specialty Chemicals,,XLY,1,2026-10-09
ZOOZ,0001992818,ZOOZ Strategy Ltd. Ordinary Shares,,Technology,Industrial Machinery/Components,,XLK,1,2026-10-09
ZOOZW,0001992818,ZOOZ Strategy Ltd. Warrant,,Technology,Industrial Machinery/Components,,XLK,1,2026-10-09
ZS,0001713683,Zscaler Inc. Common Stock,,Technology,EDP Services,,XLK,1,2026-10-09
ZSQR,0001759186,Z Squared Inc. Common Stock,,Financials,Finance: Consumer Services,,XLF,1,2026-10-09
ZSTK,0001790169,ZeroStack Corp. Common Stock,,Health Care,Other Pharmaceuticals,,XLV,1,2026-10-09
ZTG,0002011458,Zenta Group Company Limited Class A Ordinary Shares,,Consumer Discretionary,Professional Services,,XLY,1,2026-10-09
ZTO,0001677250,ZTO Express (Cayman) Inc. American Depositary Shares each representing one Class A ordinary share.,,Industrials,Trucking Freight/Courier Services,,XLI,1,2026-10-09
ZTR,0000836412,Virtus Total Return Fund Inc.,,Financials,Investment Managers,,XLF,1,2026-10-09
ZTS,0001555280,Zoetis Inc. Class A Common Stock,,Health Care,Biotechnology: Pharmaceutical Preparations,,XLV,1,2026-10-09
ZUMZ,0001318008,Zumiez Inc. Common Stock,,Consumer Discretionary,Clothing/Shoe/Accessory Stores,,XLY,1,2026-10-09
ZURA,0001855644,Zura Bio Limited Class A Ordinary Shares,,Health Care,Biotechnology: Biological Products (No Diagnostic Substances),,XLV,1,2026-10-09
ZVIA,0001854139,Zevia PBC Class A Common Stock,,Consumer Staples,Beverages (Production/Distribution),,XLP,1,2026-10-09
ZVRA,0001434647,Zevra Therapeutics Inc. Common Stock,,Health Care,Biotechnology: Pharmaceutical Preparations,,XLV,1,2026-10-09
ZWS,0001439288,Zurn Elkay Water Solutions Corporation Common Stock,,Industrials,Industrial Machinery/Components,,XLI,1,2026-10-09
ZYBT,0001975641,Zhengye Biotechnology Holding Limited Class A Ordinary Shares,,Health Care,Biotechnology: Pharmaceutical Preparations,,XLV,1,2026-10-09
ZYME,0001937653,Zymeworks Inc. Common Stock,,Health Care,Biotechnology: Pharmaceutical Preparations,,XLV,1,2026-10-09
