snapshot_date,ticker,price,market_cap,adv20
2026-10-08,A,168.1699981689453,47411975377.0,424024637.57987976
2026-10-08,AA,42.83000183105469,11303241529.0,176624762.63845444
2026-10-08,AAL,12.800000190734863,8473215373.0,926983807.4648142
2026-10-08,AAMI,93.30000305175781,3311228942.0,46156973.13934326
2026-10-08,AAOI,105.9000015258789,8991576005.0,923723723.2230759
2026-10-08,AAON,85.94999694824219,7086890272.0,94606260.86460114
2026-10-08,AAP,42.400001525878906,2560960000.0,73147595.39981842
2026-10-08,AAPL,340.4200134277344,4968150755600.0,12871691863.900604
2026-10-08,ABBV,272.4200134277344,481398090780.0,1198381559.3060303
2026-10-08,ABCB,79.66000366210938,5345762659.0,43576752.72609711
2026-10-08,ABCL,12.020000457763672,3893344459.0,72632489.82587337
2026-10-08,ABG,168.9600067138672,3033155896.0,50964255.41885376
2026-10-08,ABM,49.88999938964844,2924281995.0,24661334.134140015
2026-10-08,ABNB,163.22999572753906,97739786873.0,757396709.834137
2026-10-08,ABSI,8.9399995803833,1534229249.0,44899536.25832558
2026-10-08,ABT,98.48999786376953,170425450823.0,957167040.915947
2026-10-08,ABVX,89.05000305175781,7769950623.0,145055897.1056366
2026-10-08,ACA,146.5,7194147519.0,104365017.93678284
2026-10-08,ACAD,19.579999923706055,3373742042.0,56051769.022808075
2026-10-08,ACGL,96.08000183105469,32785294426.0,385690160.9330368
2026-10-08,ACHC,28.479999542236328,2651495832.0,43312999.72457886
2026-10-08,ACI,12.34000015258789,5988918928.0,96808020.43435097
2026-10-08,ACIW,51.06999969482422,5155784158.0,37149748.482437134
2026-10-08,ACLS,133.47999572753906,4122061152.0,44022344.12071228
2026-10-08,ACM,59.459999084472656,7652289431.0,97148340.13004303
2026-10-08,ACMR,70.80000305175781,4931163077.0,99655626.17500305
2026-10-08,ACN,208.36000061035156,139082427356.0,1438789185.907135
2026-10-08,ACT,46.63999938964844,6412238415.0,21274415.883636475
2026-10-08,ACVA,10.4399995803833,1772795311.0,160339681.09757423
2026-10-08,ADBE,241.0500030517578,93816660000.0,1275684652.91687
2026-10-08,ADC,65.81999969482422,8186646184.0,117412903.95427704
2026-10-08,ADEA,24.110000610351562,2659405817.0,28523021.04172411
2026-10-08,ADI,405.92999267578125,196699659207.0,1221475139.7447205
2026-10-08,ADM,82.44999694824219,39737567618.0,287580211.1973953
2026-10-08,ADMA,10.329999923706055,2313761744.0,32848624.681315422
2026-10-08,ADP,270.7300109863281,107277181590.0,593287329.2352295
2026-10-08,ADPT,26.09000015258789,4163855518.0,73805734.47710037
2026-10-08,ADSK,233.60000610351562,48822400000.0,488339720.9175873
2026-10-08,ADT,6.5,4748635112.0,55484330.473291874
2026-10-08,ADUS,114.26000213623047,2133725518.0,25026989.59411621
2026-10-08,AEE,101.83999633789062,28193716682.0,220094012.75024414
2026-10-08,AEG,8.270000457763672,14883342882.0,47871293.23924065
2026-10-08,AEHR,87.20999908447266,2848239007.0,230291370.86170197
2026-10-08,AEIS,284.239990234375,11383937634.0,145720679.1697693
2026-10-08,AEM,183.8699951171875,93325240702.0,330103646.677475
2026-10-08,AEO,17.969999313354492,3011292794.0,98608651.85184002
2026-10-08,AEP,122.31999969482422,66590684097.0,497901096.60785675
2026-10-08,AER,142.80999755859375,22054157583.0,168260990.9628296
2026-10-08,AES,14.930000305175781,10651638746.0,130228524.0266037
2026-10-08,AESI,12.15999984741211,1520041964.0,47013753.98636341
2026-10-08,AFG,141.97999572753906,11773189743.0,64360083.98612976
2026-10-08,AFL,114.94000244140625,57624398672.0,234040735.39390564
2026-10-08,AFRM,77.1500015258789,26032049900.0,285450430.8546448
2026-10-08,AG,16.979999542236328,8369550383.0,178884786.4058876
2026-10-08,AGCO,108.12999725341797,7572530857.0,116689226.68319702
2026-10-08,AGI,32.220001220703125,13531285542.0,125859264.87709045
2026-10-08,AGIO,31.920000076293945,1905684073.0,38029079.28257942
2026-10-08,AGL,84.72000122070312,1422551311.0,20596743.11717987
2026-10-08,AGM,207.44000244140625,2251389882.0,27118660.10787964
2026-10-08,AGNC,8.680000305175781,10289978960.0,426117600.968194
2026-10-08,AGO,70.72000122070312,3110209590.0,39256259.33849335
2026-10-08,AGX,398.6600036621094,5593136812.0,154620339.6524048
2026-10-08,AGYS,102.58999633789062,2893631791.0,24247275.71659088
2026-10-08,AHR,50.439998626708984,11761861488.0,184039227.33703613
2026-10-08,AI,11.34000015258789,1823243567.0,48410296.54691219
2026-10-08,AIG,77.05000305175781,40288918671.0,382854419.78839874
2026-10-08,AIR,101.58000183105469,4082927953.0,77220996.9355011
2026-10-08,AIT,332.1199951171875,12200061207.0,93498596.63787842
2026-10-08,AIZ,272.8599853515625,13458483064.0,113714953.27911377
2026-10-08,AJG,234.0500030517578,59987015000.0,355172683.99620056
2026-10-08,AKAM,100.9000015258789,14501005848.0,660760369.6075058
2026-10-08,AKR,18.18000030517578,2496708886.0,25153759.582748413
2026-10-08,ALAB,347.04998779296875,60208005343.0,1468603296.8644714
2026-10-08,ALB,102.0999984741211,12048316320.0,268034839.33078766
2026-10-08,ALC,63.130001068115234,31546061000.0,118096819.80085373
2026-10-08,ALG,155.38999938964844,1891246251.0,32987967.821731567
2026-10-08,ALGM,36.27000045776367,6760802208.0,100487800.3774643
2026-10-08,ALGN,141.02999877929688,10018750328.0,139596809.7755432
2026-10-08,ALGT,76.41999816894531,2089014548.0,39375020.78788757
2026-10-08,ALH,21.239999771118164,4222280399.0,24545191.859846115
2026-10-08,ALHC,8.710000038146973,1806760148.0,117720889.88035202
2026-10-08,ALK,39.52000045776367,4410555302.0,124818884.75280762
2026-10-08,ALKS,40.11000061035156,6728984840.0,110635939.0847969
2026-10-08,ALKT,14.329999923706055,1532478573.0,34980033.70082855
2026-10-08,ALL,230.6300048828125,58316629009.0,569886025.7440186
2026-10-08,ALLE,149.99000549316406,12754667532.0,170174628.73031616
2026-10-08,ALLY,37.83000183105469,11507874386.0,159887181.28566742
2026-10-08,ALM,11.569999694824219,3337722278.0,86150261.30125046
2026-10-08,ALNT,108.62999725341797,1846982770.0,24725915.196914673
2026-10-08,ALNY,224.52999877929688,30044161265.0,320916565.96946716
2026-10-08,ALRM,55.2599983215332,2712725999.0,27875084.670906067
2026-10-08,ALSN,109.11000061035156,9010089726.0,98885724.05628204
2026-10-08,ALV,111.02999877929688,8131528204.0,88303073.43223572
2026-10-08,AM,21.190000534057617,10058342060.0,56465531.63256645
2026-10-08,AMAT,509.57000732421875,404393449030.0,2998119998.466797
2026-10-08,AMBA,62.88999938964844,2776025666.0,90480579.09198761
2026-10-08,AMBQ,58.900001525878906,1424469170.0,38896072.1257782
2026-10-08,AMCR,41.880001068115234,19363037497.0,140508064.068985
2026-10-08,AMD,620.6799926757812,1013244609069.0,13271306865.436249
2026-10-08,AME,247.52000427246094,56746743115.0,358499865.1106262
2026-10-08,AMG,386.989990234375,10007535472.0,111031794.01443481
2026-10-08,AMGN,407.44000244140625,220275104117.0,1228142977.8044128
2026-10-08,AMH,30.489999771118164,10951396493.0,107665689.10105705
2026-10-08,AMKR,51.0,12671076072.0,190731342.80187607
2026-10-08,AMLX,27.200000762939453,3412465298.0,45782753.91375542
2026-10-08,AMN,35.439998626708984,1372590881.0,24458929.047851562
2026-10-08,AMP,499.0799865722656,44865836683.0,347829903.9807129
2026-10-08,AMPL,15.289999961853027,1909966649.0,24405636.767692566
2026-10-08,AMPX,9.390000343322754,1371697003.0,53135681.59898281
2026-10-08,AMR,174.27999877929688,2209703963.0,55758732.62817383
2026-10-08,AMRX,19.649999618530273,6844016734.0,65881001.885147095
2026-10-08,AMRZ,36.5,19962786006.0,142595325.0774002
2026-10-08,AMSC,30.950000762939453,1499284326.0,22498660.211315155
2026-10-08,AMT,166.72999572753906,77689518803.0,483843408.1918335
2026-10-08,AMTM,18.969999313354492,4638286655.0,36001050.317697525
2026-10-08,AMX,22.139999389648438,66635865000.0,60825682.08506584
2026-10-08,AMZN,254.05999755859375,2740370826102.0,9231526087.131958
2026-10-08,AN,157.07000732421875,5192860798.0,117858835.74310303
2026-10-08,ANAB,46.209999084472656,1368207907.0,30040859.522895813
2026-10-08,ANDE,66.52999877929688,2260394672.0,23539345.96294403
2026-10-08,ANDG,56.2400016784668,6354470597.0,27602730.456733704
2026-10-08,ANET,210.97000122070312,266080563989.0,1023663915.2588654
2026-10-08,ANF,141.41000366210938,6000645252.0,165379562.21611023
2026-10-08,ANIP,71.9800033569336,1652623946.0,32363287.282714844
2026-10-08,AON,277.1199951171875,58784200270.0,619235723.0119324
2026-10-08,AOS,56.560001373291016,7686988889.0,86826676.4935875
2026-10-08,APA,45.470001220703125,15930483160.0,269090340.5430603
2026-10-08,APAM,33.650001525878906,2728095312.0,42355161.911239624
2026-10-08,APD,278.3800048828125,61991197841.0,345317350.4269409
2026-10-08,APG,39.97999954223633,17277768674.0,126190737.13302612
2026-10-08,APH,85.31999969482422,210396297102.0,1004953346.4610672
2026-10-08,APLD,23.850000381469727,7211933289.0,529536078.45560074
2026-10-08,APLE,16.219999313354492,3829261362.0,42757313.91477585
2026-10-08,APO,115.30000305175781,68089626233.0,377042454.0927124
2026-10-08,APP,280.1199951171875,93742438120.0,1671072552.5852966
2026-10-08,APPF,197.4499969482422,6993085070.0,65635567.94075012
2026-10-08,APPN,38.65999984741211,2769122900.0,32183759.58272934
2026-10-08,APPS,10.779999732971191,1312161597.0,34574811.62270069
2026-10-08,APTV,44.209999084472656,9179469564.0,162924207.5289154
2026-10-08,AQN,5.079999923706055,3910318235.0,26486866.30818844
2026-10-08,AR,36.060001373291016,11086250340.0,156662105.23872375
2026-10-08,ARCB,129.9600067138672,2904781966.0,31139947.216148376
2026-10-08,ARCC,18.739999771118164,13455748115.0,95110835.20546913
2026-10-08,ARE,45.599998474121094,7945689192.0,107476768.17724228
2026-10-08,ARES,116.26000213623047,38398030644.0,276669668.6331177
2026-10-08,ARGX,818.6300048828125,50806542003.0,355349617.5378418
2026-10-08,ARIS,16.760000228881836,3459264000.0,30458597.564888
2026-10-08,ARM,275.2900085449219,292923770323.0,1741621934.598236
2026-10-08,ARMK,55.540000915527344,14641734944.0,125504019.6508789
2026-10-08,AROC,30.34000015258789,5319760533.0,52817361.791563034
2026-10-08,ARQT,24.489999771118164,3078196125.0,89936888.99834633
2026-10-08,ARR,13.470000267028809,2250801951.0,71245852.63954163
2026-10-08,ARW,226.75,11542804665.0,126967452.63046265
2026-10-08,ARWR,60.7400016784668,8579796326.0,159189840.4301262
2026-10-08,ARX,19.75,4289473902.0,40736848.87489319
2026-10-08,AS,27.450000762939453,15307969773.0,183256954.40851212
2026-10-08,ASAN,9.869999885559082,2259935055.0,75924097.35031605
2026-10-08,ASB,28.760000228881836,5431316193.0,64664864.66876984
2026-10-08,ASH,70.69000244140625,3237133325.0,48053468.615989685
2026-10-08,ASML,1769.7900390625,682108329340.0,2488778955.026245
2026-10-08,ASND,222.69000244140625,14671729338.0,227124591.91207886
2026-10-08,ASO,52.7599983215332,3248902289.0,88326335.40681839
2026-10-08,ASST,28.229999542236328,2849507575.0,251672686.2553501
2026-10-08,ASX,45.2599983215332,100789439281.0,289251914.6557617
2026-10-08,ATAT,31.610000610351562,4300325426.0,28863967.125005722
2026-10-08,ATEC,10.350000381469727,1598568637.0,25656689.640669823
2026-10-08,ATEN,27.959999084472656,2030148227.0,32814405.071401596
2026-10-08,ATEX,76.44000244140625,1498972042.0,23414111.549301147
2026-10-08,ATI,188.1300048828125,25617734154.0,293324111.7727661
2026-10-08,ATKR,94.83999633789062,3203037200.0,74334587.52521515
2026-10-08,ATMU,42.619998931884766,3477601361.0,36262065.24417877
2026-10-08,ATO,160.66000366210938,27149700925.0,187595251.8876648
2026-10-08,ATR,121.80999755859375,7744817323.0,60128975.9091568
2026-10-08,ATRC,52.84000015258789,2687774975.0,89062105.51008224
2026-10-08,ATRO,64.44999694824219,2771934175.0,42505095.80471039
2026-10-08,AU,90.77999877929688,45913733060.0,229178625.61641693
2026-10-08,AUB,37.91999816894531,5415540856.0,50881544.87886429
2026-10-08,AUGO,82.48999786376953,6911773005.0,90606000.8164978
2026-10-08,AUR,5.730000019073486,11483809686.0,195748743.02387953
2026-10-08,AVA,35.47999954223633,2971550408.0,27218301.143932343
2026-10-08,AVAH,12.239999771118164,2671009079.0,43817950.328722
2026-10-08,AVAV,137.60000610351562,6992928595.0,260305968.44093323
2026-10-08,AVGO,360.1400146484375,1719175059581.0,8613489807.4086
2026-10-08,AVNT,40.97999954223633,3758667159.0,28151722.55159378
2026-10-08,AVPT,14.40999984741211,3048657789.0,34326816.60695553
2026-10-08,AVT,99.55999755859375,8187103243.0,145319368.34392548
2026-10-08,AVTR,15.390000343322754,10409162548.0,139240547.2810459
2026-10-08,AVY,167.6199951171875,12703608362.0,139463339.90837097
2026-10-08,AWI,163.10000610351562,6893066921.0,57956625.336380005
2026-10-08,AWK,128.17999267578125,25473081810.0,249185330.28625488
2026-10-08,AWR,81.83000183105469,3243383276.0,21638630.81905365
2026-10-08,AX,88.45999908447266,5029658945.0,39919964.254989624
2026-10-08,AXGN,36.18000030517578,2122735340.0,64427602.21134186
2026-10-08,AXON,417.30999755859375,33901185654.0,508691726.19140625
2026-10-08,AXP,308.1000061035156,208062959547.0,1095766187.6481628
2026-10-08,AXS,97.5,7114215908.0,71710942.91843414
2026-10-08,AXSM,170.0800018310547,8908929525.0,162172666.67259216
2026-10-08,AXTA,32.810001373291016,7021996102.0,71824311.64165497
2026-10-08,AXTI,71.66000366210938,4698976372.0,612812673.9729309
2026-10-08,AYA,26.31999969482422,3791031942.0,36153727.21599579
2026-10-08,AYI,300.42999267578125,8993536385.0,134612105.94345093
2026-10-08,AZN,158.77999877929688,246224253480.0,454010833.261261
2026-10-08,AZO,2910.5400390625,47515598742.0,1090117611.566162
2026-10-08,AZTA,36.0,1577102148.0,43403427.86905289
2026-10-08,AZZ,136.3800048828125,4098423706.0,35558625.56007385
2026-10-08,B,39.9900016784668,65818917916.0,345042965.8398819
2026-10-08,BA,187.75,148391971255.0,1778128363.6426544
2026-10-08,BABA,105.69999694824219,256056772103.0,931312689.0190506
2026-10-08,BAC,53.61000061035156,374881239848.0,2282065728.6107826
2026-10-08,BAH,72.87000274658203,8765165983.0,132761376.94946289
2026-10-08,BALL,58.369998931884766,15450734948.0,131569415.83517075
2026-10-08,BAM,45.16999816894531,72147196103.0,144399037.9912758
2026-10-08,BANC,17.350000381469727,2740441678.0,48910112.57993698
2026-10-08,BAND,51.95000076293945,1671791937.0,54042584.76392746
2026-10-08,BAP,380.3800048828125,30209519800.0,117144563.855896
2026-10-08,BATRK,52.45000076293945,3365606198.0,28247361.80059433
2026-10-08,BAX,23.899999618530273,12356204376.0,175246153.51099968
2026-10-08,BB,8.630000114440918,5066088568.0,171547648.02919865
2026-10-08,BBIO,65.04000091552734,12714505309.0,210582792.6815033
2026-10-08,BBT,27.479999542236328,2303266043.0,36148985.58184624
2026-10-08,BBVA,26.170000076293945,148351550216.0,43918193.3738327
2026-10-08,BBWI,17.709999084472656,3571138493.0,122699010.94610214
2026-10-08,BBY,88.4000015258789,18539928503.0,309190000.10505676
2026-10-08,BC,62.349998474121094,4040119636.0,53602803.16207886
2026-10-08,BCC,74.22000122070312,2589636071.0,27818123.678207397
2026-10-08,BCE,19.959999084472656,18613215307.0,102219760.55735588
2026-10-08,BCO,102.36000061035156,4216170936.0,47938889.929237366
2026-10-08,BCPC,168.6300048828125,5375590681.0,42633053.81225586
2026-10-08,BCRX,8.289999961853027,2118386020.0,47321383.666591644
2026-10-08,BCS,22.950000762939453,77118160813.0,130648848.01671982
2026-10-08,BDC,107.94000244140625,4218099937.0,45950026.9947052
2026-10-08,BDX,182.75,49778687700.0,340848140.42427063
2026-10-08,BE,272.82000732421875,80352950536.0,4596426952.215576
2026-10-08,BEAM,24.600000381469727,2540876559.0,46437680.295619965
2026-10-08,BEKE,17.09000015258789,19308964130.0,87935965.6609106
2026-10-08,BELFB,242.5,3501566625.0,37310387.626953125
2026-10-08,BEN,32.400001525878906,16461691884.0,140307117.7895546
2026-10-08,BEPC,29.3799991607666,11072917555.0,54837070.380973816
2026-10-08,BETA,20.5,4795791730.0,81246142.08871841
2026-10-08,BFAM,68.88999938964844,3350486230.0,64186523.951034546
2026-10-08,BFH,100.7300033569336,3869972866.0,64727673.77441406
2026-10-08,BFLY,8.029999732971191,2138270019.0,54585268.17436218
2026-10-08,BG,107.81999969482422,20714283842.0,217896076.5655136
2026-10-08,BGC,11.229999542236328,5339489042.0,50267850.14109135
2026-10-08,BHE,81.16000366210938,2915261762.0,34021061.35967255
2026-10-08,BHF,48.9900016784668,2817491471.0,52163960.277671814
2026-10-08,BHP,84.83000183105469,215645596920.0,232621628.4935379
2026-10-08,BHVN,11.930000305175781,1801952307.0,34843132.04271793
2026-10-08,BIDU,83.91999816894531,28554003143.0,201864203.80111694
2026-10-08,BIIB,218.42999267578125,32273905783.0,258110386.39839172
2026-10-08,BILI,14.850000381469727,6186861158.0,40432454.97573376
2026-10-08,BILL,44.97999954223633,3835749654.0,79144602.4949646
2026-10-08,BIO,360.3999938964844,9636438270.0,106816594.86343384
2026-10-08,BIPC,37.130001068115234,4567569117.0,42248801.25520706
2026-10-08,BIRK,33.119998931884766,5468979876.0,64308138.26406479
2026-10-08,BJ,99.04000091552734,12510207096.0,184517018.88793945
2026-10-08,BJRI,59.540000915527344,1266639968.0,25243475.645065308
2026-10-08,BKD,10.890000343322754,2600719874.0,52556522.05048084
2026-10-08,BKE,43.310001373291016,2231003517.0,20685390.292110443
2026-10-08,BKH,76.5199966430664,5834890349.0,94850484.43412781
2026-10-08,BKNG,159.97000122070312,120198338585.0,1439716260.9729767
2026-10-08,BKR,56.29999923706055,55887550197.0,461525840.5364418
2026-10-08,BKU,42.61000061035156,3035206130.0,47426192.91559219
2026-10-08,BKV,23.940000534057617,2619941650.0,38988508.88813019
2026-10-08,BL,29.25,1700164148.0,25279051.221866608
2026-10-08,BLBD,56.189998626708984,1761391470.0,29988394.581928253
2026-10-08,BLDR,53.810001373291016,5789765351.0,215564703.11494827
2026-10-08,BLK,1065.3499755859375,164989965076.0,569994898.5198975
2026-10-08,BLLN,95.41000366210938,4502115296.0,69937029.02805328
2026-10-08,BLSH,31.40999984741211,5014330783.0,51484674.03676987
2026-10-08,BLTE,152.52000427246094,6142307403.0,25523842.299041748
2026-10-08,BMA,65.9000015258789,4213582077.0,20503827.07386017
2026-10-08,BMI,127.66000366210938,3700460888.0,53478151.71409607
2026-10-08,BMNR,24.040000915527344,14501562512.0,1023045003.8181973
2026-10-08,BMO,160.6999969482422,111701322486.0,113317130.53894043
2026-10-08,BMRN,54.88999938964844,10625263632.0,132765447.98549652
2026-10-08,BMY,59.58000183105469,121704939204.0,823242920.27462
2026-10-08,BN,36.77000045776367,90114065182.0,198342939.7805786
2026-10-08,BNL,18.239999771118164,3500127791.0,39313054.70803261
2026-10-08,BNS,87.58999633789062,107454304862.0,192239793.15452576
2026-10-08,BNTX,92.05999755859375,23125873934.0,86953891.45023346
2026-10-08,BNY,143.61000061035156,97439979833.0,611348575.8673859
2026-10-08,BOH,67.70999908447266,2671186313.0,36930033.61789703
2026-10-08,BOKF,126.41999816894531,7682147326.0,36049311.57180786
2026-10-08,BOOT,121.5999984741211,3682637030.0,94681902.51125336
2026-10-08,BOX,36.310001373291016,4981760068.0,90029635.80749512
2026-10-08,BP,46.36000061035156,121367253390.0,424696228.5165024
2026-10-08,BPOP,155.7899932861328,9936052671.0,89047403.65020752
2026-10-08,BR,165.2100067138672,18652214287.0,157012751.91360474
2026-10-08,BRC,84.41000366210938,3958762654.0,25938065.59501648
2026-10-08,BRK/A,766882.0,1127986750742.0,167555090.0
2026-10-08,BRK/B,511.04998779296875,1127535426150.0,2372923444.8228455
2026-10-08,BRKR,57.91999816894531,8824651583.0,152414986.10229492
2026-10-08,BRO,63.75,21331410259.0,159059075.1179886
2026-10-08,BROS,39.779998779296875,6948838662.0,175283953.01282883
2026-10-08,BRSL,9.989999771118164,1843155000.0,25311974.384965897
2026-10-08,BRX,27.079999923706055,8310102317.0,104686354.70518112
2026-10-08,BRZE,28.459999084472656,3232612792.0,56091070.935907364
2026-10-08,BSBR,5.820000171661377,43482373122.0,22660096.73075676
2026-10-08,BSX,42.040000915527344,60925609273.0,885393251.5810776
2026-10-08,BSY,34.81999969482422,10518874395.0,94433707.6349926
2026-10-08,BTDR,9.720000267028809,2641723421.0,111857438.28162193
2026-10-08,BTG,5.119999885559082,6763882301.0,105246228.14539671
2026-10-08,BTI,55.43000030517578,119747288954.0,264188866.96907043
2026-10-08,BTSG,63.65999984741211,12596037582.0,159239412.75299072
2026-10-08,BTU,25.0,3047500000.0,63629465.538311005
2026-10-08,BUD,77.41000366210938,152662819710.0,159972548.91788483
2026-10-08,BULL,5.949999809265137,3215885066.0,119160437.87351131
2026-10-08,BURL,276.8399963378906,17389758584.0,391873111.83288574
2026-10-08,BUSE,29.219999313354492,2430797219.0,25793500.881843567
2026-10-08,BVN,31.43000030517578,7982807230.0,39622414.245500565
2026-10-08,BWA,61.720001220703125,12570287369.0,166978691.32266998
2026-10-08,BWIN,31.850000381469727,4443021938.0,178477514.73546982
2026-10-08,BWXT,142.22000122070312,13030477996.0,188462267.81600952
2026-10-08,BX,112.68000030517578,84580437846.0,556912373.0829239
2026-10-08,BXMT,11.210000038146973,1889373655.0,39267168.84595394
2026-10-08,BXP,59.31999969482422,9471123502.0,91528563.76678467
2026-10-08,BYD,70.0,5085878980.0,84739679.54219818
2026-10-08,BZ,15.180000305175781,7025390572.0,121602421.00557327
2026-10-08,C,128.0800018310547,214846103167.0,1331470496.3097382
2026-10-08,CACC,542.8200073242188,5634786436.0,69395062.00714111
2026-10-08,CACI,599.4000244140625,13246498442.0,166244540.21636963
2026-10-08,CAE,23.149999618530273,7442925479.0,21059108.590726852
2026-10-08,CAG,13.569999694824219,6478474286.0,216702131.16518497
2026-10-08,CAH,238.9600067138672,55333421081.0,431995636.3316345
2026-10-08,CAI,27.5,7771367615.0,152898293.30641747
2026-10-08,CAKE,106.91000366210938,5319909381.0,136912763.13289642
2026-10-08,CALM,64.83000183105469,3028249041.0,99172595.87141037
2026-10-08,CALX,36.08000183105469,2271740723.0,38793924.916820526
2026-10-08,CALY,13.869999885559082,2475940926.0,33892801.85435772
2026-10-08,CAMT,150.5,7005565354.0,57910314.131622314
2026-10-08,CAR,110.0,3885832940.0,51961058.30955505
2026-10-08,CARG,29.239999771118164,2604508497.0,50538755.17224312
2026-10-08,CARR,55.83000183105469,46022067932.0,392645155.81892014
2026-10-08,CART,46.29999923706055,10988536420.0,181677283.9032364
2026-10-08,CASY,642.280029296875,23738776061.0,409432333.711853
2026-10-08,CAT,796.1799926757812,365983953124.0,1978720847.5891113
2026-10-08,CATY,59.599998474121094,3976143672.0,31350464.14785385
2026-10-08,CAVA,54.310001373291016,6343744613.0,205587288.98786545
2026-10-08,CB,343.7799987792969,132630275527.0,552493115.005188
2026-10-08,CBC,32.369998931884766,7752781155.0,52464305.44116974
2026-10-08,CBOE,294.0799865722656,32883658000.0,332415511.01112366
2026-10-08,CBRE,131.0800018310547,37957530062.0,292852939.5880127
2026-10-08,CBRL,55.34000015258789,1236983476.0,57012705.85575104
2026-10-08,CBSH,54.61000061035156,7832831241.0,57593849.59127426
2026-10-08,CBT,75.61000061035156,3903820439.0,34347622.59082794
2026-10-08,CBU,59.099998474121094,3109599986.0,20037666.44268036
2026-10-08,CBZ,54.79999923706055,2973660569.0,51421286.88940048
2026-10-08,CC,13.829999923706055,2081401101.0,27914829.986844063
2026-10-08,CCC,6.570000171661377,3869695205.0,81022513.42773676
2026-10-08,CCEP,103.63999938964844,47050739356.0,189761965.98201752
2026-10-08,CCI,68.88999938964844,29309625193.0,265721946.84387207
2026-10-08,CCJ,87.12000274658203,37943633043.0,299903522.5875473
2026-10-08,CCK,108.87999725341797,11841844438.0,112328673.58066559
2026-10-08,CCL,26.1299991607666,35134662671.0,643808954.8481178
2026-10-08,CDE,16.8700008392334,17341263416.0,686955548.5570145
2026-10-08,CDNA,62.20500183105469,3218127342.0,89968969.67651367
2026-10-08,CDNS,348.8399963378906,96068094120.0,788076110.0856018
2026-10-08,CDP,33.470001220703125,3795848029.0,35128003.17487717
2026-10-08,CDW,139.8800048828125,17487437549.0,206561199.5742798
2026-10-08,CE,44.810001373291016,4917849374.0,90238279.36368942
2026-10-08,CECO,65.55000305175781,3839252357.0,55982862.055015564
2026-10-08,CEG,285.07000732421875,101002404532.0,1103548213.621292
2026-10-08,CELC,67.87000274658203,3321008596.0,99018878.60534668
2026-10-08,CELH,27.399999618530273,6933160288.0,188397830.3517437
2026-10-08,CENX,36.380001068115234,3601376072.0,70762530.03095627
2026-10-08,CERT,8.640000343322754,1317935059.0,26766709.60635662
2026-10-08,CF,113.58000183105469,17188984805.0,308224546.92230225
2026-10-08,CFG,64.08999633789062,26993220343.0,285925883.1941414
2026-10-08,CFR,152.36000061035156,9468988883.0,79414750.2885437
2026-10-08,CG,38.38999938964844,13679616115.0,147093356.60711288
2026-10-08,CGAU,21.81999969482422,4357679204.0,26273165.599594116
2026-10-08,CGNX,60.90999984741211,10246514216.0,106947344.89173889
2026-10-08,CGON,63.2599983215332,5607390123.0,78293511.15839005
2026-10-08,CHD,97.7300033569336,23181937831.0,175219044.62200165
2026-10-08,CHDN,76.16000366210938,5308370507.0,102407578.26633453
2026-10-08,CHE,498.25,6512108068.0,83278309.44641113
2026-10-08,CHEF,111.4000015258789,4544683646.0,66874301.12487793
2026-10-08,CHH,104.81999969482422,4735708901.0,58849566.272621155
2026-10-08,CHKP,134.74000549316406,13757039425.0,155912294.9658966
2026-10-08,CHRD,142.33999633789062,7785695100.0,101693338.73817444
2026-10-08,CHRW,141.33999633789062,16515756806.0,293707610.47302246
2026-10-08,CHTR,109.66999816894531,12565713548.0,371533631.4084244
2026-10-08,CHWY,18.90999984741211,7600444279.0,194173877.18643188
2026-10-08,CHYM,28.959999084472656,10963824815.0,199612208.51628304
2026-10-08,CI,281.0299987792969,74259503781.0,456271233.4963989
2026-10-08,CIEN,425.92999267578125,60400505053.0,1077555647.6669312
2026-10-08,CIFR,13.5,5602914747.0,573658496.8283129
2026-10-08,CIGI,86.44000244140625,4417414287.0,24550241.641807556
2026-10-08,CINF,165.25,25362246936.0,120281490.46264648
2026-10-08,CL,88.0999984741211,70230926235.0,479750671.91539764
2026-10-08,CLBK,11.010000228881836,2967691936.0,55656536.7241621
2026-10-08,CLBT,11.34000015258789,2850207620.0,30195618.212647438
2026-10-08,CLDX,29.299999237060547,2300915288.0,79089219.58145142
2026-10-08,CLF,12.1899995803833,6954883173.0,189206305.8242035
2026-10-08,CLH,317.3399963378906,16751505280.0,123591538.5029602
2026-10-08,CLMT,57.75,5076123014.0,86760222.33411789
2026-10-08,CLS,356.5299987792969,40991361839.0,763358310.6950378
2026-10-08,CLSK,10.630000114440918,2729965486.0,233578876.74892902
2026-10-08,CLX,83.44000244140625,10091025167.0,269977274.25792694
2026-10-08,CM,108.18000030517578,98222695009.0,175733047.08351135
2026-10-08,CMBT,20.809999465942383,6038432893.0,20662163.179636
2026-10-08,CMC,63.099998474121094,6980395539.0,73206975.96380234
2026-10-08,CMCSA,21.209999084472656,75266581713.0,737653897.5613117
2026-10-08,CME,276.44000244140625,99402091464.0,492872462.49832153
2026-10-08,CMG,32.68000030517578,41353860240.0,607998446.7083359
2026-10-08,CMI,520.4000244140625,71640599035.0,595671326.4526367
2026-10-08,CMPS,11.470000267028809,1588329148.0,37589496.45418167
2026-10-08,CMS,65.33999633789062,20489130066.0,266449738.58783722
2026-10-08,CNA,46.689998626708984,12634357328.0,29612791.58437729
2026-10-08,CNC,64.54000091552734,31882437300.0,307462457.7505493
2026-10-08,CNH,12.130000114440918,15013615871.0,211642579.09214497
2026-10-08,CNI,116.83999633789062,70583044000.0,135980471.8486786
2026-10-08,CNK,36.77000045776367,4262078908.0,76173618.29395294
2026-10-08,CNM,40.369998931884766,7690244799.0,108511699.4947815
2026-10-08,CNO,53.54999923706055,4954519417.0,63490419.090480804
2026-10-08,CNP,38.41999816894531,25308033465.0,269134566.87826157
2026-10-08,CNQ,49.04999923706055,101476602000.0,283322100.5427933
2026-10-08,CNR,88.55000305175781,4395290557.0,47323638.89431
2026-10-08,CNS,70.70999908447266,3636016598.0,23095017.112731934
2026-10-08,CNX,33.83000183105469,5004933240.0,72938234.04766083
2026-10-08,CNXC,27.06999969482422,1654124261.0,62585433.6216259
2026-10-08,COCO,55.97999954223633,3285701204.0,82934875.732975
2026-10-08,COF,199.39999389648438,122328876298.0,745704615.8165741
2026-10-08,COGT,30.079999923706055,5219631459.0,69383792.52286911
2026-10-08,COHR,302.3500061035156,59209879578.0,2152952831.756897
2026-10-08,COHU,68.37000274658203,3236528664.0,67002722.50778198
2026-10-08,COIN,172.0,45379950756.0,1851300500.6326294
2026-10-08,COKE,191.86000061035156,12771025447.0,108386542.06794739
2026-10-08,COLB,28.530000686645508,8071201706.0,83368828.14444542
2026-10-08,COLD,13.8100004196167,3942486409.0,53004812.25414276
2026-10-08,COLM,56.7599983215332,2905725691.0,40752012.31889725
2026-10-08,COMP,9.520000457763672,7211611315.0,168425527.45667934
2026-10-08,CON,36.61000061035156,4668424315.0,39537096.56227112
2026-10-08,COO,54.29999923706055,10325432464.0,274796980.43994904
2026-10-08,COP,134.19000244140625,161207476307.0,900300173.2147217
2026-10-08,COR,321.3500061035156,61322309473.0,387810515.6074524
2026-10-08,CORT,118.54000091552734,12813983980.0,199117215.68210602
2026-10-08,CORZ,15.359999656677246,4935789174.0,197112918.58904362
2026-10-08,COST,947.9199829101562,420051172504.0,2174439548.3096313
2026-10-08,COUR,5.269999980926514,1393388000.0,36972049.63960171
2026-10-08,CP,84.3499984741211,75262459712.0,203267236.5374756
2026-10-08,CPA,134.52000427246094,5533958150.0,48247871.36756897
2026-10-08,CPAY,402.0799865722656,26400411566.0,201572178.2725525
2026-10-08,CPB,19.3700008392334,5776806003.0,154677951.0978508
2026-10-08,CPK,128.16000366210938,3089483273.0,25360364.301986694
2026-10-08,CPNG,15.40999984741211,27699655328.0,233724975.0983572
2026-10-08,CPRI,14.680000305175781,1668405752.0,81647586.22850895
2026-10-08,CPRT,27.479999542236328,25455560821.0,309168492.92759895
2026-10-08,CPT,96.76000213623047,9728187506.0,117759289.00283813
2026-10-08,CR,202.1199951171875,11682607955.0,79934889.09507751
2026-10-08,CRAI,177.55999755859375,1114519262.0,21923777.454071045
2026-10-08,CRBG,34.45000076293945,15356863383.0,173699120.97183228
2026-10-08,CRC,53.04999923706055,4711895324.0,47620795.04899979
2026-10-08,CRCL,80.83999633789062,20523326220.0,1181887716.5042877
2026-10-08,CRDO,211.86000061035156,39819493347.0,1655528752.2306824
2026-10-08,CRGY,13.010000228881836,4298552085.0,91527964.65342045
2026-10-08,CRH,81.87999725341797,54805512692.0,486974269.1042328
2026-10-08,CRI,32.52000045776367,1193847736.0,48050932.833185196
2026-10-08,CRK,13.710000038146973,4025537713.0,34421425.317196846
2026-10-08,CRL,298.0,14226183856.0,314982971.24694824
2026-10-08,CRM,227.8000030517578,187479400000.0,2570116095.5336
2026-10-08,CRML,6.829999923706055,1003967333.0,81125265.48476934
2026-10-08,CROX,116.83999633789062,5601902563.0,140164897.93533325
2026-10-08,CRS,387.1000061035156,19184120899.0,306567055.72662354
2026-10-08,CRSP,50.439998626708984,4877177417.0,100372766.04824066
2026-10-08,CRUS,113.19999694824219,5673307905.0,95537486.5045929
2026-10-08,CRWD,263.010009765625,269305102794.0,2672198907.646408
2026-10-08,CRWV,81.58000183105469,44994355991.0,2572805634.4729996
2026-10-08,CSCO,114.88999938964844,452963805839.0,2131346620.426178
2026-10-08,CSGP,29.809999465942383,12078940098.0,181403423.8519287
2026-10-08,CSL,321.25,12758165226.0,175712961.9795227
2026-10-08,CSTM,25.600000381469727,3469509837.0,41234020.04374504
2026-10-08,CSW,286.6199951171875,4670039244.0,38812326.14730835
2026-10-08,CSX,47.34000015258789,87696162571.0,496826118.36927414
2026-10-08,CTAS,201.1199951171875,79859742704.0,400693601.68182373
2026-10-08,CTRE,35.790000915527344,8456933592.0,102021267.70235062
2026-10-08,CTRI,20.809999465942383,2101041133.0,38766068.11560631
2026-10-08,CTSH,60.0099983215332,27031156982.0,423074333.75083923
2026-10-08,CTVA,13.75,9173945000.0,560952347.8825521
2026-10-08,CUBE,37.5099983215332,8445836110.0,113982441.0946846
2026-10-08,CUBI,74.5999984741211,2520271405.0,24269705.2179718
2026-10-08,CURB,27.219999313354492,3131335041.0,42707146.75123215
2026-10-08,CUZ,27.719999313354492,4562769048.0,43381293.28454018
2026-10-08,CVBF,21.75,3827944211.0,35587943.36762428
2026-10-08,CVCO,548.719970703125,4219328665.0,63005207.56713867
2026-10-08,CVE,31.489999771118164,59043750000.0,252633169.4113636
2026-10-08,CVI,59.540000915527344,5985591864.0,57967204.98008728
2026-10-08,CVLT,151.0,6258129164.0,92500383.71780396
2026-10-08,CVNA,63.20000076293945,69549310264.0,513368803.995018
2026-10-08,CVS,87.80000305175781,112293598398.0,791328189.9261475
2026-10-08,CVSA,130.2899932861328,4411646500.0,44181977.85324097
2026-10-08,CVX,211.5500030517578,417974413015.0,1985309540.5275726
2026-10-08,CW,507.2900085449219,18736474097.0,251594676.0244751
2026-10-08,CWEN,29.950000762939453,4909215615.0,38842931.99690819
2026-10-08,CWK,11.829999923706055,2776663166.0,30665212.412610054
2026-10-08,CWST,84.05000305175781,5348945866.0,51508081.21387482
2026-10-08,CWT,45.599998474121094,2819863006.0,20679775.71199417
2026-10-08,CX,9.5600004196167,14492158059.0,73488708.25149536
2026-10-08,CXT,48.18000030517578,2773303627.0,27000875.949497223
2026-10-08,CXW,32.709999084472656,3234806025.0,79492369.11417961
2026-10-08,CYTK,62.0099983215332,8620842150.0,157482318.12028885
2026-10-08,CZR,29.520000457763672,6013825381.0,164181613.72571945
2026-10-08,D,61.75,54310727351.0,309804120.1263046
2026-10-08,DAC,170.22000122070312,3098595515.0,26334255.181274414
2026-10-08,DAL,82.13999938964844,54017155684.0,654425878.2611465
2026-10-08,DAN,29.020000457763672,3121875225.0,41999624.68058586
2026-10-08,DAR,62.25,9823231521.0,143928293.45859528
2026-10-08,DASH,191.7100067138672,83067547502.0,774922329.2803192
2026-10-08,DAVE,353.3999938964844,4507796174.0,109105679.54772949
2026-10-08,DB,33.630001068115234,63271482000.0,82323608.94376755
2026-10-08,DBX,34.13999938964844,7705714990.0,164724420.1874733
2026-10-08,DCH,5.690000057220459,1351970185.0,25212183.94052744
2026-10-08,DCI,87.16000366210938,10102726844.0,61241716.82949066
2026-10-08,DCO,168.3000030517578,2541292806.0,41416463.102493286
2026-10-08,DD,132.47999572753906,17890493328.0,126677123.30120087
2026-10-08,DDOG,273.79998779296875,98314741571.0,761482116.0285187
2026-10-08,DE,652.5800170898438,175952151363.0,863265875.5813599
2026-10-08,DECK,82.55999755859375,11262358581.0,275473767.32192993
2026-10-08,DEI,9.899999618530273,1658104143.0,24612098.36871147
2026-10-08,DELL,574.5499877929688,365306215513.0,4421263731.465759
2026-10-08,DEO,86.9800033569336,48417412303.0,87216939.3144989
2026-10-08,DFTX,34.18000030517578,4592662351.0,98824931.9399643
2026-10-08,DG,124.2699966430664,27416048493.0,290947767.5120926
2026-10-08,DGII,74.93000030517578,2843452856.0,29597192.05318451
2026-10-08,DGX,230.80999755859375,25475275222.0,284541710.4686737
2026-10-08,DHI,135.82000732421875,37989026084.0,454026997.0150757
2026-10-08,DHR,217.4600067138672,152871347303.0,995245680.3525543
2026-10-08,DHT,24.93000030517578,4014768010.0,104393136.31455421
2026-10-08,DINO,120.72000122070312,21462066251.0,312827330.6376648
2026-10-08,DIOD,96.23999786376953,4432016089.0,53498176.25915527
2026-10-08,DIS,107.0199966430664,184790032252.0,950220819.1167831
2026-10-08,DJT,8.199999809265137,2279118447.0,27681976.125655174
2026-10-08,DK,76.5999984741211,4690384528.0,203096756.57447815
2026-10-08,DKNG,19.8700008392334,9864541934.0,337683519.3426323
2026-10-08,DKS,134.6300048828125,11972182234.0,401983262.31990814
2026-10-08,DLB,58.45000076293945,5474941068.0,56870511.75060272
2026-10-08,DLO,15.0,4423979340.0,22792932.16641903
2026-10-08,DLR,176.07000732421875,65152269508.0,348646590.4219055
2026-10-08,DLTR,118.62000274658203,22256706067.0,321109055.0629425
2026-10-08,DNLI,18.670000076293945,2984351014.0,39869035.9346962
2026-10-08,DNOW,15.649999618530273,2829299194.0,36064999.10712719
2026-10-08,DNTH,82.43000030517578,4610670779.0,89384186.07906342
2026-10-08,DOC,18.520000457763672,12770044855.0,121087897.31059074
2026-10-08,DOCN,123.9000015258789,14568106245.0,337793760.3754425
2026-10-08,DOCS,29.3799991607666,5236866892.0,83564120.86615562
2026-10-08,DOCU,71.43000030517578,13350442146.0,214446481.03614807
2026-10-08,DORM,121.66999816894531,3610632442.0,29428091.78565979
2026-10-08,DOV,188.9600067138672,25449175316.0,233980035.21652222
2026-10-08,DOW,28.59000015258789,20651720927.0,265002691.0274887
2026-10-08,DOX,60.25,6503419977.0,54421238.02473068
2026-10-08,DPZ,308.6499938964844,10210677508.0,233863455.1081848
2026-10-08,DRH,12.600000381469727,2578031581.0,41048968.83939743
2026-10-08,DRI,200.52000427246094,22687479276.0,285833288.23013306
2026-10-08,DRS,35.869998931884766,9573398643.0,37389827.63454437
2026-10-08,DSGX,81.3499984741211,6959374787.0,52857213.866233826
2026-10-08,DT,61.119998931884766,17663810063.0,400426852.42765427
2026-10-08,DTE,127.0999984741211,26447993570.0,258264135.26748657
2026-10-08,DTM,123.76000213623047,12625413033.0,115876341.83773041
2026-10-08,DUK,116.83999633789062,91100404230.0,498766273.87527466
2026-10-08,DUOL,151.22000122070312,7075019598.0,148676068.65478516
2026-10-08,DV,13.5,2092322435.0,48497800.101714134
2026-10-08,DVA,177.02000427246094,11293876000.0,127408675.5027008
2026-10-08,DVN,48.91999816894531,53812000000.0,599605781.0363579
2026-10-08,DX,10.699999809265137,2655386012.0,95373462.520895
2026-10-08,DXC,12.369999885559082,1976462383.0,39774821.690855026
2026-10-08,DXCM,84.41000366210938,31853022174.0,343762138.0474472
2026-10-08,DXPE,178.5800018310547,2771052290.0,26771657.866592407
2026-10-08,DY,277.2099914550781,8360918890.0,176404020.7460022
2026-10-08,DYN,16.3700008392334,3057039075.0,55412106.49239063
2026-10-08,EAT,190.1999969482422,7965815652.0,319020775.3174591
2026-10-08,EBAY,111.9800033569336,49831100000.0,501119426.6034317
2026-10-08,EBC,21.079999923706055,4817023516.0,54187027.31063843
2026-10-08,EC,16.940000534057617,34825840411.0,25256033.01366806
2026-10-08,ECG,122.16999816894531,6238468844.0,49288128.163108826
2026-10-08,ECHO,93.36000061035156,27150567196.0,352264873.6748123
2026-10-08,ECL,281.69000244140625,78965764179.0,328513956.15600586
2026-10-08,ECO,94.44000244140625,3687377218.0,72316345.10490417
2026-10-08,ECPG,100.05999755859375,2122209162.0,29932334.866752625
2026-10-08,ED,105.98999786376953,39198136812.0,237351633.7907791
2026-10-08,EDU,57.380001068115234,8895597300.0,34932330.62786102
2026-10-08,EEFT,63.65999984741211,2381112858.0,41048476.56452179
2026-10-08,EFC,11.640000343322754,1500249173.0,21486860.690426826
2026-10-08,EFOR,35.93000030517578,1473130000.0,25202510.44193268
2026-10-08,EFX,145.5399932861328,17098751764.0,300614040.6035614
2026-10-08,EG,373.1000061035156,14305674055.0,160700338.73458862
2026-10-08,EGO,36.86000061035156,9632250150.0,139865698.11653137
2026-10-08,EGP,195.1199951171875,10492249613.0,116366986.75613403
2026-10-08,EHC,122.54000091552734,12088985675.0,117577098.64852905
2026-10-08,EIX,54.29999923706055,20895399060.0,281902851.0139847
2026-10-08,EL,94.31999969482422,34174284138.0,275439038.6463547
2026-10-08,ELAN,22.540000915527344,11261476048.0,129610374.24955368
2026-10-08,ELF,105.95999908447266,6252487256.0,131867548.22753906
2026-10-08,ELS,58.5,11352780212.0,110652020.28705597
2026-10-08,ELV,400.94000244140625,86951573133.0,469010628.1593323
2026-10-08,ELVN,40.630001068115234,2976991019.0,75935648.58057022
2026-10-08,EMA,45.849998474121094,14085120000.0,28054429.565734863
2026-10-08,EMBJ,71.0,12829098985.0,103757605.30578613
2026-10-08,EME,778.239990234375,34328089354.0,289548530.7598877
2026-10-08,EMN,63.7599983215332,7292704363.0,89870639.26368713
2026-10-08,EMR,159.05999755859375,88723668000.0,396700277.13264465
2026-10-08,ENB,46.540000915527344,101648416059.0,233580907.58644104
2026-10-08,ENOV,17.43000030517578,1005179280.0,34371678.9008522
2026-10-08,ENPH,32.90999984741211,4348880366.0,157639809.87495422
2026-10-08,ENS,179.30999755859375,6466855315.0,108556270.47920227
2026-10-08,ENSG,171.49000549316406,9994854607.0,65856031.345443726
2026-10-08,ENTG,162.19000244140625,24782632000.0,314803848.1614685
2026-10-08,ENVA,182.58999633789062,4546193561.0,80123628.03840637
2026-10-08,EOG,148.50999450683594,77897827928.0,472206917.72628784
2026-10-08,EPAM,113.86000061035156,5873693657.0,123122974.84275818
2026-10-08,EPD,36.75,79360785961.0,118788189.91983414
2026-10-08,EPR,54.40999984741211,4168291446.0,50711509.42689896
2026-10-08,EPRT,25.049999237060547,5417638750.0,72586028.9377594
2026-10-08,EQH,53.47999954223633,14601920196.0,167727067.4865532
2026-10-08,EQIX,1011.1599731445312,99772862016.0,520839359.9661255
2026-10-08,EQNR,42.93000030517578,107336635318.0,171632872.70484924
2026-10-08,EQPT,15.65999984741211,3967867581.0,72763679.27124977
2026-10-08,EQT,52.939998626708984,33114817040.0,416107844.27345276
2026-10-08,EQX,11.119999885559082,12982153221.0,154594653.1063795
2026-10-08,ERAS,15.460000038146973,5407321061.0,75793592.26347923
2026-10-08,ERIC,9.5,32027841483.0,75948077.35878944
2026-10-08,ERIE,226.5399932861328,10463671465.0,44720172.2946167
2026-10-08,ERO,35.97999954223633,3751921289.0,45031728.731479645
2026-10-08,ES,65.69000244140625,24743764590.0,181491179.70129013
2026-10-08,ESAB,64.87999725341797,4033447513.0,77588866.93031311
2026-10-08,ESE,254.05999755859375,7877782472.0,75932421.90048218
2026-10-08,ESI,36.709999084472656,8945893453.0,144806665.57041168
2026-10-08,ESLT,665.0900268554688,30932626249.0,54567640.256347656
2026-10-08,ESNT,63.59000015258789,5715246190.0,60458783.89541626
2026-10-08,ESQ,118.05999755859375,1429067069.0,25348494.26475525
2026-10-08,ESS,268.5799865722656,17261217347.0,149716813.17977905
2026-10-08,ESTA,60.61000061035156,1806292614.0,23142134.5202446
2026-10-08,ESTC,95.26000213623047,10001469333.0,162335094.41318512
2026-10-08,ETN,424.510009765625,164879684000.0,898661590.7473755
2026-10-08,ETON,54.75,1564926641.0,34443468.38005066
2026-10-08,ETOR,25.260000228881836,2034600372.0,29246790.61733246
2026-10-08,ETR,102.48999786376953,47825062230.0,321331699.2441559
2026-10-08,ETSY,75.13999938964844,6896480545.0,230855157.88974762
2026-10-08,EVR,266.75,10258612282.0,141976456.9416809
2026-10-08,EVRG,80.5199966430664,18565268689.0,187788621.06372833
2026-10-08,EW,84.23999786376953,48555936000.0,326602852.9494858
2026-10-08,EWBC,126.25,17297746820.0,116012708.82171631
2026-10-08,EWTX,39.22999954223633,4260539981.0,77225321.27317429
2026-10-08,EXC,41.72999954223633,43075958043.0,336516894.6686554
2026-10-08,EXE,88.86000061035156,20571426691.0,315726145.6126785
2026-10-08,EXEL,59.02000045776367,14624075462.0,128775474.5195198
2026-10-08,EXK,8.569999694824219,2537309633.0,68976775.99580765
2026-10-08,EXLS,36.869998931884766,5589952838.0,73425489.15971756
2026-10-08,EXP,167.3000030517578,5131981873.0,84764598.05915833
2026-10-08,EXPD,193.7100067138672,25180483388.0,215929950.45173645
2026-10-08,EXPE,270.1300048828125,30928775036.0,619081651.926117
2026-10-08,EXPO,69.77999877929688,3317765742.0,43798877.62939453
2026-10-08,EXTR,24.18000030517578,3195887405.0,36167288.209667206
2026-10-08,EYE,16.739999771118164,1323620300.0,39052275.28053284
2026-10-08,EZPW,31.170000076293945,1915190061.0,20950218.73550415
2026-10-08,F,12.25,47980108990.0,602475221.8814325
2026-10-08,FA,18.729999542236328,3216946632.0,36209038.673057556
2026-10-08,FAF,62.810001373291016,6412901000.0,66775920.74296951
2026-10-08,FANG,191.67999267578125,53675067983.0,654339938.1902313
2026-10-08,FAST,50.4900016784668,57937152461.0,347853009.030323
2026-10-08,FBIN,39.310001373291016,4692492761.0,91268106.37529373
2026-10-08,FBK,52.90999984741211,2644343282.0,35626448.92053604
2026-10-08,FBP,26.670000076293945,4071662708.0,41739353.04040909
2026-10-08,FCEL,17.25,1378810110.0,110909203.78428936
2026-10-08,FCF,20.059999465942383,2027181856.0,23966948.568992615
2026-10-08,FCFS,211.49000549316406,9172701982.0,79610121.60675049
2026-10-08,FCN,140.5,3879426288.0,73758097.28385925
2026-10-08,FCNCA,2065.889892578125,23330343677.0,139682666.3092041
2026-10-08,FCPT,21.25,2332323628.0,30825470.771808624
2026-10-08,FCX,71.13999938964844,102158286586.0,782861617.2183228
2026-10-08,FDS,286.5199890136719,10190239380.0,229217588.9404297
2026-10-08,FDX,291.7300109863281,69043866003.0,476112240.64712524
2026-10-08,FE,44.849998474121094,25952000950.0,193962841.59683228
2026-10-08,FELE,96.87000274658203,4282764518.0,34111946.567993164
2026-10-08,FER,50.290000915527344,36181530348.0,105284489.44120407
2026-10-08,FERG,216.72999572753906,41927007355.0,325909708.1277466
2026-10-08,FFBC,31.200000762939453,3281208091.0,30944623.9605999
2026-10-08,FFIN,31.43000030517578,4504783545.0,29517241.585378647
2026-10-08,FFIV,461.6600036621094,26142504842.0,249930645.14328003
2026-10-08,FHB,24.959999084472656,3037166546.0,59594545.23652077
2026-10-08,FHI,55.95000076293945,4177242722.0,43067673.49969864
2026-10-08,FHN,23.309999465942383,11043745553.0,132298262.63655663
2026-10-08,FIBK,34.939998626708984,3329942969.0,49667613.9140892
2026-10-08,FICO,707.4299926757812,15278814928.0,779687718.6416626
2026-10-08,FIG,22.6299991607666,12062013290.0,255832604.09766197
2026-10-08,FIGR,27.600000381469727,6192829267.0,151946937.369318
2026-10-08,FIGS,14.979999542236328,2488780825.0,41417034.60942268
2026-10-08,FIS,34.34000015258789,17709341190.0,233362957.6419449
2026-10-08,FISV,45.939998626708984,24429363163.0,326370435.8767319
2026-10-08,FITB,50.70000076293945,45979452995.0,369306597.86361694
2026-10-08,FIVE,209.72999572753906,11546482761.0,248907758.96896362
2026-10-08,FIVN,35.150001525878906,2626532115.0,89903748.8640213
2026-10-08,FIX,1706.3900146484375,60055251062.0,548326119.1650391
2026-10-08,FLEX,114.73999786376953,42391891230.0,350274320.8152771
2026-10-08,FLG,11.350000381469727,4711303689.0,69073670.26263714
2026-10-08,FLNC,7.449999809265137,1375242949.0,67581303.98322105
2026-10-08,FLO,5.940000057220459,1259621063.0,47640470.50978184
2026-10-08,FLR,51.0099983215332,6822131828.0,120031541.20227814
2026-10-08,FLS,69.6500015258789,8853405127.0,117293854.41352844
2026-10-08,FLUT,81.58000183105469,14291275280.0,258367786.01558685
2026-10-08,FLYW,18.43000030517578,2242335232.0,25390390.37484169
2026-10-08,FMC,8.920000076293945,1387527105.0,44680741.483531
2026-10-08,FMX,118.7300033569336,40449110696.0,53137815.29747009
2026-10-08,FN,487.3299865722656,17463404273.0,356732969.60006714
2026-10-08,FNB,17.280000686645508,6099856796.0,85972778.0330658
2026-10-08,FND,46.5,4951783373.0,119863802.32765198
2026-10-08,FNF,39.77000045776367,10666028730.0,123633183.01591873
2026-10-08,FNV,240.5,46386151305.0,193595594.35455322
2026-10-08,FORM,137.1300048828125,10712695019.0,270168745.63373566
2026-10-08,FOUR,39.52000045776367,3120503942.0,85416022.27733612
2026-10-08,FOX,56.970001220703125,24022746245.0,68190995.06015778
2026-10-08,FOXA,63.56999969482422,26805792151.0,302037884.8769188
2026-10-08,FPS,39.79999923706055,12116269782.0,431423547.9207039
2026-10-08,FR,59.29999923706055,7861575698.0,75308632.29349136
2026-10-08,FRME,39.59000015258789,2486308337.0,22872026.493663788
2026-10-08,FRO,56.2599983215332,12524763735.0,225213282.5582695
2026-10-08,FROG,97.25,11991052495.0,141341085.81241608
2026-10-08,FRPT,65.18000030517578,3132425263.0,66739958.22107315
2026-10-08,FRSH,13.640000343322754,3558959330.0,99044498.9166069
2026-10-08,FRT,105.45999908447266,9163327966.0,109919371.70124054
2026-10-08,FSK,10.789999961853027,2981711621.0,22504773.17153454
2026-10-08,FSLR,178.85000610351562,19220971584.0,438391260.0291443
2026-10-08,FSLY,25.290000915527344,4028697000.0,204131826.40414238
2026-10-08,FSM,10.609999656677246,3231353876.0,63073348.32976341
2026-10-08,FSS,112.61000061035156,6873895815.0,54661532.767944336
2026-10-08,FSV,128.22000122070312,5599337909.0,25176692.596435547
2026-10-08,FTAI,171.05999755859375,17569074986.0,255319853.97979736
2026-10-08,FTDR,79.58999633789062,5483219020.0,49726089.29298401
2026-10-08,FTI,69.62999725341797,27306406336.0,216256438.3966446
2026-10-08,FTNT,189.10000610351562,138745251782.0,726327939.2112732
2026-10-08,FTRE,20.3700008392334,1937187000.0,35333968.35120201
2026-10-08,FTS,53.380001068115234,27271842000.0,46381892.54180908
2026-10-08,FTV,56.41999816894531,17039802074.0,125524137.08015442
2026-10-08,FUL,50.439998626708984,2715140762.0,56147880.5141449
2026-10-08,FULT,22.270000457763672,4251667318.0,43532674.571027756
2026-10-08,FUN,11.40999984741211,1167429120.0,32894127.310476303
2026-10-08,FUTU,108.76000213623047,15244631113.0,117891105.29842377
2026-10-08,FWONK,95.06999969482422,23834855669.0,233022092.35416412
2026-10-08,G,34.66999816894531,5797760298.0,66047457.37092972
2026-10-08,GAP,23.360000610351562,8205670400.0,140249733.87029648
2026-10-08,GATX,162.77999877929688,5746134000.0,49471197.52357483
2026-10-08,GBCI,42.97999954223633,5596509740.0,50136601.579437256
2026-10-08,GBDC,12.210000038146973,3170345902.0,20226605.708198547
2026-10-08,GCT,56.41999816894531,2014771572.0,36992721.99361801
2026-10-08,GD,329.8999938964844,89256818631.0,469765209.58221436
2026-10-08,GDDY,103.19000244140625,13068776576.0,260857154.6188736
2026-10-08,GDS,30.440000534057617,6099494540.0,51524260.17149925
2026-10-08,GEF,81.87999725341797,3780262123.0,33390496.0105896
2026-10-08,GEHC,64.22000122070312,29007291103.0,253245606.69496536
2026-10-08,GEN,22.75,13617854978.0,322580867.00748444
2026-10-08,GENI,6.630000114440918,1774366725.0,51623402.334320545
2026-10-08,GEO,30.959999084472656,4074942321.0,91366855.88259697
2026-10-08,GEV,999.3499755859375,266160464172.0,2165257658.501587
2026-10-08,GFF,92.1500015258789,4173908079.0,35891837.78076172
2026-10-08,GFI,35.86000061035156,32095569497.0,142378362.78852463
2026-10-08,GFL,42.33000183105469,19009571596.0,144385671.31973267
2026-10-08,GFS,49.36000061035156,27514182244.0,196264429.01359558
2026-10-08,GGAL,36.7599983215332,5904588711.0,34820008.119392395
2026-10-08,GGG,78.37000274658203,12692321187.0,120674610.31139374
2026-10-08,GH,165.55999755859375,22217517905.0,342072715.67245483
2026-10-08,GHC,1184.6199951171875,5016780407.0,39257932.14477539
2026-10-08,GIB,69.68000030517578,16157982388.0,30618372.292900085
2026-10-08,GIII,26.770000457763672,1147804119.0,21097163.7846756
2026-10-08,GIL,41.900001525878906,7759538431.0,90233496.20481491
2026-10-08,GILD,147.10000610351562,182397403301.0,855181713.3989716
2026-10-08,GIS,32.59000015258789,17425454023.0,387663208.3581734
2026-10-08,GKOS,161.2899932861328,9513519199.0,161687763.47732544
2026-10-08,GL,166.0800018310547,12763156158.0,79126075.33058167
2026-10-08,GLBE,40.150001525878906,6727866763.0,62999383.30158234
2026-10-08,GLNG,48.41999816894531,4918952357.0,75381336.60516739
2026-10-08,GLOB,37.04999923706055,1599802550.0,34237821.77158356
2026-10-08,GLPI,38.2599983215332,11130600845.0,137278531.08568192
2026-10-08,GLW,152.8300018310547,131645978627.0,1241926414.7162628
2026-10-08,GLXY,20.084999084472656,7851007373.0,118228854.36240196
2026-10-08,GM,82.25,72170389247.0,635653560.4953766
2026-10-08,GMAB,36.04999923706055,4631589217.0,139302801.07481003
2026-10-08,GME,25.280000686645508,12753785027.0,244741685.5715847
2026-10-08,GMED,73.33000183105469,9845426154.0,126058312.06604004
2026-10-08,GNL,7.960000038146973,1841290142.0,25288258.513650894
2026-10-08,GNRC,224.39999389648438,13241027408.0,320093361.9490814
2026-10-08,GNTX,21.149999618530273,4455952451.0,50292753.411626816
2026-10-08,GNW,9.739999771118164,3680269100.0,47014826.17939949
2026-10-08,GO,11.930000305175781,1182077990.0,24800729.728183746
2026-10-08,GOLD,41.65999984741211,1212158149.0,24105509.319114685
2026-10-08,GOLF,79.13999938964844,4622175182.0,29302419.095611572
2026-10-08,GOOG,344.8599853515625,4217637800000.0,5941371583.773499
2026-10-08,GOOGL,348.2900085449219,4259586700000.0,9211036267.601318
2026-10-08,GPC,128.1699981689453,17669485183.0,119428755.07396698
2026-10-08,GPCR,25.670000076293945,1830524029.0,49848081.72079086
2026-10-08,GPI,236.61000061035156,2820917657.0,70005966.12312317
2026-10-08,GPK,8.579999923706055,2540294096.0,68067752.96429157
2026-10-08,GPN,82.7699966430664,21902464140.0,201618159.4538498
2026-10-08,GPOR,164.63999938964844,2911471698.0,48349106.49391174
2026-10-08,GPRE,15.0600004196167,1055635640.0,20839517.448573112
2026-10-08,GRAL,132.61000061035156,5923189291.0,183414730.6903839
2026-10-08,GRBK,63.63999938964844,2737200693.0,25866721.683273315
2026-10-08,GRDN,41.599998474121094,2635039846.0,30920277.441921234
2026-10-08,GRMN,268.44000244140625,51769334764.0,240604629.70809937
2026-10-08,GRND,14.9399995803833,2596880167.0,26929937.75086403
2026-10-08,GS,882.5900268554688,256984972987.0,2079804861.68396
2026-10-08,GSAT,83.22000122070312,10782265316.0,48899315.07061005
2026-10-08,GSHD,45.3849983215332,1611889348.0,26175583.832130432
2026-10-08,GSK,46.540000915527344,94136719694.0,204839086.24523163
2026-10-08,GTES,26.739999771118164,6769262286.0,47746521.94633484
2026-10-08,GTLB,53.560001373291016,8923096000.0,191062043.76775742
2026-10-08,GTX,25.75,4802205411.0,66476879.76076126
2026-10-08,GTY,27.899999618530273,1727922302.0,22627893.3385849
2026-10-08,GVA,113.83000183105469,4981714173.0,80765032.24803925
2026-10-08,GWRE,164.77999877929688,13510751998.0,204501939.68917847
2026-10-08,GWW,1268.6700439453125,59755552087.0,345084967.51342773
2026-10-08,GXO,46.36000061035156,5316777082.0,60098441.56820297
2026-10-08,H,159.42999267578125,15018561247.0,126444382.56370544
2026-10-08,HAE,119.47000122070312,5435532683.0,72967538.21620941
2026-10-08,HAFN,10.850000381469727,5808343021.0,31142130.782165527
2026-10-08,HAL,32.56999969482422,27135056053.0,348606388.7367153
2026-10-08,HALO,109.83999633789062,12466620320.0,297451397.51789093
2026-10-08,HAPN,15.329999923706055,1769196423.0,28749042.715063095
2026-10-08,HAS,92.5,13046613198.0,159129923.73329163
2026-10-08,HASI,36.349998474121094,4670821967.0,40484762.57452011
2026-10-08,HAYW,11.4399995803833,2426648018.0,51597309.34308052
2026-10-08,HBAN,15.369999885559082,31053775876.0,509362913.5053587
2026-10-08,HBM,25.389999389648438,11276835456.0,117590084.5750618
2026-10-08,HCA,445.010009765625,96345332515.0,596370064.3045044
2026-10-08,HCC,89.80000305175781,4741627413.0,62987961.87175751
2026-10-08,HCI,192.35000610351562,2392616067.0,33184526.234817505
2026-10-08,HD,295.4700012207031,294787353794.0,1612113286.5324402
2026-10-08,HDB,22.010000228881836,112936012300.0,249137109.8637867
2026-10-08,HE,8.819999694824219,1523460995.0,28401509.70958233
2026-10-08,HEI,295.9100036621094,41355613714.0,144507375.87783813
2026-10-08,HESM,34.0,4363929954.0,76462304.02656555
2026-10-08,HGV,34.560001373291016,2686146451.0,43663329.14522171
2026-10-08,HHH,71.93000030517578,4295734119.0,63232503.65304947
2026-10-08,HIG,129.47999572753906,35072506819.0,247352161.65660858
2026-10-08,HII,265.0199890136719,10443006562.0,151268354.46472168
2026-10-08,HIMS,28.059999465942383,6546774369.0,285118215.7287884
2026-10-08,HIW,29.18000030517578,3218735237.0,37610882.71533966
2026-10-08,HL,16.729999542236328,11238685851.0,703752740.831461
2026-10-08,HLI,125.52999877929688,8772852345.0,113772580.46989441
2026-10-08,HLIO,67.94999694824219,2242350000.0,28423015.851478577
2026-10-08,HLN,9.260000228881836,40728020870.0,197275407.6775694
2026-10-08,HLNE,85.66000366210938,4720777251.0,59411038.269958496
2026-10-08,HLT,323.2900085449219,72761234754.0,498062316.3847351
2026-10-08,HMC,32.47999954223633,42143670919.0,32345189.510860443
2026-10-08,HMY,16.84000015258789,10689488472.0,74731880.8615017
2026-10-08,HNGE,98.0,7908052866.0,182274365.60749054
2026-10-08,HNI,46.90999984741211,3386048238.0,26286272.255535126
2026-10-08,HOG,26.75,2783939562.0,54161332.92509079
2026-10-08,HOMB,28.479999542236328,5697413462.0,46479076.99879646
2026-10-08,HON,206.60000610351562,65479806066.0,619112843.0993652
2026-10-08,HOOD,107.01000213623047,96210794034.0,2526568946.3856506
2026-10-08,HOS,7.630000114440918,1695131059.0,21911163.282837868
2026-10-08,HP,40.189998626708984,4016546200.0,44174025.23729324
2026-10-08,HPE,71.0,94249999309.0,1384847598.385334
2026-10-08,HPQ,32.439998626708984,29254099034.0,493652096.66285515
2026-10-08,HQY,93.05000305175781,7696658293.0,86498616.495018
2026-10-08,HR,17.190000534057617,5891352674.0,84722896.62932396
2026-10-08,HRB,44.59000015258789,5464819484.0,90786226.75765991
2026-10-08,HRI,123.86000061035156,4140818654.0,121122884.14646149
2026-10-08,HRL,19.420000076293945,10687812536.0,108240890.53848267
2026-10-08,HRMY,39.599998474121094,2306161163.0,42427825.68426132
2026-10-08,HROW,30.520000457763672,1144129182.0,20289915.699253082
2026-10-08,HSBC,92.61000061035156,317961465242.0,175223948.41358185
2026-10-08,HSIC,84.62999725341797,9431720849.0,113478640.4919815
2026-10-08,HST,22.540000915527344,15442703953.0,193511868.02502632
2026-10-08,HSY,162.5399932861328,32658456289.0,253449679.9359131
2026-10-08,HTFL,47.630001068115234,4141601254.0,99985088.32811356
2026-10-08,HTGC,16.549999237060547,3097564200.0,20607094.639520645
2026-10-08,HTHT,42.66999816894531,13122041357.0,57223040.70384979
2026-10-08,HTO,58.06999969482422,2430624608.0,31453053.742027283
2026-10-08,HUBB,475.3999938964844,25116604253.0,229029720.7146576
2026-10-08,HUBG,26.43000030517578,1616287269.0,46623328.54273796
2026-10-08,HUBS,231.83999633789062,11560980040.0,394994772.31536865
2026-10-08,HUM,387.1199951171875,46485488833.0,499056011.83807373
2026-10-08,HUN,8.5,1490718236.0,25835041.27849579
2026-10-08,HURN,165.30999755859375,2630094002.0,41741591.42616272
2026-10-08,HUT,79.58999633789062,9810221058.0,473377173.438797
2026-10-08,HWC,72.70999908447266,5833018547.0,68747049.29096222
2026-10-08,HWKN,127.79000091552734,2667631201.0,22843115.56663513
2026-10-08,HXL,85.12999725341797,6437824469.0,81582869.4311142
2026-10-08,HYMC,18.209999084472656,1696838411.0,44383569.09755707
2026-10-08,HZO,52.43000030517578,1158008093.0,38076273.59020233
2026-10-08,IAG,18.399999618530273,10506400000.0,107527114.65104103
2026-10-08,IBKR,86.47000122070312,39177669446.0,349009689.1215515
2026-10-08,IBM,226.61000061035156,213497074118.0,1391085243.929596
2026-10-08,IBN,27.899999618530273,99883570352.0,124809194.566288
2026-10-08,IBOC,68.4000015258789,4253899558.0,28606487.834091187
2026-10-08,IBP,187.8300018310547,4992366816.0,96420101.61354065
2026-10-08,IBRX,9.90999984741211,10502977465.0,129967494.89893913
2026-10-08,ICE,155.35000610351562,87212633555.0,397312080.337677
2026-10-08,ICHR,58.83000183105469,2203432292.0,41299084.56624985
2026-10-08,ICLR,164.5,12595324963.0,180950846.19026184
2026-10-08,ICUI,157.17999267578125,3930606233.0,40277425.47515869
2026-10-08,IDA,134.0800018310547,7755461125.0,91372021.78100586
2026-10-08,IDCC,328.29998779296875,8472112098.0,70652332.50610352
2026-10-08,IDT,80.6500015258789,2003240026.0,29949811.086502075
2026-10-08,IDXX,513.1400146484375,40425741864.0,260409436.17004395
2026-10-08,IDYA,36.060001373291016,3479410793.0,33159224.40208435
2026-10-08,IE,9.65999984741211,1541641902.0,22693959.371142387
2026-10-08,IESC,300.42999267578125,11971748546.0,81842782.78564453
2026-10-08,IEX,231.75,17084585898.0,147130569.87838745
2026-10-08,IFF,84.6500015258789,21598444368.0,154170306.0836029
2026-10-08,IHG,159.47999572753906,23469286357.0,23623529.835357666
2026-10-08,IIPR,51.91999816894531,1431504440.0,24981370.4980278
2026-10-08,ILMN,264.57000732421875,39950070000.0,1150090159.2668915
2026-10-08,IMAX,51.310001373291016,2813948869.0,60811916.34096146
2026-10-08,IMNM,19.309999465942383,2278640170.0,34418808.59211922
2026-10-08,IMO,122.79000091552734,59380384470.0,77767532.44987488
2026-10-08,IMVT,30.260000228881836,6250284157.0,56027355.41742325
2026-10-08,INBX,92.76000213623047,1365210142.0,26537400.236740112
2026-10-08,INCY,112.75,22854170862.0,210947085.7598114
2026-10-08,INDB,77.12000274658203,3653104915.0,35539176.90452576
2026-10-08,INDV,35.45000076293945,4184232060.0,73863453.06119919
2026-10-08,INFQ,11.15999984741211,2514984700.0,105435612.00383186
2026-10-08,INFY,10.699999809265137,43403052974.0,204784063.65530968
2026-10-08,ING,33.43000030517578,97028491910.0,85087792.21139908
2026-10-08,INGM,27.600000381469727,6366268550.0,60805412.273197174
2026-10-08,INGR,95.11000061035156,5998015043.0,67523992.81040192
2026-10-08,INOD,61.20000076293945,2104218241.0,112580714.82164383
2026-10-08,INSM,100.4800033569336,21942973421.0,310254148.80729675
2026-10-08,INSP,66.69000244140625,1928032909.0,71658023.51604462
2026-10-08,INSW,121.81999969482422,6033904306.0,94437749.40021515
2026-10-08,INTA,38.650001525878906,2964253440.0,20517767.50492096
2026-10-08,INTC,107.08000183105469,565925243238.0,12506794486.799698
2026-10-08,INTR,7.239999771118164,3195168840.0,43861195.750005245
2026-10-08,INTU,303.8800048828125,81207675680.0,1127877748.6950684
2026-10-08,INVA,20.8700008392334,1507763272.0,21709496.8556118
2026-10-08,INVH,26.479999542236328,15639703024.0,159592380.9260559
2026-10-08,INVX,27.579999923706055,1928830109.0,21568090.146808624
2026-10-08,IONQ,39.45000076293945,15030541287.0,996280219.733715
2026-10-08,IONS,43.29999923706055,7195781143.0,194254832.81705856
2026-10-08,IOSP,97.69000244140625,2406206981.0,23643924.262695312
2026-10-08,IOT,41.220001220703125,24138646715.0,227238911.6654396
2026-10-08,IOVA,13.3100004196167,6029049760.0,235162594.14646626
2026-10-08,IP,31.8799991607666,16882688253.0,195548242.75476456
2026-10-08,IPAR,111.5999984741211,3574077160.0,26221785.73616028
2026-10-08,IPGP,77.73999786376953,3306635062.0,34108658.268013
2026-10-08,IQV,258.8800048828125,42611648000.0,432916249.5448303
2026-10-08,IR,78.0,30263955462.0,394294337.28092194
2026-10-08,IRDM,47.560001373291016,5039475815.0,57459943.19503784
2026-10-08,IREN,35.709999084472656,14071834320.0,1577852085.753193
2026-10-08,IRM,112.97000122070312,33631486672.0,185252161.08200073
2026-10-08,IRON,60.77000045776367,2333133130.0,42743209.59075928
2026-10-08,IRT,14.640000343322754,3451300461.0,59289349.065971375
2026-10-08,IRTC,102.5999984741211,3382004108.0,56682860.49613953
2026-10-08,ISRG,415.4100036621094,146755229766.0,892539701.7481995
2026-10-08,IT,195.41000366210938,12339941400.0,184992973.64456177
2026-10-08,ITGR,126.6500015258789,4305092879.0,92942952.69947052
2026-10-08,ITRI,84.2300033569336,3688158205.0,57603633.15238953
2026-10-08,ITT,198.6999969482422,17763780000.0,184936435.77087402
2026-10-08,ITW,264.7099914550781,75389408000.0,376363905.88287354
2026-10-08,IVT,29.59000015258789,2307381773.0,22345325.205717087
2026-10-08,IVZ,30.09000015258789,13284728380.0,143035889.73166466
2026-10-08,J,138.58999633789062,16220381098.0,117502708.11805725
2026-10-08,JAN,28.100000381469727,8719170806.0,56911280.374736786
2026-10-08,JAZZ,222.4499969482422,14440247654.0,188290893.99909973
2026-10-08,JBHT,228.4199981689453,21452050366.0,288585151.48353577
2026-10-08,JBL,299.1600036621094,31348105545.0,474411333.93081665
2026-10-08,JBS,12.75,13654347134.0,68392917.27676868
2026-10-08,JBTM,105.36000061035156,5465741439.0,64920648.81813049
2026-10-08,JCI,154.0,93284186380.0,490920627.772522
2026-10-08,JD,26.90999984741211,36167040000.0,160543256.00096703
2026-10-08,JEF,44.400001525878906,8602175436.0,132074393.77540588
2026-10-08,JHX,25.149999618530273,14600140573.0,361440739.2159748
2026-10-08,JKHY,149.0500030517578,10450193451.0,159693781.20536804
2026-10-08,JLL,303.1400146484375,13891912507.0,141283939.5074463
2026-10-08,JNJ,256.4800109863281,618090792159.0,1791071215.5090332
2026-10-08,JOBY,5.75,5714778059.0,143241597.9622388
2026-10-08,JOYY,80.8499984741211,4181723053.0,27768890.970230103
2026-10-08,JPM,331.4200134277344,880976068747.0,2967688839.4969177
2026-10-08,JXN,133.05999755859375,9011986677.0,121698951.15943909
2026-10-08,KAI,260.54998779296875,3076865434.0,46547748.00354004
2026-10-08,KALU,149.74000549316406,2448113036.0,33318169.813461304
2026-10-08,KBH,44.369998931884766,2720312631.0,91252912.8950119
2026-10-08,KBR,35.18000030517578,4435063621.0,57327595.86046219
2026-10-08,KD,11.880000114440918,2587680964.0,52649857.49042034
2026-10-08,KDP,31.260000228881836,42539421948.0,349856161.62034035
2026-10-08,KEX,138.11000061035156,7292208000.0,65501517.0942688
2026-10-08,KEY,20.100000381469727,21449283935.0,335146505.35203934
2026-10-08,KEYS,374.6700134277344,63785598609.0,414288110.47195435
2026-10-08,KFY,72.93000030517578,3978977003.0,48454267.00847626
2026-10-08,KGC,23.34000015258789,27870294000.0,203597265.84259987
2026-10-08,KGS,53.56999969482422,5430791336.0,111781222.22122192
2026-10-08,KHC,22.479999542236328,26657318080.0,514998864.51483727
2026-10-08,KIM,22.09000015258789,14817737250.0,124331540.55387497
2026-10-08,KKR,89.55999755859375,80392244426.0,407038728.06510925
2026-10-08,KLAC,196.72000122070312,256720877106.0,1689158217.834015
2026-10-08,KLAR,13.460000038146973,9497974957.0,69995340.02464294
2026-10-08,KLIC,90.91999816894531,4757763136.0,68772421.9406128
2026-10-08,KMB,97.73999786376953,32506275174.0,433743658.76068115
2026-10-08,KMI,32.25,71814367370.0,410778049.7380066
2026-10-08,KMPR,27.469999313354492,1618619040.0,23680925.79566002
2026-10-08,KMT,31.709999084472656,2422327883.0,43903869.678087234
2026-10-08,KMX,53.790000915527344,7635103589.0,207588012.6425171
2026-10-08,KN,37.13999938964844,3172139508.0,25127559.952964783
2026-10-08,KNF,52.27000045776367,2967023963.0,63298759.74407196
2026-10-08,KNSA,78.75,6144391024.0,42409863.06869507
2026-10-08,KNSL,339.6499938964844,7736692051.0,76989703.22402954
2026-10-08,KNTK,54.40999984741211,8835048409.0,75585197.262249
2026-10-08,KNX,65.05000305175781,10587277800.0,248605334.29735184
2026-10-08,KO,87.7699966430664,377634747058.0,1405761341.022911
2026-10-08,KOD,94.26000213623047,5924189817.0,309497190.9760666
2026-10-08,KR,61.40999984741211,36268052067.0,513291476.1940956
2026-10-08,KRC,34.189998626708984,3976604300.0,51774481.58809662
2026-10-08,KRG,24.079999923706055,4824354147.0,55399546.984386444
2026-10-08,KRMN,31.690000534057617,4199993207.0,138761625.00481606
2026-10-08,KRYS,327.29998779296875,9687699023.0,102886967.2114563
2026-10-08,KSPI,92.83000183105469,17575825556.0,49059479.60342407
2026-10-08,KSS,20.110000610351562,2280000309.0,72933371.79093361
2026-10-08,KT,18.549999237060547,8944626837.0,30143812.69288063
2026-10-08,KTB,66.33999633789062,3625721151.0,49831344.69717026
2026-10-08,KTOS,41.93000030517578,7871155241.0,206491490.60749054
2026-10-08,KVUE,17.729999542236328,34055313570.0,406026304.2880821
2026-10-08,KVYO,17.56999969482422,5002661068.0,104233252.12911129
2026-10-08,KWR,158.11000061035156,2720709763.0,23859775.10307312
2026-10-08,KYMR,109.30000305175781,9088362547.0,96350139.66434479
2026-10-08,L,107.5999984741211,21996422672.0,119620687.83821106
2026-10-08,LAD,288.8699951171875,6350262719.0,108100368.17993164
2026-10-08,LAMR,145.6999969482422,14795788959.0,85852444.56695557
2026-10-08,LASR,38.310001373291016,2210111447.0,33773657.248859406
2026-10-08,LAUR,39.20000076293945,5399774912.0,41894920.41547775
2026-10-08,LAZ,35.81999969482422,3490679489.0,73752553.04199219
2026-10-08,LBRT,18.850000381469727,3076158192.0,77987940.96381187
2026-10-08,LBTYA,8.930000305175781,3045911964.0,32288936.410121918
2026-10-08,LCII,80.19000244140625,1949539746.0,32324011.824798584
2026-10-08,LDOS,119.22000122070312,14961181157.0,164921908.50833893
2026-10-08,LEA,118.52999877929688,5846464277.0,81569597.32730865
2026-10-08,LECO,258.7799987792969,14104999796.0,104935467.95005798
2026-10-08,LEGN,18.709999084472656,3638878207.0,44737253.43278885
2026-10-08,LEN,77.5999984741211,18461058546.0,506467522.7602005
2026-10-08,LEU,142.08999633789062,2803990988.0,115288103.52928162
2026-10-08,LEVI,19.049999237060547,7305098528.0,80130615.80476761
2026-10-08,LFST,12.0600004196167,4608779013.0,65306586.48358822
2026-10-08,LFUS,425.29998779296875,10802087099.0,85820556.2020874
2026-10-08,LGN,51.54999923706055,5571290994.0,55533648.584423065
2026-10-08,LGND,295.0,5881004655.0,81690528.8772583
2026-10-08,LH,314.20001220703125,25481620000.0,255157178.80599976
2026-10-08,LHX,236.9199981689453,44117966823.0,388168034.24591064
2026-10-08,LI,10.899999618530273,10652291756.0,33767688.13495159
2026-10-08,LIF,41.880001068115234,3412397854.0,25676992.99785614
2026-10-08,LIFE,36.220001220703125,2309367424.0,63771765.35680771
2026-10-08,LII,361.5400085449219,12495066440.0,177924349.07546997
2026-10-08,LIN,481.70001220703125,222054144517.0,1022151962.2741699
2026-10-08,LIND,35.540000915527344,2332123747.0,31025286.4249897
2026-10-08,LINE,34.439998626708984,7842332813.0,39962293.69382858
2026-10-08,LION,11.279999732971191,3356473190.0,36088256.35945797
2026-10-08,LITE,1048.5999755859375,94985182802.0,4560229465.924072
2026-10-08,LIVN,75.91000366210938,4182148116.0,51851809.36306
2026-10-08,LKQ,22.010000228881836,5568575913.0,76825089.51990128
2026-10-08,LLY,1169.5999755859375,1101011223224.0,2662528942.0355225
2026-10-08,LLYVK,98.43000030517578,9056089160.0,31371149.302482605
2026-10-08,LMAT,79.63999938964844,1821307627.0,21779690.39806366
2026-10-08,LMND,46.90999984741211,3630675210.0,51165399.692668915
2026-10-08,LMT,507.8900146484375,117216315541.0,603420755.8779907
2026-10-08,LNC,40.9900016784668,7847426303.0,93954571.10425949
2026-10-08,LNG,277.8800048828125,57391711825.0,519758318.99658203
2026-10-08,LNT,65.5,16983147785.0,188853816.54277802
2026-10-08,LNTH,100.12000274658203,6535069584.0,95919089.62036133
2026-10-08,LOAR,61.619998931884766,5773083583.0,46587465.38228989
2026-10-08,LOGI,101.5,14533615698.0,68830030.9495163
2026-10-08,LOPE,160.3000030517578,4178225431.0,50090589.313812256
2026-10-08,LOW,188.85000610351562,105955051488.0,642791394.812088
2026-10-08,LPG,58.22999954223633,2491235515.0,35519100.11854172
2026-10-08,LPLA,328.0,25827471120.0,285265628.1140137
2026-10-08,LPX,65.05999755859375,4549217055.0,75453643.13415527
2026-10-08,LQDA,28.020000457763672,2508039126.0,169626340.6961918
2026-10-08,LRCX,320.5899963378906,401194136214.0,2858781060.947113
2026-10-08,LRN,81.36000061035156,3381308989.0,55338377.42549896
2026-10-08,LSCC,124.9800033569336,17750943395.0,238480948.7539673
2026-10-08,LSTR,169.47000122070312,5751290680.0,60690790.01716614
2026-10-08,LTC,42.04999923706055,2266728924.0,29553700.526943207
2026-10-08,LTH,40.279998779296875,9001047265.0,139168870.43783188
2026-10-08,LTM,50.439998626708984,14481727116.0,37588058.17483902
2026-10-08,LULU,92.68000030517578,9786457852.0,502205881.25904083
2026-10-08,LUMN,5.559999942779541,5734836446.0,83727509.01652098
2026-10-08,LUNR,13.699999809265137,3136259732.0,122833965.94458103
2026-10-08,LUV,41.36000061035156,20233651193.0,279962983.2538986
2026-10-08,LVS,36.099998474121094,23382012742.0,229864144.0100479
2026-10-08,LW,49.459999084472656,6814620909.0,121286907.9309082
2026-10-08,LXP,61.0099983215332,3596982677.0,53520040.97818375
2026-10-08,LYB,60.34000015258789,19492110024.0,233566837.38624573
2026-10-08,LYFT,16.1299991607666,6105854216.0,140904687.0687008
2026-10-08,LYG,5.380000114440918,79737054857.0,89064913.8126564
2026-10-08,LYV,171.33999633789062,40373505572.0,339122223.0832672
2026-10-08,LZB,29.549999237060547,1183559383.0,23687630.221681595
2026-10-08,M,22.790000915527344,5952215762.0,153337156.38970375
2026-10-08,MA,574.760009765625,503495473114.0,1602145935.8148193
2026-10-08,MAA,116.19000244140625,13480591184.0,158277122.05337524
2026-10-08,MAC,22.200000762939453,6295018125.0,76359494.28352356
2026-10-08,MAIN,54.470001220703125,5093405871.0,27185282.86880493
2026-10-08,MAN,54.36000061035156,2528042785.0,48443109.35558319
2026-10-08,MANE,126.62999725341797,5290618622.0,107592847.42191315
2026-10-08,MANH,206.77999877929688,12056302110.0,123391569.17785645
2026-10-08,MAR,361.0799865722656,94157491271.0,517301232.454834
2026-10-08,MARA,9.90999984741211,3828226033.0,520170382.18874454
2026-10-08,MAS,69.5,13704526385.0,166753824.38480377
2026-10-08,MAT,16.579999923706055,4736906000.0,128575148.2660532
2026-10-08,MATX,227.7899932861328,6811708698.0,72145764.31991577
2026-10-08,MAZE,25.8799991607666,1437612468.0,24188265.601530075
2026-10-08,MBC,6.929999828338623,1410189096.0,24752258.305957317
2026-10-08,MBLY,7.059999942779541,6002324442.0,49336388.59819174
2026-10-08,MBX,53.25,2564525112.0,33605351.94898605
2026-10-08,MC,56.27000045776367,4404200456.0,55934156.88064575
2026-10-08,MCD,236.89999389648438,167640278694.0,1589439750.0458527
2026-10-08,MCHP,75.5199966430664,41008016344.0,640980346.3983917
2026-10-08,MCK,930.25,108458185181.0,757148711.1911011
2026-10-08,MCO,458.69000244140625,79445108000.0,386325884.7866821
2026-10-08,MCRI,115.37000274658203,2067721248.0,24446622.674674988
2026-10-08,MCY,102.29000091552734,5665702656.0,34085650.440216064
2026-10-08,MD,26.239999771118164,2132085831.0,20318702.229213715
2026-10-08,MDB,371.3500061035156,29914597230.0,1103607785.547943
2026-10-08,MDGL,476.9100036621094,11018588731.0,128751452.0866394
2026-10-08,MDLN,35.7400016784668,46987645764.0,326004739.46237564
2026-10-08,MDLZ,60.66999816894531,77433609818.0,483380808.11445236
2026-10-08,MDT,87.75,112244349848.0,2224002747.797737
2026-10-08,MDU,18.809999465942383,3956673267.0,39127272.89640427
2026-10-08,MEDP,602.7000122070312,16822354469.0,161003998.44482422
2026-10-08,MELI,1856.6600341796875,94126724401.0,1250315391.428833
2026-10-08,MEOH,62.040000915527344,4799678877.0,53330061.13443375
2026-10-08,MET,98.47000122070312,62575413002.0,320475996.04141235
2026-10-08,META,720.8900146484375,1836471762540.0,15775321907.55127
2026-10-08,MFC,42.119998931884766,70293668450.0,61745567.65144348
2026-10-08,MFG,10.670000076293945,132833422490.0,37943228.66612911
2026-10-08,MGA,63.81999969482422,16941296362.0,69425367.95314789
2026-10-08,MGM,30.010000228881836,7752277521.0,182787193.7265396
2026-10-08,MGNI,25.450000762939453,3650144796.0,55775951.607608795
2026-10-08,MGY,24.479999542236328,6560794763.0,129576018.96055222
2026-10-08,MHK,119.44000244140625,8090644039.0,143050423.84872437
2026-10-08,MHO,130.1699981689453,3291092145.0,27936056.177215576
2026-10-08,MIAX,30.700000762939453,3046388569.0,72257543.95490646
2026-10-08,MIDD,105.4000015258789,4766435585.0,69766042.81791687
2026-10-08,MIR,16.219999313354492,4039390634.0,63030380.103173256
2026-10-08,MIRM,81.3499984741211,5282234714.0,78118534.72190857
2026-10-08,MKC,45.939998626708984,12360822165.0,202194636.67898178
2026-10-08,MKL,1767.8199462890625,21903215552.0,138565445.72021484
2026-10-08,MKSI,260.3800048828125,17606259752.0,319675602.6296997
2026-10-08,MKTX,164.30999755859375,5782543920.0,140914981.72058105
2026-10-08,MLI,60.4900016784668,13379262160.0,117138339.08205032
2026-10-08,MLM,481.57000732421875,34201260800.0,422143302.08251953
2026-10-08,MLYS,22.3799991607666,1978546086.0,38667779.31245804
2026-10-08,MMED,19.799999237060547,5570728634.0,116422156.77895546
2026-10-08,MMM,163.5800018310547,84361872973.0,502933254.88716125
2026-10-08,MMS,58.77000045776367,3077065732.0,44748916.82243347
2026-10-08,MMSI,85.25,5090313305.0,48991088.24134827
2026-10-08,MMYT,43.529998779296875,4094373557.0,52869468.217105865
2026-10-08,MNDY,88.91000366210938,3814856391.0,93977711.07971191
2026-10-08,MNST,43.650001525878906,128269042535.0,427848537.9863548
2026-10-08,MO,71.41999816894531,119253111195.0,552767301.349411
2026-10-08,MOD,181.88999938964844,9660670458.0,260605111.46362305
2026-10-08,MOH,195.75999450683594,10218672000.0,127154796.08673096
2026-10-08,MORN,202.74000549316406,7605501385.0,61771083.55804443
2026-10-08,MOS,19.729999542236328,6272081096.0,200086866.81614876
2026-10-08,MP,46.13999938964844,8217607270.0,249494190.41669846
2026-10-08,MPC,463.3399963378906,130117345688.0,1241660278.710022
2026-10-08,MPWR,1369.800048828125,67316081400.0,955358476.1297607
2026-10-08,MRCY,78.5199966430664,4779008773.0,53130948.528785706
2026-10-08,MRK,142.3800048828125,351275897818.0,1439678449.045105
2026-10-08,MRNA,197.0,78649470133.0,3080205367.187195
2026-10-08,MRP,22.6299991607666,3757664588.0,82567763.35895538
2026-10-08,MRSH,176.6699981689453,84308914718.0,516211113.2511902
2026-10-08,MRVI,7.210000038146973,1872246836.0,20153878.531212807
2026-10-08,MRVL,274.6600036621094,240849354000.0,5088281633.432159
2026-10-08,MRX,71.16999816894531,5276034009.0,54082721.36219025
2026-10-08,MS,187.44000244140625,294386945772.0,1147137372.058487
2026-10-08,MSA,178.10000610351562,6870793271.0,45680289.56619263
2026-10-08,MSCI,561.6699829101562,40833409000.0,319000603.98376465
2026-10-08,MSFT,522.6099853515625,3880664329052.0,11281835304.50943
2026-10-08,MSGE,81.66000366210938,3862945408.0,50999683.97766113
2026-10-08,MSGS,407.1700134277344,9804629577.0,126166869.8904419
2026-10-08,MSI,447.1199951171875,73995582491.0,390680992.9885864
2026-10-08,MSM,128.9199981689453,7199704738.0,104031712.16239929
2026-10-08,MSTR,151.47000122070312,63916993725.0,3501558355.2875137
2026-10-08,MT,61.29999923706055,46657012705.0,97678143.81896973
2026-10-08,MTB,217.55999755859375,31419201961.0,245163144.52980042
2026-10-08,MTCH,41.5,9526365878.0,146304573.9633751
2026-10-08,MTD,1529.4599609375,30645115528.0,322887514.32922363
2026-10-08,MTDR,54.47999954223633,6742129688.0,93775547.70511627
2026-10-08,MTG,27.8700008392334,5716829291.0,80431446.81073189
2026-10-08,MTH,60.630001068115234,3951505259.0,62167050.5960083
2026-10-08,MTN,146.08999633789062,5205960685.0,153588456.73103333
2026-10-08,MTRN,277.1099853515625,5773233535.0,78988523.669281
2026-10-08,MTSI,322.2099914550781,24607477678.0,389728484.0118408
2026-10-08,MTZ,216.66000366210938,17398870034.0,328134452.50312805
2026-10-08,MU,1035.8399658203125,1169870601532.0,26837604133.160706
2026-10-08,MUFG,22.479999542236328,266786141482.0,68059146.7179203
2026-10-08,MUR,38.599998474121094,5534511425.0,63003073.95011902
2026-10-08,MUSA,518.219970703125,9525063422.0,118711600.72906494
2026-10-08,MUX,17.31999969482422,1062730363.0,25785962.1077919
2026-10-08,MWA,21.559999465942383,3366069639.0,36459754.402103424
2026-10-08,MWH,25.690000534057617,5199314888.0,34529010.729026794
2026-10-08,MXL,93.69999694824219,8497951997.0,281889961.0477829
2026-10-08,MYRG,310.80999755859375,4839078593.0,72762954.763031
2026-10-08,MZTI,102.19000244140625,2788867290.0,46800856.01268768
2026-10-08,NAMS,21.260000228881836,2541360213.0,40575293.861846924
2026-10-08,NAT,8.579999923706055,1816820689.0,43634558.05478573
2026-10-08,NATL,45.619998931884766,3371178129.0,40081025.75937271
2026-10-08,NAVN,23.079999923706055,6010274178.0,87067858.19099426
2026-10-08,NBHC,38.18000030517578,1700519904.0,21862218.0333519
2026-10-08,NBIS,219.7100067138672,59729309947.0,3704064399.754715
2026-10-08,NBIX,141.25,14357946816.0,207057590.91056824
2026-10-08,NCLH,15.489999771118164,7112819735.0,321684469.01876926
2026-10-08,NCNO,19.68000030517578,2080887904.0,44833257.13288307
2026-10-08,NDAQ,92.37000274658203,51632739852.0,315080721.56967163
2026-10-08,NDSN,326.8699951171875,18206451764.0,119879657.78762817
2026-10-08,NE,42.150001525878906,6728919489.0,53311958.72621536
2026-10-08,NEE,77.37000274658203,161392134030.0,1022175439.727745
2026-10-08,NEM,115.55000305175781,121754141914.0,738298678.2814026
2026-10-08,NEO,16.020000457763672,2058176549.0,47096367.271409035
2026-10-08,NEOG,11.710000038146973,2556363658.0,70151572.23909378
2026-10-08,NESR,23.239999771118164,2343794763.0,69722232.5215149
2026-10-08,NET,341.8900146484375,121740093761.0,1030341777.3840332
2026-10-08,NEU,903.6300048828125,8310148354.0,111652569.68933105
2026-10-08,NFG,78.20999908447266,7433477193.0,78378553.49597931
2026-10-08,NFLX,71.56999969482422,298013162611.0,2677959575.955467
2026-10-08,NG,6.28000020980835,2755764442.0,40177141.017513275
2026-10-08,NGG,77.11000061035156,80962902781.0,73654509.04823303
2026-10-08,NGVT,71.41000366210938,2454927410.0,20020234.856796265
2026-10-08,NHC,225.1699981689453,3526476312.0,24774017.968444824
2026-10-08,NHI,64.58000183105469,3171551828.0,28453211.8781662
2026-10-08,NI,40.529998779296875,19436570853.0,226481117.81661987
2026-10-08,NIC,164.02999877929688,3437660857.0,26919845.24497986
2026-10-08,NICE,117.30999755859375,6968633970.0,66443466.5901947
2026-10-08,NIQ,17.90999984741211,5282659524.0,23066681.684684753
2026-10-08,NJR,51.0099983215332,5175879925.0,42708841.74127579
2026-10-08,NKE,34.7400016784668,51599628719.0,1689077950.7494926
2026-10-08,NKTR,40.79999923706055,1393034155.0,110041807.783432
2026-10-08,NLY,18.270000457763672,13770362855.0,285866690.78959465
2026-10-08,NMIH,40.61000061035156,3054596929.0,32378348.134860992
2026-10-08,NMRK,12.520000457763672,2268982410.0,29322740.203700066
2026-10-08,NN,11.600000381469727,1958194956.0,39220112.558493614
2026-10-08,NNN,40.27000045776367,7729077478.0,105058364.11727905
2026-10-08,NOC,484.4800109863281,68826694836.0,491337004.4242859
2026-10-08,NOG,25.139999389648438,2678645078.0,51565718.35506439
2026-10-08,NOK,10.140000343322754,58226310517.0,894999076.39606
2026-10-08,NOV,18.989999771118164,6769519594.0,69622748.57585907
2026-10-08,NOVT,136.3300018310547,5155696584.0,56344290.62034607
2026-10-08,NOW,139.75,144501500000.0,1521584867.9257202
2026-10-08,NPO,307.67999267578125,6512872090.0,54643138.048706055
2026-10-08,NRG,106.31999969482422,22349578553.0,328354521.186676
2026-10-08,NRIX,22.209999084472656,2304991179.0,38524614.683885574
2026-10-08,NSC,316.989990234375,71198608157.0,309720098.6997986
2026-10-08,NSIT,161.3699951171875,4736023925.0,62352738.02871704
2026-10-08,NSP,49.7400016784668,1899832730.0,23141978.645305634
2026-10-08,NTAP,231.0500030517578,45382611105.0,552958490.1941681
2026-10-08,NTCT,39.29999923706055,2857397362.0,25671934.418678284
2026-10-08,NTES,119.5999984741211,76320121358.0,73412390.60482025
2026-10-08,NTLA,12.600000381469727,1765596332.0,66443294.06136036
2026-10-08,NTNX,73.11000061035156,19781385787.0,181517503.19972992
2026-10-08,NTR,69.87000274658203,33674701220.0,181253741.13853455
2026-10-08,NTRA,390.7900085449219,56330100194.0,769278505.364685
2026-10-08,NTRS,168.5,30828027531.0,188795953.5144043
2026-10-08,NTSK,19.610000610351562,8012405738.0,131249230.09004116
2026-10-08,NTST,17.43000030517578,1769633005.0,33605906.24670982
2026-10-08,NU,15.380000114440918,74680260460.0,1184742881.2194443
2026-10-08,NUE,246.13999938964844,55843178891.0,320513344.9106598
2026-10-08,NUTX,205.00999450683594,1403902945.0,35164512.25532532
2026-10-08,NVAX,11.010000228881836,1816052443.0,80132416.85334682
2026-10-08,NVCR,14.220000267028809,1655859845.0,22130261.268777847
2026-10-08,NVDA,230.47999572753906,5554568000000.0,24678849221.0054
2026-10-08,NVMI,354.5899963378906,11269924041.0,174019599.98046875
2026-10-08,NVO,38.18000030517578,169058387254.0,604660377.498455
2026-10-08,NVR,6002.5498046875,15995955393.0,259258711.45507812
2026-10-08,NVS,143.11000061035156,273075586782.0,275397889.5069885
2026-10-08,NVST,22.719999313354492,3649234348.0,74059978.87882233
2026-10-08,NVT,164.1999969482422,26577073584.0,314917130.9126282
2026-10-08,NVTS,10.930000305175781,2853751824.0,177559710.39907455
2026-10-08,NWE,74.62999725341797,4591077146.0,42802265.266571045
2026-10-08,NWG,17.149999618530273,68171843270.0,73177812.86448479
2026-10-08,NWL,5.730000019073486,2440407000.0,30751613.694474697
2026-10-08,NWS,31.920000076293945,17251036416.0,38828131.27749443
2026-10-08,NWSA,28.969999313354492,15656720707.0,132770116.86935425
2026-10-08,NXE,8.670000076293945,5813287896.0,42251169.55657005
2026-10-08,NXPI,231.07000732421875,58267575686.0,780464771.231842
2026-10-08,NXST,162.11000061035156,4994333675.0,63103679.206848145
2026-10-08,NXT,85.26000213623047,12936458875.0,178565471.47052765
2026-10-08,NYT,66.5999984741211,10689490609.0,233209716.7937088
2026-10-08,O,54.16999816894531,51256630848.0,533283316.44420624
2026-10-08,OBDC,10.170000076293945,5015259927.0,40882640.09884834
2026-10-08,OC,117.19999694824219,9264505648.0,146920824.31308746
2026-10-08,OCFC,16.420000076293945,1586914496.0,20455911.936750412
2026-10-08,OCUL,7.510000228881836,1649315169.0,32013627.606470585
2026-10-08,ODD,19.549999237060547,1107638192.0,22582310.35434723
2026-10-08,ODFL,181.64999389648438,37666330386.0,327436366.1003113
2026-10-08,OGE,46.11000061035156,9525463144.0,91853226.02869034
2026-10-08,OGN,13.75,3610879704.0,29300573.236646652
2026-10-08,OGS,72.36000061035156,4548279697.0,49712901.12766266
2026-10-08,OHI,44.13999938964844,13374993820.0,103147261.74760818
2026-10-08,OII,44.58000183105469,4437031574.0,43151768.15042496
2026-10-08,OKE,90.29000091552734,56916077233.0,354642252.26631165
2026-10-08,OKLO,34.56999969482422,6430630161.0,399975363.0195999
2026-10-08,OKTA,220.2100067138672,38497316555.0,757272525.4345703
2026-10-08,OLED,72.9000015258789,3350982272.0,61862755.90232849
2026-10-08,OLLI,86.70999908447266,5150782364.0,146752786.93206787
2026-10-08,OLN,15.609999656677246,1779266669.0,66601995.46070576
2026-10-08,OMC,76.44999694824219,20973749177.0,235337207.9245758
2026-10-08,OMDA,20.81999969482422,1274531756.0,29910360.744628906
2026-10-08,OMER,19.1200008392334,1384064602.0,26890892.792110443
2026-10-08,OMF,56.41999816894531,6490639681.0,53712916.26317978
2026-10-08,ON,79.41000366210938,30915791058.0,956785551.5924454
2026-10-08,ONB,24.729999542236328,9460956100.0,126625020.5159378
2026-10-08,ONC,350.1300048828125,39810438194.0,131338997.54394531
2026-10-08,ONDS,6.849999904632568,3988773488.0,449947774.29415464
2026-10-08,ONON,34.040000915527344,20540793623.0,378677209.81113434
2026-10-08,ONTO,292.6700134277344,14362559869.0,239209058.48510742
2026-10-08,OPCH,31.049999237060547,4650831795.0,192222328.49163055
2026-10-08,OPLN,35.68000030517578,4355452783.0,41854619.05342102
2026-10-08,OR,34.18000030517578,6408608632.0,29941376.431655884
2026-10-08,ORA,88.63999938964844,5451088850.0,82208023.2857132
2026-10-08,ORC,5.019999980926514,1002009259.0,39264721.93729639
2026-10-08,ORCL,135.69000244140625,411344390908.0,4805390674.2152405
2026-10-08,ORI,38.54999923706055,9307239143.0,62792677.37628937
2026-10-08,ORIC,12.029999732971191,1246941452.0,21133936.512913704
2026-10-08,ORKA,77.27999877929688,5116685539.0,93122899.568367
2026-10-08,ORLY,86.01000213623047,69578717720.0,552993186.9951248
2026-10-08,OSCR,33.099998474121094,10216149500.0,174592331.17362022
2026-10-08,OSIS,193.36000061035156,3082538932.0,40141435.779418945
2026-10-08,OSK,127.3499984741211,7862557035.0,96687214.71134186
2026-10-08,OTEX,23.239999771118164,5824008537.0,26982397.754154205
2026-10-08,OTF,9.390000343322754,4302360803.0,21175526.398568153
2026-10-08,OTIS,66.11000061035156,25166050001.0,343652306.22932434
2026-10-08,OTTR,88.33000183105469,3708586281.0,24280087.46646881
2026-10-08,OUST,39.529998779296875,2850600523.0,98298586.236763
2026-10-08,OUT,29.579999923706055,5210080725.0,49437778.107681274
2026-10-08,OVV,63.369998931884766,17914699000.0,196587004.90760803
2026-10-08,OWL,9.270000457763672,14452784907.0,175988660.82039356
2026-10-08,OXY,60.279998779296875,60258140724.0,563497507.9239273
2026-10-08,OZK,44.86000061035156,5075286882.0,71427979.18577194
2026-10-08,P,150.57000732421875,50174027183.0,946325230.7074738
2026-10-08,PAAS,45.310001373291016,18786341580.0,142624995.4885292
2026-10-08,PAC,196.69000244140625,11703412976.0,36401019.2515564
2026-10-08,PACS,43.72999954223633,6924016313.0,34590172.110271454
2026-10-08,PAG,198.0500030517578,13004531998.0,93159842.42622375
2026-10-08,PAGS,10.680000305175781,3104437932.0,43720814.73008156
2026-10-08,PANW,398.5,325973000000.0,2348823932.455902
2026-10-08,PARR,87.6500015258789,4391232307.0,79967628.79478455
2026-10-08,PATH,13.25,6905309169.0,571043041.9161797
2026-10-08,PATK,65.06999969482422,2089935438.0,43264706.68426514
2026-10-08,PAY,31.920000076293945,4019993532.0,38430208.33193779
2026-10-08,PAYC,229.89999389648438,10361965208.0,160175912.50579834
2026-10-08,PAYO,7.159999847412109,2426171986.0,21000268.91582489
2026-10-08,PAYX,104.45999908447266,37185720210.0,393267608.43997955
2026-10-08,PB,66.69000244140625,8014588858.0,85909667.07065582
2026-10-08,PBA,47.150001525878906,27420318250.0,55354306.00576401
2026-10-08,PBF,89.33999633789062,10590081107.0,310356366.2452698
2026-10-08,PBH,47.869998931884766,2267818368.0,30396799.016532898
2026-10-08,PBI,16.979999542236328,2327791800.0,30426948.319149017
2026-10-08,PBR,24.690000534057617,159111405947.0,532693318.00940514
2026-10-08,PCAR,109.66000366210938,57721180746.0,444012221.6109848
2026-10-08,PCG,12.670000076293945,33956999984.0,482804353.0202007
2026-10-08,PCOR,54.779998779296875,8324113416.0,146293038.21344376
2026-10-08,PCRX,36.38999938964844,1450574032.0,65779321.19576454
2026-10-08,PCTY,153.02000427246094,8118776478.0,98821879.46388245
2026-10-08,PCVX,65.01499938964844,9674575149.0,214187039.97810364
2026-10-08,PD,15.800000190734863,1242667993.0,25672085.908141136
2026-10-08,PDD,78.26000213623047,111395007116.0,459446965.8965683
2026-10-08,PDFS,52.18000030517578,2203416131.0,28133402.20966339
2026-10-08,PDI,14.329999923706055,3483479700.0,68405908.71200562
2026-10-08,PDM,9.079999923706055,1136206051.0,20813454.366493225
2026-10-08,PEB,18.979999542236328,2141754750.0,43052303.05528641
2026-10-08,PECO,37.38999938964844,4812093000.0,48480064.77430344
2026-10-08,PEG,71.83999633789062,35806494955.0,300603497.8208542
2026-10-08,PEGA,35.4900016784668,5834731498.0,68425800.44296265
2026-10-08,PEN,317.5199890136719,12506929273.0,129421388.64059448
2026-10-08,PENG,71.56999969482422,3667439967.0,224390766.83763504
2026-10-08,PENN,15.760000228881836,2112889474.0,54454145.51637173
2026-10-08,PEP,128.33999633789062,175170182554.0,1356062707.5092697
2026-10-08,PFE,27.81999969482422,158564919246.0,931918588.1650829
2026-10-08,PFG,109.7699966430664,23502266443.0,158708568.3279419
2026-10-08,PFGC,94.72000122070312,14921528791.0,134235885.03494263
2026-10-08,PFS,22.219999313354492,2897990572.0,21209165.17346382
2026-10-08,PFSI,61.34000015258789,3186709426.0,42539906.11377716
2026-10-08,PG,150.58999633789062,350036374505.0,1224895332.3623657
2026-10-08,PGEN,7.599999904632568,2721067877.0,44411718.079361916
2026-10-08,PGNY,27.829999923706055,2135306788.0,33510405.850400925
2026-10-08,PGR,218.72999572753906,127163447252.0,644999892.2680664
2026-10-08,PGY,18.260000228881836,1523355893.0,48166273.252801895
2026-10-08,PH,946.9600219726562,119423412508.0,516365397.74383545
2026-10-08,PHG,24.299999237060547,23884100324.0,23552516.665315628
2026-10-08,PHIN,58.459999084472656,2141862624.0,28972734.562625885
2026-10-08,PHM,113.52999877929688,21281486866.0,212011256.10385895
2026-10-08,PHVS,31.1200008392334,2168020017.0,27787484.225091934
2026-10-08,PI,183.4499969482422,5605207065.0,74600983.20579529
2026-10-08,PII,52.810001373291016,3005075102.0,46985731.74034119
2026-10-08,PINS,20.530000686645508,11626406444.0,278556627.397871
2026-10-08,PIPR,64.37999725341797,4549753335.0,61913158.341674805
2026-10-08,PJT,135.8000030517578,5569376502.0,72039160.00534058
2026-10-08,PK,15.210000038146973,3062355999.0,52890989.36504841
2026-10-08,PKG,229.94000244140625,20487262872.0,135545898.0366516
2026-10-08,PL,17.190000534057617,6254546931.0,185830308.27885628
2026-10-08,PLAB,29.709999084472656,1752805832.0,24532425.3230381
2026-10-08,PLD,129.2899932861328,122576746040.0,495911501.4613342
2026-10-08,PLMR,131.44000244140625,3459196254.0,32356421.44241333
2026-10-08,PLNT,44.029998779296875,3311802969.0,125379029.11766052
2026-10-08,PLPC,397.2699890136719,1942134246.0,30656108.8041687
2026-10-08,PLSE,49.97999954223633,3564703898.0,27770402.352371216
2026-10-08,PLTR,198.77999877929688,477480190754.0,4244701385.0128937
2026-10-08,PLUS,91.5999984741211,2389882289.0,22110124.011497498
2026-10-08,PLXS,261.3800048828125,6966325637.0,56887729.93507385
2026-10-08,PM,200.5,312501994520.0,877887632.9615021
2026-10-08,PNC,219.67999267578125,87639944767.0,455105363.2370758
2026-10-08,PNFP,94.66999816894531,14305833629.0,114182669.02523041
2026-10-08,PNR,52.29999923706055,8349064785.0,138213209.34373856
2026-10-08,PNW,97.9800033569336,11874904987.0,129334053.27774048
2026-10-08,PODD,134.47000122070312,9326059140.0,226603756.714859
2026-10-08,POET,7.039999961853027,1218328940.0,61920020.89746237
2026-10-08,PONY,5.760000228881836,2497199345.0,27691474.49083805
2026-10-08,POOL,158.13999938964844,5746925731.0,146843137.3070526
2026-10-08,POR,45.349998474121094,5333511009.0,81050200.16653061
2026-10-08,POST,74.2300033569336,3262913635.0,70082060.13278961
2026-10-08,POWI,49.88999938964844,2787518837.0,40121171.90061569
2026-10-08,POWL,189.27000427246094,6895591388.0,100298337.6411438
2026-10-08,PPC,28.5,6786092934.0,42752782.36767769
2026-10-08,PPG,105.45999908447266,23443758000.0,185246722.45788574
2026-10-08,PPL,34.099998474121094,25661779078.0,229166215.68802834
2026-10-08,PPLI,40.93000030517578,3047808450.0,55845568.60523224
2026-10-08,PPTA,20.110000610351562,2515676598.0,21177668.712482452
2026-10-08,PR,22.84000015258789,19129802542.0,235394815.83586693
2026-10-08,PRAX,263.54998779296875,7358312837.0,148805681.06399536
2026-10-08,PRCH,17.530000686645508,2311015731.0,26189487.747764587
2026-10-08,PRCT,17.899999618530273,1025198496.0,25791021.81912422
2026-10-08,PRDO,33.43000030517578,2091950949.0,24353251.812620163
2026-10-08,PRG,30.899999618530273,1230797460.0,24986774.312906265
2026-10-08,PRGO,14.5,2012154053.0,40222829.1881752
2026-10-08,PRGS,38.279998779296875,1564664070.0,26951625.040683746
2026-10-08,PRI,275.3900146484375,8475774417.0,58813854.556884766
2026-10-08,PRIM,82.66000366210938,4449780150.0,108749065.64884186
2026-10-08,PRKS,32.09000015258789,1455002606.0,25964212.8534317
2026-10-08,PRLB,92.20999908447266,2205838122.0,23789664.222564697
2026-10-08,PRM,27.700000762939453,4534127767.0,40442124.83660698
2026-10-08,PRMB,19.34000015258789,7007927230.0,87933417.99315453
2026-10-08,PRU,113.52999877929688,39167850000.0,179729523.01971436
2026-10-08,PRVA,20.190000534057617,2578953639.0,26795131.963186264
2026-10-08,PSA,285.5199890136719,53350067268.0,269651274.38964844
2026-10-08,PSMT,167.22000122070312,5160496823.0,39367628.16215515
2026-10-08,PSN,43.02000045776367,4594768050.0,54486797.82482147
2026-10-08,PSNL,16.059999465942383,1715205944.0,34685093.204221725
2026-10-08,PSX,281.6000061035156,112364289946.0,844911561.3803864
2026-10-08,PTC,193.72999572753906,21020917944.0,671791837.0379639
2026-10-08,PTCT,62.560001373291016,5221307773.0,84846604.66127396
2026-10-08,PTEN,11.479999542236328,4378298354.0,91433168.09533596
2026-10-08,PTGX,139.91000366210938,9053336154.0,115384126.5221405
2026-10-08,PTRN,18.350000381469727,3255273283.0,32892069.13919449
2026-10-08,PUK,23.8799991607666,29845172037.0,31007260.500392914
2026-10-08,PUMP,9.039999961853027,1110328210.0,41017416.498212814
2026-10-08,PURR,11.300000190734863,3144465554.0,269402515.32957554
2026-10-08,PVH,81.13999938964844,3743623770.0,68816382.49099731
2026-10-08,PVLA,131.33999633789062,1892400175.0,33736745.284576416
2026-10-08,PWP,15.199999809265137,1479132155.0,36464597.40672588
2026-10-08,PWR,685.3300170898438,100969517442.0,589459635.5474854
2026-10-08,PYPL,55.02000045776367,47067457287.0,633267978.2318878
2026-10-08,Q,126.68000030517578,26502538227.0,184467794.07772064
2026-10-08,QBTS,14.600000381469727,5542548769.0,259926110.08641243
2026-10-08,QCOM,176.00999450683594,184851672435.0,2556815620.732422
2026-10-08,QGEN,44.529998779296875,9176508751.0,101397898.12179565
2026-10-08,QLYS,193.86000061035156,6706586894.0,138069967.3500061
2026-10-08,QMCO,29.18000030517578,1149983829.0,57526948.16350937
2026-10-08,QSR,70.66000366210938,32115598379.0,243205112.46170044
2026-10-08,QTWO,58.689998626708984,3659597050.0,36605283.469581604
2026-10-08,QUBT,7.449999809265137,1686284114.0,61346891.913096905
2026-10-08,QURE,22.540000915527344,1563518926.0,99692920.81124306
2026-10-08,QXO,11.119999885559082,11536896684.0,272734580.9164381
2026-10-08,R,235.17999267578125,9018416416.0,63134823.40919495
2026-10-08,RACE,388.2799987792969,90835983662.0,177513072.8656006
2026-10-08,RAL,71.86000061035156,7950590975.0,104774095.89393616
2026-10-08,RAMP,37.56999969482422,2284067474.0,50768265.46804428
2026-10-08,RARE,15.289999961853027,1507423868.0,82919545.12704372
2026-10-08,RBA,84.02999877929688,15254512347.0,151497257.38002777
2026-10-08,RBC,490.989990234375,15544372703.0,163280012.34466553
2026-10-08,RBLX,45.52000045776367,32518392834.0,578129737.7055931
2026-10-08,RBRK,120.88999938964844,25061032905.0,350569014.9388504
2026-10-08,RCI,31.040000915527344,16768561589.0,47553365.581703186
2026-10-08,RCL,281.4100036621094,75263690958.0,851553837.7487183
2026-10-08,RCUS,23.829999923706055,3034354350.0,43614576.005334854
2026-10-08,RDDT,156.47000122070312,30104281920.0,711672157.8392792
2026-10-08,RDN,34.16999816894531,4520736036.0,70083187.80761719
2026-10-08,RDNT,68.20999908447266,5367939900.0,55358862.38697052
2026-10-08,RDW,9.760000228881836,2439927864.0,152799362.9104662
2026-10-08,RDY,12.199999809265137,10182815034.0,40421106.87824726
2026-10-08,REAL,9.619999885559082,1170476126.0,25405037.978110313
2026-10-08,REG,71.4800033569336,13089456700.0,100449888.37928772
2026-10-08,REGN,739.5700073242188,76142420475.0,586875771.3653564
2026-10-08,RELX,35.2400016784668,61584030681.0,72271755.69917679
2026-10-08,RELY,23.520000457763672,4978808950.0,87200896.67532921
2026-10-08,REPL,13.039999961853027,1228624027.0,28946536.695990562
2026-10-08,REXR,37.22999954223633,8301847857.0,117664724.47500229
2026-10-08,REYN,21.979999542236328,4633185784.0,31512443.549966812
2026-10-08,REZI,17.200000762939453,2611774902.0,41750666.37505531
2026-10-08,RF,27.06999969482422,23061731727.0,283243529.64832306
2026-10-08,RGA,255.92999267578125,16712655123.0,93236817.43286133
2026-10-08,RGEN,163.83999633789062,8015598879.0,231549512.12142944
2026-10-08,RGLD,231.17999267578125,19587385981.0,167252393.0909729
2026-10-08,RGTI,14.140000343322754,4719490083.0,243610936.24074936
2026-10-08,RH,113.66999816894531,2152132184.0,108995101.44207
2026-10-08,RHI,34.099998474121094,3490538335.0,68798294.10915375
2026-10-08,RHP,119.94999694824219,8274553432.0,70942717.05097198
2026-10-08,RIG,5.539999961853027,6187515671.0,228754016.01238966
2026-10-08,RIO,93.33999633789062,117238641431.0,178382074.02954102
2026-10-08,RIOT,16.84000015258789,6319360465.0,361674004.0236664
2026-10-08,RITM,8.619999885559082,4813468607.0,63658032.35978603
2026-10-08,RIVN,14.329999923706055,20747842828.0,383240931.8990803
2026-10-08,RJF,158.60000610351562,30508567365.0,212112202.38563538
2026-10-08,RKLB,68.4000015258789,42938766148.0,1500466316.7192078
2026-10-08,RKT,11.760000228881836,33300114871.0,488658028.6945343
2026-10-08,RL,367.3900146484375,21889918786.0,215429399.352417
2026-10-08,RLAY,17.40999984741211,3815255796.0,65658204.32471275
2026-10-08,RLI,56.29999923706055,5166818211.0,46871161.105976105
2026-10-08,RMBS,108.47000122070312,11764830077.0,248518593.57299805
2026-10-08,RMD,226.72999572753906,31887135565.0,261050040.87547302
2026-10-08,RNG,78.3499984741211,6542707793.0,120916329.3227005
2026-10-08,RNR,331.3399963378906,13767804227.0,114926050.4989624
2026-10-08,RNST,39.290000915527344,3591281430.0,32117692.871570587
2026-10-08,ROAD,88.33000183105469,5067894443.0,59793830.30292511
2026-10-08,ROG,148.1199951171875,2646657780.0,42188952.58300781
2026-10-08,ROIV,34.209999084472656,24710670343.0,288853470.492363
2026-10-08,ROK,434.1400146484375,48308473955.0,308446116.199646
2026-10-08,ROKU,153.80999755859375,22828321622.0,262934251.5434265
2026-10-08,ROL,32.2599983215332,15521750733.0,275694363.29569817
2026-10-08,ROP,364.2300109863281,36022665337.0,333689075.26916504
2026-10-08,ROST,225.1999969482422,71940840372.0,470617176.60079956
2026-10-08,RPM,99.43000030517578,12680674797.0,116354782.10212708
2026-10-08,RPRX,56.209999084472656,32320817677.0,170981059.4619751
2026-10-08,RRC,40.77000045776367,9527113827.0,114123762.01349258
2026-10-08,RRR,50.369998931884766,5289665440.0,63605087.93384552
2026-10-08,RRX,160.00999450683594,10655364639.0,184908299.8714447
2026-10-08,RS,396.9100036621094,20264063425.0,110950850.95046997
2026-10-08,RSG,216.83999633789062,66399222150.0,324364099.01268005
2026-10-08,RSI,20.31999969482422,4709634635.0,79869967.57453918
2026-10-08,RTO,20.25,10214100000.0,46010886.90168381
2026-10-08,RTX,184.32000732421875,248418781102.0,784033396.8865204
2026-10-08,RUM,7.0,3470671358.0,50707601.83892727
2026-10-08,RUN,7.590000152587891,1828028593.0,64999208.60490084
2026-10-08,RUSHA,45.15999984741211,5271542922.0,34470934.05860901
2026-10-08,RVMD,188.1199951171875,40320966954.0,448903629.87709045
2026-10-08,RVTY,152.16000366210938,16978986776.0,345635232.58010864
2026-10-08,RXO,28.93000030517578,4771312883.0,90459914.38009262
2026-10-08,RY,190.55999755859375,263816942497.0,214986886.91574097
2026-10-08,RYAAY,54.040000915527344,28437673958.0,88253764.48831558
2026-10-08,RYAN,37.790000915527344,9667240725.0,88290550.58984756
2026-10-08,RYN,18.600000381469727,5534751613.0,77351887.88937569
2026-10-08,RYTM,89.63999938964844,6171900630.0,77382366.24954224
2026-10-08,S,25.399999618530273,8840447572.0,217582499.17817116
2026-10-08,SAH,61.5099983215332,1944626471.0,24934538.75143051
2026-10-08,SAIA,341.260009765625,9102991059.0,120357419.8701477
2026-10-08,SAIC,129.7100067138672,5434542236.0,57192324.12071228
2026-10-08,SAIL,20.020000457763672,11429650893.0,118901087.82140732
2026-10-08,SAM,171.1699981689453,1761627037.0,43603104.478302
2026-10-08,SAN,13.479999542236328,195119069704.0,120482112.06631184
2026-10-08,SANM,210.47999572753906,11281171491.0,130286568.92684937
2026-10-08,SAP,212.39999389648438,260934298877.0,371644698.7541199
2026-10-08,SARO,20.329999923706055,6727592032.0,92995111.37411118
2026-10-08,SBAC,170.00999450683594,18036039581.0,164797099.3434906
2026-10-08,SBCF,31.8700008392334,3085742604.0,29873823.15346718
2026-10-08,SBET,8.8100004196167,1913739951.0,80277528.1960535
2026-10-08,SBH,16.030000686645508,1500765341.0,23220215.211687088
2026-10-08,SBLK,30.469999313354492,3398323671.0,59400338.3070755
2026-10-08,SBRA,18.84000015258789,4812918323.0,50800986.58786774
2026-10-08,SBS,6.590000152587891,23226679225.0,52895197.185730934
2026-10-08,SBSW,9.90999984741211,7012730397.0,56977029.20521736
2026-10-08,SBUX,93.20999908447266,106259400000.0,816918039.7504807
2026-10-08,SCCO,198.66000366210938,165748336714.0,187678158.01643372
2026-10-08,SCHW,96.87000274658203,167520750615.0,851243454.2967987
2026-10-08,SCI,76.7699966430664,10488277019.0,84446065.66810608
2026-10-08,SDGR,26.389999389648438,1974120523.0,99104304.20817375
2026-10-08,SDRL,45.619998931884766,2853140630.0,28867150.715351105
2026-10-08,SE,92.88999938964844,56893687249.0,388015073.40579987
2026-10-08,SEB,4063.590087890625,3892082120.0,40242569.099121094
2026-10-08,SEDG,32.470001220703125,1997741038.0,94723333.29674721
2026-10-08,SEI,73.08000183105469,5595471927.0,182590490.0922966
2026-10-08,SEIC,103.25,12391980542.0,92022369.92225647
2026-10-08,SEZL,117.22000122070312,3947385141.0,56951186.81529999
2026-10-08,SF,70.11000061035156,10586731571.0,104926701.54396057
2026-10-08,SFBS,38.599998474121094,4220717772.0,30403593.637828827
2026-10-08,SFD,18.8799991607666,7434329097.0,42857028.2878685
2026-10-08,SFL,13.5600004196167,1803382151.0,20000724.723467827
2026-10-08,SFM,66.01000213623047,6155275726.0,144907435.27431488
2026-10-08,SFNC,22.3799991607666,3234218598.0,33394321.14025116
2026-10-08,SG,9.569999694824219,1139225385.0,44058892.593820095
2026-10-08,SGHC,11.539999961853027,5863206134.0,34467038.27475548
2026-10-08,SGI,62.34000015258789,14353111105.0,189903075.3460312
2026-10-08,SGML,9.5600004196167,1076153072.0,24061826.19058609
2026-10-08,SGRY,13.640000343322754,1785725066.0,31429901.55351162
2026-10-08,SHAK,67.30999755859375,2880796517.0,92365017.92598724
2026-10-08,SHAZ,39.04999923706055,1398126870.0,76058317.67709732
2026-10-08,SHC,17.829999923706055,5088232595.0,37734466.90522194
2026-10-08,SHEL,100.19999694824219,277160498468.0,620456433.8349205
2026-10-08,SHLS,8.420000076293945,1417085579.0,32967440.07880926
2026-10-08,SHO,11.350000381469727,2110463730.0,20731257.553753853
2026-10-08,SHOO,44.20000076293945,3234427599.0,50990323.097019196
2026-10-08,SHOP,164.55999755859375,213238662274.0,1402067762.347412
2026-10-08,SHW,321.0299987792969,77932649216.0,568791875.1553345
2026-10-08,SIG,105.88999938964844,4057412861.0,90374293.39935303
2026-10-08,SIGI,85.12999725341797,5071119100.0,47859902.63141632
2026-10-08,SIMO,261.8900146484375,8880227664.0,199326174.80361938
2026-10-08,SIRI,26.329999923706055,8874971240.0,123998654.81678009
2026-10-08,SITE,87.73999786376953,3830323919.0,99868090.90709686
2026-10-08,SITM,645.0599975585938,19397622482.0,290942509.48913574
2026-10-08,SJM,119.41000366210938,12755756282.0,151171841.6709137
2026-10-08,SKM,33.9900016784668,13037884200.0,37643924.6040535
2026-10-08,SKT,34.61000061035156,3975961809.0,35776160.98995209
2026-10-08,SKWD,59.310001373291016,2633156000.0,21355441.24446869
2026-10-08,SKY,81.47000122070312,4422202517.0,48413103.822784424
2026-10-08,SKYD,9.279999732971191,46791412647.0,320930041.85961246
2026-10-08,SKYW,96.7300033569336,3755863877.0,34839175.85506439
2026-10-08,SLAB,221.75,7399079252.0,66342330.24765015
2026-10-08,SLB,48.97999954223633,72693335454.0,701264813.7061691
2026-10-08,SLDE,25.299999237060547,2955336491.0,35631934.97807503
2026-10-08,SLF,76.6500015258789,42683687227.0,36720439.08973694
2026-10-08,SLG,48.939998626708984,3467394449.0,43987598.1911087
2026-10-08,SLGN,35.79999923706055,3783416316.0,49405891.23998642
2026-10-08,SLM,22.670000076293945,4260757538.0,54904280.073604584
2026-10-08,SLS,11.260000228881836,2273908683.0,70342509.92792606
2026-10-08,SM,37.08000183105469,8819628841.0,145008311.290493
2026-10-08,SMA,32.709999084472656,1811116817.0,27179712.167491913
2026-10-08,SMCI,42.77000045776367,28098409474.0,1531907679.707737
2026-10-08,SMFG,25.309999465942383,115447765260.0,38439705.601673126
2026-10-08,SMG,50.43000030517578,2936048418.0,59907311.797122955
2026-10-08,SMMT,17.170000076293945,13731302597.0,128200410.55707932
2026-10-08,SMR,7.320000171661377,3145574351.0,323885126.24910355
2026-10-08,SMTC,187.49000549316406,17497621619.0,595230198.9109039
2026-10-08,SN,184.8699951171875,26042923818.0,329491732.1814728
2026-10-08,SNA,358.8800048828125,18563830261.0,111277044.59869385
2026-10-08,SNAP,5.860000133514404,9910418592.0,184121699.67565536
2026-10-08,SNDK,1609.4599609375,233899091072.0,14858419099.176636
2026-10-08,SNDR,31.729999542236328,5562297525.0,24522868.24689865
2026-10-08,SNDX,16.899999618530273,1509120753.0,33817203.63402367
2026-10-08,SNEX,60.099998474121094,7249065774.0,64031275.08365631
2026-10-08,SNN,26.959999084472656,11288382885.0,34843264.436359406
2026-10-08,SNOW,343.3999938964844,121151520000.0,1343045840.4316711
2026-10-08,SNPS,497.75,95387140547.0,1098516107.6338196
2026-10-08,SNX,267.4599914550781,21337293092.0,319325193.0143738
2026-10-08,SNY,40.22999954223633,98115104144.0,128315241.55035019
2026-10-08,SO,86.1500015258789,99103769521.0,560080979.6450806
2026-10-08,SOBO,33.84000015258789,7058503778.0,25183491.921539307
2026-10-08,SOFI,15.609999656677246,20161412758.0,774295920.3237534
2026-10-08,SOLS,60.22999954223633,9567377035.0,124029996.30117416
2026-10-08,SOLV,86.41000366210938,14709032423.0,81476533.91693115
2026-10-08,SON,48.400001525878906,4785550145.0,53883143.82133484
2026-10-08,SONO,16.950000762939453,2005082944.0,37797773.41230869
2026-10-08,SONY,23.950000762939453,141210458668.0,82682181.87877655
2026-10-08,SOUN,5.519999980926514,2655145850.0,103196535.19129992
2026-10-08,SPB,77.58000183105469,1783998338.0,25830473.16596985
2026-10-08,SPG,199.61000061035156,64584117909.0,248715039.49745178
2026-10-08,SPGI,402.7300109863281,118724804000.0,765130879.3840027
2026-10-08,SPHR,109.25,3923561565.0,107413381.87679291
2026-10-08,SPNT,25.030000686645508,2907610350.0,28799654.801445007
2026-10-08,SPOT,526.4199829101562,108354358863.0,754935624.2758179
2026-10-08,SPSC,83.31999969482422,2999534498.0,46081487.56435394
2026-10-08,SPXC,168.5800018310547,8443474279.0,122443251.87530518
2026-10-08,SQM,64.5199966430664,18429351372.0,63462964.81506348
2026-10-08,SR,77.98999786376953,4610207818.0,42271436.91455841
2026-10-08,SRAD,12.4399995803833,3878261608.0,27542076.88170433
2026-10-08,SRE,80.08000183105469,52364339868.0,280033884.1086197
2026-10-08,SRPT,18.209999084472656,1923468052.0,50241773.5838604
2026-10-08,SRRK,42.20000076293945,5139338900.0,120170376.36274338
2026-10-08,SSB,100.56999969482422,9752728884.0,70243300.43167114
2026-10-08,SSD,171.9499969482422,7047316070.0,57130318.87496948
2026-10-08,SSL,15.140000343322754,9807111684.0,26093867.089147568
2026-10-08,SSNC,80.6500015258789,18924925427.0,116088858.89942169
2026-10-08,SSRM,33.619998931884766,6855431069.0,82112974.2645073
2026-10-08,ST,42.22999954223633,6145979452.0,54119988.133831024
2026-10-08,STAA,22.3799991607666,1122222362.0,23004269.669275284
2026-10-08,STAG,35.880001068115234,6917962845.0,63889811.23138428
2026-10-08,STE,210.75999450683594,20549123184.0,144648027.89733887
2026-10-08,STEP,43.90999984741211,5298912492.0,54856012.41346359
2026-10-08,STLD,234.1699981689453,33563138367.0,229722463.34640503
2026-10-08,STM,52.709999084472656,47046057861.0,488796698.4327316
2026-10-08,STN,67.87000274658203,7628567843.0,26359794.95979309
2026-10-08,STNE,11.600000381469727,2861890137.0,66924270.503115654
2026-10-08,STNG,88.1500015258789,4562889939.0,104351539.91340637
2026-10-08,STOK,23.950000762939453,1545403496.0,26706921.825695038
2026-10-08,STRA,82.38999938964844,1829680786.0,26169823.81225586
2026-10-08,STRL,518.4099731445312,15857393616.0,283790384.5220947
2026-10-08,STT,175.08999633789062,48097532034.0,408780680.86120605
2026-10-08,STUB,6.139999866485596,2346032391.0,38913310.70031643
2026-10-08,STWD,12.75,4719654113.0,82428932.36073971
2026-10-08,STX,774.8300170898438,177216851279.0,3997707103.0718994
2026-10-08,STZ,123.62999725341797,20918008948.0,324941189.3668747
2026-10-08,SU,70.91000366210938,82938435787.0,256063704.2394638
2026-10-08,SUI,111.80000305175781,13617346993.0,135402532.3130417
2026-10-08,SUNB,74.8499984741211,30670902540.0,346100051.9200897
2026-10-08,SUPN,42.13999938964844,2449472328.0,29950702.87542343
2026-10-08,SUZ,8.510000228881836,10757640904.0,23854167.056922913
2026-10-08,SVM,10.3100004196167,2280722959.0,20131794.08240795
2026-10-08,SW,41.45000076293945,21741474537.0,200619097.04322815
2026-10-08,SWK,89.16999816894531,13466153878.0,157567973.91296387
2026-10-08,SWKS,80.75,12005891185.0,775599367.8243256
2026-10-08,SWX,83.51000213623047,6049953184.0,69442535.32772064
2026-10-08,SXI,281.05999755859375,3451828553.0,39251280.41923523
2026-10-08,SXT,132.02999877929688,5619567936.0,46759888.995285034
2026-10-08,SYF,73.72000122070312,27428082439.0,211813271.76685333
2026-10-08,SYK,276.9700012207031,106238226551.0,788862960.3240967
2026-10-08,SYM,42.060001373291016,25437959838.0,71512210.50348282
2026-10-08,SYNA,119.08000183105469,4726572540.0,117347305.02597809
2026-10-08,SYRE,79.9000015258789,7045083584.0,138547726.0294342
2026-10-08,SYY,78.19999694824219,38468723697.0,393806531.79920197
2026-10-08,T,24.8700008392334,170418831116.0,961095511.3923645
2026-10-08,TAC,12.890000343322754,4073240000.0,20920068.527550697
2026-10-08,TAK,18.520000457763672,58520322140.0,47422188.53310585
2026-10-08,TAL,12.489999771118164,6928218662.0,37306830.28049469
2026-10-08,TALO,16.950000762939453,2830064683.0,38583341.23253822
2026-10-08,TAP,37.91999816894531,7070333139.0,216832118.55855942
2026-10-08,TARS,72.22000122070312,3379295707.0,57013478.713645935
2026-10-08,TBBB,53.06999969482422,6254678897.0,33749084.823246
2026-10-08,TBBK,49.33000183105469,2012013288.0,30678453.703346252
2026-10-08,TCOM,37.959999084472656,23903610227.0,156151401.2653923
2026-10-08,TD,114.04000091552734,186242227993.0,248139803.68350983
2026-10-08,TDC,30.290000915527344,2816970000.0,50388621.11963272
2026-10-08,TDG,1089.300048828125,60212718683.0,450959793.994751
2026-10-08,TDOC,5.539999961853027,1006529476.0,21418372.006874084
2026-10-08,TDS,34.130001068115234,3928363000.0,61653573.90419006
2026-10-08,TDW,84.69999694824219,4214352766.0,49411501.46560669
2026-10-08,TDY,604.8200073242188,28036838144.0,171900350.7736206
2026-10-08,TEAM,203.57000732421875,51531468570.0,555949129.6512604
2026-10-08,TECH,72.44999694824219,11361481343.0,239404665.5847168
2026-10-08,TECK,64.81999969482422,31732166241.0,179129864.26242828
2026-10-08,TEL,214.30999755859375,62045579893.0,378297247.1608734
2026-10-08,TEM,69.27999877929688,12578210418.0,598907907.035923
2026-10-08,TEN,51.83000183105469,1561513663.0,27947075.706977844
2026-10-08,TENB,39.0099983215332,4296560737.0,167175254.7804451
2026-10-08,TER,398.7200012207031,62336183840.0,979684142.1862793
2026-10-08,TEVA,39.25,45737871297.0,206492629.5559311
2026-10-08,TEX,52.349998474121094,5983605000.0,76524774.13309097
2026-10-08,TFC,46.18000030517578,56414697362.0,410802354.32624817
2026-10-08,TFII,115.13999938964844,9463360169.0,39736187.358818054
2026-10-08,TFX,124.19000244140625,5262227983.0,111328071.48208618
2026-10-08,TGB,8.3100004196167,3041653773.0,43997613.62102032
2026-10-08,TGT,154.75999450683594,70306962863.0,586159526.0933685
2026-10-08,TGTX,53.34000015258789,8164703287.0,105706017.49605179
2026-10-08,TH,18.329999923706055,1826097344.0,48320997.44188309
2026-10-08,THC,260.57000732421875,20980835830.0,185499209.05715942
2026-10-08,THG,221.92999267578125,7727651647.0,74737873.86878967
2026-10-08,THO,66.11000061035156,3412225406.0,67386323.49708557
2026-10-08,THRM,29.93000030517578,1629427451.0,57321693.767967224
2026-10-08,TIGO,87.94999694824219,14735215911.0,75430367.15248108
2026-10-08,TJX,138.75,152621400964.0,1222869636.7193985
2026-10-08,TKO,181.6300048828125,34377057972.0,211832999.02046204
2026-10-08,TKR,114.33999633789062,7923400571.0,114536240.34622192
2026-10-08,TLN,359.2200012207031,17211760118.0,345765841.6748047
2026-10-08,TM,186.0,242431134642.0,56139098.38272095
2026-10-08,TMDX,79.0,2739336455.0,67104940.96607208
2026-10-08,TME,7.960000038146973,12528279820.0,55036808.24410677
2026-10-08,TMO,651.97998046875,241067835526.0,1581199359.65271
2026-10-08,TMUS,171.30999755859375,183759374023.0,866505634.9780273
2026-10-08,TNDM,15.675000190734863,1090646232.0,39538347.49697685
2026-10-08,TNET,66.48999786376953,3052206030.0,20776825.66253662
2026-10-08,TNGX,22.56999969482422,3805535983.0,81375608.21403503
2026-10-08,TNK,106.62000274658203,3693728140.0,48344290.88760376
2026-10-08,TNL,62.61000061035156,3831996966.0,47470660.01115799
2026-10-08,TOL,134.8300018310547,12424180010.0,162916617.8894043
2026-10-08,TOST,30.530000686645508,17646340000.0,262482653.7393093
2026-10-08,TOWN,35.27000045776367,2631753229.0,20694677.607135773
2026-10-08,TPB,57.040000915527344,1143590511.0,30669392.430667877
2026-10-08,TPC,84.23999786376953,4428422416.0,39507804.15550232
2026-10-08,TPG,45.2400016784668,17097044974.0,123418681.09674454
2026-10-08,TPL,357.7799987792969,24677762084.0,140596128.46420288
2026-10-08,TPR,115.81999969482422,23135093876.0,344963473.0662155
2026-10-08,TRAX,32.0099983215332,1143744284.0,28656456.861724854
2026-10-08,TREX,44.439998626708984,4526889044.0,70188172.96829224
2026-10-08,TRGP,288.489990234375,61861205248.0,349294045.8557129
2026-10-08,TRI,101.55000305175781,43991460000.0,144140125.60726166
2026-10-08,TRIP,8.960000038146973,1050106104.0,36364968.19962025
2026-10-08,TRLV,10.369999885559082,1996902182.0,30746258.935079575
2026-10-08,TRMB,59.849998474121094,13955813903.0,138169767.21437454
2026-10-08,TRMD,40.060001373291016,4112190127.0,96070025.90200424
2026-10-08,TRN,25.399999618530273,2023604944.0,21969196.61171913
2026-10-08,TRNO,64.4800033569336,7026405589.0,52711085.29920578
2026-10-08,TROW,104.2300033569336,22233911046.0,179774765.1991272
2026-10-08,TRP,59.97999954223633,59980000000.0,214454875.15882492
2026-10-08,TRU,64.58999633789062,12375444000.0,199257882.60234833
2026-10-08,TRV,370.2699890136719,77229073396.0,480016501.75338745
2026-10-08,TRVI,12.824999809265137,1827252661.0,34538010.10429382
2026-10-08,TS,56.59000015258789,29961594231.0,67754319.1391182
2026-10-08,TSCO,33.47999954223633,17444423787.0,330952755.8358288
2026-10-08,TSEM,228.75,25855841250.0,485855799.5402527
2026-10-08,TSLA,375.0,1481080272750.0,13009914381.21872
2026-10-08,TSM,457.989990234375,2375367380983.0,4523065005.3508
2026-10-08,TSN,52.34000015258789,18413291138.0,182232344.54658508
2026-10-08,TT,469.94000244140625,103397691799.0,568391062.538147
2026-10-08,TTAN,72.93000030517578,7035404166.0,196248588.51064682
2026-10-08,TTC,96.80999755859375,9164361624.0,80534205.17883301
2026-10-08,TTD,12.34000015258789,5834291583.0,343256454.23591137
2026-10-08,TTE,86.0199966430664,187683752380.0,167564557.31033325
2026-10-08,TTEK,33.40999984741211,8554444339.0,75088304.84861374
2026-10-08,TTMI,117.5,12378491520.0,237372424.49516296
2026-10-08,TTWO,209.3699951171875,39148095351.0,507348762.46765137
2026-10-08,TU,8.039999961853027,12775560000.0,59386343.172905445
2026-10-08,TVTX,52.040000915527344,4905346707.0,114919272.17941284
2026-10-08,TW,109.68000030517578,25668219776.0,138968909.85614777
2026-10-08,TWLO,275.7699890136719,42351438419.0,1309770112.5287628
2026-10-08,TWST,152.0500030517578,10081093507.0,526656378.3039856
2026-10-08,TX,56.470001220703125,11085494577.0,23135145.083637238
2026-10-08,TXG,77.27999877929688,10068901463.0,322903586.56417847
2026-10-08,TXN,288.20001220703125,263197983105.0,1577692085.4309082
2026-10-08,TXNM,58.58000183105469,6451166845.0,103335737.94692993
2026-10-08,TXRH,162.75999450683594,10683717116.0,227541598.59024048
2026-10-08,TXT,73.22000122070312,12592882063.0,150585616.95949554
2026-10-08,TYL,331.1499938964844,13561345535.0,228354691.04934692
2026-10-08,TYRA,19.969999313354492,1373056102.0,24558325.46497345
2026-10-08,U,45.88999938964844,20195681135.0,459462748.7525177
2026-10-08,UAL,107.44000244140625,34873280464.0,486479733.99173737
2026-10-08,UBER,70.23999786376953,143469422899.0,1203294919.328041
2026-10-08,UBS,47.060001373291016,146047663289.0,116884764.27570343
2026-10-08,UBSI,45.70000076293945,6224914495.0,56277161.86540604
2026-10-08,UCB,33.58000183105469,4048925391.0,32340100.673103333
2026-10-08,UCTT,67.58000183105469,3059821620.0,72133128.71482849
2026-10-08,UDR,33.56999969482422,10784839933.0,142052428.91216278
2026-10-08,UEC,9.140000343322754,4529643838.0,100468652.5843668
2026-10-08,UFPI,76.44999694824219,4217095987.0,38622708.641433716
2026-10-08,UFPT,286.55999755859375,2219633582.0,32522803.121185303
2026-10-08,UGI,36.939998626708984,7923444081.0,75790644.95998383
2026-10-08,UGP,7.789999961853027,8668791396.0,33631037.72895336
2026-10-08,UHS,175.72000122070312,10356324416.0,133191361.2574768
2026-10-08,UI,641.7999877929688,38847114926.0,68443515.21118164
2026-10-08,UL,61.939998626708984,133439035687.0,179185009.27532196
2026-10-08,ULS,70.6500015258789,14264105922.0,82748792.64965057
2026-10-08,ULTA,564.2100219726562,24124192713.0,244982051.32232666
2026-10-08,UMAC,21.389999389648438,1068569642.0,58877306.769952774
2026-10-08,UMBF,130.38999938964844,9903124412.0,99989976.8598175
2026-10-08,UMC,22.81999969482422,57452345559.0,293479641.45679474
2026-10-08,UNF,259.6000061035156,4694651311.0,96322821.5953064
2026-10-08,UNFI,44.06999969482422,2658173892.0,30334898.217372894
2026-10-08,UNH,370.95001220703125,332962808495.0,1890247455.2391052
2026-10-08,UNIT,7.400000095367432,1796165999.0,23965741.105816364
2026-10-08,UNM,92.63999938964844,14665541767.0,204091358.993721
2026-10-08,UNP,278.20001220703125,165271803544.0,692981745.4412842
2026-10-08,UPS,94.12999725341797,80084070314.0,496949100.1651001
2026-10-08,UPST,24.190000534057617,2354002583.0,109034192.5150299
2026-10-08,UPWK,8.569999694824219,1070421838.0,22227767.473974228
2026-10-08,URBN,80.95999908447266,6935048254.0,82087832.23243713
2026-10-08,URGN,36.97999954223633,1807603257.0,33610882.043094635
2026-10-08,URI,1050.1500244140625,65363949823.0,507039886.06018066
2026-10-08,USAR,12.630000114440918,4737217041.0,195336903.13075542
2026-10-08,USB,57.029998779296875,88855673965.0,509605214.390316
2026-10-08,USFD,97.12000274658203,21010039818.0,244226027.94929504
2026-10-08,UTHR,532.780029296875,22851302884.0,550257731.0171509
2026-10-08,UTI,20.309999465942383,1118984142.0,38846050.97132683
2026-10-08,UTZ,14.319999694824219,2061538890.0,23930197.015309334
2026-10-08,UUUU,9.9399995803833,2483677980.0,91680016.20267391
2026-10-08,V,375.1000061035156,670211884898.0,2274526882.401581
2026-10-08,VAC,104.20999908447266,3584336297.0,39139854.21066284
2026-10-08,VAL,83.95999908447266,5829830356.0,96402022.06077576
2026-10-08,VALE,13.420000076293945,57296882617.0,468670695.52962303
2026-10-08,VC,86.1500015258789,2299811208.0,52209122.934150696
2026-10-08,VCEL,40.04999923706055,2050824891.0,22938855.71931839
2026-10-08,VCTR,111.72000122070312,6871849384.0,81515079.92038727
2026-10-08,VCYT,43.599998474121094,3505035872.0,67612351.98886871
2026-10-08,VECO,51.45000076293945,3145119978.0,35027662.72556305
2026-10-08,VEEV,284.8399963378906,46118116834.0,409292528.16223145
2026-10-08,VERA,29.729999542236328,2142442950.0,87876247.9463005
2026-10-08,VFC,14.529999732971191,5712245302.0,121274559.23605919
2026-10-08,VG,13.289999961853027,33226233990.0,191748005.75854778
2026-10-08,VGNT,44.15999984741211,3128085302.0,36417360.06528854
2026-10-08,VIA,30.93000030517578,2520968610.0,27744791.2319088
2026-10-08,VIAV,44.09000015258789,10918453067.0,235345315.0049019
2026-10-08,VICI,22.790000915527344,25093557638.0,253623954.5131111
2026-10-08,VICR,262.32000732421875,12094717938.0,260407634.81048584
2026-10-08,VIK,81.63999938964844,36393972224.0,370224606.49620056
2026-10-08,VIPS,12.720000267028809,6109041269.0,35411932.254104614
2026-10-08,VIR,11.119999885559082,1881681453.0,25905628.06265354
2026-10-08,VIRT,57.810001373291016,8972125123.0,76020710.71456909
2026-10-08,VISN,6.019999980926514,1388371000.0,46801400.4808712
2026-10-08,VIST,67.16000366210938,7476076718.0,70160459.08351898
2026-10-08,VKTX,27.729999542236328,3485346292.0,320835082.6062107
2026-10-08,VLO,443.79998779296875,127782207192.0,1516075974.8417664
2026-10-08,VLTO,96.4800033569336,23521181829.0,176557475.38261414
2026-10-08,VLY,12.75,7045716632.0,104923504.02523041
2026-10-08,VMC,246.25999450683594,31910060266.0,315729782.7302551
2026-10-08,VMI,468.70001220703125,9048186945.0,89084877.30941772
2026-10-08,VMRK,59.97999954223633,47234250000.0,374647262.57722855
2026-10-08,VNET,5.170000076293945,1472563138.0,27581569.766056538
2026-10-08,VNO,33.810001373291016,6313021153.0,50287131.509780884
2026-10-08,VNOM,42.630001068115234,15312478289.0,95875326.33024216
2026-10-08,VNT,32.20000076293945,4353440000.0,43987697.04319954
2026-10-08,VOD,16.479999542236328,38139599975.0,58632116.54826164
2026-10-08,VOR,19.1299991607666,1131774684.0,27689173.33090782
2026-10-08,VOYA,96.63999938964844,8755231167.0,126087976.4484024
2026-10-08,VOYG,28.18000030517578,1746251420.0,89630021.0812664
2026-10-08,VRDN,18.34000015258789,2077780213.0,40971130.13346672
2026-10-08,VRNS,48.880001068115234,5614380507.0,80206205.24682999
2026-10-08,VRSK,175.49000549316406,22841078546.0,218451740.38719177
2026-10-08,VRSN,297.7900085449219,26890437000.0,262475180.88409424
2026-10-08,VRT,243.72999572753906,93833167405.0,1210445895.9301758
2026-10-08,VRTX,503.25,127554210003.0,525753604.7338867
2026-10-08,VSAT,67.41000366210938,9286119152.0,125709122.39048004
2026-10-08,VSEC,169.97000122070312,4770203291.0,79070850.28015137
2026-10-08,VSH,34.560001373291016,5300784012.0,122399877.28467941
2026-10-08,VSNT,31.770000457763672,4409431466.0,64233860.73421478
2026-10-08,VST,156.13999938964844,52406079347.0,1002092324.1783142
2026-10-08,VSTS,14.0,1850241470.0,22917636.14274025
2026-10-08,VSXY,86.61000061035156,6908363418.0,141356725.71258545
2026-10-08,VTR,81.76000213623047,41938494312.0,352783215.1755905
2026-10-08,VTRS,17.440000534057617,20031424668.0,164747199.82142448
2026-10-08,VVV,30.84000015258789,3934765131.0,94996026.69699669
2026-10-08,VVX,70.97000122070312,2224580057.0,51086488.91132355
2026-10-08,VZ,46.349998474121094,192573830613.0,1044035332.0127106
2026-10-08,W,105.12999725341797,14399453199.0,244741090.93135834
2026-10-08,WAB,280.79998779296875,47430166961.0,231418105.22857666
2026-10-08,WAFD,29.739999771118164,2200618378.0,45686367.14972496
2026-10-08,WAL,75.5,8237115232.0,97735988.20835114
2026-10-08,WAT,429.1300048828125,42161211873.0,341379593.65722656
2026-10-08,WAY,26.479999542236328,5077498056.0,58282977.98682213
2026-10-08,WBI,29.780000686645508,3682794505.0,22211989.75712776
2026-10-08,WCC,355.92999267578125,17345484724.0,181437479.3385315
2026-10-08,WCN,154.69000244140625,39480759581.0,229445967.71141052
2026-10-08,WD,34.38999938964844,1180462371.0,20656132.925682068
2026-10-08,WDAY,187.80999755859375,45262210000.0,448435470.2352905
2026-10-08,WDC,393.30999755859375,146928022214.0,3816182720.589447
2026-10-08,WDFC,203.89999389648438,2736561474.0,25631618.600387573
2026-10-08,WEC,103.61000061035156,33761254573.0,297548586.86374664
2026-10-08,WELL,223.0399932861328,160754953871.0,614396778.46344
2026-10-08,WEN,6.21999979019165,1185966965.0,38738655.554618835
2026-10-08,WERN,33.0,1979246148.0,30641729.067935944
2026-10-08,WEX,174.41000366210938,5944173775.0,106835844.91333008
2026-10-08,WFC,82.02999877929688,248058665532.0,1190069093.7762833
2026-10-08,WFRD,76.9000015258789,5499280798.0,82244719.72377777
2026-10-08,WGS,67.7300033569336,2019880702.0,71021298.47194672
2026-10-08,WH,73.36000061035156,5444127910.0,86729816.06021881
2026-10-08,WHD,63.220001220703125,5068942743.0,50054998.10985565
2026-10-08,WHR,29.15999984741211,1901213862.0,100044269.9010086
2026-10-08,WINA,295.1400146484375,1060192759.0,30560931.06414795
2026-10-08,WING,118.5,3228241701.0,148190394.90333557
2026-10-08,WIX,74.12999725341797,3102304250.0,81822106.08470917
2026-10-08,WK,73.69000244140625,4009951001.0,115740508.36524963
2026-10-08,WKC,37.2400016784668,1904886329.0,45909221.62748337
2026-10-08,WLK,62.310001373291016,7963002906.0,59905003.87544632
2026-10-08,WLTH,10.890000343322754,1700761432.0,36714560.767354965
2026-10-08,WLY,49.400001525878906,2507721346.0,23819394.341267206
2026-10-08,WM,210.10000610351562,83980160158.0,473298300.75523376
2026-10-08,WMB,72.33999633789062,88483934924.0,533633300.07038116
2026-10-08,WMG,28.90999984741211,15123103422.0,63572948.77501488
2026-10-08,WMS,126.20999908447266,9516908214.0,103515191.9562149
2026-10-08,WMT,110.55999755859375,877154984405.0,2424681392.412262
2026-10-08,WOLF,31.020000457763672,1641906250.0,117601486.9977665
2026-10-08,WOR,61.220001220703125,2995297716.0,28675048.968257904
2026-10-08,WPC,63.130001068115234,14382079571.0,117710020.1435852
2026-10-08,WPM,134.9600067138672,61293429281.0,249203512.73330688
2026-10-08,WRB,72.05000305175781,26746943464.0,257909005.41511536
2026-10-08,WRBY,24.950000762939453,3084020947.0,91180313.11214447
2026-10-08,WSBC,36.959999084472656,3544681657.0,41303907.35967636
2026-10-08,WSC,16.850000381469727,3053067642.0,52142415.675907135
2026-10-08,WSFS,75.41000366210938,3852742523.0,28703201.59313202
2026-10-08,WSM,239.0,28149222347.0,266422255.6161499
2026-10-08,WSO,282.2300109863281,11642606713.0,155707118.07235718
2026-10-08,WST,363.2699890136719,25565403062.0,232817403.73565674
2026-10-08,WT,22.68000030517578,3436294677.0,68470048.07114601
2026-10-08,WTFC,144.1999969482422,9728592441.0,79162434.84817505
2026-10-08,WTM,2059.77001953125,4916096314.0,38043735.994262695
2026-10-08,WTRG,38.720001220703125,10987907586.0,107251678.80105972
2026-10-08,WTS,347.1400146484375,11588591977.0,73111811.48345947
2026-10-08,WTTR,19.600000381469727,2714224327.0,40085272.78179169
2026-10-08,WTW,297.8599853515625,27662835155.0,172726062.15576172
2026-10-08,WU,6.329999923706055,1974193950.0,58573395.06161928
2026-10-08,WULF,13.649999618530273,6810922441.0,454898345.1713133
2026-10-08,WWD,323.45001220703125,19098370479.0,267372832.26669312
2026-10-08,WY,19.170000076293945,13816509120.0,178475311.54148102
2026-10-08,WYNN,75.29000091552734,7752904253.0,198506337.35046387
2026-10-08,XEL,73.36000061035156,45823172688.0,436263615.95615387
2026-10-08,XENE,36.15999984741211,3501750021.0,116991696.12703323
2026-10-08,XERS,10.1899995803833,1857843918.0,31936171.90558672
2026-10-08,XMTR,106.4800033569336,6103814053.0,92304318.0008316
2026-10-08,XNCR,24.5,1821658227.0,37208119.33767319
2026-10-08,XOM,168.5,692857165260.0,2190690830.265808
2026-10-08,XP,30.209999084472656,15658203677.0,268484474.18834686
2026-10-08,XPEV,9.550000190734863,9149570124.0,64859076.09706402
2026-10-08,XPO,181.9499969482422,21303882307.0,206234934.36798096
2026-10-08,XRAY,8.6899995803833,1732385182.0,49734745.34673691
2026-10-08,XYL,101.98999786376953,23813319956.0,270426512.64110565
2026-10-08,XYZ,75.2300033569336,45197807850.0,315954129.5098877
2026-10-08,YELP,19.3700008392334,1051086339.0,28602717.443361282
2026-10-08,YETI,39.599998474121094,2890356322.0,76560027.14561462
2026-10-08,YMM,8.329999923706055,8642744261.0,49198985.79214096
2026-10-08,YOU,43.08000183105469,5828210573.0,90346976.38700485
2026-10-08,YPF,49.900001525878906,19626308371.0,64039741.92827225
2026-10-08,YUM,143.0,39024855155.0,331603251.44477844
2026-10-08,YUMC,41.779998779296875,14307900922.0,57681746.0430336
2026-10-08,Z,29.170000076293945,6559602408.0,127333728.83130074
2026-10-08,ZBH,88.87999725341797,16952765798.0,206265208.00434113
2026-10-08,ZBIO,26.239999771118164,1710237212.0,22511860.163793564
2026-10-08,ZBRA,382.1400146484375,18079295612.0,199701422.19192505
2026-10-08,ZD,55.90999984741211,1916997799.0,40629850.524749756
2026-10-08,ZETA,33.029998779296875,8290979373.0,184861410.77666283
2026-10-08,ZG,29.899999618530273,6723761125.0,31067777.713079453
2026-10-08,ZIM,30.260000228881836,3645298376.0,46485389.11205292
2026-10-08,ZION,62.72999954223633,9155653959.0,105153929.17963028
2026-10-08,ZLAB,24.809999465942383,2785325117.0,20801134.33394432
2026-10-08,ZM,94.66999816894531,27623163920.0,270200015.51856995
2026-10-08,ZS,216.80999755859375,35351889073.0,660369486.3758087
2026-10-08,ZTO,19.899999618530273,15321023791.0,63307900.68441391
2026-10-08,ZTS,73.08000183105469,30198380834.0,324374294.04209137
2026-10-08,ZWS,46.2400016784668,7669555845.0,43294832.46044159
2026-10-08,ZYME,25.260000228881836,1792430428.0,26510150.94742775
2026-10-09,A,170.5399932861328,47411975377.0,424088014.7640991
2026-10-09,AA,42.20000076293945,11303241529.0,177927460.35726547
2026-10-09,AAL,12.760000228881836,8473215373.0,930734144.4962168
2026-10-09,AAMI,93.70999908447266,3311228942.0,46323677.37071991
2026-10-09,AAOI,109.63999938964844,8991576005.0,977669754.3425751
2026-10-09,AAON,86.16000366210938,7086890272.0,92961930.21129608
2026-10-09,AAP,42.29999923706055,2560960000.0,72420450.42604446
2026-10-09,AAPL,336.6400146484375,4968150755600.0,12667175663.871307
2026-10-09,ABBV,276.4700012207031,481398090780.0,1202394022.3202515
2026-10-09,ABCB,79.0199966430664,5345762659.0,43492667.708740234
2026-10-09,ABCL,12.545000076293945,3893344459.0,73217637.39470482
2026-10-09,ABG,167.60000610351562,3033155896.0,51659051.003723145
2026-10-09,ABM,49.630001068115234,2924281995.0,24127303.34142685
2026-10-09,ABNB,165.8699951171875,97739786873.0,750444677.445221
2026-10-09,ABSI,10.15999984741211,1534229249.0,46247409.722213745
2026-10-09,ABT,99.5999984741211,170425450823.0,949031557.1661377
2026-10-09,ABVX,88.1500015258789,7769950623.0,143655851.95041656
2026-10-09,ACA,147.17999267578125,7194147519.0,102893797.88154602
2026-10-09,ACAD,19.780000686645508,3373742042.0,55873746.77775383
2026-10-09,ACGL,95.56999969482422,32785294426.0,381819132.36759186
2026-10-09,ACHC,29.25,2651495832.0,44410423.354644775
2026-10-09,ACI,12.1899995803833,5988918928.0,96930304.32736397
2026-10-09,ACIW,50.869998931884766,5155784158.0,36721690.30298233
2026-10-09,ACLS,134.7100067138672,4122061152.0,43898566.79786682
2026-10-09,ACM,59.279998779296875,7652289431.0,103143846.15299225
2026-10-09,ACMR,71.37000274658203,4931163077.0,99980808.87657166
2026-10-09,ACN,209.05999755859375,139082427356.0,1463221205.2928162
2026-10-09,ACT,45.970001220703125,6412238415.0,21031802.343826294
2026-10-09,ACVA,10.4399995803833,1772795311.0,100915361.10085964
2026-10-09,ADBE,242.27000427246094,93816660000.0,1186845522.4007416
2026-10-09,ADC,65.94999694824219,8186646184.0,115878017.35549927
2026-10-09,ADEA,23.895000457763672,2659405817.0,28577888.17772398
2026-10-09,ADI,406.19000244140625,196699659207.0,1207527578.9155579
2026-10-09,ADM,79.88999938964844,39737567618.0,284047630.8362961
2026-10-09,ADMA,10.359999656677246,2313761744.0,33267607.684645653
2026-10-09,ADP,270.8800048828125,107277181590.0,583488920.9246826
2026-10-09,ADPT,26.489999771118164,4163855518.0,74327651.2624073
2026-10-09,ADSK,235.35000610351562,48822400000.0,492125475.2017975
2026-10-09,ADT,6.429999828338623,4748635112.0,54939644.308121204
2026-10-09,ADUS,114.33000183105469,2133725518.0,25250203.133850098
2026-10-09,AEE,102.19000244140625,28193716682.0,223009188.61343384
2026-10-09,AEG,8.239999771118164,14883342882.0,46624246.44516945
2026-10-09,AEHR,84.63999938964844,2848239007.0,225200557.73841858
2026-10-09,AEIS,288.6600036621094,11383937634.0,143229330.5659485
2026-10-09,AEM,189.02000427246094,93325240702.0,334741300.36117554
2026-10-09,AEO,18.170000076293945,3011292794.0,94058868.55810642
2026-10-09,AEP,122.80999755859375,66590684097.0,501109372.37262726
2026-10-09,AER,144.72000122070312,22054157583.0,166688260.9234619
2026-10-09,AES,14.9399995803833,10651638746.0,128888811.8236208
2026-10-09,AESI,12.289999961853027,1520041964.0,46510168.25044632
2026-10-09,AFG,141.0800018310547,11773189743.0,63909282.10189819
2026-10-09,AFL,114.54000091552734,57624398672.0,234380916.84749603
2026-10-09,AFRM,80.69999694824219,26032049900.0,291383378.1665802
2026-10-09,AG,17.280000686645508,8369550383.0,177868112.7803707
2026-10-09,AGCO,103.27999877929688,7572530857.0,118382996.367836
2026-10-09,AGI,32.900001525878906,13531285542.0,124459260.3622055
2026-10-09,AGIO,31.809999465942383,1905684073.0,38097924.16749954
2026-10-09,AGL,82.38999938964844,1422551311.0,20502341.391944885
2026-10-09,AGM,203.89999389648438,2251389882.0,27483044.792785645
2026-10-09,AGNC,8.670000076293945,10289978960.0,426727731.2010431
2026-10-09,AGO,70.02999877929688,3110209590.0,39043641.76170349
2026-10-09,AGX,392.6099853515625,5593136812.0,153232003.8345337
2026-10-09,AGYS,105.02999877929688,2893631791.0,24365203.622894287
2026-10-09,AHR,50.79999923706055,11761861488.0,182609159.67430115
2026-10-09,AI,11.529999732971191,1823243567.0,48284469.69697952
2026-10-09,AIG,77.04000091552734,40288918671.0,376849273.351593
2026-10-09,AIR,100.43000030517578,4082927953.0,77692182.9586792
2026-10-09,AIT,335.3800048828125,12200061207.0,91940700.58380127
2026-10-09,AIZ,266.489990234375,13458483064.0,114914764.51095581
2026-10-09,AJG,232.6999969482422,59987015000.0,353439159.75601196
2026-10-09,AKAM,106.94999694824219,14501005848.0,672060801.5042496
2026-10-09,AKR,18.239999771118164,2496708886.0,24708493.995113373
2026-10-09,ALAB,342.2099914550781,60208005343.0,1504475334.98703
2026-10-09,ALB,101.2699966430664,12048316320.0,266693289.36084747
2026-10-09,ALC,64.11000061035156,31546061000.0,115999579.81046677
2026-10-09,ALG,152.4199981689453,1891246251.0,32855269.297332764
2026-10-09,ALGM,35.56999969482422,6760802208.0,101667723.76159668
2026-10-09,ALGN,142.7100067138672,10018750328.0,142623529.71084595
2026-10-09,ALGT,76.43000030517578,2089014548.0,38175848.49433899
2026-10-09,ALH,21.270000457763672,4222280399.0,25029754.861745834
2026-10-09,ALHC,7.545000076293945,1806760148.0,123900564.08483982
2026-10-09,ALK,39.36000061035156,4410555302.0,125754143.27934265
2026-10-09,ALKS,40.61000061035156,6728984840.0,110990357.2061348
2026-10-09,ALKT,14.289999961853027,1532478573.0,32472297.610173225
2026-10-09,ALL,229.42999267578125,58316629009.0,571062195.5163574
2026-10-09,ALLE,150.47999572753906,12754667532.0,168081935.134964
2026-10-09,ALLY,37.59000015258789,11507874386.0,158190758.31310272
2026-10-09,ALM,11.869999885559082,3337722278.0,81201156.59340858
2026-10-09,ALNT,109.91000366210938,1846982770.0,22954394.777297974
2026-10-09,ALNY,232.67999267578125,30044161265.0,317439677.4492645
2026-10-09,ALRM,55.650001525878906,2712725999.0,26897811.5209198
2026-10-09,ALSN,109.86000061035156,9010089726.0,99973619.61902618
2026-10-09,ALV,109.76000213623047,8131528204.0,88571999.85103607
2026-10-09,AM,21.09000015258789,10058342060.0,56768375.29878616
2026-10-09,AMAT,507.0299987792969,404393449030.0,2984818578.126068
2026-10-09,AMBA,67.43000030517578,2776025666.0,92628657.6808548
2026-10-09,AMBQ,58.560001373291016,1424469170.0,38317517.73431778
2026-10-09,AMCR,41.720001220703125,19363037497.0,139800447.88074493
2026-10-09,AMD,608.0999755859375,1013244609069.0,13198680931.950836
2026-10-09,AME,248.5800018310547,56746743115.0,353242822.7593231
2026-10-09,AMG,387.260009765625,10007535472.0,114190792.86148071
2026-10-09,AMGN,414.8699951171875,220275104117.0,1238226624.9876404
2026-10-09,AMH,30.850000381469727,10951396493.0,108233240.10151863
2026-10-09,AMKR,49.119998931884766,12671076072.0,193269542.8945923
2026-10-09,AMLX,28.139999389648438,3412465298.0,45145375.59698105
2026-10-09,AMN,36.52000045776367,1372590881.0,24440725.853996277
2026-10-09,AMP,500.510009765625,44865836683.0,350900113.9581299
2026-10-09,AMPL,15.670000076293945,1909966649.0,25174585.96461296
2026-10-09,AMPX,9.4399995803833,1371697003.0,53880969.56585407
2026-10-09,AMR,181.57000732421875,2209703963.0,53452923.8343811
2026-10-09,AMRX,19.90999984741211,6844016734.0,66974071.55597687
2026-10-09,AMRZ,36.20000076293945,19962786006.0,139750849.28983688
2026-10-09,AMSC,30.520000457763672,1499284326.0,23052425.714817047
2026-10-09,AMT,182.24000549316406,77689518803.0,544404961.6963196
2026-10-09,AMTM,19.290000915527344,4638286655.0,36205087.87392616
2026-10-09,AMX,21.31999969482422,66635865000.0,62334415.38675308
2026-10-09,AMZN,262.42999267578125,2740370826102.0,9345208078.088837
2026-10-09,AN,157.3800048828125,5192860798.0,116387150.49850464
2026-10-09,ANAB,45.95000076293945,1368207907.0,30273026.85974121
2026-10-09,ANDE,63.88999938964844,2260394672.0,23493179.58721161
2026-10-09,ANDG,56.81999969482422,6354470597.0,27295424.881019592
2026-10-09,ANET,216.74000549316406,266080563989.0,1024294536.6971588
2026-10-09,ANF,142.5800018310547,6000645252.0,162781452.09457397
2026-10-09,ANIP,73.88999938964844,1652623946.0,33057844.520874023
2026-10-09,AON,273.4700012207031,58784200270.0,611502974.4554138
2026-10-09,AOS,56.380001068115234,7686988889.0,88868164.66072083
2026-10-09,APA,45.880001068115234,15930483160.0,270042708.13417435
2026-10-09,APAM,33.459999084472656,2728095312.0,41590854.880981445
2026-10-09,APD,281.260009765625,61991197841.0,342002569.715271
2026-10-09,APG,40.31999969482422,17277768674.0,123692429.3932724
2026-10-09,APH,87.23999786376953,210396297102.0,995026546.3806152
2026-10-09,APLD,23.68000030517578,7211933289.0,544388691.5310192
2026-10-09,APLE,16.309999465942383,3829261362.0,42711049.05225277
2026-10-09,APO,118.6500015258789,68089626233.0,385689621.30916595
2026-10-09,APP,277.0400085449219,93742438120.0,1656165340.4026794
2026-10-09,APPF,202.1999969482422,6993085070.0,67454603.3241272
2026-10-09,APPN,40.099998474121094,2769122900.0,31184923.74704361
2026-10-09,APPS,10.430000305175781,1312161597.0,34073476.54854298
2026-10-09,APTV,43.79999923706055,9179469564.0,162003444.33904648
2026-10-09,AQN,5.110000133514404,3910318235.0,25180150.994803905
2026-10-09,AR,35.900001525878906,11086250340.0,156796350.62641144
2026-10-09,ARCB,129.36000061035156,2904781966.0,31482414.618034363
2026-10-09,ARCC,18.559999465942383,13455748115.0,94552441.74829483
2026-10-09,ARE,45.5099983215332,7945689192.0,104594600.64374924
2026-10-09,ARES,117.22000122070312,38398030644.0,278446644.185791
2026-10-09,ARGX,825.030029296875,50806542003.0,367525609.4049072
2026-10-09,ARIS,17.329999923706055,3459264000.0,30296888.346948624
2026-10-09,ARM,266.2799987792969,292923770323.0,1742296090.3320312
2026-10-09,ARMK,54.939998626708984,14641734944.0,120586512.4238205
2026-10-09,AROC,30.280000686645508,5319760533.0,52545422.15084076
2026-10-09,ARQT,26.579999923706055,3078196125.0,89796036.59334183
2026-10-09,ARR,13.59000015258789,2250801951.0,69781562.22005367
2026-10-09,ARW,227.89999389648438,11542804665.0,121484797.15576172
2026-10-09,ARWR,62.75,8579796326.0,162333672.78203964
2026-10-09,ARX,19.799999237060547,4289473902.0,41845343.8161087
2026-10-09,AS,28.139999389648438,15307969773.0,178675384.3959999
2026-10-09,ASAN,10.069999694824219,2259935055.0,76676543.58570576
2026-10-09,ASB,28.649999618530273,5431316193.0,63484931.862888336
2026-10-09,ASH,70.56999969482422,3237133325.0,46960886.77883148
2026-10-09,ASML,1780.3399658203125,682108329340.0,2521101615.7177734
2026-10-09,ASND,229.22999572753906,14671729338.0,230628974.2629242
2026-10-09,ASO,53.4900016784668,3248902289.0,83405187.43051529
2026-10-09,ASST,27.799999237060547,2849507575.0,251028296.71004295
2026-10-09,ASX,46.43000030517578,100789439281.0,291624891.77547455
2026-10-09,ATAT,33.06999969482422,4300325426.0,29300269.21713829
2026-10-09,ATEC,10.670000076293945,1598568637.0,23078243.771252632
2026-10-09,ATEN,29.6299991607666,2030148227.0,33478692.486991882
2026-10-09,ATEX,84.52999877929688,1498972042.0,23745851.51233673
2026-10-09,ATI,191.83999633789062,25617734154.0,289011641.1116791
2026-10-09,ATKR,94.83999633789062,3203037200.0,73942914.17671204
2026-10-09,ATMU,42.810001373291016,3477601361.0,36265910.23683548
2026-10-09,ATO,161.66000366210938,27149700925.0,186769274.3798828
2026-10-09,ATR,120.37999725341797,7744817323.0,60322037.92476654
2026-10-09,ATRC,55.810001373291016,2687774975.0,88053636.45870209
2026-10-09,ATRO,64.22000122070312,2771934175.0,42217107.66086578
2026-10-09,AU,94.16000366210938,45913733060.0,228741788.89881134
2026-10-09,AUB,37.79999923706055,5415540856.0,50069097.37150192
2026-10-09,AUGO,91.26000213623047,6911773005.0,92428010.16849518
2026-10-09,AUR,5.829999923706055,11483809686.0,189216037.0055604
2026-10-09,AVA,35.4900016784668,2971550408.0,27423571.17538452
2026-10-09,AVAH,12.25,2671009079.0,43177341.13777161
2026-10-09,AVAV,137.11000061035156,6992928595.0,235003780.22865295
2026-10-09,AVGO,361.5400085449219,1719175059581.0,8536392418.358154
2026-10-09,AVNT,37.790000915527344,3758667159.0,31773075.67554474
2026-10-09,AVPT,14.630000114440918,3048657789.0,34135262.0318079
2026-10-09,AVT,99.36000061035156,8187103243.0,141068602.0471573
2026-10-09,AVTR,15.670000076293945,10409162548.0,137990250.0175953
2026-10-09,AVY,167.82000732421875,12703608362.0,137005598.00102234
2026-10-09,AWI,161.8699951171875,6893066921.0,57844960.33882141
2026-10-09,AWK,128.8800048828125,25473081810.0,246795588.99047852
2026-10-09,AWR,82.26000213623047,3243383276.0,21366450.800857544
2026-10-09,AX,88.44000244140625,5029658945.0,39329314.945869446
2026-10-09,AXGN,36.130001068115234,2122735340.0,58776505.18753052
2026-10-09,AXON,422.8900146484375,33901185654.0,509717083.64868164
2026-10-09,AXP,308.1700134277344,208062959547.0,1104359106.797638
2026-10-09,AXS,96.7300033569336,7114215908.0,69795841.79653168
2026-10-09,AXSM,168.35000610351562,8908929525.0,156143655.6955719
2026-10-09,AXTA,32.630001068115234,7021996102.0,71897634.2219162
2026-10-09,AXTI,68.45999908447266,4698976372.0,621698136.6729355
2026-10-09,AYA,27.420000076293945,3791031942.0,35773547.81299591
2026-10-09,AYI,298.3399963378906,8993536385.0,136300294.36569214
2026-10-09,AZN,159.1999969482422,246224253480.0,453062233.09143066
2026-10-09,AZO,2939.85009765625,47515598742.0,1060573108.7780762
2026-10-09,AZTA,37.720001220703125,1577102148.0,44442319.025764465
2026-10-09,AZZ,136.85000610351562,4098423706.0,35586652.40364075
2026-10-09,B,41.060001373291016,65818917916.0,342540187.9999161
2026-10-09,BA,190.3699951171875,148391971255.0,1783012879.8320007
2026-10-09,BABA,111.37000274658203,256056772103.0,967571343.0018997
2026-10-09,BAC,54.31999969482422,374881239848.0,2269714569.7060394
2026-10-09,BAH,73.94000244140625,8765165983.0,129741983.74538422
2026-10-09,BALL,58.459999084472656,15450734948.0,128387383.7428093
2026-10-09,BAM,45.880001068115234,72147196103.0,147558371.31765366
2026-10-09,BANC,17.299999237060547,2740441678.0,47695494.625644684
2026-10-09,BAND,53.27000045776367,1671791937.0,51994327.34769821
2026-10-09,BAP,381.2099914550781,30209519800.0,117374422.62130737
2026-10-09,BATRK,52.0,3365606198.0,29109608.798179626
2026-10-09,BAX,24.350000381469727,12356204376.0,172426319.27636147
2026-10-09,BB,8.90999984741211,5066088568.0,172687095.98876476
2026-10-09,BBIO,65.3499984741211,12714505309.0,210217605.8749771
2026-10-09,BBT,27.190000534057617,2303266043.0,35818775.84354401
2026-10-09,BBVA,26.1200008392334,148351550216.0,45001800.492486954
2026-10-09,BBWI,17.34000015258789,3571138493.0,122785972.54556656
2026-10-09,BBY,87.01000213623047,18539928503.0,305782759.9479294
2026-10-09,BC,61.47999954223633,4040119636.0,52443129.89994049
2026-10-09,BCC,73.56999969482422,2589636071.0,27809755.44532776
2026-10-09,BCE,18.780000686645508,18613215307.0,108864027.54005432
2026-10-09,BCO,103.4000015258789,4216170936.0,46666206.37248993
2026-10-09,BCPC,167.8300018310547,5375590681.0,43382721.35055542
2026-10-09,BCRX,8.550000190734863,2118386020.0,46852092.809119225
2026-10-09,BCS,22.950000762939453,77118160813.0,132028121.32976532
2026-10-09,BDC,109.1500015258789,4218099937.0,45171703.377723694
2026-10-09,BDX,183.75,49778687700.0,341605774.4408417
2026-10-09,BE,280.5,80352950536.0,4527863427.536926
2026-10-09,BEAM,25.700000762939453,2540876559.0,47319094.22795296
2026-10-09,BEKE,17.84000015258789,19308964130.0,93427057.02523708
2026-10-09,BELFB,244.5,3501566625.0,37416734.62402344
2026-10-09,BEN,32.0,16461691884.0,143250452.12129593
2026-10-09,BEPC,29.6299991607666,11072917555.0,54146798.32817078
2026-10-09,BETA,20.979999542236328,4795791730.0,79755503.14811707
2026-10-09,BFAM,69.44999694824219,3350486230.0,62154580.641555786
2026-10-09,BFH,100.58000183105469,3869972866.0,65423762.56500244
2026-10-09,BFLY,8.25,2138270019.0,54964829.08740044
2026-10-09,BG,102.7300033569336,20714283842.0,219044488.52352142
2026-10-09,BGC,11.479999542236328,5339489042.0,50031071.18101597
2026-10-09,BHE,81.47000122070312,2915261762.0,33703848.77346039
2026-10-09,BHF,48.529998779296875,2817491471.0,52121369.7498703
2026-10-09,BHP,86.73999786376953,215645596920.0,235768746.0142517
2026-10-09,BHVN,12.079999923706055,1801952307.0,33851620.382032394
2026-10-09,BIDU,85.33000183105469,28554003143.0,199738747.95951843
2026-10-09,BIIB,225.7100067138672,32273905783.0,255629742.50022888
2026-10-09,BILI,15.489999771118164,6186861158.0,39855837.54924774
2026-10-09,BILL,44.83000183105469,3835749654.0,78518798.45184326
2026-10-09,BIO,366.1600036621094,9636438270.0,102994329.96261597
2026-10-09,BIPC,37.36000061035156,4567569117.0,41808391.561756134
2026-10-09,BIRK,33.650001525878906,5468979876.0,63204867.60138512
2026-10-09,BJ,98.58000183105469,12510207096.0,187454195.1638031
2026-10-09,BJRI,59.869998931884766,1266639968.0,25383790.494861603
2026-10-09,BKD,10.119999885559082,2600719874.0,58714631.99759483
2026-10-09,BKE,44.15999984741211,2231003517.0,20507355.37256241
2026-10-09,BKH,76.08000183105469,5834890349.0,98083786.24351501
2026-10-09,BKNG,160.33999633789062,120198338585.0,1423252619.1298676
2026-10-09,BKR,56.70000076293945,55887550197.0,439353067.44312286
2026-10-09,BKU,42.279998779296875,3035206130.0,47007058.124485016
2026-10-09,BKV,24.239999771118164,2619941650.0,37902510.87785721
2026-10-09,BL,29.770000457763672,1700164148.0,25384169.82580185
2026-10-09,BLBD,56.290000915527344,1761391470.0,29711156.694641113
2026-10-09,BLDR,52.849998474121094,5789765351.0,214517051.42671585
2026-10-09,BLK,1082.3900146484375,164989965076.0,564491734.2602539
2026-10-09,BLLN,98.08999633789062,4502115296.0,69525960.53668976
2026-10-09,BLSH,32.59000015258789,5014330783.0,50502557.819423676
2026-10-09,BLTE,154.49000549316406,6142307403.0,25565448.550186157
2026-10-09,BMA,64.95999908447266,4213582077.0,20253275.369606018
2026-10-09,BMI,131.3800048828125,3700460888.0,55619769.67002869
2026-10-09,BMNR,24.030000686645508,14501562512.0,972217577.7578449
2026-10-09,BMO,162.58999633789062,111701322486.0,112728421.39144897
2026-10-09,BMRN,54.79999923706055,10625263632.0,133376420.67913055
2026-10-09,BMY,59.119998931884766,121704939204.0,828146800.3957558
2026-10-09,BN,37.09000015258789,90114065182.0,198687353.29353333
2026-10-09,BNL,18.260000228881836,3500127791.0,39633594.321870804
2026-10-09,BNS,88.44999694824219,107454304862.0,185090175.13061523
2026-10-09,BNTX,96.95999908447266,23125873934.0,87666015.4423523
2026-10-09,BNY,142.7100067138672,97439979833.0,613489647.9204559
2026-10-09,BOH,66.80999755859375,2671186313.0,36960255.3004837
2026-10-09,BOKF,125.47000122070312,7682147326.0,35554890.401916504
2026-10-09,BOOT,119.95999908447266,3682637030.0,93880472.55500793
2026-10-09,BOX,36.38999938964844,4981760068.0,89452561.31866455
2026-10-09,BP,46.25,121367253390.0,431192652.69615173
2026-10-09,BPOP,156.2899932861328,9936052671.0,88032083.74229431
2026-10-09,BR,165.4499969482422,18652214287.0,158256090.18623352
2026-10-09,BRC,85.3499984741211,3958762654.0,25833876.600608826
2026-10-09,BRK/A,774295.0,1127986750742.0,167638040.0
2026-10-09,BRK/B,515.6199951171875,1127535426150.0,2392352639.747772
2026-10-09,BRKR,58.84000015258789,8824651583.0,151139579.1315651
2026-10-09,BRO,62.880001068115234,21331410259.0,160241617.75917053
2026-10-09,BROS,38.04999923706055,6948838662.0,176565301.87038422
2026-10-09,BRSL,9.84000015258789,1843155000.0,24715209.57262516
2026-10-09,BRX,27.299999237060547,8310102317.0,103915867.43551254
2026-10-09,BRZE,29.059999465942383,3232612792.0,54010350.503463745
2026-10-09,BSBR,5.809999942779541,43482373122.0,23624663.816287518
2026-10-09,BSX,42.72999954223633,60925609273.0,855250246.3503838
2026-10-09,BSY,34.970001220703125,10518874395.0,94379153.54481697
2026-10-09,BTDR,9.630000114440918,2641723421.0,110535614.25245285
2026-10-09,BTG,5.25,6763882301.0,105102552.65094519
2026-10-09,BTI,55.5,119747288954.0,245560002.57911682
2026-10-09,BTSG,63.7400016784668,12596037582.0,157072595.69545746
2026-10-09,BTU,25.1299991607666,3047500000.0,62776574.714393616
2026-10-09,BUD,77.33000183105469,152662819710.0,158394932.95886993
2026-10-09,BULL,6.309999942779541,3215885066.0,121006965.25278807
2026-10-09,BURL,276.9700012207031,17389758584.0,395943547.7681732
2026-10-09,BUSE,28.93000030517578,2430797219.0,25818995.876874924
2026-10-09,BVN,32.459999084472656,7982807230.0,39132570.38029671
2026-10-09,BWA,61.29999923706055,12570287369.0,168942671.62277222
2026-10-09,BWIN,31.8700008392334,4443021938.0,182486778.1957817
2026-10-09,BWXT,143.8300018310547,13030477996.0,188382266.17462158
2026-10-09,BX,114.29000091552734,84580437846.0,557828465.9500504
2026-10-09,BXMT,11.029999732971191,1889373655.0,39299141.27813816
2026-10-09,BXP,59.04999923706055,9471123502.0,92600399.36290741
2026-10-09,BYD,68.93000030517578,5085878980.0,84541172.45807648
2026-10-09,BZ,15.729999542236328,7025390572.0,118289126.71865463
2026-10-09,C,129.63999938964844,214846103167.0,1322324245.2031708
2026-10-09,CACC,547.5999755859375,5634786436.0,69522355.95123291
2026-10-09,CACI,610.6500244140625,13246498442.0,165478816.15509033
2026-10-09,CAE,23.739999771118164,7442925479.0,20615901.303834915
2026-10-09,CAG,13.489999771118164,6478474286.0,210491418.5371065
2026-10-09,CAH,237.57000732421875,55333421081.0,431171709.4010925
2026-10-09,CAI,29.700000762939453,7771367615.0,158155165.6845379
2026-10-09,CAKE,108.44999694824219,5319909381.0,136751484.64740753
2026-10-09,CALM,64.3499984741211,3028249041.0,100141474.4490242
2026-10-09,CALX,37.2400016784668,2271740723.0,40534466.392326355
2026-10-09,CALY,13.670000076293945,2475940926.0,34032708.7087965
2026-10-09,CAMT,152.80999755859375,7005565354.0,58095499.58770752
2026-10-09,CAR,105.9800033569336,3885832940.0,50457864.61723328
2026-10-09,CARG,28.850000381469727,2604508497.0,50938762.49873161
2026-10-09,CARR,55.560001373291016,46022067932.0,387050055.09601593
2026-10-09,CART,47.7599983215332,10988536420.0,180858361.4928627
2026-10-09,CASY,646.27001953125,23738776061.0,403895512.18963623
2026-10-09,CAT,800.469970703125,365983953124.0,1977025555.3997803
2026-10-09,CATY,59.119998931884766,3976143672.0,31045385.413074493
2026-10-09,CAVA,53.63999938964844,6343744613.0,202073032.18463898
2026-10-09,CB,341.20001220703125,132630275527.0,550639616.385498
2026-10-09,CBC,32.41999816894531,7752781155.0,51145999.24791336
2026-10-09,CBOE,304.1600036621094,32883658000.0,343819075.754776
2026-10-09,CBRE,130.8000030517578,37957530062.0,294417922.4948883
2026-10-09,CBRL,57.459999084472656,1236983476.0,58473726.7209816
2026-10-09,CBSH,54.38999938964844,7832831241.0,57407341.96767807
2026-10-09,CBT,74.91000366210938,3903820439.0,33895051.03729248
2026-10-09,CBU,58.630001068115234,3109599986.0,20178420.398044586
2026-10-09,CBZ,54.81999969482422,2973660569.0,48385022.60511398
2026-10-09,CC,13.609999656677246,2081401101.0,28439890.366978645
2026-10-09,CCC,7.019999980926514,3869695205.0,82928484.45885181
2026-10-09,CCEP,104.25,47050739356.0,197946782.55817413
2026-10-09,CCI,79.63999938964844,29309625193.0,312782449.3785095
2026-10-09,CCJ,88.05999755859375,37943633043.0,298298387.7129364
2026-10-09,CCK,108.26000213623047,11841844438.0,111718206.56692505
2026-10-09,CCL,26.350000381469727,35134662671.0,644222033.1230354
2026-10-09,CDE,17.1299991607666,17341263416.0,691085867.869978
2026-10-09,CDNA,63.66999816894531,3218127342.0,91154244.55015182
2026-10-09,CDNL,21.1200008392334,1214905166.0,22198751.154232025
2026-10-09,CDNS,352.8399963378906,96068094120.0,774177809.7198486
2026-10-09,CDP,33.47999954223633,3795848029.0,35055493.14447403
2026-10-09,CDW,142.1699981689453,17487437549.0,202914229.44122314
2026-10-09,CE,45.02000045776367,4917849374.0,87923742.52222061
2026-10-09,CECO,65.81999969482422,3839252357.0,56137871.96659088
2026-10-09,CEG,298.07000732421875,101002404532.0,1141774800.5121613
2026-10-09,CELC,67.94000244140625,3321008596.0,99756689.2930603
2026-10-09,CELH,28.579999923706055,6933160288.0,183755554.13166046
2026-10-09,CENX,36.7599983215332,3601376072.0,69891026.1444664
2026-10-09,CERT,9.130000114440918,1317935059.0,28504138.720993996
2026-10-09,CF,111.54000091552734,17188984805.0,319793656.102829
2026-10-09,CFG,63.56999969482422,26993220343.0,288659479.32294846
2026-10-09,CFR,150.24000549316406,9468988883.0,78762355.63423157
2026-10-09,CG,38.41999816894531,13679616115.0,142273948.17539215
2026-10-09,CGAU,22.540000915527344,4357679204.0,25859873.899917603
2026-10-09,CGNX,62.91999816894531,10246514216.0,108861381.42372131
2026-10-09,CGON,63.81999969482422,5607390123.0,77193086.20847702
2026-10-09,CHD,98.11000061035156,23181937831.0,176068797.93548584
2026-10-09,CHDN,79.95999908447266,5308370507.0,105935835.55381775
2026-10-09,CHE,499.82000732421875,6512108068.0,84529281.81549072
2026-10-09,CHEF,114.31999969482422,4544683646.0,66565381.23374939
2026-10-09,CHH,105.63999938964844,4735708901.0,58590510.338020325
2026-10-09,CHKP,137.17999267578125,13757039425.0,153498677.40997314
2026-10-09,CHRD,141.5399932861328,7785695100.0,101160980.01487732
2026-10-09,CHRW,142.30999755859375,16515756806.0,300388379.49645996
2026-10-09,CHTR,103.37999725341797,12565713548.0,383018970.8179474
2026-10-09,CHWY,18.950000762939453,7600444279.0,188036149.41212654
2026-10-09,CHYM,30.079999923706055,10963824815.0,194117304.89438057
2026-10-09,CI,282.42999267578125,74259503781.0,449934008.8168335
2026-10-09,CIEN,449.7699890136719,60400505053.0,1127806540.648346
2026-10-09,CIFR,13.520000457763672,5602914747.0,557348823.4473372
2026-10-09,CIGI,86.5999984741211,4417414287.0,23881876.65195465
2026-10-09,CINF,163.38999938964844,25362246936.0,120374233.1855011
2026-10-09,CL,88.2699966430664,70230926235.0,468689757.354126
2026-10-09,CLBK,10.800000190734863,2967691936.0,55000177.700333595
2026-10-09,CLBT,11.260000228881836,2850207620.0,29654015.582823753
2026-10-09,CLDX,29.889999389648438,2300915288.0,78666002.12230682
2026-10-09,CLF,12.979999542236328,6954883173.0,197480295.38521767
2026-10-09,CLH,316.92999267578125,16751505280.0,123362098.83010864
2026-10-09,CLMT,56.41999816894531,5076123014.0,86258893.98130417
2026-10-09,CLS,362.1600036621094,40991361839.0,741795308.8354492
2026-10-09,CLSK,10.494999885559082,2729965486.0,224211743.50785255
2026-10-09,CLX,83.80000305175781,10091025167.0,249027511.82380676
2026-10-09,CM,109.19999694824219,98222695009.0,173557151.82792664
2026-10-09,CMBT,20.600000381469727,6038432893.0,21215371.23315811
2026-10-09,CMC,63.88999938964844,6980395539.0,73107979.03539658
2026-10-09,CMCSA,20.65999984741211,75266581713.0,751231105.9488583
2026-10-09,CME,280.55999755859375,99402091464.0,514774352.33291626
2026-10-09,CMG,31.59000015258789,41353860240.0,625873517.2188759
2026-10-09,CMI,523.3900146484375,71640599035.0,599736470.7659912
2026-10-09,CMPS,12.0,1588329148.0,37514350.41574478
2026-10-09,CMS,65.48999786376953,20489130066.0,266094553.43063354
2026-10-09,CNA,46.16999816894531,12634357328.0,29512725.986995697
2026-10-09,CNC,65.36000061035156,31882437300.0,304727837.970047
2026-10-09,CNH,11.390000343322754,15013615871.0,214055220.21022797
2026-10-09,CNI,117.77999877929688,70583044000.0,132073708.45069885
2026-10-09,CNK,36.400001525878906,4262078908.0,75412110.83648682
2026-10-09,CNM,40.349998474121094,7690244799.0,103301902.9019165
2026-10-09,CNO,52.9900016784668,4954519417.0,61592143.56880188
2026-10-09,CNP,38.599998474121094,25308033465.0,266931666.06882095
2026-10-09,CNQ,49.650001525878906,101476602000.0,272487389.9133301
2026-10-09,CNR,88.45999908447266,4395290557.0,47314911.84791565
2026-10-09,CNS,69.26000213623047,3636016598.0,22733337.19833374
2026-10-09,CNX,34.029998779296875,5004933240.0,73512248.09532166
2026-10-09,CNXC,25.950000762939453,1654124261.0,62520059.52190399
2026-10-09,COCO,58.38999938964844,3285701204.0,81697018.2112503
2026-10-09,COF,199.25999450683594,122328876298.0,747014632.7638245
2026-10-09,COGT,31.0,5219631459.0,70426958.63595963
2026-10-09,COHR,312.6199951171875,59209879578.0,2168645423.4736633
2026-10-09,COHU,68.19000244140625,3236528664.0,67524328.73298645
2026-10-09,COIN,179.38999938964844,45379950756.0,1893645696.2049103
2026-10-09,COKE,196.24000549316406,12771025447.0,107457130.20965576
2026-10-09,COLB,28.3700008392334,8071201706.0,81741571.88257217
2026-10-09,COLD,13.989999771118164,3942486409.0,49957754.51722622
2026-10-09,COLM,57.040000915527344,2905725691.0,40942565.19460678
2026-10-09,COMP,9.390000343322754,7211611315.0,167463865.50944805
2026-10-09,CON,37.189998626708984,4668424315.0,40370467.714214325
2026-10-09,COO,54.369998931884766,10325432464.0,266092823.46910477
2026-10-09,COP,134.10000610351562,161207476307.0,888098530.7002258
2026-10-09,COR,323.8500061035156,61322309473.0,386899569.4369507
2026-10-09,CORT,121.19000244140625,12813983980.0,195667460.7995987
2026-10-09,CORZ,15.40999984741211,4935789174.0,194431367.8459692
2026-10-09,COST,946.9199829101562,420051172504.0,2165428492.0950317
2026-10-09,COUR,5.159999847412109,1393388000.0,37642593.43061924
2026-10-09,CP,84.45999908447266,75262459712.0,198594567.20912933
2026-10-09,CPA,134.22999572753906,5533958150.0,47330315.940704346
2026-10-09,CPAY,397.9200134277344,26400411566.0,202949591.1705017
2026-10-09,CPB,19.209999084472656,5776806003.0,152719389.1750908
2026-10-09,CPK,127.75,3089483273.0,24655923.736801147
2026-10-09,CPNG,15.819999694824219,27699655328.0,239933983.9372015
2026-10-09,CPRI,14.949999809265137,1668405752.0,78358573.6410141
2026-10-09,CPRT,27.31999969482422,25455560821.0,286388739.98280525
2026-10-09,CPT,97.58000183105469,9728187506.0,115623989.40273285
2026-10-09,CR,204.75,11682607955.0,79317734.37950134
2026-10-09,CRAI,176.72999572753906,1114519262.0,21951474.749832153
2026-10-09,CRBG,34.09000015258789,15356863383.0,174678017.60211945
2026-10-09,CRC,52.959999084472656,4711895324.0,46784941.217556
2026-10-09,CRCL,84.51000213623047,20523326220.0,1189907012.2193909
2026-10-09,CRDO,216.5500030517578,39819493347.0,1675934423.6909485
2026-10-09,CRGY,12.65999984741211,4298552085.0,114099056.97676182
2026-10-09,CRH,81.54000091552734,54805512692.0,478635055.5169678
2026-10-09,CRI,32.36000061035156,1193847736.0,45806338.62206459
2026-10-09,CRK,13.710000038146973,4025537713.0,33922017.549710274
2026-10-09,CRL,301.7900085449219,14226183856.0,314561194.46258545
2026-10-09,CRM,229.1300048828125,187479400000.0,2503111640.9817505
2026-10-09,CRML,6.860000133514404,1003967333.0,80693826.2567997
2026-10-09,CROX,114.9800033569336,5601902563.0,140403024.43927765
2026-10-09,CRS,385.80999755859375,19184120899.0,309372543.5031128
2026-10-09,CRSP,53.38999938964844,4877177417.0,102071577.50125885
2026-10-09,CRUS,106.87000274658203,5673307905.0,95490517.4206543
2026-10-09,CRWD,275.0400085449219,269305102794.0,2700486137.734375
2026-10-09,CRWV,82.08000183105469,44994355991.0,2576766719.0053177
2026-10-09,CSCO,118.38999938964844,452963805839.0,2119633820.8715057
2026-10-09,CSGP,29.670000076293945,12078940098.0,178040380.95115662
2026-10-09,CSL,320.3599853515625,12758165226.0,174138110.33584595
2026-10-09,CSTM,25.809999465942383,3469509837.0,41690727.75594711
2026-10-09,CSW,287.5899963378906,4670039244.0,37605447.79953003
2026-10-09,CSX,47.2599983215332,87696162571.0,491399384.3724251
2026-10-09,CTAS,202.41000366210938,79859742704.0,398277559.0748596
2026-10-09,CTRE,36.029998779296875,8456933592.0,101685215.0970459
2026-10-09,CTRI,20.899999618530273,2101041133.0,38689034.60281372
2026-10-09,CTSH,59.20000076293945,27031156982.0,429496237.9535866
2026-10-09,CTVA,13.239999771118164,9173945000.0,558944387.0915749
2026-10-09,CUBE,37.970001220703125,8445836110.0,112449080.59156418
2026-10-09,CUBI,74.04000091552734,2520271405.0,23998854.46006775
2026-10-09,CURB,27.010000228881836,3131335041.0,43326435.38591385
2026-10-09,CUZ,27.6200008392334,4562769048.0,43337540.8530426
2026-10-09,CVBF,21.489999771118164,3827944211.0,35313040.62399864
2026-10-09,CVCO,532.4299926757812,4219328665.0,63909010.76049805
2026-10-09,CVE,31.389999389648438,59043750000.0,258282238.04707527
2026-10-09,CVI,58.02000045776367,5985591864.0,56709785.30584335
2026-10-09,CVLT,157.25,6258129164.0,91801430.17562866
2026-10-09,CVNA,63.72999954223633,69549310264.0,514707279.31352615
2026-10-09,CVS,86.16000366210938,112293598398.0,820911986.1618042
2026-10-09,CVSA,129.3800048828125,4411646500.0,44207111.33743286
2026-10-09,CVX,211.97999572753906,417974413015.0,1981748600.2840424
2026-10-09,CW,512.5999755859375,18736474097.0,250309875.3390503
2026-10-09,CWEN,30.190000534057617,4909215615.0,38897715.79992294
2026-10-09,CWK,11.619999885559082,2776663166.0,31018135.72579384
2026-10-09,CWST,83.77999877929688,5348945866.0,51509844.73514557
2026-10-09,CWT,45.939998626708984,2819863006.0,20596323.36988449
2026-10-09,CX,9.5600004196167,14492158059.0,73426996.66339397
2026-10-09,CXT,50.45000076293945,2773303627.0,26755288.523044586
2026-10-09,CXW,32.93000030517578,3234806025.0,77094642.44452477
2026-10-09,CYTK,62.90999984741211,8620842150.0,154650807.40070343
2026-10-09,CZR,29.5,6013825381.0,168213513.36810112
2026-10-09,D,61.63999938964844,54310727351.0,298636744.06604767
2026-10-09,DAC,169.08999633789062,3098595515.0,27043767.82875061
2026-10-09,DAL,82.16999816894531,54017155684.0,684511069.9951553
2026-10-09,DAN,29.34000015258789,3121875225.0,42036060.29382706
2026-10-09,DAR,60.2599983215332,9823231521.0,146963680.3345108
2026-10-09,DASH,196.5,83067547502.0,775861960.6124115
2026-10-09,DAVE,368.4200134277344,4507796174.0,106033897.0249939
2026-10-09,DB,33.68000030517578,63271482000.0,81866246.20933533
2026-10-09,DBX,34.36000061035156,7705714990.0,162400055.79854965
2026-10-09,DCH,5.670000076293945,1351970185.0,25154783.295173645
2026-10-09,DCI,86.93000030517578,10102726844.0,60875323.98700714
2026-10-09,DCO,170.55999755859375,2541292806.0,38532275.68199158
2026-10-09,DD,130.0,17890493328.0,125200114.59331512
2026-10-09,DDOG,293.260009765625,98314741571.0,795115493.3595276
2026-10-09,DE,620.9299926757812,175952151363.0,878148931.0244751
2026-10-09,DECK,82.88999938964844,11262358581.0,272119879.0641403
2026-10-09,DEI,9.789999961853027,1658104143.0,24263133.01402092
2026-10-09,DELL,586.0599975585938,365306215513.0,4172198524.889221
2026-10-09,DEO,86.7300033569336,48417412303.0,82626269.5098114
2026-10-09,DFTX,36.900001525878906,4592662351.0,100525677.15484619
2026-10-09,DG,127.2300033569336,27416048493.0,288437794.757843
2026-10-09,DGII,75.62999725341797,2843452856.0,29676425.92941284
2026-10-09,DGX,230.97000122070312,25475275222.0,281783020.4030609
2026-10-09,DHI,134.8800048828125,37989026084.0,452377726.95266724
2026-10-09,DHR,219.80999755859375,152871347303.0,1002176303.6830139
2026-10-09,DHT,24.639999389648438,4014768010.0,102423749.02153969
2026-10-09,DINO,121.30000305175781,21462066251.0,316367942.12150574
2026-10-09,DIOD,94.94000244140625,4432016089.0,52931113.852005005
2026-10-09,DIS,108.05000305175781,184790032252.0,950194455.1006699
2026-10-09,DJT,8.109999656677246,2279118447.0,27969624.389014244
2026-10-09,DK,74.51000213623047,4690384528.0,196995683.10562134
2026-10-09,DKNG,19.579999923706055,9864541934.0,332575127.4419594
2026-10-09,DKS,136.64999389648438,11972182234.0,395215647.21157074
2026-10-09,DLB,58.7400016784668,5474941068.0,55125106.71945572
2026-10-09,DLO,15.229999542236328,4423979340.0,23323123.34403038
2026-10-09,DLR,178.75999450683594,65152269508.0,353896765.94970703
2026-10-09,DLTR,118.63999938964844,22256706067.0,307609619.1078186
2026-10-09,DNLI,19.450000762939453,2984351014.0,39866105.72639465
2026-10-09,DNOW,15.569999694824219,2829299194.0,36187489.61262226
2026-10-09,DNTH,82.37000274658203,4610670779.0,88536177.9423523
2026-10-09,DOC,18.799999237060547,12770044855.0,123157874.71571922
2026-10-09,DOCN,134.82000732421875,14568106245.0,335102723.7184906
2026-10-09,DOCS,30.5,5236866892.0,87651596.47644043
2026-10-09,DOCU,71.08000183105469,13350442146.0,215241997.92476654
2026-10-09,DORM,120.4000015258789,3610632442.0,30032637.280311584
2026-10-09,DOV,188.8300018310547,25449175316.0,230803762.52212524
2026-10-09,DOW,28.420000076293945,20651720927.0,261723996.19933128
2026-10-09,DOX,58.84000015258789,6503419977.0,56587810.09065628
2026-10-09,DPZ,309.3599853515625,10210677508.0,234050254.47662354
2026-10-09,DRH,12.619999885559082,2578031581.0,40514995.663695335
2026-10-09,DRI,197.66000366210938,22687479276.0,281975017.8733063
2026-10-09,DRS,36.2400016784668,9573398643.0,38423056.39377594
2026-10-09,DSGX,82.81999969482422,6959374787.0,47596664.37713623
2026-10-09,DT,63.5,17663810063.0,414355288.5534859
2026-10-09,DTE,126.9000015258789,26447993570.0,254567089.10308838
2026-10-09,DTM,124.01000213623047,12625413033.0,112974560.77167511
2026-10-09,DUK,116.6500015258789,91100404230.0,497020462.7670288
2026-10-09,DUOL,149.9199981689453,7075019598.0,146295262.5567627
2026-10-09,DV,13.489999771118164,2092322435.0,47060226.26499653
2026-10-09,DVA,179.25,11293876000.0,123751510.88554382
2026-10-09,DVN,48.2599983215332,53812000000.0,588829319.9905014
2026-10-09,DX,10.859999656677246,2655386012.0,94298956.26029015
2026-10-09,DXC,12.399999618530273,1976462383.0,41708499.56934929
2026-10-09,DXCM,84.11000061035156,31853022174.0,346451595.2991867
2026-10-09,DXPE,180.9199981689453,2771052290.0,27104436.172332764
2026-10-09,DY,269.2300109863281,8360918890.0,174630230.63934326
2026-10-09,DYN,16.639999389648438,3057039075.0,54942435.20634174
2026-10-09,EAT,193.8699951171875,7965815652.0,315602569.1516113
2026-10-09,EBAY,112.19000244140625,49831100000.0,498472226.46549225
2026-10-09,EBC,21.030000686645508,4817023516.0,55352263.988723755
2026-10-09,EC,16.940000534057617,34825840411.0,24936681.333465576
2026-10-09,ECG,122.44000244140625,6238468844.0,48997436.530036926
2026-10-09,ECHO,94.83999633789062,27150567196.0,371775043.2504654
2026-10-09,ECL,281.8299865722656,78965764179.0,323888326.6003418
2026-10-09,ECO,93.11000061035156,3687377218.0,73060413.47488403
2026-10-09,ECPG,99.7699966430664,2122209162.0,29036363.431777954
2026-10-09,ED,106.0999984741211,39198136812.0,238002511.63780212
2026-10-09,EDU,58.630001068115234,8895597300.0,34918212.19964981
2026-10-09,EEFT,64.5999984741211,2381112858.0,42024557.79811859
2026-10-09,EFC,11.65999984741211,1500249173.0,21684164.608268738
2026-10-09,EFOR,37.5,1473130000.0,25428615.356235504
2026-10-09,EFX,145.77999877929688,17098751764.0,299167316.240921
2026-10-09,EG,368.3699951171875,14305674055.0,160673891.94351196
2026-10-09,EGO,37.65999984741211,9632250150.0,142610338.24645996
2026-10-09,EGP,195.97999572753906,10492249613.0,115412197.18582153
2026-10-09,EHC,123.33000183105469,12088985675.0,117352816.18358612
2026-10-09,EIX,55.29999923706055,20895399060.0,283725451.3294411
2026-10-09,EL,98.05000305175781,34174284138.0,275990158.9990616
2026-10-09,ELAN,22.920000076293945,11261476048.0,127009201.6410923
2026-10-09,ELF,109.2300033569336,6252487256.0,129577792.50553131
2026-10-09,ELS,59.0099983215332,11352780212.0,113945010.67550659
2026-10-09,ELV,412.70001220703125,86951573133.0,483409125.9440613
2026-10-09,ELVN,40.97999954223633,2976991019.0,75285588.07281494
2026-10-09,EMA,45.65999984741211,14085120000.0,30121839.82831955
2026-10-09,EMBJ,71.16000366210938,12829098985.0,113004938.00964355
2026-10-09,EME,789.4500122070312,34328089354.0,287270311.6937256
2026-10-09,EMN,62.689998626708984,7292704363.0,87778801.49991989
2026-10-09,EMR,161.8300018310547,88723668000.0,402907215.63446045
2026-10-09,ENB,46.599998474121094,101648416059.0,226091615.67087173
2026-10-09,ENOV,17.690000534057617,1005179280.0,32605188.53243828
2026-10-09,ENPH,32.810001373291016,4348880366.0,158140043.91921997
2026-10-09,ENS,179.80999755859375,6466855315.0,108185850.00572205
2026-10-09,ENSG,171.8000030517578,9994854607.0,64845447.34489441
2026-10-09,ENTG,165.7899932861328,24782632000.0,317970015.3312683
2026-10-09,ENVA,178.07000732421875,4546193561.0,80295100.08865356
2026-10-09,EOG,148.16000366210938,77897827928.0,466426470.8495331
2026-10-09,EPAM,113.23999786376953,5873693657.0,120550707.97077179
2026-10-09,EPD,36.08000183105469,79360785961.0,121901082.81301498
2026-10-09,EPR,54.7400016784668,4168291446.0,49756928.163757324
2026-10-09,EPRT,25.3700008392334,5417638750.0,72798856.04736328
2026-10-09,EQH,52.91999816894531,14601920196.0,167164458.36650848
2026-10-09,EQIX,1026.06005859375,99772862016.0,508965217.76275635
2026-10-09,EQNR,43.0099983215332,107336635318.0,177811881.817379
2026-10-09,EQPT,15.085000038146973,3967867581.0,73963463.69165897
2026-10-09,EQT,52.83000183105469,33114817040.0,412543367.49557495
2026-10-09,EQX,11.420000076293945,12982153221.0,153756973.15146923
2026-10-09,ERAS,16.030000686645508,5407321061.0,79733113.31380844
2026-10-09,ERIC,9.5600004196167,32027841483.0,73673997.73108482
2026-10-09,ERIE,222.0399932861328,10463671465.0,44477529.553375244
2026-10-09,ERO,37.61000061035156,3751921289.0,46375528.42256546
2026-10-09,ES,65.7300033569336,24743764590.0,182494962.80485153
2026-10-09,ESAB,66.8499984741211,4033447513.0,78443936.40026093
2026-10-09,ESE,257.8299865722656,7877782472.0,75685646.94488525
2026-10-09,ESI,36.31999969482422,8945893453.0,146022625.55318832
2026-10-09,ESLT,655.739990234375,30932626249.0,54884603.024902344
2026-10-09,ESNT,62.4900016784668,5715246190.0,60230999.93354797
2026-10-09,ESQ,118.56999969482422,1429067069.0,24696998.60759735
2026-10-09,ESS,271.57000732421875,17261217347.0,151577980.97991943
2026-10-09,ESTA,61.66999816894531,1806292614.0,23066005.408382416
2026-10-09,ESTC,98.2300033569336,10001469333.0,158270012.98164368
2026-10-09,ETN,429.6499938964844,164879684000.0,899059970.1971436
2026-10-09,ETON,55.209999084472656,1564926641.0,34544335.483436584
2026-10-09,ETOR,25.899999618530273,2034600372.0,28701455.583724976
2026-10-09,ETR,102.80000305175781,47825062230.0,311703149.1291046
2026-10-09,ETSY,76.70999908447266,6896480545.0,231851591.64783478
2026-10-09,EVR,271.8599853515625,10258612282.0,145185115.92803955
2026-10-09,EVRG,80.95999908447266,18565268689.0,184552881.5852356
2026-10-09,EW,85.20999908447266,48555936000.0,327168276.3002014
2026-10-09,EWBC,125.52999877929688,17297746820.0,115900957.34184265
2026-10-09,EWTX,39.060001373291016,4260539981.0,76183228.33900452
2026-10-09,EXC,41.7599983215332,43075958043.0,335594841.13832474
2026-10-09,EXE,88.22000122070312,20571426691.0,308421994.47078705
2026-10-09,EXEL,59.86000061035156,14624075462.0,128568494.85664368
2026-10-09,EXK,8.649999618530273,2537309633.0,67018342.32837677
2026-10-09,EXLS,36.790000915527344,5589952838.0,72749347.49404907
2026-10-09,EXP,164.6999969482422,5131981873.0,83472424.01702881
2026-10-09,EXPD,193.24000549316406,25180483388.0,220003141.94030762
2026-10-09,EXPE,274.2200012207031,30928775036.0,616819165.118103
2026-10-09,EXPO,69.80999755859375,3317765742.0,43538537.65514374
2026-10-09,EXTR,24.190000534057617,3195887405.0,36526696.25222206
2026-10-09,EYE,16.68000030517578,1323620300.0,37567220.07369995
2026-10-09,EZPW,31.959999084472656,1915190061.0,21729215.61859131
2026-10-09,F,12.170000076293945,47980108990.0,592712459.2149115
2026-10-09,FA,19.040000915527344,3216946632.0,36312237.27015495
2026-10-09,FAF,61.20000076293945,6412901000.0,67831549.90564346
2026-10-09,FANG,192.1300048828125,53675067983.0,648148161.7675018
2026-10-09,FAST,50.75,57937152461.0,345409213.07748795
2026-10-09,FBIN,39.0099983215332,4692492761.0,89548609.26498413
2026-10-09,FBK,52.650001525878906,2644343282.0,35565526.52557373
2026-10-09,FBP,26.68000030517578,4071662708.0,41374426.672296524
2026-10-09,FCEL,18.030000686645508,1378810110.0,112152985.35206795
2026-10-09,FCF,19.889999389648438,2027181856.0,23685122.322731018
2026-10-09,FCFS,213.6999969482422,9172701982.0,76929819.67758179
2026-10-09,FCN,136.16000366210938,3879426288.0,73855235.69648743
2026-10-09,FCNCA,2068.389892578125,23330343677.0,139909185.8062744
2026-10-09,FCPT,21.280000686645508,2332323628.0,30838011.90785408
2026-10-09,FCX,73.69000244140625,102158286586.0,770333449.9845886
2026-10-09,FDS,287.17999267578125,10190239380.0,225438231.43463135
2026-10-09,FDX,291.7099914550781,69043866003.0,475184483.41171265
2026-10-09,FE,45.0,25952000950.0,191661310.24244308
2026-10-09,FELE,97.72000122070312,4282764518.0,34256014.86129761
2026-10-09,FER,50.150001525878906,36181530348.0,107387991.26588821
2026-10-09,FERG,220.0399932861328,41927007355.0,326024737.4207306
2026-10-09,FFBC,30.899999618530273,3281208091.0,30640806.949920654
2026-10-09,FFIN,30.770000457763672,4504783545.0,29956248.563718796
2026-10-09,FFIV,479.8299865722656,26142504842.0,252583984.00131226
2026-10-09,FHB,24.690000534057617,3037166546.0,58738859.55323219
2026-10-09,FHI,56.52000045776367,4177242722.0,43767976.73192978
2026-10-09,FHN,23.079999923706055,11043745553.0,129097420.272398
2026-10-09,FIBK,34.52000045776367,3329942969.0,49623715.99767685
2026-10-09,FICO,667.5800170898438,15278814928.0,796403243.8812256
2026-10-09,FIG,22.5,12062013290.0,248931192.7295494
2026-10-09,FIGR,28.540000915527344,6192829267.0,151081644.46951866
2026-10-09,FIGS,15.779999732971191,2488780825.0,41913499.38872337
2026-10-09,FIS,34.040000915527344,17709341190.0,230494570.9905243
2026-10-09,FISV,45.630001068115234,24429363163.0,320779017.7204704
2026-10-09,FITB,50.63999938964844,45979452995.0,388564587.3110199
2026-10-09,FIVE,214.72999572753906,11546482761.0,249102340.0313568
2026-10-09,FIVN,36.400001525878906,2626532115.0,90942285.76984406
2026-10-09,FIX,1715.68994140625,60055251062.0,538731139.9780273
2026-10-09,FLEX,119.83000183105469,42391891230.0,346071997.6045227
2026-10-09,FLG,11.319999694824219,4711303689.0,70529714.42992687
2026-10-09,FLNC,7.429999828338623,1375242949.0,66719947.320702076
2026-10-09,FLO,5.809999942779541,1259621063.0,47194421.34711981
2026-10-09,FLR,50.68000030517578,6822131828.0,119461097.36156464
2026-10-09,FLS,72.27999877929688,8853405127.0,119120061.7652893
2026-10-09,FLUT,79.77999877929688,14291275280.0,260717625.75572968
2026-10-09,FLYW,18.760000228881836,2242335232.0,24947560.57616234
2026-10-09,FMC,8.350000381469727,1387527105.0,45139800.889678
2026-10-09,FMS,21.059999465942383,11663103838.0,20278077.506656647
2026-10-09,FMX,119.23999786376953,40449110696.0,54895180.627593994
2026-10-09,FN,486.2799987792969,17463404273.0,363836122.57141113
2026-10-09,FNB,17.059999465942383,6099856796.0,90192409.14587975
2026-10-09,FND,45.5,4951783373.0,119862594.01315689
2026-10-09,FNF,38.79999923706055,10666028730.0,122105711.80648804
2026-10-09,FNV,244.85000610351562,46386151305.0,190063391.2599182
2026-10-09,FORM,139.6699981689453,10712695019.0,270845555.0420761
2026-10-09,FOUR,40.0,3120503942.0,83814322.36125946
2026-10-09,FOX,55.88999938964844,24022746245.0,66799312.26278305
2026-10-09,FOXA,62.40999984741211,26805792151.0,299470908.3943367
2026-10-09,FPS,40.029998779296875,12116269782.0,428275499.0974426
2026-10-09,FR,59.43000030517578,7861575698.0,75966829.72473145
2026-10-09,FRME,39.0,2486308337.0,23064055.38389206
2026-10-09,FRO,56.099998474121094,12524763735.0,224239804.00629044
2026-10-09,FROG,102.2300033569336,11991052495.0,141416045.83145142
2026-10-09,FRPT,64.06999969482422,3132425263.0,66127504.21590805
2026-10-09,FRSH,13.920000076293945,3558959330.0,100242268.48122597
2026-10-09,FRT,106.16000366210938,9163327966.0,110516628.61591339
2026-10-09,FSK,10.84000015258789,2981711621.0,22878222.564558983
2026-10-09,FSLR,177.82000732421875,19220971584.0,428238478.5775757
2026-10-09,FSLY,29.299999237060547,4028697000.0,218924676.47482872
2026-10-09,FSM,10.920000076293945,3231353876.0,63199337.678050995
2026-10-09,FSS,113.56999969482422,6873895815.0,54600828.117866516
2026-10-09,FSV,129.72999572753906,5599337909.0,24265818.44215393
2026-10-09,FTAI,169.96499633789062,17569074986.0,251913061.0055542
2026-10-09,FTDR,79.80000305175781,5483219020.0,50253113.73252869
2026-10-09,FTI,69.56999969482422,27306406336.0,211905174.58953857
2026-10-09,FTNT,194.75,138745251782.0,726255556.9621277
2026-10-09,FTRE,20.84000015258789,1937187000.0,35076646.90384865
2026-10-09,FTS,53.310001373291016,27271842000.0,47529843.3392334
2026-10-09,FTV,57.2599983215332,17039802074.0,126626891.03342056
2026-10-09,FUL,49.560001373291016,2715140762.0,54453167.43091583
2026-10-09,FULT,22.100000381469727,4251667318.0,42829508.5608387
2026-10-09,FUN,11.40999984741211,1167429120.0,31662652.91622162
2026-10-09,FUTU,113.70999908447266,15244631113.0,122084780.47836304
2026-10-09,FWONK,94.04000091552734,23834855669.0,235354178.2326126
2026-10-09,G,34.400001525878906,5797760298.0,64860997.13056564
2026-10-09,GAP,23.229999542236328,8205670400.0,139286782.27704048
2026-10-09,GATX,164.77999877929688,5746134000.0,48972705.02632141
2026-10-09,GBCI,42.72999954223633,5596509740.0,50446168.04481506
2026-10-09,GBDC,12.100000381469727,3170345902.0,20277644.339427948
2026-10-09,GCT,57.2599983215332,2014771572.0,38166628.25059891
2026-10-09,GD,331.2699890136719,89256818631.0,464786517.81448364
2026-10-09,GDDY,104.3499984741211,13068776576.0,265257507.7228546
2026-10-09,GDS,30.969999313354492,6099494540.0,53062375.86868286
2026-10-09,GEF,81.81999969482422,3780262123.0,32834517.31262207
2026-10-09,GEHC,65.73999786376953,29007291103.0,252412204.2410469
2026-10-09,GEN,23.25,13617854978.0,323963298.3025837
2026-10-09,GENI,6.650000095367432,1774366725.0,52220326.82617664
2026-10-09,GEO,31.1299991607666,4074942321.0,89437612.34539986
2026-10-09,GEV,1004.72998046875,266160464172.0,2164905160.4644775
2026-10-09,GFF,90.58999633789062,4173908079.0,36344763.182525635
2026-10-09,GFI,36.81999969482422,32095569497.0,145961536.0926628
2026-10-09,GFL,42.779998779296875,19009571596.0,143411805.34282684
2026-10-09,GFS,48.2400016784668,27514182244.0,201881066.7198944
2026-10-09,GGAL,36.810001373291016,5904588711.0,34681394.80215073
2026-10-09,GGG,78.20999908447266,12692321187.0,120390393.64723206
2026-10-09,GH,167.47000122070312,22217517905.0,349326708.74542236
2026-10-09,GHC,1173.1600341796875,5016780407.0,38448596.868896484
2026-10-09,GIB,70.08999633789062,16157982388.0,30922528.927993774
2026-10-09,GIII,27.06999969482422,1147804119.0,20498692.45464325
2026-10-09,GIL,41.970001220703125,7759538431.0,90151535.18787384
2026-10-09,GILD,151.1699981689453,182397403301.0,868837683.2112885
2026-10-09,GIS,32.290000915527344,17425454023.0,386219175.08852005
2026-10-09,GKOS,165.69000244140625,9513519199.0,166976580.62332153
2026-10-09,GL,164.1699981689453,12763156158.0,79137504.62913513
2026-10-09,GLBE,40.38999938964844,6727866763.0,61399487.15011597
2026-10-09,GLNG,47.91999816894531,4918952357.0,74265982.1808815
2026-10-09,GLOB,36.31999969482422,1599802550.0,32375186.26399994
2026-10-09,GLPI,38.279998779296875,11130600845.0,133667695.62488556
2026-10-09,GLW,156.67999267578125,131645978627.0,1253649316.5190125
2026-10-09,GLXY,20.329999923706055,7851007373.0,117580229.51908112
2026-10-09,GM,82.7300033569336,72170389247.0,631378787.1900177
2026-10-09,GMAB,37.06999969482422,4631589217.0,141364923.55413437
2026-10-09,GME,26.559999465942383,12753785027.0,255833484.1282463
2026-10-09,GMED,74.6500015258789,9845426154.0,124570385.66688538
2026-10-09,GNL,7.75,1841290142.0,25075222.495880127
2026-10-09,GNRC,224.94000244140625,13241027408.0,325648586.41090393
2026-10-09,GNTX,21.040000915527344,4455952451.0,50669955.78402519
2026-10-09,GNW,9.399999618530273,3680269100.0,46659567.40766525
2026-10-09,GO,11.960000038146973,1182077990.0,24638017.431058884
2026-10-09,GOLD,40.689998626708984,1212158149.0,22907877.95413971
2026-10-09,GOLF,79.18000030517578,4622175182.0,29764967.95200348
2026-10-09,GOOG,347.8599853515625,4217637800000.0,5870125383.093262
2026-10-09,GOOGL,351.6600036621094,4259586700000.0,9097189374.43283
2026-10-09,GPC,127.0199966430664,17669485183.0,118669664.33258057
2026-10-09,GPCR,25.540000915527344,1830524029.0,48138386.057662964
2026-10-09,GPI,232.00999450683594,2820917657.0,72897438.48129272
2026-10-09,GPK,8.350000381469727,2540294096.0,68109903.3532095
2026-10-09,GPN,82.19999694824219,21902464140.0,199954257.3898697
2026-10-09,GPOR,162.66000366210938,2911471698.0,48680952.4433136
2026-10-09,GPRE,14.34000015258789,1055635640.0,21203135.587124825
2026-10-09,GRAL,140.5800018310547,5923189291.0,187477497.6506424
2026-10-09,GRBK,62.86000061035156,2737200693.0,26184235.31425476
2026-10-09,GRDN,41.279998779296875,2635039846.0,29726295.045833588
2026-10-09,GRMN,268.3599853515625,51769334764.0,237780665.0201416
2026-10-09,GRND,15.029999732971191,2596880167.0,27297036.744174957
2026-10-09,GS,895.3200073242188,256984972987.0,2103160129.8413086
2026-10-09,GSAT,83.81999969482422,10782265316.0,50136703.40263367
2026-10-09,GSHD,43.5099983215332,1611889348.0,26160068.45933914
2026-10-09,GSK,46.5,94136719694.0,219221263.1236267
2026-10-09,GTES,26.670000076293945,6769262286.0,47186936.97412491
2026-10-09,GTLB,55.09000015258789,8923096000.0,189615859.60092545
2026-10-09,GTX,26.239999771118164,4802205411.0,65509454.96726036
2026-10-09,GTY,27.860000610351562,1727922302.0,22474081.991214752
2026-10-09,GVA,112.5,4981714173.0,80074484.1980362
2026-10-09,GWRE,167.32000732421875,13510751998.0,197338672.1710205
2026-10-09,GWW,1289.7900390625,59755552087.0,340681550.57006836
2026-10-09,GXO,46.560001373291016,5316777082.0,57439287.195072174
2026-10-09,H,161.94000244140625,15018561247.0,124786034.3535614
2026-10-09,HAE,118.69000244140625,5435532683.0,78036676.11293793
2026-10-09,HAFN,10.720000267028809,5808343021.0,32228046.72431469
2026-10-09,HAL,32.54999923706055,27135056053.0,339202217.11497307
2026-10-09,HALO,110.41999816894531,12466620320.0,303021658.78040314
2026-10-09,HAPN,15.170000076293945,1769196423.0,29318645.37993431
2026-10-09,HAS,93.31999969482422,13046613198.0,159538833.46687317
2026-10-09,HASI,36.4900016784668,4670821967.0,40395305.01361847
2026-10-09,HAYW,11.350000381469727,2426648018.0,51337638.40277195
2026-10-09,HBAN,15.319999694824219,31053775876.0,508677934.01954174
2026-10-09,HBM,26.1200008392334,11276835456.0,119868157.9099083
2026-10-09,HCA,451.0899963378906,96345332515.0,590285726.463623
2026-10-09,HCC,93.06999969482422,4741627413.0,62361937.324905396
2026-10-09,HCI,191.69000244140625,2392616067.0,33280232.736053467
2026-10-09,HD,290.739990234375,294787353794.0,1635190845.151825
2026-10-09,HDB,22.280000686645508,112936012300.0,221897875.69580078
2026-10-09,HE,8.760000228881836,1523460995.0,27991079.719023705
2026-10-09,HEI,298.2799987792969,41355613714.0,143621271.06033325
2026-10-09,HESM,32.2599983215332,4363929954.0,80289625.64977646
2026-10-09,HGV,34.529998779296875,2686146451.0,42751826.70671463
2026-10-09,HHH,73.7300033569336,4295734119.0,63600938.04162979
2026-10-09,HIG,129.11000061035156,35072506819.0,247882603.0111313
2026-10-09,HII,264.79998779296875,10443006562.0,150373756.06414795
2026-10-09,HIMS,30.920000076293945,6546774369.0,300108839.0580082
2026-10-09,HIW,29.040000915527344,3218735237.0,37731282.96524048
2026-10-09,HL,17.06999969482422,11238685851.0,705739373.0939388
2026-10-09,HLI,130.16000366210938,8772852345.0,113345432.90870667
2026-10-09,HLIO,69.52999877929688,2242350000.0,28643250.128974915
2026-10-09,HLN,9.319999694824219,40728020870.0,197931900.56563377
2026-10-09,HLNE,85.66999816894531,4720777251.0,58500516.68849945
2026-10-09,HLT,326.55999755859375,72761234754.0,491838379.9940491
2026-10-09,HMC,32.70000076293945,42143670919.0,32582065.026168823
2026-10-09,HMY,16.8799991607666,10689488472.0,74907849.59460258
2026-10-09,HNGE,102.9000015258789,7908052866.0,183386796.5033722
2026-10-09,HNI,46.86000061035156,3386048238.0,26155528.943824768
2026-10-09,HOG,26.899999618530273,2783939562.0,54118158.63378525
2026-10-09,HOMB,28.25,5697413462.0,46250818.33747864
2026-10-09,HON,207.72999572753906,65479806066.0,607561982.9315948
2026-10-09,HOOD,109.0199966430664,96210794034.0,2490589984.2401505
2026-10-09,HOS,7.46999979019165,1695131059.0,21791980.757608414
2026-10-09,HP,39.880001068115234,4016546200.0,44543356.45654678
2026-10-09,HPE,73.45999908447266,94249999309.0,1313252694.3201828
2026-10-09,HPQ,30.200000762939453,29254099034.0,471808367.9067135
2026-10-09,HQY,92.61000061035156,7696658293.0,85932710.19229889
2026-10-09,HR,17.149999618530273,5891352674.0,86471318.08569908
2026-10-09,HRB,44.04999923706055,5464819484.0,91466757.91246414
2026-10-09,HRI,123.45999908447266,4140818654.0,119525994.91008759
2026-10-09,HRL,19.190000534057617,10687812536.0,109610618.52672577
2026-10-09,HRMY,40.279998779296875,2306161163.0,41076666.62881851
2026-10-09,HROW,29.360000610351562,1144129182.0,20572176.16312027
2026-10-09,HSBC,92.9800033569336,317961465242.0,179730664.61212158
2026-10-09,HSIC,84.01000213623047,9431720849.0,114892695.88634491
2026-10-09,HST,22.649999618530273,15442703953.0,192912032.54358292
2026-10-09,HSY,162.74000549316406,32658456289.0,253504735.6626892
2026-10-09,HTFL,49.7400016784668,4141601254.0,96487050.47813416
2026-10-09,HTGC,16.510000228881836,3097564200.0,20533714.655447006
2026-10-09,HTHT,44.15999984741211,13122041357.0,58018937.7015686
2026-10-09,HTO,58.47999954223633,2430624608.0,31238266.436462402
2026-10-09,HUBB,474.1099853515625,25116604253.0,226925871.06923217
2026-10-09,HUBG,25.760000228881836,1616287269.0,45652992.29215622
2026-10-09,HUBS,228.3000030517578,11560980040.0,402351267.4625397
2026-10-09,HUM,431.8699951171875,46485488833.0,593239202.4816895
2026-10-09,HUN,8.140000343322754,1490718236.0,25956806.31972313
2026-10-09,HURN,167.0500030517578,2630094002.0,41944546.652526855
2026-10-09,HUT,84.2699966430664,9810221058.0,472294090.89904785
2026-10-09,HWC,72.4000015258789,5833018547.0,67804779.59804535
2026-10-09,HWKN,130.0,2667631201.0,21983416.27029419
2026-10-09,HXL,84.95999908447266,6437824469.0,81183593.2837677
2026-10-09,HYMC,19.190000534057617,1696838411.0,43627997.857198715
2026-10-09,HZO,52.369998931884766,1158008093.0,39760009.70020294
2026-10-09,IAG,18.799999237060547,10506400000.0,106412267.40253448
2026-10-09,IBKR,87.87000274658203,39177669446.0,345588922.38147736
2026-10-09,IBM,227.1300048828125,213497074118.0,1369359416.6976166
2026-10-09,IBN,27.889999389648438,99883570352.0,125542204.44498062
2026-10-09,IBOC,67.91999816894531,4253899558.0,28398819.869918823
2026-10-09,IBP,185.44000244140625,4992366816.0,94526052.88612366
2026-10-09,IBRX,10.510000228881836,10502977465.0,134827112.95681953
2026-10-09,ICE,156.19000244140625,87212633555.0,398168268.5159302
2026-10-09,ICHR,59.90999984741211,2203432292.0,40686133.9573288
2026-10-09,ICLR,164.1699981689453,12595324963.0,172595098.93074036
2026-10-09,ICUI,160.32000732421875,3930606233.0,39969025.569000244
2026-10-09,IDA,135.4199981689453,7755461125.0,91083588.42216492
2026-10-09,IDCC,331.30999755859375,8472112098.0,68644003.48724365
2026-10-09,IDT,81.48999786376953,2003240026.0,30257052.98511505
2026-10-09,IDXX,518.0,40425741864.0,262365179.92492676
2026-10-09,IDYA,36.11000061035156,3479410793.0,33614406.97013855
2026-10-09,IE,10.1899995803833,1541641902.0,22256366.13295555
2026-10-09,IESC,297.5199890136719,11971748546.0,80847932.97485352
2026-10-09,IEX,234.2899932861328,17084585898.0,150268305.21629333
2026-10-09,IFF,84.55000305175781,21598444368.0,153767416.73469543
2026-10-09,IHG,160.67999267578125,23469286357.0,23884259.412765503
2026-10-09,IIPR,51.83000183105469,1431504440.0,25009067.917079926
2026-10-09,ILMN,278.1700134277344,39950070000.0,1151553429.557495
2026-10-09,IMAX,50.79999923706055,2813948869.0,59446899.105854034
2026-10-09,IMNM,19.549999237060547,2278640170.0,34540031.45140648
2026-10-09,IMO,123.01000213623047,59380384470.0,76792278.24008942
2026-10-09,IMVT,30.469999313354492,6250284157.0,56377093.934612274
2026-10-09,INBX,95.01000213623047,1365210142.0,25796945.181427002
2026-10-09,INCY,112.79000091552734,22854170862.0,208620431.17420197
2026-10-09,INDB,77.0199966430664,3653104915.0,35993505.26451111
2026-10-09,INDV,35.83000183105469,4184232060.0,80224915.39175034
2026-10-09,INFQ,11.039999961853027,2514984700.0,104021587.03037262
2026-10-09,INFY,10.729999542236328,43403052974.0,202408568.66631508
2026-10-09,ING,33.369998931884766,97028491910.0,87564446.09495163
2026-10-09,INGM,27.719999313354492,6366268550.0,55325254.62972641
2026-10-09,INGR,95.08999633789062,5998015043.0,67788279.55318451
2026-10-09,INOD,62.040000915527344,2104218241.0,113422644.13671494
2026-10-09,INSM,100.5999984741211,21942973421.0,311711674.20757294
2026-10-09,INSP,68.88999938964844,1928032909.0,69537993.33957672
2026-10-09,INSW,119.81999969482422,6033904306.0,92458523.76312256
2026-10-09,INTA,39.61000061035156,2964253440.0,20355222.88093567
2026-10-09,INTC,104.69999694824219,565925243238.0,12453244701.629562
2026-10-09,INTR,7.679999828338623,3195168840.0,48040026.17757797
2026-10-09,INTU,302.75,81207675680.0,1130196541.100769
2026-10-09,INVA,21.209999084472656,1507763272.0,21496399.687929153
2026-10-09,INVH,26.790000915527344,15639703024.0,157254305.65395355
2026-10-09,INVX,28.059999465942383,1928830109.0,21284433.46221924
2026-10-09,IONQ,39.88999938964844,15030541287.0,994477367.1358299
2026-10-09,IONS,45.279998779296875,7195781143.0,199365165.76990128
2026-10-09,IOSP,95.6500015258789,2406206981.0,23933564.755630493
2026-10-09,IOT,41.54999923706055,24138646715.0,221156499.3789482
2026-10-09,IOVA,14.619999885559082,6029049760.0,242251188.71343136
2026-10-09,IP,32.119998931884766,16882688253.0,193594293.61774445
2026-10-09,IPAR,112.20999908447266,3574077160.0,26000766.861763
2026-10-09,IPGP,78.2699966430664,3306635062.0,33847158.109436035
2026-10-09,IQV,259.8800048828125,42611648000.0,426852085.66696167
2026-10-09,IR,78.75,30263955462.0,384332490.394783
2026-10-09,IRDM,47.470001220703125,5039475815.0,58090170.27276993
2026-10-09,IREN,35.189998626708984,14071834320.0,1582510277.348957
2026-10-09,IRM,114.51000213623047,33631486672.0,183634687.07633972
2026-10-09,IRON,62.060001373291016,2333133130.0,42712330.01401901
2026-10-09,IRT,14.770000457763672,3451300461.0,58206556.66669369
2026-10-09,IRTC,106.69999694824219,3382004108.0,56515579.00932312
2026-10-09,ISRG,423.9599914550781,146755229766.0,868035529.9681091
2026-10-09,IT,191.14999389648438,12339941400.0,183660263.34381104
2026-10-09,ITGR,126.61000061035156,4305092879.0,99223236.64340973
2026-10-09,ITRI,85.58000183105469,3688158205.0,57790381.93740845
2026-10-09,ITT,201.3699951171875,17763780000.0,184609018.90815735
2026-10-09,ITW,264.1300048828125,75389408000.0,379577619.458313
2026-10-09,IVT,29.780000686645508,2307381773.0,21843896.59836769
2026-10-09,IVZ,29.510000228881836,13284728380.0,145150707.93981552
2026-10-09,J,139.14999389648438,16220381098.0,118417499.76295471
2026-10-09,JAN,28.149999618530273,8719170806.0,56246289.0555954
2026-10-09,JAZZ,218.4199981689453,14440247654.0,197162977.11662292
2026-10-09,JBHT,229.25999450683594,21452050366.0,285323231.8714142
2026-10-09,JBL,306.2799987792969,31348105545.0,480345533.8294983
2026-10-09,JBS,12.979999542236328,13654347134.0,69057097.93547153
2026-10-09,JBTM,107.08000183105469,5465741439.0,59867600.02243042
2026-10-09,JCI,157.44000244140625,93284186380.0,469016651.37557983
2026-10-09,JD,27.09000015258789,36167040000.0,166977034.88067627
2026-10-09,JEF,44.380001068115234,8602175436.0,129872431.75457
2026-10-09,JHX,25.1200008392334,14600140573.0,354551087.733202
2026-10-09,JKHY,149.30999755859375,10450193451.0,160047339.88761902
2026-10-09,JLL,299.8699951171875,13891912507.0,142395891.89346313
2026-10-09,JNJ,261.44000244140625,618090792159.0,1803494256.564331
2026-10-09,JOBY,5.440000057220459,5714778059.0,143465704.84287977
2026-10-09,JOYY,81.05000305175781,4181723053.0,28347930.254745483
2026-10-09,JPM,332.989990234375,880976068747.0,2956428650.188751
2026-10-09,JXN,129.7100067138672,9011986677.0,120847281.10977173
2026-10-09,KAI,260.42999267578125,3076865434.0,44657919.77294922
2026-10-09,KALU,151.50999450683594,2448113036.0,32768747.412490845
2026-10-09,KBH,43.130001068115234,2720312631.0,89448638.39588165
2026-10-09,KBR,35.34000015258789,4435063621.0,56941018.4091568
2026-10-09,KD,11.75,2587680964.0,52372315.293393135
2026-10-09,KDP,31.760000228881836,42539421948.0,346234597.1049595
2026-10-09,KEX,136.25,7292208000.0,65608729.282684326
2026-10-09,KEY,19.969999313354492,21449283935.0,337157917.6211643
2026-10-09,KEYS,382.75,63785598609.0,422657014.53933716
2026-10-09,KFY,71.66000366210938,3978977003.0,47695466.81453705
2026-10-09,KGC,23.739999771118164,27870294000.0,197502942.50419617
2026-10-09,KGS,53.470001220703125,5430791336.0,110086640.61584473
2026-10-09,KHC,22.270000457763672,26657318080.0,379567281.99913025
2026-10-09,KIM,22.15999984741211,14817737250.0,113072922.88042068
2026-10-09,KKR,90.94999694824219,80392244426.0,413488408.8605499
2026-10-09,KLAC,195.57000732421875,256720877106.0,1673806361.621399
2026-10-09,KLAR,14.0600004196167,9497974957.0,71591437.20173836
2026-10-09,KLIC,92.01000213623047,4757763136.0,68405254.41894531
2026-10-09,KMB,97.58999633789062,32506275174.0,418797776.9521713
2026-10-09,KMI,32.4900016784668,71814367370.0,405784873.0598068
2026-10-09,KMPR,26.950000762939453,1618619040.0,23101288.316526413
2026-10-09,KMT,31.920000076293945,2422327883.0,43366821.24663353
2026-10-09,KMX,52.61000061035156,7635103589.0,208723080.97457886
2026-10-09,KN,37.560001373291016,3172139508.0,24588747.839603424
2026-10-09,KNF,49.84000015258789,2967023963.0,62044058.79776001
2026-10-09,KNSA,79.77999877929688,6144391024.0,41927847.08919525
2026-10-09,KNSL,336.9800109863281,7736692051.0,80697701.35635376
2026-10-09,KNTK,53.459999084472656,8835048409.0,74683634.5283699
2026-10-09,KNX,64.47000122070312,10587277800.0,241170970.1735115
2026-10-09,KO,88.05000305175781,377634747058.0,1407579018.0069733
2026-10-09,KOD,99.87000274658203,5924189817.0,317025894.28482056
2026-10-09,KR,61.63999938964844,36268052067.0,493444300.24505615
2026-10-09,KRC,34.25,3976604300.0,51653320.75588226
2026-10-09,KRG,23.90999984741211,4824354147.0,55735619.615859985
2026-10-09,KRMN,32.59000015258789,4199993207.0,135710344.94618416
2026-10-09,KRYS,331.6099853515625,9687699023.0,102572362.51724243
2026-10-09,KSPI,92.98999786376953,17575825556.0,47306901.61895752
2026-10-09,KSS,20.350000381469727,2280000309.0,72987936.54096603
2026-10-09,KT,18.299999237060547,8944626837.0,32609743.042182922
2026-10-09,KTB,65.62000274658203,3625721151.0,49410519.48080063
2026-10-09,KTOS,42.36000061035156,7871155241.0,205879458.46437454
2026-10-09,KVUE,17.700000762939453,34055313570.0,389295866.05496407
2026-10-09,KVYO,17.31999969482422,5002661068.0,102141112.87282467
2026-10-09,KWR,155.9499969482422,2720709763.0,22836295.928955078
2026-10-09,KYMR,112.4000015258789,9088362547.0,100384862.19020844
2026-10-09,L,106.69000244140625,21996422672.0,117251610.56278229
2026-10-09,LAD,290.239990234375,6350262719.0,108074061.37023926
2026-10-09,LAMR,146.47000122070312,14795788959.0,85888262.3563385
2026-10-09,LASR,38.47999954223633,2210111447.0,33385715.726833344
2026-10-09,LAUR,39.470001220703125,5399774912.0,42671320.79071045
2026-10-09,LAZ,36.75,3490679489.0,73533693.36380005
2026-10-09,LBRT,19.0,3076158192.0,77249512.49316216
2026-10-09,LBTYA,8.65999984741211,3045911964.0,33423019.482064247
2026-10-09,LCII,78.30000305175781,1949539746.0,32061868.003959656
2026-10-09,LDOS,121.68000030517578,14961181157.0,162812789.68544006
2026-10-09,LEA,118.02999877929688,5846464277.0,81602272.96772003
2026-10-09,LECO,261.1300048828125,14104999796.0,103256622.40348816
2026-10-09,LEGN,18.6200008392334,3638878207.0,42041454.221572876
2026-10-09,LEN,76.69000244140625,18461058546.0,506646997.450943
2026-10-09,LEU,142.44000244140625,2803990988.0,110970981.78367615
2026-10-09,LEVI,18.700000762939453,7305098528.0,86242379.65454102
2026-10-09,LFST,12.420000076293945,4608779013.0,61848648.99625301
2026-10-09,LFUS,426.5,10802087099.0,83688793.82171631
2026-10-09,LGN,51.529998779296875,5571290994.0,53322547.80542374
2026-10-09,LGND,301.80999755859375,5881004655.0,80736912.13897705
2026-10-09,LH,312.1499938964844,25481620000.0,252029165.2244568
2026-10-09,LHX,236.97000122070312,44117966823.0,376087568.80119324
2026-10-09,LI,11.539999961853027,10652291756.0,35592313.68810654
2026-10-09,LIF,43.720001220703125,3412397854.0,25457698.613128662
2026-10-09,LIFE,36.959999084472656,2309367424.0,63664402.45985031
2026-10-09,LII,356.44000244140625,12495066440.0,173938163.07144165
2026-10-09,LIN,483.7300109863281,222054144517.0,1022607606.2484741
2026-10-09,LIND,35.81999969482422,2332123747.0,31537260.912046432
2026-10-09,LINE,34.43000030517578,7842332813.0,39980048.561611176
2026-10-09,LION,11.130000114440918,3356473190.0,35729813.25847626
2026-10-09,LITE,1103.35498046875,94985182802.0,4692710174.986572
2026-10-09,LIVN,76.38999938964844,4182148116.0,50988816.04427338
2026-10-09,LKQ,21.84000015258789,5568575913.0,75764671.24370575
2026-10-09,LLY,1179.27001953125,1101011223224.0,2642123834.2303467
2026-10-09,LLYVK,98.19999694824219,9056089160.0,30844948.871421814
2026-10-09,LMAT,80.69000244140625,1821307627.0,21166631.114616394
2026-10-09,LMND,46.459999084472656,3630675210.0,52237915.377521515
2026-10-09,LMT,509.5899963378906,117216315541.0,598086127.1600342
2026-10-09,LNC,40.22999954223633,7847426303.0,93568727.40499496
2026-10-09,LNG,278.17999267578125,57391711825.0,511683420.4376221
2026-10-09,LNT,65.8499984741211,16983147785.0,189764322.76138306
2026-10-09,LNTH,100.1500015258789,6535069584.0,94733778.44463348
2026-10-09,LOAR,62.06999969482422,5773083583.0,47910732.758426666
2026-10-09,LOGI,98.2699966430664,14533615698.0,67755358.01353455
2026-10-09,LOPE,159.8000030517578,4178225431.0,49990574.3813324
2026-10-09,LOW,186.0,105955051488.0,635054400.2082062
2026-10-09,LPG,57.63999938964844,2491235515.0,35525155.39773941
2026-10-09,LPLA,330.8800048828125,25827471120.0,287367555.0830078
2026-10-09,LPX,65.69000244140625,4549217055.0,75536864.85351562
2026-10-09,LQDA,27.3799991607666,2508039126.0,171960872.52960205
2026-10-09,LRCX,318.8399963378906,401194136214.0,2792345977.9348755
2026-10-09,LRN,85.58999633789062,3381308989.0,56352858.58608246
2026-10-09,LSCC,126.05000305175781,17750943395.0,236070408.2528305
2026-10-09,LSTR,169.11000061035156,5751290680.0,58134731.65168762
2026-10-09,LTC,42.459999084472656,2266728924.0,29220232.351608276
2026-10-09,LTH,40.619998931884766,9001047265.0,140191069.4822502
2026-10-09,LTM,50.25,14481727116.0,37686663.49065781
2026-10-09,LULU,94.5,9786457852.0,490520717.31666565
2026-10-09,LUMN,5.28000020980835,5734836446.0,82736265.55913925
2026-10-09,LUNR,13.1899995803833,3136259732.0,123862422.73079872
2026-10-09,LUV,41.65999984741211,20233651193.0,283724494.5499611
2026-10-09,LVS,36.16999816894531,23382012742.0,229061241.55384064
2026-10-09,LW,47.869998931884766,6814620909.0,122661925.28202057
2026-10-09,LXP,61.0,3596982677.0,53432770.97240448
2026-10-09,LYB,60.029998779296875,19492110024.0,229967405.3750038
2026-10-09,LYFT,16.219999313354492,6105854216.0,140575235.53067207
2026-10-09,LYG,5.409999847412109,79737054857.0,90403844.50293541
2026-10-09,LYV,170.3300018310547,40373505572.0,335274136.9529724
2026-10-09,LZB,29.219999313354492,1183559383.0,23493782.023000717
2026-10-09,M,22.670000076293945,5952215762.0,148125270.29972076
2026-10-09,MA,589.1400146484375,503495473114.0,1615212923.489685
2026-10-09,MAA,116.86000061035156,13480591184.0,156661873.9811325
2026-10-09,MAC,22.25,6295018125.0,76825077.36373901
2026-10-09,MAIN,53.7400016784668,5093405871.0,27420185.48494339
2026-10-09,MAN,52.779998779296875,2528042785.0,47970112.45349884
2026-10-09,MANE,130.89999389648438,5290618622.0,112032986.5468216
2026-10-09,MANH,204.88999938964844,12056302110.0,121363595.97358704
2026-10-09,MAR,365.8800048828125,94157491271.0,507423365.42510986
2026-10-09,MARA,9.649999618530273,3828226033.0,510018840.3552389
2026-10-09,MAS,68.75,13704526385.0,162158820.5298996
2026-10-09,MAT,16.690000534057617,4736906000.0,133567623.65637302
2026-10-09,MATX,225.6699981689453,6811708698.0,71483803.69308472
2026-10-09,MAZE,27.110000610351562,1437612468.0,23803464.551935196
2026-10-09,MBC,6.610000133514404,1410189096.0,24817989.188046455
2026-10-09,MBLY,7.099999904632568,6002324442.0,49287210.07921934
2026-10-09,MBX,53.2400016784668,2564525112.0,34136041.38719559
2026-10-09,MC,57.08000183105469,4404200456.0,54843897.181396484
2026-10-09,MCD,235.22999572753906,167640278694.0,1608012341.6190338
2026-10-09,MCHP,75.55000305175781,41008016344.0,637659757.915802
2026-10-09,MCK,938.8400268554688,108458185181.0,740642698.805542
2026-10-09,MCO,464.2300109863281,79445108000.0,381614893.5877991
2026-10-09,MCRI,114.33999633789062,2067721248.0,24275015.50693512
2026-10-09,MCY,102.75,5665702656.0,34135885.035095215
2026-10-09,MD,26.639999389648438,2132085831.0,20316807.551574707
2026-10-09,MDB,385.92999267578125,29914597230.0,1124725797.0254517
2026-10-09,MDGL,471.75,11018588731.0,131120823.47824097
2026-10-09,MDLN,36.2599983215332,46987645764.0,328116517.24838257
2026-10-09,MDLZ,60.40999984741211,77433609818.0,480770265.2094078
2026-10-09,MDT,88.4800033569336,112244349848.0,2371331773.76812
2026-10-09,MDU,18.739999771118164,3956673267.0,38748285.72693825
2026-10-09,MEDP,612.0499877929688,16822354469.0,161220556.09191895
2026-10-09,MELI,1889.8499755859375,94126724401.0,1250820676.8133545
2026-10-09,MEOH,62.099998474121094,4799678877.0,52023939.495449066
2026-10-09,MET,98.33000183105469,62575413002.0,319154986.0357666
2026-10-09,META,718.6699829101562,1836471762540.0,15681064918.312073
2026-10-09,MFC,42.43000030517578,70293668450.0,61737482.08848953
2026-10-09,MFG,10.609999656677246,132833422490.0,36968920.51129341
2026-10-09,MGA,63.9900016784668,16941296362.0,68667066.6235733
2026-10-09,MGM,29.270000457763672,7752277521.0,186306063.97003174
2026-10-09,MGNI,25.399999618530273,3650144796.0,56239157.8004837
2026-10-09,MGY,24.100000381469727,6560794763.0,129288401.5368557
2026-10-09,MHK,118.06999969482422,8090644039.0,142251635.0868988
2026-10-09,MHO,127.81999969482422,3291092145.0,27510185.080871582
2026-10-09,MIAX,30.709999084472656,3046388569.0,71448554.40439224
2026-10-09,MIDD,105.94999694824219,4766435585.0,67225035.51132202
2026-10-09,MIR,16.6200008392334,4039390634.0,66754926.7559576
2026-10-09,MIRM,86.01000213623047,5282234714.0,80853572.56671906
2026-10-09,MKC,44.810001373291016,12360822165.0,201706860.60779572
2026-10-09,MKL,1760.739990234375,21903215552.0,139399535.26611328
2026-10-09,MKSI,264.5,17606259752.0,311417194.9819946
2026-10-09,MKTX,164.5800018310547,5782543920.0,137289829.56115723
2026-10-09,MLI,60.709999084472656,13379262160.0,115120579.52842712
2026-10-09,MLM,478.3500061035156,34201260800.0,414939106.32598877
2026-10-09,MLYS,23.3700008392334,1978546086.0,37275483.33405495
2026-10-09,MMED,19.709999084472656,5570728634.0,132949765.38685799
2026-10-09,MMM,159.9600067138672,84361872973.0,494804839.48295593
2026-10-09,MMS,59.38999938964844,3077065732.0,45729057.19062805
2026-10-09,MMSI,87.20999908447266,5090313305.0,49173879.0058136
2026-10-09,MMYT,44.72999954223633,4094373557.0,53556571.83917999
2026-10-09,MNDY,88.95999908447266,3814856391.0,91062214.67605591
2026-10-09,MNST,43.63999938964844,128269042535.0,426534801.05581284
2026-10-09,MO,71.68000030517578,119253111195.0,560880810.0104523
2026-10-09,MOD,181.55999755859375,9660670458.0,257191860.01678467
2026-10-09,MOH,196.92999267578125,10218672000.0,127032249.30770874
2026-10-09,MORN,204.4499969482422,7605501385.0,61756207.170181274
2026-10-09,MOS,18.739999771118164,6272081096.0,204916876.93303108
2026-10-09,MP,46.13999938964844,8217607270.0,246699053.99965286
2026-10-09,MPC,455.0299987792969,130117345688.0,1239738862.9034424
2026-10-09,MPWR,1386.2900390625,67316081400.0,951163911.7108154
2026-10-09,MRCY,79.48999786376953,4779008773.0,52386956.832847595
2026-10-09,MRK,145.60000610351562,351275897818.0,1444840244.7575378
2026-10-09,MRNA,225.0,78649470133.0,3294166415.196686
2026-10-09,MRP,22.360000610351562,3757664588.0,86357519.72392082
2026-10-09,MRSH,175.75999450683594,84308914718.0,518210344.0447235
2026-10-09,MRVL,275.2799987792969,240849354000.0,5092116927.445374
2026-10-09,MRX,71.91999816894531,5276034009.0,53954807.90683746
2026-10-09,MS,190.02000427246094,294386945772.0,1149914426.8086243
2026-10-09,MSA,180.7100067138672,6870793271.0,46054096.1365509
2026-10-09,MSCI,565.1199951171875,40833409000.0,316339214.31640625
2026-10-09,MSFT,535.0700073242188,3880664329052.0,11417449868.065948
2026-10-09,MSGE,80.83999633789062,3862945408.0,49750827.259521484
2026-10-09,MSGS,402.29998779296875,9804629577.0,125888123.07983398
2026-10-09,MSI,444.17999267578125,73995582491.0,394758923.5293579
2026-10-09,MSM,129.50999450683594,7199704738.0,103814478.95023346
2026-10-09,MSTR,154.33999633789062,63916993725.0,3498091239.4244766
2026-10-09,MT,64.11000061035156,46657012705.0,98539334.96307373
2026-10-09,MTB,217.49000549316406,31419201961.0,243386364.454422
2026-10-09,MTCH,41.09000015258789,9526365878.0,145370537.40810394
2026-10-09,MTD,1549.989990234375,30645115528.0,330629754.64660645
2026-10-09,MTDR,54.279998779296875,6742129688.0,91176918.06699753
2026-10-09,MTG,27.43000030517578,5716829291.0,80313737.20697403
2026-10-09,MTH,58.810001373291016,3951505259.0,62220723.45888138
2026-10-09,MTN,146.02999877929688,5205960685.0,147426160.03562927
2026-10-09,MTRN,280.45001220703125,5773233535.0,78522347.76870728
2026-10-09,MTSI,330.05999755859375,24607477678.0,397616719.1346741
2026-10-09,MTZ,212.64999389648438,17398870034.0,338422134.77622986
2026-10-09,MU,1029.0,1169870601532.0,26805247774.236145
2026-10-09,MUFG,22.3799991607666,266786141482.0,66761827.66789436
2026-10-09,MUR,38.68000030517578,5534511425.0,61812984.46308136
2026-10-09,MUSA,529.1400146484375,9525063422.0,120888065.4675293
2026-10-09,MUX,17.8799991607666,1062730363.0,24993841.732177734
2026-10-09,MWA,21.670000076293945,3366069639.0,35845119.42184448
2026-10-09,MWH,26.209999084472656,5199314888.0,32818256.124420166
2026-10-09,MXL,96.16000366210938,8497951997.0,286625244.49287415
2026-10-09,MYRG,311.6300048828125,4839078593.0,72950285.72250366
2026-10-09,MZTI,99.30000305175781,2788867290.0,46218707.24811554
2026-10-09,NAMS,21.575000762939453,2541360213.0,40120442.09602356
2026-10-09,NAT,8.470000267028809,1816820689.0,43355728.45187187
2026-10-09,NATL,45.790000915527344,3371178129.0,39172238.07472229
2026-10-09,NAVN,23.639999389648438,6010274178.0,82777505.78727722
2026-10-09,NBHC,37.93000030517578,1700519904.0,21704419.917697906
2026-10-09,NBIS,221.07000732421875,59729309947.0,3684720895.423813
2026-10-09,NBIX,142.44000244140625,14357946816.0,207359650.0806427
2026-10-09,NCLH,15.569999694824219,7112819735.0,322913759.95618343
2026-10-09,NCNO,19.729999542236328,2080887904.0,43985143.89172554
2026-10-09,NDAQ,93.6500015258789,51632739852.0,308238647.796669
2026-10-09,NDSN,328.1700134277344,18206451764.0,122410609.39666748
2026-10-09,NE,42.36000061035156,6728919489.0,51805470.22485733
2026-10-09,NEE,77.37999725341797,161392134030.0,1007098195.4256439
2026-10-09,NEM,117.83999633789062,121754141914.0,731545436.2748718
2026-10-09,NEO,16.350000381469727,2058176549.0,47300498.06418896
2026-10-09,NEOG,11.850000381469727,2556363658.0,71327710.38079739
2026-10-09,NESR,22.780000686645508,2343794763.0,69829536.23104095
2026-10-09,NET,360.92999267578125,121740093761.0,1040343108.722229
2026-10-09,NEU,893.3599853515625,8310148354.0,112156476.92779541
2026-10-09,NFG,78.66000366210938,7433477193.0,78509611.60144806
2026-10-09,NFLX,70.30000305175781,298013162611.0,2694353314.6445465
2026-10-09,NG,6.710000038146973,2755764442.0,39524376.37950659
2026-10-09,NGG,76.4800033569336,80962902781.0,72968548.23444366
2026-10-09,NHC,227.11000061035156,3526476312.0,24903521.3671875
2026-10-09,NHI,64.8499984741211,3171551828.0,27820931.820487976
2026-10-09,NI,40.7599983215332,19436570853.0,225513620.62494278
2026-10-09,NIC,162.7899932861328,3437660857.0,26833339.283981323
2026-10-09,NICE,117.48999786376953,6968633970.0,65299181.95426941
2026-10-09,NIQ,18.09000015258789,5282659524.0,23150005.68529129
2026-10-09,NJR,51.209999084472656,5175879925.0,42408313.57038498
2026-10-09,NKE,34.709999084472656,51599628719.0,1699987197.2180176
2026-10-09,NKTR,41.16999816894531,1393034155.0,109724986.7421341
2026-10-09,NLY,18.299999237060547,13770362855.0,286233054.4530964
2026-10-09,NMIH,40.0099983215332,3054596929.0,32434073.8092041
2026-10-09,NMRK,12.119999885559082,2268982410.0,29339260.589962006
2026-10-09,NN,12.350000381469727,1958194956.0,41442973.58929157
2026-10-09,NNN,40.2400016784668,7729077478.0,106056090.77833176
2026-10-09,NOC,480.7200012207031,68826694836.0,490820374.87319946
2026-10-09,NOG,24.760000228881836,2678645078.0,51517755.48080444
2026-10-09,NOK,10.359999656677246,58226310517.0,873017060.132513
2026-10-09,NOV,18.969999313354492,6769519594.0,67887911.0447979
2026-10-09,NOVT,141.27999877929688,5155696584.0,56450164.23454285
2026-10-09,NOW,140.86000061035156,144501500000.0,1494796230.6221771
2026-10-09,NPO,311.45001220703125,6512872090.0,53893579.43359375
2026-10-09,NRG,107.97000122070312,22349578553.0,331845648.9967346
2026-10-09,NRIX,22.350000381469727,2304991179.0,38570180.43776512
2026-10-09,NSC,317.7900085449219,71198608157.0,302096259.1239929
2026-10-09,NSIT,163.61000061035156,4736023925.0,62084495.551605225
2026-10-09,NSP,48.72999954223633,1899832730.0,23180771.15846634
2026-10-09,NTAP,237.14999389648438,45382611105.0,546033827.5125885
2026-10-09,NTCT,40.689998626708984,2857397362.0,25455670.06296158
2026-10-09,NTES,124.23999786376953,76320121358.0,75505667.40192413
2026-10-09,NTLA,13.069999694824219,1765596332.0,70182442.01829433
2026-10-09,NTNX,74.62999725341797,19781385787.0,184310635.5015564
2026-10-09,NTR,67.4800033569336,33674701220.0,187034482.37586975
2026-10-09,NTRA,400.7099914550781,56330100194.0,776416099.3748474
2026-10-09,NTRS,168.2100067138672,30828027531.0,190786657.62290955
2026-10-09,NTSK,20.7549991607666,8012405738.0,133271879.0085411
2026-10-09,NTST,17.450000762939453,1769633005.0,33495195.41537285
2026-10-09,NU,16.1200008392334,74680260460.0,1198029608.8855886
2026-10-09,NUE,250.3300018310547,55843178891.0,322459533.61442566
2026-10-09,NUTX,206.2899932861328,1403902945.0,35558710.56022644
2026-10-09,NVAX,12.75,1816052443.0,89364294.63001728
2026-10-09,NVCR,14.579999923706055,1655859845.0,22001374.351978302
2026-10-09,NVDA,229.27999877929688,5554568000000.0,24679611671.01425
2026-10-09,NVMI,353.0,11269924041.0,170695176.12365723
2026-10-09,NVO,38.63999938964844,169058387254.0,599481333.3233833
2026-10-09,NVR,5899.16015625,15995955393.0,255291631.68945312
2026-10-09,NVS,143.75,273075586782.0,272923766.77612305
2026-10-09,NVST,23.0,3649234348.0,71677047.28094101
2026-10-09,NVT,167.42999267578125,26577073584.0,314853220.73287964
2026-10-09,NVTS,10.779999732971191,2853751824.0,180549249.8361683
2026-10-09,NWE,74.1500015258789,4591077146.0,43902561.64104462
2026-10-09,NWG,17.1299991607666,68171843270.0,73970593.63674164
2026-10-09,NWL,5.639999866485596,2440407000.0,29981377.650790215
2026-10-09,NWS,32.0099983215332,17251036416.0,38702016.644620895
2026-10-09,NWSA,29.1200008392334,15656720707.0,132513360.11666298
2026-10-09,NXE,8.75,5813287896.0,43165817.21940994
2026-10-09,NXPI,227.52000427246094,58267575686.0,770630573.0041504
2026-10-09,NXST,161.4499969482422,4994333675.0,62724071.37176514
2026-10-09,NXT,86.11000061035156,12936458875.0,175643892.62432098
2026-10-09,NYT,66.31999969482422,10689490609.0,234763132.9575348
2026-10-09,O,54.18000030517578,51256630848.0,527759012.56809235
2026-10-09,OBDC,10.109999656677246,5015259927.0,41082262.9603672
2026-10-09,OC,114.16000366210938,9264505648.0,142206152.67978668
2026-10-09,OCFC,16.079999923706055,1586914496.0,21140611.79608345
2026-10-09,OCUL,7.539999961853027,1649315169.0,31621124.731652737
2026-10-09,ODD,21.110000610351562,1107638192.0,20045240.602035522
2026-10-09,ODFL,181.97000122070312,37666330386.0,329167220.02212524
2026-10-09,OGE,46.5,9525463144.0,91740158.34011078
2026-10-09,OGN,13.8100004196167,3610879704.0,30376354.32548046
2026-10-09,OGS,72.5,4548279697.0,50004771.72855377
2026-10-09,OHI,44.40999984741211,13374993820.0,99002397.27960587
2026-10-09,OII,44.810001373291016,4437031574.0,40974920.21442413
2026-10-09,OKE,89.80000305175781,56916077233.0,349089220.5530548
2026-10-09,OKLO,34.70000076293945,6430630161.0,372059294.62350845
2026-10-09,OKTA,232.1300048828125,38497316555.0,763342960.0921631
2026-10-09,OLED,74.95999908447266,3350982272.0,60603783.18786621
2026-10-09,OLLI,85.33000183105469,5150782364.0,147965231.67442322
2026-10-09,OLN,14.890000343322754,1779266669.0,67740688.84338856
2026-10-09,OMC,76.4800033569336,20973749177.0,234952220.98766327
2026-10-09,OMDA,21.549999237060547,1274531756.0,29192323.625278473
2026-10-09,OMER,19.829999923706055,1384064602.0,26751065.80426216
2026-10-09,OMF,56.06999969482422,6490639681.0,53554492.801799774
2026-10-09,ON,77.52999877929688,30915791058.0,953723214.8086166
2026-10-09,ONB,24.579999923706055,9460956100.0,125721636.83311462
2026-10-09,ONC,354.4700012207031,39810438194.0,131647598.56307983
2026-10-09,ONDS,6.730000019073486,3988773488.0,447207839.7383976
2026-10-09,ONON,35.09000015258789,20540793623.0,387889900.20334244
2026-10-09,ONTO,294.5299987792969,14362559869.0,236357936.7614746
2026-10-09,OPCH,31.06999969482422,4650831795.0,199836749.1364479
2026-10-09,OPLN,36.709999084472656,4355452783.0,42249149.012413025
2026-10-09,OR,34.84000015258789,6408608632.0,29037107.85598755
2026-10-09,ORA,88.91999816894531,5451088850.0,80102188.4154892
2026-10-09,ORC,5.079999923706055,1002009259.0,38961589.03702974
2026-10-09,ORCL,141.39999389648438,411344390908.0,4382484841.367645
2026-10-09,ORI,38.16999816894531,9307239143.0,62785583.38153839
2026-10-09,ORIC,11.989999771118164,1246941452.0,21145427.202506065
2026-10-09,ORKA,82.11000061035156,5116685539.0,95373505.83557129
2026-10-09,ORLY,86.44999694824219,69578717720.0,543880736.0629272
2026-10-09,OSCR,33.369998931884766,10216149500.0,171842029.7268963
2026-10-09,OSIS,194.91000366210938,3082538932.0,39043485.833358765
2026-10-09,OSK,125.2300033569336,7862557035.0,97749498.94142151
2026-10-09,OTEX,23.700000762939453,5824008537.0,26829011.630420685
2026-10-09,OTF,9.359999656677246,4302360803.0,21625971.8491745
2026-10-09,OTIS,65.94999694824219,25166050001.0,343308409.69234467
2026-10-09,OTTR,87.45999908447266,3708586281.0,24121165.88077545
2026-10-09,OUST,39.900001525878906,2850600523.0,98015384.98802185
2026-10-09,OUT,29.979999542236328,5210080725.0,49374849.93335724
2026-10-09,OVV,63.880001068115234,17914699000.0,197810157.66633987
2026-10-09,OWL,9.489999771118164,14452784907.0,177798413.90773296
2026-10-09,OXY,60.11000061035156,60258140724.0,559654273.6851883
2026-10-09,OZK,44.40999984741211,5075286882.0,72973406.51870728
2026-10-09,P,154.49000549316406,50174027183.0,967989999.1390228
2026-10-09,PAAS,46.27000045776367,18786341580.0,143966219.79528427
2026-10-09,PAC,201.5,11703412976.0,36911175.23208618
2026-10-09,PACS,43.29999923706055,6924016313.0,34837469.13385391
2026-10-09,PAG,196.16000366210938,13004531998.0,92653621.97441101
2026-10-09,PAGS,11.15999984741211,3104437932.0,45219727.90617466
2026-10-09,PANW,418.7799987792969,325973000000.0,2351751026.699829
2026-10-09,PARR,81.88999938964844,4391232307.0,81973919.97062683
2026-10-09,PATH,13.479999542236328,6905309169.0,559573057.5299835
2026-10-09,PATK,63.459999084472656,2089935438.0,41971038.81397247
2026-10-09,PAY,31.8799991607666,4019993532.0,37758025.87457657
2026-10-09,PAYC,232.22000122070312,10361965208.0,158796122.97851562
2026-10-09,PAYO,7.139999866485596,2426171986.0,20531619.722266197
2026-10-09,PAYX,103.9800033569336,37185720210.0,393352771.60324097
2026-10-09,PB,66.11000061035156,8014588858.0,85118143.04611206
2026-10-09,PBA,47.310001373291016,27420318250.0,58022030.83366394
2026-10-09,PBF,84.2699966430664,10590081107.0,313496523.10661316
2026-10-09,PBH,48.22999954223633,2267818368.0,30013980.540218353
2026-10-09,PBI,16.799999237060547,2327791800.0,30399531.505355835
2026-10-09,PBR,25.299999237060547,159111405947.0,546518405.3143597
2026-10-09,PCAR,108.04000091552734,57721180746.0,448877920.56282043
2026-10-09,PCG,13.130000114440918,33956999984.0,498344498.0113888
2026-10-09,PCOR,56.209999084472656,8324113416.0,148571340.70524216
2026-10-09,PCRX,36.310001373291016,1450574032.0,73611832.50138283
2026-10-09,PCTY,153.9600067138672,8118776478.0,97945828.80218506
2026-10-09,PCVX,71.37999725341797,9674575149.0,224818665.97366333
2026-10-09,PD,16.15999984741211,1242667993.0,26003453.636336327
2026-10-09,PDD,81.3499984741211,111395007116.0,461054190.61317444
2026-10-09,PDFS,54.400001525878906,2203416131.0,28135245.883846283
2026-10-09,PDI,14.359999656677246,3483479700.0,66962662.18747616
2026-10-09,PDM,9.029999732971191,1136206051.0,20747362.119283676
2026-10-09,PEB,19.1200008392334,2141754750.0,41953581.49177551
2026-10-09,PECO,37.56999969482422,4812093000.0,48702973.26681137
2026-10-09,PEG,72.27999877929688,35806494955.0,302565951.37363434
2026-10-09,PEGA,35.650001525878906,5834731498.0,67701436.3520813
2026-10-09,PEN,319.3999938964844,12506929273.0,135865249.4873047
2026-10-09,PENG,76.27999877929688,3667439967.0,242807454.49460983
2026-10-09,PENN,15.479999542236328,2112889474.0,53237334.71051693
2026-10-09,PEP,125.97000122070312,175170182554.0,1358580817.2979355
2026-10-09,PFE,28.280000686645508,158564919246.0,929433740.636816
2026-10-09,PFG,107.23999786376953,23502266443.0,159080917.79762268
2026-10-09,PFGC,94.87999725341797,14921528791.0,133612732.98095703
2026-10-09,PFS,22.09000015258789,2897990572.0,20838179.406309128
2026-10-09,PFSI,59.900001525878906,3186709426.0,43450816.85646057
2026-10-09,PG,151.22999572753906,350036374505.0,1188866786.8525696
2026-10-09,PGEN,7.809999942779541,2721067877.0,45028545.47948837
2026-10-09,PGNY,27.93000030517578,2135306788.0,32778284.587259293
2026-10-09,PGR,217.42999267578125,127163447252.0,643056761.932373
2026-10-09,PGY,18.219999313354492,1523355893.0,48426579.585409164
2026-10-09,PH,962.5599975585938,119423412508.0,517011612.4380493
2026-10-09,PHG,24.239999771118164,23884100324.0,26648265.721359253
2026-10-09,PHIN,57.83000183105469,2141862624.0,29048720.16149521
2026-10-09,PHM,112.12000274658203,21281486866.0,211037012.7281189
2026-10-09,PHVS,31.100000381469727,2168020017.0,26206960.20632744
2026-10-09,PI,189.6300048828125,5605207065.0,72724490.29350281
2026-10-09,PII,51.599998474121094,3005075102.0,46488028.85356903
2026-10-09,PINS,21.399999618530273,11626406444.0,279576504.9210453
2026-10-09,PIPR,65.27999877929688,4549753335.0,61851129.84348297
2026-10-09,PJT,137.27999877929688,5569376502.0,70424412.42095947
2026-10-09,PK,15.170000076293945,3062355999.0,53807456.40602589
2026-10-09,PKG,230.50999450683594,20487262872.0,130569285.42793274
2026-10-09,PL,17.18000030517578,6254546931.0,182793218.3960247
2026-10-09,PLAB,29.6200008392334,1752805832.0,24251476.197662354
2026-10-09,PLD,129.49000549316406,122576746040.0,501222954.5706177
2026-10-09,PLMR,130.75999450683594,3459196254.0,31983423.88381958
2026-10-09,PLNT,47.97999954223633,3311802969.0,129195494.74592209
2026-10-09,PLPC,397.25,1942134246.0,30492312.33062744
2026-10-09,PLSE,53.810001373291016,3564703898.0,26990538.60721588
2026-10-09,PLTR,209.0500030517578,477480190754.0,4508228016.520004
2026-10-09,PLUS,93.30000305175781,2389882289.0,21965581.91799164
2026-10-09,PLXS,262.5400085449219,6966325637.0,57116443.830337524
2026-10-09,PM,201.19000244140625,312501994520.0,859638790.8563995
2026-10-09,PNC,219.2100067138672,87639944767.0,455084021.34254456
2026-10-09,PNFP,93.98999786376953,14305833629.0,112077035.12722015
2026-10-09,PNR,52.470001220703125,8349064785.0,137957127.33652115
2026-10-09,PNW,98.91999816894531,11874904987.0,131982437.21786499
2026-10-09,PODD,135.27999877929688,9326059140.0,220924677.47528076
2026-10-09,POET,6.96999979019165,1218328940.0,61382331.79405928
2026-10-09,PONY,6.039999961853027,2497199345.0,28052383.746180534
2026-10-09,POOL,159.5399932861328,5746925731.0,144443874.1822815
2026-10-09,POR,45.38999938964844,5333511009.0,81926739.32455063
2026-10-09,POST,74.81999969482422,3262913635.0,70036023.8558197
2026-10-09,POWI,49.119998931884766,2787518837.0,38379484.14272308
2026-10-09,POWL,191.92999267578125,6895591388.0,101167232.37869263
2026-10-09,PPC,28.649999618530273,6786092934.0,42509214.31130409
2026-10-09,PPG,103.95999908447266,23443758000.0,182650306.30641937
2026-10-09,PPL,34.25,25661779078.0,229963382.37526894
2026-10-09,PPLI,40.88999938964844,3047808450.0,56162455.751514435
2026-10-09,PPTA,20.639999389648438,2515676598.0,21136770.218696594
2026-10-09,PR,23.030000686645508,19129802542.0,235836714.00636673
2026-10-09,PRAX,259.8599853515625,7358312837.0,152591393.802948
2026-10-09,PRCH,17.559999465942383,2311015731.0,26154715.590372086
2026-10-09,PRCT,18.399999618530273,1025198496.0,25212719.063892365
2026-10-09,PRDO,33.709999084472656,2091950949.0,24411871.33231163
2026-10-09,PRG,30.479999542236328,1230797460.0,24844112.32424736
2026-10-09,PRGO,15.0600004196167,2012154053.0,42254874.09354687
2026-10-09,PRGS,39.33000183105469,1564664070.0,27571197.77162552
2026-10-09,PRI,275.2900085449219,8475774417.0,58855877.06436157
2026-10-09,PRIM,83.5999984741211,4449780150.0,112119726.781044
2026-10-09,PRKS,32.66999816894531,1455002606.0,25536612.30884552
2026-10-09,PRLB,93.83999633789062,2205838122.0,24027394.37965393
2026-10-09,PRM,27.75,4534127767.0,39378476.36710167
2026-10-09,PRMB,19.270000457763672,7007927230.0,87274295.8963871
2026-10-09,PRU,113.08999633789062,39167850000.0,182761248.5702896
2026-10-09,PRVA,20.850000381469727,2578953639.0,27026757.681179047
2026-10-09,PSA,289.8599853515625,53350067268.0,273849197.36572266
2026-10-09,PSMT,168.8800048828125,5160496823.0,39740086.33720398
2026-10-09,PSN,45.08000183105469,4594768050.0,53789494.43317413
2026-10-09,PSNL,16.0,1715205944.0,35013439.768629074
2026-10-09,PSX,278.17999267578125,112364289946.0,850861847.0345306
2026-10-09,PTC,194.4499969482422,21020917944.0,696463851.781311
2026-10-09,PTCT,64.69999694824219,5221307773.0,86016487.87935257
2026-10-09,PTEN,11.3100004196167,4378298354.0,88843056.58703804
2026-10-09,PTGX,143.72999572753906,9053336154.0,117320174.83436584
2026-10-09,PTRN,18.420000076293945,3255273283.0,32893076.923761368
2026-10-09,PUK,23.920000076293945,29845172037.0,30910485.691347122
2026-10-09,PUMP,9.09000015258789,1110328210.0,39966339.15645599
2026-10-09,PURR,11.109999656677246,3144465554.0,261524415.6067133
2026-10-09,PVH,81.3499984741211,3743623770.0,68629927.06329346
2026-10-09,PVLA,138.77000427246094,1892400175.0,33718232.83187866
2026-10-09,PWP,15.670000076293945,1479132155.0,36275539.414544106
2026-10-09,PWR,705.9400024414062,100969517442.0,583045939.3270874
2026-10-09,PYPL,55.529998779296875,47067457287.0,639342995.0980377
2026-10-09,Q,126.5999984741211,26502538227.0,187135048.91361237
2026-10-09,QBTS,14.569999694824219,5542548769.0,257684031.2807083
2026-10-09,QCOM,175.5,184851672435.0,2518235917.724762
2026-10-09,QGEN,45.380001068115234,9176508751.0,101892552.68884659
2026-10-09,QLYS,202.4199981689453,6706586894.0,135946041.46110535
2026-10-09,QMCO,30.43000030517578,1149983829.0,58428960.184841156
2026-10-09,QSR,70.94999694824219,32115598379.0,241139212.91614532
2026-10-09,QTWO,58.599998474121094,3659597050.0,36666265.25016785
2026-10-09,QUBT,7.440000057220459,1686284114.0,61313736.33172035
2026-10-09,QURE,22.59000015258789,1563518926.0,99245656.88105583
2026-10-09,QXO,10.8100004196167,11536896684.0,275777140.67233086
2026-10-09,R,238.5500030517578,9018416416.0,65561158.190841675
2026-10-09,RACE,389.9100036621094,90835983662.0,177504385.88119507
2026-10-09,RAL,73.19999694824219,7950590975.0,104393568.75228882
2026-10-09,RAMP,37.560001373291016,2284067474.0,50148920.261917114
2026-10-09,RARE,15.479999542236328,1507423868.0,82860255.92902184
2026-10-09,RBA,85.83999633789062,15254512347.0,151872596.73820496
2026-10-09,RBC,503.67999267578125,15544372703.0,161552853.88183594
2026-10-09,RBLX,48.09000015258789,32518392834.0,587579636.281414
2026-10-09,RBRK,125.13999938964844,25061032905.0,353377619.0839386
2026-10-09,RCI,29.780000686645508,16768561589.0,51767063.85174751
2026-10-09,RCL,282.260009765625,75263690958.0,853618842.5772095
2026-10-09,RCUS,24.40999984741211,3034354350.0,39327037.86664009
2026-10-09,RDDT,159.91000366210938,30104281920.0,726942164.333725
2026-10-09,RDN,33.93000030517578,4520736036.0,71335650.16036987
2026-10-09,RDNT,70.91000366210938,5367939900.0,54854271.89506531
2026-10-09,RDW,9.579999923706055,2439927864.0,150829738.9448452
2026-10-09,RDY,12.479999542236328,10182815034.0,39781261.09306812
2026-10-09,REAL,9.75,1170476126.0,25417185.13628483
2026-10-09,REG,72.05000305175781,13089456700.0,98706821.588974
2026-10-09,REGN,746.5399780273438,76142420475.0,586921075.0701904
2026-10-09,RELX,36.130001068115234,61584030681.0,67756976.90702438
2026-10-09,RELY,24.1299991607666,4978808950.0,85110133.9878273
2026-10-09,REPL,13.420000076293945,1228624027.0,27664925.488123894
2026-10-09,REXR,36.7400016784668,8301847857.0,118728711.25619888
2026-10-09,REYN,22.010000228881836,4633185784.0,30856300.411024094
2026-10-09,REZI,17.06999969482422,2611774902.0,41150134.83967781
2026-10-09,RF,27.030000686645508,23061731727.0,285377799.0438938
2026-10-09,RGA,255.97999572753906,16712655123.0,96198704.50088501
2026-10-09,RGEN,173.8800048828125,8015598879.0,235397151.99447632
2026-10-09,RGLD,236.22999572753906,19587385981.0,166772513.70513916
2026-10-09,RGTI,14.029999732971191,4719490083.0,239795036.4762926
2026-10-09,RH,116.98999786376953,2152132184.0,99329102.93003082
2026-10-09,RHI,33.93000030517578,3490538335.0,67550284.05071259
2026-10-09,RHP,120.27999877929688,8274553432.0,71043450.067482
2026-10-09,RIG,5.510000228881836,6187515671.0,223304641.11137152
2026-10-09,RIO,94.77999877929688,117238641431.0,177760030.21133423
2026-10-09,RIOT,16.885000228881836,6319360465.0,359563922.8879833
2026-10-09,RITM,8.640000343322754,4813468607.0,62777150.21724701
2026-10-09,RIVN,13.960000038146973,20747842828.0,385924473.29336166
2026-10-09,RJF,158.3800048828125,30508567365.0,211359341.6912079
2026-10-09,RKLB,68.20999908447266,42938766148.0,1503112190.459404
2026-10-09,RKT,11.479999542236328,33300114871.0,493048837.1856785
2026-10-09,RL,371.2799987792969,21889918786.0,211386013.2473755
2026-10-09,RLAY,17.8799991607666,3815255796.0,63306555.67592621
2026-10-09,RLI,55.709999084472656,5166818211.0,47305015.98543167
2026-10-09,RMBS,107.47000122070312,11764830077.0,249076756.96533203
2026-10-09,RMD,230.0500030517578,31887135565.0,262362654.03007507
2026-10-09,RNG,79.2699966430664,6542707793.0,120957869.81422424
2026-10-09,RNR,331.3800048828125,13767804227.0,118710567.78717041
2026-10-09,RNST,39.0099983215332,3591281430.0,31936559.42331314
2026-10-09,ROAD,86.80999755859375,5067894443.0,60365116.071510315
2026-10-09,ROG,147.41000366210938,2646657780.0,42589676.531829834
2026-10-09,ROIV,35.439998626708984,24710670343.0,286485980.7034302
2026-10-09,ROK,432.5899963378906,48308473955.0,310693277.64068604
2026-10-09,ROKU,152.85000610351562,22828321622.0,256850632.39990234
2026-10-09,ROL,31.979999542236328,15521750733.0,280779217.41648674
2026-10-09,ROP,364.0899963378906,36022665337.0,330570766.95251465
2026-10-09,ROST,222.41000366210938,71940840372.0,479964124.6183777
2026-10-09,RPM,97.7300033569336,12680674797.0,118795166.18675232
2026-10-09,RPRX,56.93000030517578,32320817677.0,171577387.47673035
2026-10-09,RRC,40.88999938964844,9527113827.0,115607318.47986221
2026-10-09,RRR,49.5099983215332,5289665440.0,62193985.37168503
2026-10-09,RRX,165.02999877929688,10655364639.0,187015055.03196716
2026-10-09,RS,402.45001220703125,20264063425.0,108656908.38134766
2026-10-09,RSG,216.8800048828125,66399222150.0,323640268.1642914
2026-10-09,RSI,18.899999618530273,4709634635.0,79514987.9902935
2026-10-09,RTO,20.239999771118164,10214100000.0,47321920.23563385
2026-10-09,RTX,185.97000122070312,248418781102.0,778923474.8381805
2026-10-09,RUM,6.960000038146973,3470671358.0,50323683.37862015
2026-10-09,RUN,7.639999866485596,1828028593.0,64379594.53257799
2026-10-09,RUSHA,44.52000045776367,5271542922.0,34723670.98836899
2026-10-09,RVMD,189.75999450683594,40320966954.0,455830108.12553406
2026-10-09,RVTY,154.17999267578125,16978986776.0,347916212.72232056
2026-10-09,RXO,29.079999923706055,4771312883.0,92162251.83689117
2026-10-09,RY,191.91000366210938,263816942497.0,215624889.69085693
2026-10-09,RYAAY,54.2400016784668,28437673958.0,89162313.41287613
2026-10-09,RYAN,37.0099983215332,9667240725.0,85611506.26272202
2026-10-09,RYN,18.979999542236328,5534751613.0,78214298.10159683
2026-10-09,RYTM,90.77999877929688,6171900630.0,80785104.43965912
2026-10-09,S,26.270000457763672,8840447572.0,221494057.29729652
2026-10-09,SAH,60.560001373291016,1944626471.0,25053621.855602264
2026-10-09,SAIA,336.75,9102991059.0,116615359.87808228
2026-10-09,SAIC,134.66000366210938,5434542236.0,59865312.42286682
2026-10-09,SAIL,20.770000457763672,11429650893.0,117589636.09410286
2026-10-09,SAM,170.50999450683594,1761627037.0,43271226.158828735
2026-10-09,SAN,13.489999771118164,195119069704.0,120523560.3196001
2026-10-09,SANM,217.49000549316406,11281171491.0,131250504.78027344
2026-10-09,SAP,214.77999877929688,260934298877.0,377907005.065155
2026-10-09,SARO,20.170000076293945,6727592032.0,93337642.07113266
2026-10-09,SBAC,182.49000549316406,18036039581.0,177855611.43493652
2026-10-09,SBCF,31.739999771118164,3085742604.0,29733285.86036682
2026-10-09,SBET,8.59000015258789,1913739951.0,77526510.97612381
2026-10-09,SBH,15.899999618530273,1500765341.0,23599580.482439995
2026-10-09,SBLK,29.700000762939453,3398323671.0,59198431.59928322
2026-10-09,SBRA,18.959999084472656,4812918323.0,50160099.48030472
2026-10-09,SBS,6.739999771118164,23226679225.0,56385336.718592644
2026-10-09,SBSW,10.0,7012730397.0,55454708.516192436
2026-10-09,SBUX,90.75,106259400000.0,847411584.9946594
2026-10-09,SCCO,209.2100067138672,165748336714.0,188892420.83312988
2026-10-09,SCHW,96.69999694824219,167520750615.0,857167545.0550079
2026-10-09,SCI,76.91000366210938,10488277019.0,82275965.2525711
2026-10-09,SDGR,27.280000686645508,1974120523.0,101497146.96888924
2026-10-09,SDRL,46.150001525878906,2853140630.0,28381909.70117569
2026-10-09,SE,95.25,56893687249.0,408677180.76545715
2026-10-09,SEB,3976.0,3892082120.0,39700969.099121094
2026-10-09,SEDG,32.209999084472656,1997741038.0,88159786.26584053
2026-10-09,SEI,76.4000015258789,5595471927.0,177969302.89373398
2026-10-09,SEIC,104.69999694824219,12391980542.0,93957503.21666718
2026-10-09,SEZL,128.63999938964844,3947385141.0,59815696.76105499
2026-10-09,SF,70.33999633789062,10586731571.0,104688720.32844543
2026-10-09,SFBS,38.40999984741211,4220717772.0,30085813.110218048
2026-10-09,SFD,18.610000610351562,7434329097.0,42514663.21919441
2026-10-09,SFM,65.13999938964844,6155275726.0,147429865.80142975
2026-10-09,SFNC,22.18000030517578,3234218598.0,33803338.58551979
2026-10-09,SG,9.630000114440918,1139225385.0,43213458.441381454
2026-10-09,SGHC,11.289999961853027,5863206134.0,34086542.057619095
2026-10-09,SGI,62.189998626708984,14353111105.0,186374252.6861763
2026-10-09,SGML,9.350000381469727,1076153072.0,24030366.4697361
2026-10-09,SGRY,13.890000343322754,1785725066.0,31149020.062088966
2026-10-09,SHAK,66.9000015258789,2880796517.0,90735981.88362122
2026-10-09,SHAZ,37.93000030517578,1398126870.0,77437035.7711029
2026-10-09,SHC,18.059999465942383,5088232595.0,37973444.10774231
2026-10-09,SHEL,100.18000030517578,277160498468.0,637552659.3904651
2026-10-09,SHLS,8.739999771118164,1417085579.0,33308502.8004241
2026-10-09,SHO,11.3100004196167,2110463730.0,21002628.461971283
2026-10-09,SHOO,44.29999923706055,3234427599.0,50582363.838825226
2026-10-09,SHOP,170.85000610351562,213238662274.0,1390384247.0284271
2026-10-09,SHW,319.3599853515625,77932649216.0,547816839.671936
2026-10-09,SIG,105.22000122070312,4057412861.0,88293615.52494049
2026-10-09,SIGI,84.22000122070312,5071119100.0,47600129.00150299
2026-10-09,SIMO,263.8999938964844,8880227664.0,194264129.84344482
2026-10-09,SIRI,26.510000228881836,8874971240.0,129519129.810915
2026-10-09,SITE,87.16000366210938,3830323919.0,95619393.17573547
2026-10-09,SITM,612.3699951171875,19397622482.0,290625535.75561523
2026-10-09,SJM,119.83000183105469,12755756282.0,150370816.88919067
2026-10-09,SKM,34.2400016784668,13037884200.0,37488196.609745026
2026-10-09,SKT,35.08000183105469,3975961809.0,35795646.291770935
2026-10-09,SKWD,58.31999969482422,2633156000.0,21209361.01459503
2026-10-09,SKY,79.62999725341797,4422202517.0,47746612.54692078
2026-10-09,SKYD,9.15999984741211,46791412647.0,327909555.3147173
2026-10-09,SKYW,96.5199966430664,3755863877.0,33925450.63594818
2026-10-09,SLAB,222.0399932861328,7399079252.0,66631806.13517761
2026-10-09,SLB,48.95000076293945,72693335454.0,695034134.788208
2026-10-09,SLDE,25.139999389648438,2955336491.0,35194193.5381794
2026-10-09,SLF,76.98999786376953,42683687227.0,36563885.587501526
2026-10-09,SLG,48.40999984741211,3467394449.0,43962724.83818054
2026-10-09,SLGN,35.439998626708984,3783416316.0,49524834.34108734
2026-10-09,SLM,22.520000457763672,4260757538.0,55276956.24479294
2026-10-09,SLS,11.649999618530273,2273908683.0,64280223.5087204
2026-10-09,SM,37.0,8819628841.0,141887535.5586815
2026-10-09,SMA,32.83000183105469,1811116817.0,27178569.02364731
2026-10-09,SMCI,41.86000061035156,28098409474.0,1496026399.889927
2026-10-09,SMFG,25.1299991607666,115447765260.0,37894747.04743385
2026-10-09,SMG,49.86000061035156,2936048418.0,60709660.94209671
2026-10-09,SMMT,17.59000015258789,13731302597.0,129507367.01404572
2026-10-09,SMR,7.199999809265137,3145574351.0,295529322.9863143
2026-10-09,SMTC,187.3000030517578,17497621619.0,596730943.1712341
2026-10-09,SN,184.97999572753906,26042923818.0,317312852.4019623
2026-10-09,SNA,360.3699951171875,18563830261.0,111625810.77606201
2026-10-09,SNAP,6.230000019073486,9910418592.0,191253228.17367077
2026-10-09,SNDK,1581.8199462890625,233899091072.0,14538178072.041626
2026-10-09,SNDR,31.5,5562297525.0,24457762.701702118
2026-10-09,SNDX,16.989999771118164,1509120753.0,33944996.09866142
2026-10-09,SNEX,61.2400016784668,7249065774.0,63805700.80394745
2026-10-09,SNN,27.239999771118164,11288382885.0,34613924.22511101
2026-10-09,SNOW,368.8900146484375,121151520000.0,1417263476.250763
2026-10-09,SNPS,509.989990234375,95387140547.0,1128534724.523468
2026-10-09,SNX,273.3699951171875,21337293092.0,317030505.1550293
2026-10-09,SNY,40.06999969482422,98115104144.0,127453567.76395798
2026-10-09,SO,86.16999816894531,99103769521.0,551156475.3792572
2026-10-09,SOBO,33.220001220703125,7058503778.0,26575263.006076813
2026-10-09,SOFI,15.800000190734863,20161412758.0,776240813.0237818
2026-10-09,SOLS,61.349998474121094,9567377035.0,123846535.92878342
2026-10-09,SOLV,87.29000091552734,14709032423.0,82733861.63379669
2026-10-09,SON,47.91999816894531,4785550145.0,51820907.74587631
2026-10-09,SONO,17.260000228881836,2005082944.0,37264957.33455658
2026-10-09,SONY,24.1200008392334,141210458668.0,83626248.459301
2026-10-09,SOUN,5.389999866485596,2655145850.0,102133811.10538483
2026-10-09,SPB,77.37000274658203,1783998338.0,26000958.239097595
2026-10-09,SPG,199.4199981689453,64584117909.0,249038849.43634033
2026-10-09,SPGI,407.82000732421875,118724804000.0,760724223.4638977
2026-10-09,SPHR,106.41000366210938,3923561565.0,108023047.91042328
2026-10-09,SPNT,24.959999084472656,2907610350.0,28287542.552051544
2026-10-09,SPOT,529.1400146484375,108354358863.0,763106161.242981
2026-10-09,SPSC,84.58999633789062,2999534498.0,40213493.61740112
2026-10-09,SPXC,169.4600067138672,8443474279.0,122420334.77859497
2026-10-09,SQM,63.90999984741211,18429351372.0,61703048.40009689
2026-10-09,SR,78.41999816894531,4610207818.0,41565410.860557556
2026-10-09,SRAD,12.489999771118164,3878261608.0,27324590.829401016
2026-10-09,SRE,81.33999633789062,52364339868.0,286490670.61008453
2026-10-09,SRPT,17.850000381469727,1923468052.0,51081041.82229042
2026-10-09,SRRK,42.189998626708984,5139338900.0,120069774.93392944
2026-10-09,SSB,100.25,9752728884.0,71671571.50279999
2026-10-09,SSD,171.1199951171875,7047316070.0,57358534.91188049
2026-10-09,SSL,15.109999656677246,9807111684.0,26281405.645899773
2026-10-09,SSNC,81.02999877929688,18924925427.0,113350364.79499817
2026-10-09,SSRM,35.5099983215332,6855431069.0,82910723.45302582
2026-10-09,ST,42.290000915527344,6145979452.0,51598657.32709885
2026-10-09,STAA,21.670000076293945,1122222362.0,22695671.27793312
2026-10-09,STAG,36.0099983215332,6917962845.0,63980127.97317505
2026-10-09,STE,214.39999389648438,20549123184.0,144773542.67868042
2026-10-09,STEP,44.099998474121094,5298912492.0,53929232.55075455
2026-10-09,STLD,238.3800048828125,33563138367.0,228508831.87675476
2026-10-09,STM,52.060001373291016,47046057861.0,486559539.42720413
2026-10-09,STN,66.86000061035156,7628567843.0,26130411.71356201
2026-10-09,STNE,12.460000038146973,2861890137.0,69871640.93029499
2026-10-09,STNG,85.13999938964844,4562889939.0,104076734.87113953
2026-10-09,STOK,24.739999771118164,1545403496.0,26990968.545007706
2026-10-09,STRA,82.38999938964844,1829680786.0,25856380.29685974
2026-10-09,STRL,513.0,15857393616.0,281612403.12210083
2026-10-09,STT,174.9600067138672,48097532034.0,405918365.0639343
2026-10-09,STUB,6.119999885559082,2346032391.0,39013598.52930546
2026-10-09,STWD,12.710000038146973,4719654113.0,82394426.04123592
2026-10-09,STX,783.0,177216851279.0,3991719637.4560547
2026-10-09,STZ,122.63999938964844,20918008948.0,327142169.90291595
2026-10-09,SU,72.2300033569336,82938435787.0,254769114.00802612
2026-10-09,SUI,114.0,13617346993.0,137746954.19353485
2026-10-09,SUNB,75.16999816894531,30670902540.0,332839921.7686844
2026-10-09,SUPN,42.66999816894531,2449472328.0,29851859.738063812
2026-10-09,SUZ,8.569999694824219,10757640904.0,23392496.42493725
2026-10-09,SW,41.290000915527344,21741474537.0,197185500.16498566
2026-10-09,SWK,88.56999969482422,13466153878.0,155045353.64128113
2026-10-09,SWKS,76.3499984741211,12005891185.0,761431924.2240524
2026-10-09,SWX,84.13999938964844,6049953184.0,69916505.44490814
2026-10-09,SXI,285.010009765625,3451828553.0,39434263.21022034
2026-10-09,SXT,130.3699951171875,5619567936.0,45160051.36512756
2026-10-09,SYF,72.80000305175781,27428082439.0,213051699.37381744
2026-10-09,SYK,277.3299865722656,106238226551.0,758030330.6373596
2026-10-09,SYM,42.630001068115234,25437959838.0,70754205.23353577
2026-10-09,SYNA,119.81999969482422,4726572540.0,126704918.72768402
2026-10-09,SYRE,85.69000244140625,7045083584.0,139316909.03331757
2026-10-09,SYY,78.13999938964844,38468723697.0,388222065.68912506
2026-10-09,T,22.18000030517578,170418831116.0,1072088047.3086357
2026-10-09,TAC,13.130000114440918,4073240000.0,20005461.643414497
2026-10-09,TAK,18.729999542236328,58520322140.0,47372601.611738205
2026-10-09,TAL,12.859999656677246,6928218662.0,36340222.894859314
2026-10-09,TALO,16.799999237060547,2830064683.0,41756726.21918678
2026-10-09,TAP,37.20000076293945,7070333139.0,216019480.2059555
2026-10-09,TARS,73.16000366210938,3379295707.0,56829635.86177826
2026-10-09,TBBB,55.59000015258789,6254678897.0,36148125.14417648
2026-10-09,TBBK,48.25,2012013288.0,30680670.621318817
2026-10-09,TCOM,38.900001525878906,23903610227.0,153014725.3873062
2026-10-09,TD,115.0999984741211,186242227993.0,261586935.07888794
2026-10-09,TDC,30.59000015258789,2816970000.0,50037725.7166481
2026-10-09,TDG,1107.989990234375,60212718683.0,445001530.71655273
2026-10-09,TDOC,5.769999980926514,1006529476.0,21834103.072459698
2026-10-09,TDS,33.529998779296875,3928363000.0,63803416.64592743
2026-10-09,TDW,85.41999816894531,4214352766.0,49318955.19493103
2026-10-09,TDY,613.6599731445312,28036838144.0,170231452.39257812
2026-10-09,TEAM,206.7899932861328,51531468570.0,561553807.3700714
2026-10-09,TECH,72.45999908447266,11361481343.0,237655046.90868378
2026-10-09,TECK,68.05000305175781,31732166241.0,181726273.4858322
2026-10-09,TEL,218.2899932861328,62045579893.0,376203409.10110474
2026-10-09,TEM,70.93000030517578,12578210418.0,610247188.6898804
2026-10-09,TEN,51.400001525878906,1561513663.0,26175847.648887634
2026-10-09,TENB,41.59000015258789,4296560737.0,151916839.69547272
2026-10-09,TER,402.67999267578125,62336183840.0,970760084.776001
2026-10-09,TEVA,41.099998474121094,45737871297.0,231654218.55340958
2026-10-09,TEX,50.66999816894531,5983605000.0,78402794.19179916
2026-10-09,TFC,46.11000061035156,56414697362.0,416910118.89442444
2026-10-09,TFII,114.12999725341797,9463360169.0,39813745.19699097
2026-10-09,TFX,125.12000274658203,5262227983.0,110234095.9331131
2026-10-09,TGB,8.850000381469727,3041653773.0,44482996.29298687
2026-10-09,TGT,153.63999938964844,70306962863.0,593215547.0914459
2026-10-09,TGTX,55.369998931884766,8164703287.0,106507366.10124588
2026-10-09,TH,18.40999984741211,1826097344.0,47875280.83393097
2026-10-09,THC,263.7799987792969,20980835830.0,184673586.2033081
2026-10-09,THG,219.3300018310547,7727651647.0,73076182.79953003
2026-10-09,THO,63.869998931884766,3412225406.0,67472803.53748322
2026-10-09,THRM,29.68000030517578,1629427451.0,59910473.71154785
2026-10-09,TIGO,79.4800033569336,14735215911.0,78779832.3809433
2026-10-09,TJX,138.75999450683594,152621400964.0,1215940281.9095993
2026-10-09,TKO,178.00999450683594,34377057972.0,211090640.5003357
2026-10-09,TKR,116.12000274658203,7923400571.0,110854320.7509613
2026-10-09,TLN,378.57000732421875,17211760118.0,363923477.8543091
2026-10-09,TM,185.3000030517578,242431134642.0,55512685.496292114
2026-10-09,TMDX,77.87000274658203,2739336455.0,64837678.997802734
2026-10-09,TME,8.380000114440918,12528279820.0,57552378.39539766
2026-10-09,TMO,658.02001953125,241067835526.0,1578718554.2419434
2026-10-09,TMUS,148.5800018310547,183759374023.0,974449914.572525
2026-10-09,TNDM,16.110000610351562,1090646232.0,39161278.436079025
2026-10-09,TNET,65.44999694824219,3052206030.0,20490133.590393066
2026-10-09,TNGX,23.809999465942383,3805535983.0,82354641.75303459
2026-10-09,TNK,106.13999938964844,3693728140.0,46699501.2046051
2026-10-09,TNL,62.619998931884766,3831996966.0,46864019.35733795
2026-10-09,TOL,133.1300048828125,12424180010.0,161680348.73710632
2026-10-09,TOST,31.309999465942383,17646340000.0,260850422.8914261
2026-10-09,TOWN,34.959999084472656,2631753229.0,20824063.387241364
2026-10-09,TPB,57.380001068115234,1143590511.0,30749224.775161743
2026-10-09,TPC,83.36000061035156,4428422416.0,38725549.31602478
2026-10-09,TPG,45.2599983215332,17097044974.0,123308036.93885803
2026-10-09,TPL,360.9800109863281,24677762084.0,139376088.99658203
2026-10-09,TPR,116.23999786376953,23135093876.0,342534709.45602417
2026-10-09,TRAX,31.850000381469727,1143744284.0,28888905.120601654
2026-10-09,TREX,44.779998779296875,4526889044.0,69588370.67258835
2026-10-09,TRGP,286.70001220703125,61861205248.0,348407577.0889282
2026-10-09,TRI,103.20999908447266,43991460000.0,143826553.84716034
2026-10-09,TRIP,8.680000305175781,1050106104.0,33682290.0783968
2026-10-09,TRLV,10.670000076293945,1996902182.0,30522094.057984352
2026-10-09,TRMB,60.09000015258789,13955813903.0,137459438.63851547
2026-10-09,TRMD,39.939998626708984,4112190127.0,97008548.86335373
2026-10-09,TRN,25.520000457763672,2023604944.0,21626720.72262764
2026-10-09,TRNO,64.79000091552734,7026405589.0,52505293.84523392
2026-10-09,TROW,105.16000366210938,22233911046.0,179574758.5539627
2026-10-09,TRP,60.04999923706055,59980000000.0,204554472.3116684
2026-10-09,TRU,65.4800033569336,12375444000.0,200041864.32353973
2026-10-09,TRV,368.75,77229073396.0,464078166.7640686
2026-10-09,TRVI,13.1899995803833,1827252661.0,36252429.58721638
2026-10-09,TS,57.34000015258789,29961594231.0,67853845.12813568
2026-10-09,TSCO,33.70000076293945,17444423787.0,334728913.50907326
2026-10-09,TSEM,228.7100067138672,25855841250.0,487748086.104126
2026-10-09,TSLA,382.70001220703125,1481080272750.0,13204792524.779205
2026-10-09,TSM,453.30999755859375,2375367380983.0,4502396832.354279
2026-10-09,TSN,53.43000030517578,18413291138.0,181202413.33909988
2026-10-09,TT,476.9800109863281,103397691799.0,575023639.1159058
2026-10-09,TTAN,72.58999633789062,7035404166.0,187118386.87013626
2026-10-09,TTC,95.79000091552734,9164361624.0,79389856.65397644
2026-10-09,TTD,12.079999923706055,5834291583.0,341492408.41074467
2026-10-09,TTE,86.11000061035156,187683752380.0,179683184.97283936
2026-10-09,TTEK,33.34000015258789,8554444339.0,74705522.36942291
2026-10-09,TTMI,121.01000213623047,12378491520.0,241669939.10686493
2026-10-09,TTWO,213.44000244140625,39148095351.0,513507779.7216797
2026-10-09,TU,7.71999979019165,12775560000.0,60470303.37507725
2026-10-09,TVTX,52.125,4905346707.0,114162907.73468018
2026-10-09,TW,111.08000183105469,25668219776.0,139119808.01876068
2026-10-09,TWLO,289.4700012207031,42351438419.0,1333451844.7570038
2026-10-09,TWST,159.77999877929688,10081093507.0,547885633.4202576
2026-10-09,TX,58.18000030517578,11085494577.0,23670437.767238617
2026-10-09,TXG,80.6500015258789,10068901463.0,331496281.3799286
2026-10-09,TXN,283.739990234375,263197983105.0,1564356238.8516235
2026-10-09,TXNM,58.61000061035156,6451166845.0,101932486.86843872
2026-10-09,TXRH,161.5,10683717116.0,227751983.7284851
2026-10-09,TXT,74.16000366210938,12592882063.0,149010590.23204803
2026-10-09,TYL,329.54998779296875,13561345535.0,227365112.41134644
2026-10-09,TYRA,19.940000534057617,1373056102.0,23499994.32914734
2026-10-09,U,46.880001068115234,20195681135.0,456940631.05407715
2026-10-09,UAL,107.45999908447266,34873280464.0,480515066.46648407
2026-10-09,UBER,71.51000213623047,143469422899.0,1171858828.1087875
2026-10-09,UBS,48.130001068115234,146047663289.0,116794806.82739258
2026-10-09,UBSI,45.459999084472656,6224914495.0,55354317.17908859
2026-10-09,UCB,33.380001068115234,4048925391.0,32202937.075881958
2026-10-09,UCTT,68.58999633789062,3059821620.0,73403353.73298645
2026-10-09,UDR,34.119998931884766,10784839933.0,143392861.86487198
2026-10-09,UEC,9.1899995803833,4529643838.0,99159163.52713108
2026-10-09,UFPI,74.20999908447266,4217095987.0,39232023.35479736
2026-10-09,UFPT,288.9700012207031,2219633582.0,32722774.616851807
2026-10-09,UGI,37.119998931884766,7923444081.0,75268203.99120331
2026-10-09,UGP,7.900000095367432,8668791396.0,34886364.30782795
2026-10-09,UHS,177.35000610351562,10356324416.0,132177580.58120728
2026-10-09,UI,657.2899780273438,38847114926.0,67761022.59796143
2026-10-09,UL,62.2599983215332,133439035687.0,175957679.8287964
2026-10-09,ULS,69.98999786376953,14264105922.0,82945674.61971283
2026-10-09,ULTA,570.3699951171875,24124192713.0,244459094.26361084
2026-10-09,UMAC,20.829999923706055,1068569642.0,58336429.6557045
2026-10-09,UMBF,130.3000030517578,9903124412.0,99513075.13946533
2026-10-09,UMC,22.959999084472656,57452345559.0,291353364.2365265
2026-10-09,UNF,260.8500061035156,4694651311.0,94874799.84573364
2026-10-09,UNFI,44.5099983215332,2658173892.0,30084302.75461197
2026-10-09,UNH,379.29998779296875,332962808495.0,1890252482.511444
2026-10-09,UNIT,6.869999885559082,1796165999.0,25199965.245668888
2026-10-09,UNM,91.66999816894531,14665541767.0,200540169.30927277
2026-10-09,UNP,278.3399963378906,165271803544.0,689268294.6784973
2026-10-09,UPS,94.56999969482422,80084070314.0,495109212.7383423
2026-10-09,UPST,24.100000381469727,2354002583.0,107891085.89045525
2026-10-09,UPWK,8.600000381469727,1070421838.0,21478688.06102276
2026-10-09,URBN,82.18000030517578,6935048254.0,81798850.76061249
2026-10-09,URGN,36.83000183105469,1807603257.0,39330858.15256119
2026-10-09,URI,1056.3699951171875,65363949823.0,510322776.05041504
2026-10-09,USAR,12.5600004196167,4737217041.0,190774913.95062923
2026-10-09,USB,57.08000183105469,88855673965.0,506346631.42370224
2026-10-09,USFD,97.43000030517578,21010039818.0,235386407.514534
2026-10-09,UTHR,549.1599731445312,22851302884.0,551439728.7823486
2026-10-09,UTI,20.639999389648438,1118984142.0,37941358.84176254
2026-10-09,UTZ,14.300000190734863,2061538890.0,26192766.90000534
2026-10-09,UUUU,9.960000038146973,2483677980.0,90218823.97875786
2026-10-09,V,385.45001220703125,670211884898.0,2324061455.6373596
2026-10-09,VAC,105.33999633789062,3584336297.0,38824970.572509766
2026-10-09,VAL,83.6500015258789,5829830356.0,91404621.93229675
2026-10-09,VALE,13.619999885559082,57296882617.0,476838487.4033308
2026-10-09,VC,85.43000030517578,2299811208.0,52245731.184921265
2026-10-09,VCEL,40.099998474121094,2050824891.0,22989980.67680359
2026-10-09,VCTR,112.44000244140625,6871849384.0,82115505.91358185
2026-10-09,VCYT,45.22999954223633,3505035872.0,67751322.1702385
2026-10-09,VECO,52.279998779296875,3145119978.0,35270021.53575897
2026-10-09,VEEV,296.1300048828125,46118116834.0,425329119.4770813
2026-10-09,VERA,29.8799991607666,2142442950.0,82711451.69931412
2026-10-09,VFC,15.0,5712245302.0,122709214.70700264
2026-10-09,VG,13.15999984741211,33226233990.0,178802131.3032627
2026-10-09,VGNT,44.189998626708984,3128085302.0,36745559.88931656
2026-10-09,VIA,32.369998931884766,2520968610.0,27923190.25284767
2026-10-09,VIAV,45.459999084472656,10918453067.0,232490445.6776619
2026-10-09,VICI,22.8799991607666,25093557638.0,250092029.7146225
2026-10-09,VICR,266.07000732421875,12094717938.0,261094464.34524536
2026-10-09,VIK,81.62000274658203,36393972224.0,363377003.3471298
2026-10-09,VIPS,12.899999618530273,6109041269.0,35364266.66186333
2026-10-09,VIR,11.699999809265137,1881681453.0,25951793.5558033
2026-10-09,VIRT,57.5099983215332,8972125123.0,76088924.73068237
2026-10-09,VISN,6.050000190734863,1388371000.0,46417498.314385414
2026-10-09,VIST,66.26000213623047,7476076718.0,67619659.82944489
2026-10-09,VKTX,28.510000228881836,3485346292.0,323124334.00185585
2026-10-09,VLO,433.75,127782207192.0,1529044294.7401428
2026-10-09,VLTO,96.93000030517578,23521181829.0,176179133.52233887
2026-10-09,VLY,12.619999885559082,7045716632.0,104984660.76118469
2026-10-09,VMC,244.5800018310547,31910060266.0,316180939.84794617
2026-10-09,VMI,467.80999755859375,9048186945.0,89558955.72921753
2026-10-09,VMRK,61.15999984741211,47234250000.0,363999590.9408951
2026-10-09,VNET,5.53000020980835,1472563138.0,28562847.626066208
2026-10-09,VNO,33.630001068115234,6313021153.0,49092590.64897537
2026-10-09,VNOM,42.9900016784668,15312478289.0,97733697.62132645
2026-10-09,VNT,32.2400016784668,4353440000.0,43633102.120752335
2026-10-09,VOD,15.5600004196167,38139599975.0,61758868.127593994
2026-10-09,VOR,19.899999618530273,1131774684.0,27893615.340414047
2026-10-09,VOYA,94.66999816894531,8755231167.0,122836213.7556839
2026-10-09,VOYG,27.260000228881836,1746251420.0,89763586.55723572
2026-10-09,VRDN,18.65999984741211,2077780213.0,41214260.33408165
2026-10-09,VRNS,50.119998931884766,5614380507.0,79129343.8816452
2026-10-09,VRSK,177.6300048828125,22841078546.0,224949818.5875702
2026-10-09,VRSN,303.739990234375,26890437000.0,262849731.1505127
2026-10-09,VRT,242.77999877929688,93833167405.0,1190858708.8506317
2026-10-09,VRTX,510.0799865722656,127554210003.0,540956540.8328247
2026-10-09,VSAT,72.01000213623047,9286119152.0,131653010.65589905
2026-10-09,VSEC,173.6300048828125,4770203291.0,80296685.26657104
2026-10-09,VSH,34.040000915527344,5300784012.0,122358634.59611893
2026-10-09,VSNT,30.639999389648438,4409431466.0,64293284.41534042
2026-10-09,VST,161.47999572753906,52406079347.0,1035667473.0966187
2026-10-09,VSTS,14.130000114440918,1850241470.0,22729844.531373978
2026-10-09,VSXY,82.87000274658203,6908363418.0,141063893.0832672
2026-10-09,VTR,82.04000091552734,41938494312.0,352474709.9681473
2026-10-09,VTRS,17.639999389648438,20031424668.0,162486510.06259918
2026-10-09,VVV,30.270000457763672,3934765131.0,96370622.95535088
2026-10-09,VVX,71.44000244140625,2224580057.0,50044809.914131165
2026-10-09,VZ,41.650001525878906,192573830613.0,1201809340.5667114
2026-10-09,W,105.73999786376953,14399453199.0,241221178.0601883
2026-10-09,WAB,285.42999267578125,47430166961.0,234622334.6369934
2026-10-09,WAFD,29.43000030517578,2200618378.0,45160546.45842552
2026-10-09,WAL,74.2699966430664,8237115232.0,98517146.39076233
2026-10-09,WAT,433.7699890136719,42161211873.0,355714875.3314209
2026-10-09,WAY,26.68000030517578,5077498056.0,58007257.7663517
2026-10-09,WBI,29.979999542236328,3682794505.0,21876860.974798203
2026-10-09,WCC,365.69000244140625,17345484724.0,188540617.27035522
2026-10-09,WCN,152.8300018310547,39480759581.0,238579015.4131317
2026-10-09,WD,33.0099983215332,1180462371.0,20911089.748477936
2026-10-09,WDAY,186.58999633789062,45262210000.0,448527427.2784424
2026-10-09,WDC,397.2799987792969,146928022214.0,3841959348.9323425
2026-10-09,WDFC,202.2899932861328,2736561474.0,25562688.582000732
2026-10-09,WEC,103.73999786376953,33761254573.0,293559906.8338394
2026-10-09,WELL,225.47000122070312,160754953871.0,621533711.0507202
2026-10-09,WEN,6.230000019073486,1185966965.0,38948486.83895588
2026-10-09,WERN,32.70000076293945,1979246148.0,29626884.164409637
2026-10-09,WEX,172.42999267578125,5944173775.0,106969147.9737854
2026-10-09,WFC,83.55000305175781,248058665532.0,1225081528.7402725
2026-10-09,WFRD,77.91999816894531,5499280798.0,80987937.03029633
2026-10-09,WGS,67.33000183105469,2019880702.0,70970027.36911774
2026-10-09,WH,74.05999755859375,5444127910.0,85879640.4983902
2026-10-09,WHD,63.43000030517578,5068942743.0,48720439.43546295
2026-10-09,WHR,28.829999923706055,1901213862.0,97282818.05295944
2026-10-09,WINA,291.8599853515625,1060192759.0,30261169.23309326
2026-10-09,WING,122.26000213623047,3228241701.0,145450268.00281525
2026-10-09,WIX,76.55999755859375,3102304250.0,81227337.16197968
2026-10-09,WK,73.25,4009951001.0,116599028.09432983
2026-10-09,WKC,36.40999984741211,1904886329.0,44117645.15138626
2026-10-09,WLK,62.290000915527344,7963002906.0,60401103.52567673
2026-10-09,WLTH,10.819999694824219,1700761432.0,34820246.40442848
2026-10-09,WLY,49.63999938964844,2507721346.0,23258356.10803356
2026-10-09,WM,208.8300018310547,83980160158.0,463442793.8108063
2026-10-09,WMB,72.66999816894531,88483934924.0,529004462.70801544
2026-10-09,WMG,28.719999313354492,15123103422.0,63620250.22245407
2026-10-09,WMS,125.79000091552734,9516908214.0,102973081.00158691
2026-10-09,WMT,111.3499984741211,877154984405.0,2399205578.205261
2026-10-09,WOLF,30.610000610351562,1641906250.0,120407263.14045906
2026-10-09,WOR,62.45000076293945,2995297716.0,28607596.121959686
2026-10-09,WPC,63.369998931884766,14382079571.0,117421555.72677612
2026-10-09,WPM,138.64999389648438,61293429281.0,247095005.76171875
2026-10-09,WRB,71.91000366210938,26746943464.0,254942741.58439636
2026-10-09,WRBY,25.299999237060547,3084020947.0,90645490.74541092
2026-10-09,WSBC,36.59000015258789,3544681657.0,40609992.75014877
2026-10-09,WSC,17.06999969482422,3053067642.0,52378958.60883713
2026-10-09,WSFS,75.38999938964844,3852742523.0,28278755.129127502
2026-10-09,WSM,241.77999877929688,28149222347.0,268181491.68922424
2026-10-09,WSO,279.8999938964844,11642606713.0,158392177.583313
2026-10-09,WST,366.0,25565403062.0,232225692.7380371
2026-10-09,WT,22.610000610351562,3436294677.0,68591732.80716896
2026-10-09,WTFC,143.25,9728592441.0,77174033.09951782
2026-10-09,WTM,2060.6298828125,4916096314.0,38061556.52404785
2026-10-09,WTRG,38.97999954223633,10987907586.0,104604189.10907745
2026-10-09,WTS,352.7200012207031,11588591977.0,73544572.68692017
2026-10-09,WTTR,19.760000228881836,2714224327.0,39756120.84554672
2026-10-09,WTW,296.260009765625,27662835155.0,172882098.72436523
2026-10-09,WU,6.119999885559082,1974193950.0,58879614.51565027
2026-10-09,WULF,13.770000457763672,6810922441.0,441329230.18892765
2026-10-09,WWD,335.510009765625,19098370479.0,272407856.11434937
2026-10-09,WY,19.100000381469727,13816509120.0,182350317.56663322
2026-10-09,WYNN,75.1500015258789,7752904253.0,196075906.53873444
2026-10-09,XEL,73.77999877929688,45823172688.0,434499623.0478287
2026-10-09,XENE,36.439998626708984,3501750021.0,117889008.60601425
2026-10-09,XERS,10.479999542236328,1857843918.0,32610352.909953594
2026-10-09,XMTR,111.06999969482422,6103814053.0,93642631.18385315
2026-10-09,XNCR,24.6299991607666,1821658227.0,37513514.446525574
2026-10-09,XOM,168.94000244140625,692857165260.0,2164670758.5317993
2026-10-09,XP,32.220001220703125,15658203677.0,278598982.1286392
2026-10-09,XPEV,9.899999618530273,9149570124.0,64925011.90656662
2026-10-09,XPO,183.47000122070312,21303882307.0,207703085.1399231
2026-10-09,XRAY,8.829999923706055,1732385182.0,49896789.97443676
2026-10-09,XYL,102.70999908447266,23813319956.0,270284977.53887177
2026-10-09,XYZ,77.23999786376953,45197807850.0,327678256.99905396
2026-10-09,YELP,18.59000015258789,1051086339.0,28027349.754228592
2026-10-09,YETI,39.790000915527344,2890356322.0,75207734.32746887
2026-10-09,YMM,8.5600004196167,8642744261.0,50677208.71049881
2026-10-09,YOU,43.43000030517578,5828210573.0,89159003.67702484
2026-10-09,YPF,50.040000915527344,19626308371.0,60696215.770168304
2026-10-09,YUM,144.82000732421875,39024855155.0,339466662.00935364
2026-10-09,YUMC,42.91999816894531,14307900922.0,60999159.80298996
2026-10-09,Z,29.010000228881836,6559602408.0,128951829.13166046
2026-10-09,ZBH,89.13999938964844,16952765798.0,204645743.80577087
2026-10-09,ZBIO,27.260000228881836,1710237212.0,22441239.75101471
2026-10-09,ZBRA,387.17999267578125,18079295612.0,196033966.7604065
2026-10-09,ZD,56.52000045776367,1916997799.0,39996091.79841995
2026-10-09,ZETA,33.09000015258789,8290979373.0,188668503.46470833
2026-10-09,ZG,29.8700008392334,6723761125.0,32536051.756649017
2026-10-09,ZIM,29.989999771118164,3645298376.0,46711856.7630291
2026-10-09,ZION,62.4900016784668,9155653959.0,105869764.08079147
2026-10-09,ZLAB,24.989999771118164,2785325117.0,21280777.44246483
2026-10-09,ZM,97.73999786376953,27623163920.0,271013552.20047
2026-10-09,ZS,233.72999572753906,35351889073.0,687818626.7053986
2026-10-09,ZTO,20.149999618530273,15321023791.0,62461388.13755989
2026-10-09,ZTS,74.80999755859375,30198380834.0,316154336.16687775
2026-10-09,ZWS,46.56999969482422,7669555845.0,43180211.58733368
2026-10-09,ZYME,25.790000915527344,1792430428.0,25791014.831705093
